"view_history","rt","trialid","condition_between","procedure","trial_type","trial_index","time_elapsed","internal_node_id","condition_within","stimulus","response","slider_start"
"[{""page_index"":0,""viewing_time"":571},{""page_index"":1,""viewing_time"":548},{""page_index"":2,""viewing_time"":513}]","1633","Instructions_001","Text","FONDECYT2022E1","instructions","14","29428","0.0-18.0","","","",""
"[{""page_index"":0,""viewing_time"":499}]","499","FONDECYT2022E1_01_1","Text","FONDECYT2022E1","instructions","15","29927","0.0-19.0-0.0-0.0","highQuality_Stroke_un hombre","","",""
"","671.2999999970198","FONDECYT2022E1_02_1","Text","FONDECYT2022E1","survey-html-form","16","30600","0.0-19.0-1.0","highQuality_Stroke_un hombre","{""Q0"":null}","{""Q0"":""53""}",""
"","730","FONDECYT2022E1_03_1","Text","FONDECYT2022E1","survey-multi-choice-vertical","17","31333","0.0-19.0-2.0","highQuality_Stroke_un hombre","{""Q0"":""Has dicho que la probabilidad de  tener un infarto cerebral si el resultado de la Resonancia Magnética de Difusión es positivo es del 53%.¿Recomendarias la Resonancia Magnética de Difusión como prueba diagnóstica para detectar infarto cerebral a tu paciente?""}","{""Q0"":"" Si""}",""
"","675.3999999985099","FONDECYT2022E1_04_1","Text","FONDECYT2022E1","html-slider-response","18","32010","0.0-19.0-3.0","highQuality_Stroke_un hombre","<div class='justified'><HR><div style=""color:#424949; font-size:15px;"">Has dicho que la probabilidad de  tener un infarto cerebral si el resultado de la Resonancia Magnética de Difusión es <B>positivo</B> es del 53%.</div><HR><BR>¿Con qué seguridad recomendarías a tu paciente la Resonancia Magnética de Difusión como prueba <u>diagnóstica</u> para el infarto cerebral?</div></br>","48","50"
"","942","FONDECYT2022E1_05_1","Text","FONDECYT2022E1","survey-multi-choice-vertical","19","32955","0.0-19.0-4.0","highQuality_Stroke_un hombre","{""Q0"":""Imagina que tu paciente se realiza la Resonancia Magnética de Difusión y el resultado  es POSITIVO.Dijiste que la probabilidad de  tener un infarto cerebral si el resultado de la Resonancia Magnética de Difusión es positivo es del 53%.El tratamiento recomendado cuando hay sospecha de infarto cerebral es la trombolisis. Cuando se aplica, existe una probabilidad de hermorragia del 2%, que puede acabar en muerte.¿Le recomendarías la trombolisis como tratamiento a tu paciente?""}","{""Q0"":"" No""}",""
"","667.5","FONDECYT2022E1_06_1","Text","FONDECYT2022E1","html-slider-response","20","33624","0.0-19.0-5.0","highQuality_Stroke_un hombre","<div class='justified'><HR><div style=""color:#424949; font-size:15px;"">Dijiste que la probabilidad de  tener un infarto cerebral si el resultado de la Resonancia Magnética de Difusión es <B>positivo</B> es del 53%.<BR><BR>Tu paciente recibió un resultado <B>positivo</B> en la Resonancia Magnética de Difusión.</div><HR><BR>¿Con qué seguridad NO le recomendarías la trombolisis como tratamiento para el infarto cerebral?</div></br>","69","50"
"[{""page_index"":0,""viewing_time"":399}]","399","FONDECYT2022E1_01_2","Text","FONDECYT2022E1","instructions","21","34024","0.0-19.0-0.1-0.1","lowQuality_Stroke_una mujer","","",""
"","711.5","FONDECYT2022E1_02_2","Text","FONDECYT2022E1","survey-html-form","22","34737","0.0-19.0-1.1","lowQuality_Stroke_una mujer","{""Q0"":null}","{""Q0"":""7""}",""
"","726","FONDECYT2022E1_03_2","Text","FONDECYT2022E1","survey-multi-choice-vertical","23","35465","0.0-19.0-2.1","lowQuality_Stroke_una mujer","{""Q0"":""Has dicho que la probabilidad de NO tener un infarto cerebral si el resultado de la Resonancia Magnética de Difusión es negativo es del 7%.¿Recomendarias la Resonancia Magnética de Difusión como prueba diagnóstica para detectar infarto cerebral a tu paciente?""}","{""Q0"":"" No""}",""
"","599.5","FONDECYT2022E1_04_2","Text","FONDECYT2022E1","html-slider-response","24","36067","0.0-19.0-3.1","lowQuality_Stroke_una mujer","<div class='justified'><HR><div style=""color:#424949; font-size:15px;"">Has dicho que la probabilidad de NO tener un infarto cerebral si el resultado de la Resonancia Magnética de Difusión es <B>negativo</B> es del 7%.</div><HR><BR>¿Con qué seguridad NO recomendarías a tu paciente la Resonancia Magnética de Difusión como prueba <u>diagnóstica</u> para el infarto cerebral?</div></br>","46","50"
"","749","FONDECYT2022E1_05_2","Text","FONDECYT2022E1","survey-multi-choice-vertical","25","36819","0.0-19.0-4.1","lowQuality_Stroke_una mujer","{""Q0"":""Imagina que tu paciente se realiza la Resonancia Magnética de Difusión y el resultado  es NEGATIVO.Dijiste que la probabilidad de NO tener un infarto cerebral si el resultado de la Resonancia Magnética de Difusión es negativo es del 7%.El tratamiento recomendado cuando hay sospecha de infarto cerebral es la trombolisis. Cuando se aplica, existe una probabilidad de hermorragia del 2%, que puede acabar en muerte.¿Le recomendarías la trombolisis como tratamiento a tu paciente?""}","{""Q0"":"" Si""}",""
"","615.5","FONDECYT2022E1_06_2","Text","FONDECYT2022E1","html-slider-response","26","37436","0.0-19.0-5.1","lowQuality_Stroke_una mujer","<div class='justified'><HR><div style=""color:#424949; font-size:15px;"">Dijiste que la probabilidad de NO tener un infarto cerebral si el resultado de la Resonancia Magnética de Difusión es <B>negativo</B> es del 7%.<BR><BR>Tu paciente recibió un resultado <B>negativo</B> en la Resonancia Magnética de Difusión.</div><HR><BR>¿Con qué seguridad le recomendarías la trombolisis como tratamiento para el infarto cerebral?</div></br>","34","50"
"[{""page_index"":0,""viewing_time"":408}]","408","FONDECYT2022E1_01_3","Text","FONDECYT2022E1","instructions","27","37845","0.0-19.0-0.2-0.2","highQuality_Cancer_una mujer","","",""
"","726.2000000029802","FONDECYT2022E1_02_3","Text","FONDECYT2022E1","survey-html-form","28","38572","0.0-19.0-1.2","highQuality_Cancer_una mujer","{""Q0"":null}","{""Q0"":""82""}",""
"","800","FONDECYT2022E1_03_3","Text","FONDECYT2022E1","survey-multi-choice-vertical","29","39373","0.0-19.0-2.2","highQuality_Cancer_una mujer","{""Q0"":""Has dicho que la probabilidad de NO tener un cáncer de mama si el resultado de la mamografía es negativo es del 82%.¿Recomendarias la mamografía como prueba de screening para detectar cáncer de mama a tu paciente?""}","{""Q0"":"" No""}",""
"","616.0999999940395","FONDECYT2022E1_04_3","Text","FONDECYT2022E1","html-slider-response","30","39991","0.0-19.0-3.2","highQuality_Cancer_una mujer","<div class='justified'><HR><div style=""color:#424949; font-size:15px;"">Has dicho que la probabilidad de NO tener un cáncer de mama si el resultado de la mamografía es <B>negativo</B> es del 82%.</div><HR><BR>¿Con qué seguridad NO recomendarías a tu paciente la mamografía como prueba <u>de screening</u> para el cáncer de mama?</div></br>","39","50"
"","933","FONDECYT2022E1_05_3","Text","FONDECYT2022E1","survey-multi-choice-vertical","31","40926","0.0-19.0-4.2","highQuality_Cancer_una mujer","{""Q0"":""Imagina que tu paciente se realiza la mamografía y el resultado  es NEGATIVO.Dijiste que la probabilidad de NO tener un cáncer de mama si el resultado de la mamografía es negativo es del 82%.La prueba diagnóstica recomendada cuando hay sospecha de cáncer de mama es una biopsia del tejido mamario. Cuando se aplica, existe una probabilidad de infección del 1%, que puede acabar en una mastectomia.¿Le recomendarías la biopsia como prueba diagnóstica a tu paciente?""}","{""Q0"":"" Si""}",""
"","754.6000000014901","FONDECYT2022E1_06_3","Text","FONDECYT2022E1","html-slider-response","32","41682","0.0-19.0-5.2","highQuality_Cancer_una mujer","<div class='justified'><HR><div style=""color:#424949; font-size:15px;"">Dijiste que la probabilidad de NO tener un cáncer de mama si el resultado de la mamografía es <B>negativo</B> es del 82%.<BR><BR>Tu paciente recibió un resultado <B>negativo</B> en la mamografía.</div><HR><BR>¿Con qué seguridad le recomendarías la biopsia como prueba diagnóstica para el cáncer de mama?</div></br>","56","50"
"[{""page_index"":0,""viewing_time"":487}]","487","FONDECYT2022E1_01_4","Text","FONDECYT2022E1","instructions","33","42170","0.0-19.0-0.3-0.3","lowQuality_Cancer_una mujer","","",""
"","709.8000000044703","FONDECYT2022E1_02_4","Text","FONDECYT2022E1","survey-html-form","34","42881","0.0-19.0-1.3","lowQuality_Cancer_una mujer","{""Q0"":null}","{""Q0"":""74""}",""
"","914","FONDECYT2022E1_03_4","Text","FONDECYT2022E1","survey-multi-choice-vertical","35","43796","0.0-19.0-2.3","lowQuality_Cancer_una mujer","{""Q0"":""Has dicho que la probabilidad de  tener un cáncer de mama si el resultado de la mamografía es positivo es del 74%.¿Recomendarias la mamografía como prueba de screening para detectar cáncer de mama a tu paciente?""}","{""Q0"":"" Si""}",""
"","694.8999999985099","FONDECYT2022E1_04_4","Text","FONDECYT2022E1","html-slider-response","36","44493","0.0-19.0-3.3","lowQuality_Cancer_una mujer","<div class='justified'><HR><div style=""color:#424949; font-size:15px;"">Has dicho que la probabilidad de  tener un cáncer de mama si el resultado de la mamografía es <B>positivo</B> es del 74%.</div><HR><BR>¿Con qué seguridad recomendarías a tu paciente la mamografía como prueba <u>de screening</u> para el cáncer de mama?</div></br>","100","50"
"","781","FONDECYT2022E1_05_4","Text","FONDECYT2022E1","survey-multi-choice-vertical","37","45275","0.0-19.0-4.3","lowQuality_Cancer_una mujer","{""Q0"":""Imagina que tu paciente se realiza la mamografía y el resultado  es POSITIVO.Dijiste que la probabilidad de  tener un cáncer de mama si el resultado de la mamografía es positivo es del 74%.La prueba diagnóstica recomendada cuando hay sospecha de cáncer de mama es una biopsia del tejido mamario. Cuando se aplica, existe una probabilidad de infección del 1%, que puede acabar en una mastectomia.¿Le recomendarías la biopsia como prueba diagnóstica a tu paciente?""}","{""Q0"":"" Si""}",""
"","760.1000000014901","FONDECYT2022E1_06_4","Text","FONDECYT2022E1","html-slider-response","38","46037","0.0-19.0-5.3","lowQuality_Cancer_una mujer","<div class='justified'><HR><div style=""color:#424949; font-size:15px;"">Dijiste que la probabilidad de  tener un cáncer de mama si el resultado de la mamografía es <B>positivo</B> es del 74%.<BR><BR>Tu paciente recibió un resultado <B>positivo</B> en la mamografía.</div><HR><BR>¿Con qué seguridad le recomendarías la biopsia como prueba diagnóstica para el cáncer de mama?</div></br>","66","50"
