"view_history","rt","trialid","condition_between","procedure","trial_type","trial_index","time_elapsed","internal_node_id","condition_within","stimulus","response","slider_start"
"[{""page_index"":0,""viewing_time"":439},{""page_index"":1,""viewing_time"":570},{""page_index"":2,""viewing_time"":477}]","1486","Instructions_001","Image","FONDECYT2022E1","instructions","14","28138","0.0-18.0","","","",""
"[{""page_index"":0,""viewing_time"":514}]","514","FONDECYT2022E1_01_1","Image","FONDECYT2022E1","instructions","15","28653","0.0-19.0-0.0-0.0","highQuality_Stroke_un hombre","","",""
"","736.6000000014901","FONDECYT2022E1_02_1","Image","FONDECYT2022E1","survey-html-form","16","29392","0.0-19.0-1.0","highQuality_Stroke_un hombre","{""Q0"":null}","{""Q0"":""18""}",""
"","783","FONDECYT2022E1_03_1","Image","FONDECYT2022E1","survey-multi-choice-vertical","17","30177","0.0-19.0-2.0","highQuality_Stroke_un hombre","{""Q0"":""Has dicho que la probabilidad de  tener un infarto cerebral si el resultado de la Resonancia Magnética de Difusión es positivo es del 18%.¿Recomendarias la Resonancia Magnética de Difusión como prueba diagnóstica para detectar infarto cerebral a tu paciente?""}","{""Q0"":"" No""}",""
"","764.7999999970198","FONDECYT2022E1_04_1","Image","FONDECYT2022E1","html-slider-response","18","30944","0.0-19.0-3.0","highQuality_Stroke_un hombre","<div class='justified'><HR><div style=""color:#424949; font-size:15px;"">Has dicho que la probabilidad de  tener un infarto cerebral si el resultado de la Resonancia Magnética de Difusión es <B>positivo</B> es del 18%.</div><HR><BR>¿Con qué seguridad NO recomendarías a tu paciente la Resonancia Magnética de Difusión como prueba <u>diagnóstica</u> para el infarto cerebral?</div></br>","31","50"
"","953","FONDECYT2022E1_05_1","Image","FONDECYT2022E1","survey-multi-choice-vertical","19","31900","0.0-19.0-4.0","highQuality_Stroke_un hombre","{""Q0"":""Imagina que tu paciente se realiza la Resonancia Magnética de Difusión y el resultado  es POSITIVO.Dijiste que la probabilidad de  tener un infarto cerebral si el resultado de la Resonancia Magnética de Difusión es positivo es del 18%.El tratamiento recomendado cuando hay sospecha de infarto cerebral es la trombolisis. Cuando se aplica, existe una probabilidad de hermorragia del 2%, que puede acabar en muerte.¿Le recomendarías la trombolisis como tratamiento a tu paciente?""}","{""Q0"":"" No""}",""
"","716.2999999970198","FONDECYT2022E1_06_1","Image","FONDECYT2022E1","html-slider-response","20","32618","0.0-19.0-5.0","highQuality_Stroke_un hombre","<div class='justified'><HR><div style=""color:#424949; font-size:15px;"">Dijiste que la probabilidad de  tener un infarto cerebral si el resultado de la Resonancia Magnética de Difusión es <B>positivo</B> es del 18%.<BR><BR>Tu paciente recibió un resultado <B>positivo</B> en la Resonancia Magnética de Difusión.</div><HR><BR>¿Con qué seguridad NO le recomendarías la trombolisis como tratamiento para el infarto cerebral?</div></br>","69","50"
"[{""page_index"":0,""viewing_time"":554}]","554","FONDECYT2022E1_01_2","Image","FONDECYT2022E1","instructions","21","33172","0.0-19.0-0.1-0.1","lowQuality_Stroke_una mujer","","",""
"","662","FONDECYT2022E1_02_2","Image","FONDECYT2022E1","survey-html-form","22","33836","0.0-19.0-1.1","lowQuality_Stroke_una mujer","{""Q0"":null}","{""Q0"":""49""}",""
"","744","FONDECYT2022E1_03_2","Image","FONDECYT2022E1","survey-multi-choice-vertical","23","34582","0.0-19.0-2.1","lowQuality_Stroke_una mujer","{""Q0"":""Has dicho que la probabilidad de NO tener un infarto cerebral si el resultado de la Resonancia Magnética de Difusión es negativo es del 49%.¿Recomendarias la Resonancia Magnética de Difusión como prueba diagnóstica para detectar infarto cerebral a tu paciente?""}","{""Q0"":"" Si""}",""
"","775.9000000059605","FONDECYT2022E1_04_2","Image","FONDECYT2022E1","html-slider-response","24","35360","0.0-19.0-3.1","lowQuality_Stroke_una mujer","<div class='justified'><HR><div style=""color:#424949; font-size:15px;"">Has dicho que la probabilidad de NO tener un infarto cerebral si el resultado de la Resonancia Magnética de Difusión es <B>negativo</B> es del 49%.</div><HR><BR>¿Con qué seguridad recomendarías a tu paciente la Resonancia Magnética de Difusión como prueba <u>diagnóstica</u> para el infarto cerebral?</div></br>","32","50"
"","965","FONDECYT2022E1_05_2","Image","FONDECYT2022E1","survey-multi-choice-vertical","25","36329","0.0-19.0-4.1","lowQuality_Stroke_una mujer","{""Q0"":""Imagina que tu paciente se realiza la Resonancia Magnética de Difusión y el resultado  es NEGATIVO.Dijiste que la probabilidad de NO tener un infarto cerebral si el resultado de la Resonancia Magnética de Difusión es negativo es del 49%.El tratamiento recomendado cuando hay sospecha de infarto cerebral es la trombolisis. Cuando se aplica, existe una probabilidad de hermorragia del 2%, que puede acabar en muerte.¿Le recomendarías la trombolisis como tratamiento a tu paciente?""}","{""Q0"":"" Si""}",""
"","740.6000000014901","FONDECYT2022E1_06_2","Image","FONDECYT2022E1","html-slider-response","26","37071","0.0-19.0-5.1","lowQuality_Stroke_una mujer","<div class='justified'><HR><div style=""color:#424949; font-size:15px;"">Dijiste que la probabilidad de NO tener un infarto cerebral si el resultado de la Resonancia Magnética de Difusión es <B>negativo</B> es del 49%.<BR><BR>Tu paciente recibió un resultado <B>negativo</B> en la Resonancia Magnética de Difusión.</div><HR><BR>¿Con qué seguridad le recomendarías la trombolisis como tratamiento para el infarto cerebral?</div></br>","48","50"
"[{""page_index"":0,""viewing_time"":448}]","448","FONDECYT2022E1_01_3","Image","FONDECYT2022E1","instructions","27","37520","0.0-19.0-0.2-0.2","lowQuality_Cancer_una mujer","","",""
"","814.8999999985099","FONDECYT2022E1_02_3","Image","FONDECYT2022E1","survey-html-form","28","38336","0.0-19.0-1.2","lowQuality_Cancer_una mujer","{""Q0"":null}","{""Q0"":""98""}",""
"","790","FONDECYT2022E1_03_3","Image","FONDECYT2022E1","survey-multi-choice-vertical","29","39129","0.0-19.0-2.2","lowQuality_Cancer_una mujer","{""Q0"":""Has dicho que la probabilidad de  tener un cáncer de mama si el resultado de la mamografía es positivo es del 98%.¿Recomendarias la mamografía como prueba de screening para detectar cáncer de mama a tu paciente?""}","{""Q0"":"" Si""}",""
"","823.7999999970198","FONDECYT2022E1_04_3","Image","FONDECYT2022E1","html-slider-response","30","39954","0.0-19.0-3.2","lowQuality_Cancer_una mujer","<div class='justified'><HR><div style=""color:#424949; font-size:15px;"">Has dicho que la probabilidad de  tener un cáncer de mama si el resultado de la mamografía es <B>positivo</B> es del 98%.</div><HR><BR>¿Con qué seguridad recomendarías a tu paciente la mamografía como prueba <u>de screening</u> para el cáncer de mama?</div></br>","43","50"
"","992","FONDECYT2022E1_05_3","Image","FONDECYT2022E1","survey-multi-choice-vertical","31","40948","0.0-19.0-4.2","lowQuality_Cancer_una mujer","{""Q0"":""Imagina que tu paciente se realiza la mamografía y el resultado  es POSITIVO.Dijiste que la probabilidad de  tener un cáncer de mama si el resultado de la mamografía es positivo es del 98%.La prueba diagnóstica recomendada cuando hay sospecha de cáncer de mama es una biopsia del tejido mamario. Cuando se aplica, existe una probabilidad de infección del 1%, que puede acabar en una mastectomia.¿Le recomendarías la biopsia como prueba diagnóstica a tu paciente?""}","{""Q0"":"" Si""}",""
"","792.7000000029802","FONDECYT2022E1_06_3","Image","FONDECYT2022E1","html-slider-response","32","41742","0.0-19.0-5.2","lowQuality_Cancer_una mujer","<div class='justified'><HR><div style=""color:#424949; font-size:15px;"">Dijiste que la probabilidad de  tener un cáncer de mama si el resultado de la mamografía es <B>positivo</B> es del 98%.<BR><BR>Tu paciente recibió un resultado <B>positivo</B> en la mamografía.</div><HR><BR>¿Con qué seguridad le recomendarías la biopsia como prueba diagnóstica para el cáncer de mama?</div></br>","32","50"
"[{""page_index"":0,""viewing_time"":653}]","654","FONDECYT2022E1_01_4","Image","FONDECYT2022E1","instructions","33","42397","0.0-19.0-0.3-0.3","highQuality_Cancer_una mujer","","",""
"","821.7999999970198","FONDECYT2022E1_02_4","Image","FONDECYT2022E1","survey-html-form","34","43220","0.0-19.0-1.3","highQuality_Cancer_una mujer","{""Q0"":null}","{""Q0"":""100""}",""
"","763","FONDECYT2022E1_03_4","Image","FONDECYT2022E1","survey-multi-choice-vertical","35","43986","0.0-19.0-2.3","highQuality_Cancer_una mujer","{""Q0"":""Has dicho que la probabilidad de NO tener un cáncer de mama si el resultado de la mamografía es negativo es del 100%.¿Recomendarias la mamografía como prueba de screening para detectar cáncer de mama a tu paciente?""}","{""Q0"":"" Si""}",""
"","576.5999999940395","FONDECYT2022E1_04_4","Image","FONDECYT2022E1","html-slider-response","36","44564","0.0-19.0-3.3","highQuality_Cancer_una mujer","<div class='justified'><HR><div style=""color:#424949; font-size:15px;"">Has dicho que la probabilidad de NO tener un cáncer de mama si el resultado de la mamografía es <B>negativo</B> es del 100%.</div><HR><BR>¿Con qué seguridad recomendarías a tu paciente la mamografía como prueba <u>de screening</u> para el cáncer de mama?</div></br>","77","50"
"","836","FONDECYT2022E1_05_4","Image","FONDECYT2022E1","survey-multi-choice-vertical","37","45402","0.0-19.0-4.3","highQuality_Cancer_una mujer","{""Q0"":""Imagina que tu paciente se realiza la mamografía y el resultado  es NEGATIVO.Dijiste que la probabilidad de NO tener un cáncer de mama si el resultado de la mamografía es negativo es del 100%.La prueba diagnóstica recomendada cuando hay sospecha de cáncer de mama es una biopsia del tejido mamario. Cuando se aplica, existe una probabilidad de infección del 1%, que puede acabar en una mastectomia.¿Le recomendarías la biopsia como prueba diagnóstica a tu paciente?""}","{""Q0"":"" Si""}",""
"","537.7999999970198","FONDECYT2022E1_06_4","Image","FONDECYT2022E1","html-slider-response","38","45942","0.0-19.0-5.3","highQuality_Cancer_una mujer","<div class='justified'><HR><div style=""color:#424949; font-size:15px;"">Dijiste que la probabilidad de NO tener un cáncer de mama si el resultado de la mamografía es <B>negativo</B> es del 100%.<BR><BR>Tu paciente recibió un resultado <B>negativo</B> en la mamografía.</div><HR><BR>¿Con qué seguridad le recomendarías la biopsia como prueba diagnóstica para el cáncer de mama?</div></br>","10","50"
