"view_history","rt","trialid","condition_between","procedure","trial_type","trial_index","time_elapsed","internal_node_id","condition_within","stimulus","response","slider_start"
"[{""page_index"":0,""viewing_time"":398},{""page_index"":1,""viewing_time"":527},{""page_index"":2,""viewing_time"":519}]","1444","Instructions_001","Text","FONDECYT2022E1","instructions","14","28133","0.0-18.0","","","",""
"[{""page_index"":0,""viewing_time"":486}]","486","FONDECYT2022E1_01_1","Text","FONDECYT2022E1","instructions","15","28620","0.0-19.0-0.0-0.0","lowQuality_Stroke_un hombre","","",""
"","670.2000000029802","FONDECYT2022E1_02_1","Text","FONDECYT2022E1","survey-html-form","16","29292","0.0-19.0-1.0","lowQuality_Stroke_un hombre","{""Q0"":null}","{""Q0"":""31""}",""
"","628","FONDECYT2022E1_03_1","Text","FONDECYT2022E1","survey-multi-choice-vertical","17","29922","0.0-19.0-2.0","lowQuality_Stroke_un hombre","{""Q0"":""Has dicho que la probabilidad de NO tener un infarto cerebral si el resultado de la Resonancia Magnética de Difusión es negativo es del 31%.¿Recomendarias la Resonancia Magnética de Difusión como prueba diagnóstica para detectar infarto cerebral a tu paciente?""}","{""Q0"":"" No""}",""
"","687.6000000014901","FONDECYT2022E1_04_1","Text","FONDECYT2022E1","html-slider-response","18","30611","0.0-19.0-3.0","lowQuality_Stroke_un hombre","<div class='justified'><HR><div style=""color:#424949; font-size:15px;"">Has dicho que la probabilidad de NO tener un infarto cerebral si el resultado de la Resonancia Magnética de Difusión es <B>negativo</B> es del 31%.</div><HR><BR>¿Con qué seguridad NO recomendarías a tu paciente la Resonancia Magnética de Difusión como prueba <u>diagnóstica</u> para el infarto cerebral?</div></br>","69","50"
"","725","FONDECYT2022E1_05_1","Text","FONDECYT2022E1","survey-multi-choice-vertical","19","31340","0.0-19.0-4.0","lowQuality_Stroke_un hombre","{""Q0"":""Imagina que tu paciente se realiza la Resonancia Magnética de Difusión y el resultado  es NEGATIVO.Dijiste que la probabilidad de NO tener un infarto cerebral si el resultado de la Resonancia Magnética de Difusión es negativo es del 31%.El tratamiento recomendado cuando hay sospecha de infarto cerebral es la trombolisis. Cuando se aplica, existe una probabilidad de hermorragia del 2%, que puede acabar en muerte.¿Le recomendarías la trombolisis como tratamiento a tu paciente?""}","{""Q0"":"" Si""}",""
"","667.3999999985099","FONDECYT2022E1_06_1","Text","FONDECYT2022E1","html-slider-response","20","32008","0.0-19.0-5.0","lowQuality_Stroke_un hombre","<div class='justified'><HR><div style=""color:#424949; font-size:15px;"">Dijiste que la probabilidad de NO tener un infarto cerebral si el resultado de la Resonancia Magnética de Difusión es <B>negativo</B> es del 31%.<BR><BR>Tu paciente recibió un resultado <B>negativo</B> en la Resonancia Magnética de Difusión.</div><HR><BR>¿Con qué seguridad le recomendarías la trombolisis como tratamiento para el infarto cerebral?</div></br>","98","50"
"[{""page_index"":0,""viewing_time"":415}]","415","FONDECYT2022E1_01_2","Text","FONDECYT2022E1","instructions","21","32424","0.0-19.0-0.1-0.1","highQuality_Stroke_una mujer","","",""
"","714.7999999970198","FONDECYT2022E1_02_2","Text","FONDECYT2022E1","survey-html-form","22","33140","0.0-19.0-1.1","highQuality_Stroke_una mujer","{""Q0"":null}","{""Q0"":""32""}",""
"","861","FONDECYT2022E1_03_2","Text","FONDECYT2022E1","survey-multi-choice-vertical","23","34004","0.0-19.0-2.1","highQuality_Stroke_una mujer","{""Q0"":""Has dicho que la probabilidad de  tener un infarto cerebral si el resultado de la Resonancia Magnética de Difusión es positivo es del 32%.¿Recomendarias la Resonancia Magnética de Difusión como prueba diagnóstica para detectar infarto cerebral a tu paciente?""}","{""Q0"":"" Si""}",""
"","700","FONDECYT2022E1_04_2","Text","FONDECYT2022E1","html-slider-response","24","34706","0.0-19.0-3.1","highQuality_Stroke_una mujer","<div class='justified'><HR><div style=""color:#424949; font-size:15px;"">Has dicho que la probabilidad de  tener un infarto cerebral si el resultado de la Resonancia Magnética de Difusión es <B>positivo</B> es del 32%.</div><HR><BR>¿Con qué seguridad recomendarías a tu paciente la Resonancia Magnética de Difusión como prueba <u>diagnóstica</u> para el infarto cerebral?</div></br>","48","50"
"","969","FONDECYT2022E1_05_2","Text","FONDECYT2022E1","survey-multi-choice-vertical","25","35677","0.0-19.0-4.1","highQuality_Stroke_una mujer","{""Q0"":""Imagina que tu paciente se realiza la Resonancia Magnética de Difusión y el resultado  es POSITIVO.Dijiste que la probabilidad de  tener un infarto cerebral si el resultado de la Resonancia Magnética de Difusión es positivo es del 32%.El tratamiento recomendado cuando hay sospecha de infarto cerebral es la trombolisis. Cuando se aplica, existe una probabilidad de hermorragia del 2%, que puede acabar en muerte.¿Le recomendarías la trombolisis como tratamiento a tu paciente?""}","{""Q0"":"" No""}",""
"","636.5","FONDECYT2022E1_06_2","Text","FONDECYT2022E1","html-slider-response","26","36315","0.0-19.0-5.1","highQuality_Stroke_una mujer","<div class='justified'><HR><div style=""color:#424949; font-size:15px;"">Dijiste que la probabilidad de  tener un infarto cerebral si el resultado de la Resonancia Magnética de Difusión es <B>positivo</B> es del 32%.<BR><BR>Tu paciente recibió un resultado <B>positivo</B> en la Resonancia Magnética de Difusión.</div><HR><BR>¿Con qué seguridad NO le recomendarías la trombolisis como tratamiento para el infarto cerebral?</div></br>","100","50"
"[{""page_index"":0,""viewing_time"":464}]","464","FONDECYT2022E1_01_3","Text","FONDECYT2022E1","instructions","27","36780","0.0-19.0-0.2-0.2","highQuality_Cancer_una mujer","","",""
"","808.8000000044703","FONDECYT2022E1_02_3","Text","FONDECYT2022E1","survey-html-form","28","37590","0.0-19.0-1.2","highQuality_Cancer_una mujer","{""Q0"":null}","{""Q0"":""43""}",""
"","678","FONDECYT2022E1_03_3","Text","FONDECYT2022E1","survey-multi-choice-vertical","29","38270","0.0-19.0-2.2","highQuality_Cancer_una mujer","{""Q0"":""Has dicho que la probabilidad de NO tener un cáncer de mama si el resultado de la mamografía es negativo es del 43%.¿Recomendarias la mamografía como prueba de screening para detectar cáncer de mama a tu paciente?""}","{""Q0"":"" Si""}",""
"","532.6999999955297","FONDECYT2022E1_04_3","Text","FONDECYT2022E1","html-slider-response","30","38804","0.0-19.0-3.2","highQuality_Cancer_una mujer","<div class='justified'><HR><div style=""color:#424949; font-size:15px;"">Has dicho que la probabilidad de NO tener un cáncer de mama si el resultado de la mamografía es <B>negativo</B> es del 43%.</div><HR><BR>¿Con qué seguridad recomendarías a tu paciente la mamografía como prueba <u>de screening</u> para el cáncer de mama?</div></br>","32","50"
"","685","FONDECYT2022E1_05_3","Text","FONDECYT2022E1","survey-multi-choice-vertical","31","39491","0.0-19.0-4.2","highQuality_Cancer_una mujer","{""Q0"":""Imagina que tu paciente se realiza la mamografía y el resultado  es NEGATIVO.Dijiste que la probabilidad de NO tener un cáncer de mama si el resultado de la mamografía es negativo es del 43%.La prueba diagnóstica recomendada cuando hay sospecha de cáncer de mama es una biopsia del tejido mamario. Cuando se aplica, existe una probabilidad de infección del 1%, que puede acabar en una mastectomia.¿Le recomendarías la biopsia como prueba diagnóstica a tu paciente?""}","{""Q0"":"" No""}",""
"","691","FONDECYT2022E1_06_3","Text","FONDECYT2022E1","html-slider-response","32","40183","0.0-19.0-5.2","highQuality_Cancer_una mujer","<div class='justified'><HR><div style=""color:#424949; font-size:15px;"">Dijiste que la probabilidad de NO tener un cáncer de mama si el resultado de la mamografía es <B>negativo</B> es del 43%.<BR><BR>Tu paciente recibió un resultado <B>negativo</B> en la mamografía.</div><HR><BR>¿Con qué seguridad NO le recomendarías la biopsia como prueba diagnóstica para el cáncer de mama?</div></br>","41","50"
"[{""page_index"":0,""viewing_time"":444}]","444","FONDECYT2022E1_01_4","Text","FONDECYT2022E1","instructions","33","40628","0.0-19.0-0.3-0.3","lowQuality_Cancer_una mujer","","",""
"","923.1999999955297","FONDECYT2022E1_02_4","Text","FONDECYT2022E1","survey-html-form","34","41553","0.0-19.0-1.3","lowQuality_Cancer_una mujer","{""Q0"":null}","{""Q0"":""77""}",""
"","998","FONDECYT2022E1_03_4","Text","FONDECYT2022E1","survey-multi-choice-vertical","35","42553","0.0-19.0-2.3","lowQuality_Cancer_una mujer","{""Q0"":""Has dicho que la probabilidad de  tener un cáncer de mama si el resultado de la mamografía es positivo es del 77%.¿Recomendarias la mamografía como prueba de screening para detectar cáncer de mama a tu paciente?""}","{""Q0"":"" Si""}",""
"","824.5","FONDECYT2022E1_04_4","Text","FONDECYT2022E1","html-slider-response","36","43379","0.0-19.0-3.3","lowQuality_Cancer_una mujer","<div class='justified'><HR><div style=""color:#424949; font-size:15px;"">Has dicho que la probabilidad de  tener un cáncer de mama si el resultado de la mamografía es <B>positivo</B> es del 77%.</div><HR><BR>¿Con qué seguridad recomendarías a tu paciente la mamografía como prueba <u>de screening</u> para el cáncer de mama?</div></br>","10","50"
"","938","FONDECYT2022E1_05_4","Text","FONDECYT2022E1","survey-multi-choice-vertical","37","44319","0.0-19.0-4.3","lowQuality_Cancer_una mujer","{""Q0"":""Imagina que tu paciente se realiza la mamografía y el resultado  es POSITIVO.Dijiste que la probabilidad de  tener un cáncer de mama si el resultado de la mamografía es positivo es del 77%.La prueba diagnóstica recomendada cuando hay sospecha de cáncer de mama es una biopsia del tejido mamario. Cuando se aplica, existe una probabilidad de infección del 1%, que puede acabar en una mastectomia.¿Le recomendarías la biopsia como prueba diagnóstica a tu paciente?""}","{""Q0"":"" Si""}",""
"","902.7999999970198","FONDECYT2022E1_06_4","Text","FONDECYT2022E1","html-slider-response","38","45224","0.0-19.0-5.3","lowQuality_Cancer_una mujer","<div class='justified'><HR><div style=""color:#424949; font-size:15px;"">Dijiste que la probabilidad de  tener un cáncer de mama si el resultado de la mamografía es <B>positivo</B> es del 77%.<BR><BR>Tu paciente recibió un resultado <B>positivo</B> en la mamografía.</div><HR><BR>¿Con qué seguridad le recomendarías la biopsia como prueba diagnóstica para el cáncer de mama?</div></br>","94","50"
