"view_history","rt","trialid","procedure","trial_type","trial_index","time_elapsed","internal_node_id","stimulus","response"
"[{""page_index"":0,""viewing_time"":367}]","367","Instructions_01","PSS","instructions","427","424999","0.0-468.0","",""
"","848","PSS_001","PSS","survey-multi-choice-vertical","428","425853","0.0-469.0","{""Q0"":""En el último mes, ¿con qué frecuencia ha estado afectado por algo que ha ocurrido inesperadamente?""}","{""Q0"":"" 4 Muy a menudo""}"
"","806","PSS_002","PSS","survey-multi-choice-vertical","429","426663","0.0-470.0","{""Q0"":""En el último mes, ¿con qué frecuencia se ha sentido incapaz de controlar las cosas importantes en su vida?""}","{""Q0"":"" 0 Nunca""}"
"","843","PSS_003","PSS","survey-multi-choice-vertical","430","427513","0.0-471.0","{""Q0"":""En el último mes, ¿con qué frecuencia se ha sentido nervioso o estresado?""}","{""Q0"":"" 1 Casi nunca""}"
"","813","PSS_004","PSS","survey-multi-choice-vertical","431","428332","0.0-472.0","{""Q0"":""En el último mes, ¿con qué frecuencia ha manejado con éxito los pequeños problemas irritantes de la vida?""}","{""Q0"":"" 1 Casi nunca""}"
"","838","PSS_005","PSS","survey-multi-choice-vertical","432","429174","0.0-473.0","{""Q0"":""En el último mes, ¿con qué frecuencia ha sentido que ha afrontado efectivamente los cambios importantes que han estado ocurriendo en su vida?""}","{""Q0"":"" 4 Muy a menudo""}"
"","788","PSS_006","PSS","survey-multi-choice-vertical","433","429968","0.0-474.0","{""Q0"":""En el último mes, ¿con qué frecuencia ha estado seguro sobre su capacidad para manejar sus problemas personales?""}","{""Q0"":"" 2 De vez en cuando""}"
"","833","PSS_007","PSS","survey-multi-choice-vertical","434","430805","0.0-475.0","{""Q0"":""En el último mes, ¿con qué frecuencia ha sentido que las cosas le van bien?""}","{""Q0"":"" 0 Nunca""}"
"","795","PSS_008","PSS","survey-multi-choice-vertical","435","431605","0.0-476.0","{""Q0"":""En el último mes, ¿con qué frecuencia ha sentido que no podía afrontar todas las cosas que tenía que hacer?""}","{""Q0"":"" 0 Nunca""}"
"","779","PSS_009","PSS","survey-multi-choice-vertical","436","432388","0.0-477.0","{""Q0"":""En el último mes, ¿con qué frecuencia ha podido controlar las dificultades de su vida?""}","{""Q0"":"" 4 Muy a menudo""}"
"","908","PSS_010","PSS","survey-multi-choice-vertical","437","433303","0.0-478.0","{""Q0"":""En el último mes, ¿con qué frecuencia se ha sentido al control de todo?""}","{""Q0"":"" 2 De vez en cuando""}"
"","853","PSS_011","PSS","survey-multi-choice-vertical","438","434161","0.0-479.0","{""Q0"":""En el último mes, ¿con qué frecuencia ha estado enfadado porque las cosas que le han ocurrido estaban fuera de su control?""}","{""Q0"":"" 4 Muy a menudo""}"
"","875","PSS_012","PSS","survey-multi-choice-vertical","439","435042","0.0-480.0","{""Q0"":""En el último mes, ¿con qué frecuencia ha pensado sobre las cosas que le quedan por lograr?""}","{""Q0"":"" 3 A menudo""}"
"","859","PSS_013","PSS","survey-multi-choice-vertical","440","435907","0.0-481.0","{""Q0"":""En el último mes, ¿con qué frecuencia ha podido controlar la forma de pasar el tiempo?""}","{""Q0"":"" 4 Muy a menudo""}"
"","810","PSS_014","PSS","survey-multi-choice-vertical","441","436723","0.0-482.0","{""Q0"":""En el último mes, ¿con qué frecuencia ha sentido que las dificultades se acumulan tanto que no puede superarlas?""}","{""Q0"":"" 0 Nunca""}"
