"view_history","rt","trialid","procedure","trial_type","trial_index","time_elapsed","internal_node_id","stimulus","response"
"[{""page_index"":0,""viewing_time"":314}]","315","Instructions_01","GHQ12","instructions","226","185817","0.0-253.0","",""
"","777","GHQ12_01","GHQ12","survey-multi-choice-vertical","227","186597","0.0-254.0","{""Q0"":"" Últimamente, ¿Ha podido concentrarse bien en lo que hacía?""}","{""Q0"":"" Igual que lo habitual""}"
"","768","GHQ12_02","GHQ12","survey-multi-choice-vertical","228","187368","0.0-255.0","{""Q0"":"" Últimamente, ¿Sus preocupaciones le han hecho perder mucho sueño?""}","{""Q0"":"" No más que lo habitual""}"
"","736","GHQ12_03","GHQ12","survey-multi-choice-vertical","229","188109","0.0-256.0","{""Q0"":"" Últimamente, ¿Ha sentido que está desempeñando un papel útil en la vida?""}","{""Q0"":"" Más útil que lo habitual""}"
"","847","GHQ12_04","GHQ12","survey-multi-choice-vertical","230","188959","0.0-257.0","{""Q0"":"" Últimamente, ¿Se ha sentido capaz de tomar decisiones?""}","{""Q0"":"" Igual que lo habitual""}"
"","754","GHQ12_05","GHQ12","survey-multi-choice-vertical","231","189716","0.0-258.0","{""Q0"":"" Últimamente, ¿Se ha notado constantemente agobiado y en tensión?""}","{""Q0"":"" Algo más que lo habitual""}"
"","885","GHQ12_06","GHQ12","survey-multi-choice-vertical","232","190604","0.0-259.0","{""Q0"":"" Últimamente, ¿Ha tenido la sensación de que no puede superar sus dificultades?""}","{""Q0"":"" No más que lo habitual""}"
"","796","GHQ12_07","GHQ12","survey-multi-choice-vertical","233","191404","0.0-260.0","{""Q0"":"" Últimamente, ¿Ha sido capaz de disfrutar de sus actividades normales de cada día?""}","{""Q0"":"" Más que lo habitual""}"
"","764","GHQ12_08","GHQ12","survey-multi-choice-vertical","234","192171","0.0-261.0","{""Q0"":"" Últimamente, ¿Ha sido capaz de hacer frente adecuadamente a sus problemas?""}","{""Q0"":"" Menos que lo habitual""}"
"","830","GHQ12_09","GHQ12","survey-multi-choice-vertical","235","193005","0.0-262.0","{""Q0"":"" Últimamente, ¿Se ha sentido poco feliz o deprimido?""}","{""Q0"":"" Algo más que lo habitual""}"
"","857","GHQ12_10","GHQ12","survey-multi-choice-vertical","236","193866","0.0-263.0","{""Q0"":"" Últimamente, ¿Ha perdido confianza en sí mismo?""}","{""Q0"":"" Mucho más que lo habitual""}"
"","889","GHQ12_11","GHQ12","survey-multi-choice-vertical","237","194759","0.0-264.0","{""Q0"":"" Últimamente, ¿Ha pensado que usted es una persona que no vale para nada?""}","{""Q0"":"" No, en absoluto""}"
"","859","GHQ12_12","GHQ12","survey-multi-choice-vertical","238","195624","0.0-265.0","{""Q0"":"" Últimamente, ¿Se siente razonablemente feliz considerando todas las circunstancias?""}","{""Q0"":"" Más que lo habitual""}"
