"view_history","rt","trialid","procedure","trial_type","trial_index","time_elapsed","internal_node_id","stimulus","slider_start","response"
"[{""page_index"":0,""viewing_time"":324}]","324","Instructions_01","SWBQ","instructions","720","521622","0.0-781.0","","",""
"","498","SWBQ_01","SWBQ","html-slider-response","721","522122","0.0-782.0","<div class='justified'>1. Siento amor por otras personas.</div></br>","3","1"
"","464.40000000037253","SWBQ_02","SWBQ","html-slider-response","722","522589","0.0-783.0","<div class='justified'>2. Siento una relación personal con lo Divino / Dios.</div></br>","3","2"
"","517.1000000014901","SWBQ_03","SWBQ","html-slider-response","723","523109","0.0-784.0","<div class='justified'>3. Siento lástima hacia los demás.</div></br>","3","3"
"","490.5","SWBQ_04","SWBQ","html-slider-response","724","523602","0.0-785.0","<div class='justified'>4. Siento una conexión con la naturaleza.</div></br>","3","1"
"","446.69999999925494","SWBQ_05","SWBQ","html-slider-response","725","524051","0.0-786.0","<div class='justified'>5. Tengo un sentido de identidad.</div></br>","3","1"
"","479.90000000037253","SWBQ_06","SWBQ","html-slider-response","726","524534","0.0-787.0","<div class='justified'>6. Adoro al Divino / Creador.</div></br>","3","4"
"","487.7000000011176","SWBQ_07","SWBQ","html-slider-response","727","525023","0.0-788.0","<div class='justified'>7. Siento asombro por una vista impresionante.</div></br>","3","3"
"","467.1000000014901","SWBQ_08","SWBQ","html-slider-response","728","525492","0.0-789.0","<div class='justified'>8. Me siento confiado entre las personas.</div></br>","3","5"
"","496.3999999985099","SWBQ_09","SWBQ","html-slider-response","729","525991","0.0-790.0","<div class='justified'>9. Siento autoconciencia.</div></br>","3","4"
"","481.09999999962747","SWBQ_10","SWBQ","html-slider-response","730","526474","0.0-791.0","<div class='justified'>10. Siento unidad con la naturaleza.</div></br>","3","2"
"","481.7000000011176","SWBQ_11","SWBQ","html-slider-response","731","526957","0.0-792.0","<div class='justified'>11. Siento unidad con lo Divino / Dios.</div></br>","3","1"
"","498.1000000014901","SWBQ_12","SWBQ","html-slider-response","732","527457","0.0-793.0","<div class='justified'>12. Siento armonía con el medio ambiente.</div></br>","3","4"
"","479.8999999985099","SWBQ_13","SWBQ","html-slider-response","733","527939","0.0-794.0","<div class='justified'>13. Siento paz con lo Divino / Dios.</div></br>","3","5"
"","467.90000000037253","SWBQ_14","SWBQ","html-slider-response","734","528409","0.0-795.0","<div class='justified'>14. Siento alegría en la vida.</div></br>","3","1"
"","468","SWBQ_15","SWBQ","html-slider-response","735","528879","0.0-796.0","<div class='justified'>15. Siento que la oración enriquece mi vida.</div></br>","3","3"
"","505.80000000074506","SWBQ_16","SWBQ","html-slider-response","736","529386","0.0-797.0","<div class='justified'>16. Siento paz interior.</div></br>","3","4"
"","474.30000000074506","SWBQ_17","SWBQ","html-slider-response","737","529863","0.0-798.0","<div class='justified'>17. Siento respeto por los demás.</div></br>","3","1"
"","524.1999999992549","SWBQ_18","SWBQ","html-slider-response","738","530389","0.0-799.0","<div class='justified'>18. Siento que la vida tiene sentido.</div></br>","3","1"
"","476.59999999962747","SWBQ_19","SWBQ","html-slider-response","739","530867","0.0-800.0","<div class='justified'>19. Siento amabilidad hacia otras personas.</div></br>","3","3"
"","479.19999999925494","SWBQ_20","SWBQ","html-slider-response","740","531349","0.0-801.0","<div class='justified'>20. Siento 'magia' en el medio ambiente.</div></br>","3","2"
"","485.59999999962747","SWBQ_21","SWBQ","html-slider-response","741","531836","0.0-802.0","<div class='justified'>21. Siento una conexión entre mí y los demás.</div></br>","3","1"
"","515.1000000014901","SWBQ_22","SWBQ","html-slider-response","742","532353","0.0-803.0","<div class='justified'>22. Siento asombro hacia naturaleza.</div></br>","3","3"
"","475.1000000014901","SWBQ_23","SWBQ","html-slider-response","743","532830","0.0-804.0","<div class='justified'>23. Siento que vivo en armonía con los demás.</div></br>","3","4"
"","472.59999999962747","SWBQ_24","SWBQ","html-slider-response","744","533305","0.0-805.0","<div class='justified'>24. Me siento en armonía con la naturaleza.</div></br>","3","3"
"","497.59999999962747","SWBQ_25","SWBQ","html-slider-response","745","533804","0.0-806.0","<div class='justified'>25. Siento fuerza interior.</div></br>","3","5"
"","472.80000000074506","SWBQ_26","SWBQ","html-slider-response","746","534279","0.0-807.0","<div class='justified'>26. Siento que confío en las personas.</div></br>","3","4"
