"view_history","rt","trialid","procedure","trial_type","trial_index","time_elapsed","internal_node_id","stimulus","response"
"[{""page_index"":0,""viewing_time"":302}]","302","Instructions_01","IBT","instructions","240","196145","0.0-268.0","",""
"","1001","IBT_01","IBT","survey-multi-choice-horizontal","241","197151","0.0-269.0","{""Q0"":""A menudo compro cosas de manera espontánea.""}","{""Q0"":""En desacuerdo""}"
"","867","IBT_02","IBT","survey-multi-choice-horizontal","242","198023","0.0-270.0","{""Q0"":""“Ya mismo” describe la forma en que compro las cosas.""}","{""Q0"":""En desacuerdo""}"
"","976","IBT_03","IBT","survey-multi-choice-horizontal","243","199002","0.0-271.0","{""Q0"":""A menudo compro cosas sin pensar.""}","{""Q0"":""Muy de acuerdo""}"
"","912","IBT_04","IBT","survey-multi-choice-horizontal","244","199918","0.0-272.0","{""Q0"":""Si veo algo que quiero, lo compro.""}","{""Q0"":""Neutral""}"
"","960","IBT_05","IBT","survey-multi-choice-horizontal","245","200884","0.0-273.0","{""Q0"":""“Compro primero y pienso después” me describe bien.""}","{""Q0"":""Muy en desacuerdo""}"
"","1005","IBT_06","IBT","survey-multi-choice-horizontal","246","201898","0.0-274.0","{""Q0"":""Algunas veces soy un poco insensato (irracional, ilógico) comprando.""}","{""Q0"":""Muy en desacuerdo""}"
"","919","IBT_07","IBT","survey-multi-choice-horizontal","247","202823","0.0-275.0","{""Q0"":""Compro cosas según cómo me siento en el momento.""}","{""Q0"":""Muy de acuerdo""}"
"","1059","IBT_08","IBT","survey-multi-choice-horizontal","248","203887","0.0-276.0","{""Q0"":""Planifico cuidadosamente la mayoría de las compras.""}","{""Q0"":""Neutral""}"
"","996","IBT_09","IBT","survey-multi-choice-horizontal","249","204889","0.0-277.0","{""Q0"":""Algunas veces soy un poco imprudente con lo que compro.""}","{""Q0"":""Muy de acuerdo""}"
