"view_history","rt","trialid","procedure","trial_type","trial_index","time_elapsed","internal_node_id","stimulus","response"
"[{""page_index"":0,""viewing_time"":334}]","334","Instructions_01","SDG","instructions","621","534737","0.0-676.0","",""
"","1447","SDG_01","SDG","survey-text","622","536188","0.0-677.0","{""Q0"":""Rut Completo (sin puntos ni guión y con dígito verificador, en caso que termine en k, reemplace por un 0):""}","{""Q0"":""215173483""}"
"","973","SDG_02","SDG","survey-multi-choice-vertical","623","537168","0.0-678.0","{""Q0"":""¿Cuál es su actual situación de pareja?""}","{""Q0"":"" Conviviente""}"
"","1223","SDG_03","SDG","survey-multi-choice-vertical","624","538402","0.0-679.0","{""Q0"":""¿Cuál es el grado más alto de educación que usted ha completado?""}","{""Q0"":"" No sabe o no aplica""}"
"","566","SDG_04","SDG","survey-multi-choice-vertical","625","538972","0.0-680.0","{""Q0"":""¿Tiene Nº de registro social de hogares? (Si no sabe puede consultar aquí: http://www.registrosocial.gob.cl/. Luego ingrese a \""ir a mi registro\"" e ingrese los datos que le solicitan. En caso que tenga, recuerde el porcentaje al cual corresponde, en caso contrario indique la opción \""No tengo registro\"").""}","{""Q0"":"" No tengo registro.""}"
"","1173","SDG_06","SDG","survey-multi-choice-vertical","626","540158","0.0-682.0","{""Q0"":""¿Cuál es su situación ocupacional actual?""}","{""Q0"":"" Trabaja a tiempo completo""}"
"","1515","SDG_07","SDG","survey-multi-choice-vertical","627","541690","0.0-683.0-0.0","{""Q0"":""¿Qué tipo de trabajo hace usted?""}","{""Q0"":"" Operador de máquinas, instalador, inspectores""}"
