"view_history","rt","trialid","procedure","trial_type","trial_index","time_elapsed","internal_node_id","stimulus","response"
"[{""page_index"":0,""viewing_time"":379}]","379","Instructions_01","GHQ12","instructions","226","286035","0.0-253.0","",""
"","805","GHQ12_01","GHQ12","survey-multi-choice-vertical","227","286843","0.0-254.0","{""Q0"":"" Últimamente, ¿Ha podido concentrarse bien en lo que hacía?""}","{""Q0"":"" Mejor que lo habitual""}"
"","823","GHQ12_02","GHQ12","survey-multi-choice-vertical","228","287670","0.0-255.0","{""Q0"":"" Últimamente, ¿Sus preocupaciones le han hecho perder mucho sueño?""}","{""Q0"":"" No, en lo absoluto""}"
"","870","GHQ12_03","GHQ12","survey-multi-choice-vertical","229","288544","0.0-256.0","{""Q0"":"" Últimamente, ¿Ha sentido que está desempeñando un papel útil en la vida?""}","{""Q0"":"" Igual que lo habitual""}"
"","871","GHQ12_04","GHQ12","survey-multi-choice-vertical","230","289417","0.0-257.0","{""Q0"":"" Últimamente, ¿Se ha sentido capaz de tomar decisiones?""}","{""Q0"":"" Igual que lo habitual""}"
"","883","GHQ12_05","GHQ12","survey-multi-choice-vertical","231","290303","0.0-258.0","{""Q0"":"" Últimamente, ¿Se ha notado constantemente agobiado y en tensión?""}","{""Q0"":"" No, en lo absoluto""}"
"","773","GHQ12_06","GHQ12","survey-multi-choice-vertical","232","291080","0.0-259.0","{""Q0"":"" Últimamente, ¿Ha tenido la sensación de que no puede superar sus dificultades?""}","{""Q0"":"" No más que lo habitual""}"
"","798","GHQ12_07","GHQ12","survey-multi-choice-vertical","233","291883","0.0-260.0","{""Q0"":"" Últimamente, ¿Ha sido capaz de disfrutar de sus actividades normales de cada día?""}","{""Q0"":"" Menos que lo habitual""}"
"","819","GHQ12_08","GHQ12","survey-multi-choice-vertical","234","292705","0.0-261.0","{""Q0"":"" Últimamente, ¿Ha sido capaz de hacer frente adecuadamente a sus problemas?""}","{""Q0"":"" Igual que lo habitual""}"
"","998","GHQ12_09","GHQ12","survey-multi-choice-vertical","235","293707","0.0-262.0","{""Q0"":"" Últimamente, ¿Se ha sentido poco feliz o deprimido?""}","{""Q0"":"" No, en absoluto""}"
"","870","GHQ12_10","GHQ12","survey-multi-choice-vertical","236","294582","0.0-263.0","{""Q0"":"" Últimamente, ¿Ha perdido confianza en sí mismo?""}","{""Q0"":"" Algo más que lo habitual""}"
"","799","GHQ12_11","GHQ12","survey-multi-choice-vertical","237","295386","0.0-264.0","{""Q0"":"" Últimamente, ¿Ha pensado que usted es una persona que no vale para nada?""}","{""Q0"":"" Algo más que lo habitual""}"
"","757","GHQ12_12","GHQ12","survey-multi-choice-vertical","238","296147","0.0-265.0","{""Q0"":"" Últimamente, ¿Se siente razonablemente feliz considerando todas las circunstancias?""}","{""Q0"":"" Mucho menos que lo habitual""}"
