"view_history","rt","trialid","procedure","trial_type","trial_index","time_elapsed","internal_node_id","stimulus","response","slider_start","question_order"
"[{""page_index"":0,""viewing_time"":305}]","305","Instructions_01","PRFBM","instructions","831","562769","0.0-833.0","","","",""
"","631","PRFBM_01","PRFBM","survey-multi-choice-vertical","832","563405","0.0-834.0","{""Q0"":""Imagina que estas embarazada, cerca de la fecha de parto, en buen estado de salud y tu bebé se desarrolla normalmente. Si pudieras elegir la modalidad de parto, preferirías que fuera:""}","{""Q0"":"" Parto vaginal (extracción del bebé por el canal vaginal en forma espontánea, con o sin intervenciones como anestesia)""}","",""
"","528.8000000007451","PRFBM_02","PRFBM","html-slider-response","833","563937","0.0-835.0-0.0","<div class=""justified"">¿Cuán fuerte es tu preferencia por el parto vaginal?</div></br>","96","50",""
"[{""page_index"":0,""viewing_time"":315}]","315","Instructions_02","PRFBM","instructions","834","564253","0.0-837.0","","","",""
"","1631.9000000003725","PRFBM_04","PRFBM","survey-multi-choice","835","565889","0.0-838.0","","{""daño"":""Muy en desacuerdo"",""beneficio"":""De acuerdo""}","","[0,1]"
"","1382.800000000745","PRFBM_05","PRFBM","survey-multi-choice","836","567276","0.0-839.0","","{""daño"":""Muy de acuerdo"",""beneficio"":""En desacuerdo""}","","[1,0]"
"","1391.7000000011176","PRFBM_06","PRFBM","survey-multi-choice","837","568671","0.0-840.0","","{""daño"":""Muy en desacuerdo"",""beneficio"":""Parcialmente de acuerdo""}","","[0,1]"
"","1366","PRFBM_07","PRFBM","survey-multi-choice","838","570040","0.0-841.0","","{""daño"":""Muy de acuerdo"",""beneficio"":""Parcialmente de acuerdo""}","","[0,1]"
