"view_history","rt","trialid","procedure","trial_type","trial_index","time_elapsed","internal_node_id","stimulus","response","slider_start","question_order"
"[{""page_index"":0,""viewing_time"":331},{""page_index"":1,""viewing_time"":419}]","751","Instructions_01","PRFBMpost","instructions","840","571009","0.0-844.0","","","",""
"","547","PRFBMpost_01","PRFBMpost","survey-multi-choice-vertical","841","571560","0.0-845.0","{""Q0"":""Imagina que estas embarazada, cerca de la fecha de parto, en buen estado de salud y tu bebé se desarrolla normalmente. Si pudieras elegir la modalidad de parto, preferirías que fuera:""}","{""Q0"":"" Parto por cesárea (extracción del bebé por medio de una cirugía con anestesia. Se realiza una incisión abdominal y una incisión para abrir el útero)""}","",""
"","505.2999999988824","PRFBMpost_03","PRFBMpost","html-slider-response","842","572068","0.0-847.0-0.0","<div class=""justified"">¿Cuán fuerte es tu preferencia por el parto por cesárea?</div></br>","79","50",""
"[{""page_index"":0,""viewing_time"":311}]","311","Instructions_02","PRFBMpost","instructions","843","572380","0.0-848.0","","","",""
"","1427","PRFBMpost_04","PRFBMpost","survey-multi-choice","844","573811","0.0-849.0","","{""daño"":""De acuerdo"",""beneficio"":""Muy en desacuerdo""}","","[1,0]"
"","1342.199999999255","PRFBMpost_05","PRFBMpost","survey-multi-choice","845","575157","0.0-850.0","","{""daño"":""En desacuerdo"",""beneficio"":""Muy de acuerdo""}","","[0,1]"
"","1423.9000000003725","PRFBMpost_06","PRFBMpost","survey-multi-choice","846","576586","0.0-851.0","","{""daño"":""Parcialmente de acuerdo"",""beneficio"":""Muy en desacuerdo""}","","[1,0]"
"","1423","PRFBMpost_07","PRFBMpost","survey-multi-choice","847","578013","0.0-852.0","","{""daño"":""Muy de acuerdo"",""beneficio"":""Parcialmente de acuerdo""}","","[0,1]"
