"view_history","rt","trialid","procedure","trial_type","trial_index","time_elapsed","internal_node_id","stimulus","response","slider_start","question_order"
"[{""page_index"":0,""viewing_time"":248},{""page_index"":1,""viewing_time"":352}]","600","Instructions_01","PRFBMpost","instructions","838","671509","0.0-844.0","","","",""
"","531","PRFBMpost_01","PRFBMpost","survey-multi-choice-vertical","839","672044","0.0-845.0","{""Q0"":""Imagina que estas embarazada, cerca de la fecha de parto, en buen estado de salud y tu bebé se desarrolla normalmente. Si pudieras elegir la modalidad de parto, preferirías que fuera:""}","{""Q0"":"" Parto vaginal (extracción del bebé por el canal vaginal en forma espontánea, con o sin intervenciones como anestesia)""}","",""
"","446.40000000037253","PRFBMpost_02","PRFBMpost","html-slider-response","840","672493","0.0-846.0-0.0","<div class=""justified"">¿Cuán fuerte es tu preferencia por el parto vaginal?</div></br>","96","50",""
"[{""page_index"":0,""viewing_time"":270}]","270","Instructions_02","PRFBMpost","instructions","841","672764","0.0-848.0","","","",""
"","1325","PRFBMpost_04","PRFBMpost","survey-multi-choice","842","674094","0.0-849.0","","{""daño"":""En desacuerdo"",""beneficio"":""De acuerdo""}","","[1,0]"
"","1280.5","PRFBMpost_05","PRFBMpost","survey-multi-choice","843","675378","0.0-850.0","","{""daño"":""Muy en desacuerdo"",""beneficio"":""De acuerdo""}","","[0,1]"
"","1117.199999999255","PRFBMpost_06","PRFBMpost","survey-multi-choice","844","676498","0.0-851.0","","{""daño"":""En desacuerdo"",""beneficio"":""Muy de acuerdo""}","","[0,1]"
"","1070.199999999255","PRFBMpost_07","PRFBMpost","survey-multi-choice","845","677571","0.0-852.0","","{""daño"":""Muy en desacuerdo"",""beneficio"":""Parcialmente de acuerdo""}","","[0,1]"
