"view_history","rt","trialid","procedure","trial_type","trial_index","time_elapsed","internal_node_id","stimulus","response"
"[{""page_index"":0,""viewing_time"":334}]","334","Instructions_01","WEBEXEC","instructions","746","533952","0.0-810.0","",""
"","810","WEBEXEC_01","WEBEXEC","survey-multi-choice-vertical","747","534768","0.0-811.0","{""Q0"":""1. ¿Tienes dificultades para mantener tu atención en una tarea?""}","{""Q0"":"" No he tenido problemas""}"
"","738","WEBEXEC_02","WEBEXEC","survey-multi-choice-vertical","748","535517","0.0-812.0","{""Q0"":""2. ¿Tienes problemas para concentrarte en una tarea?""}","{""Q0"":"" No he tenido problemas""}"
"","728","WEBEXEC_03","WEBEXEC","survey-multi-choice-vertical","749","536251","0.0-813.0","{""Q0"":""3. ¿Tienes problemas para hacer más de una tarea al mismo tiempo?""}","{""Q0"":"" No he tenido problemas""}"
"","690","WEBEXEC_04","WEBEXEC","survey-multi-choice-vertical","750","536945","0.0-814.0","{""Q0"":""4. ¿Tiendes a perder tu cadena de pensamientos?""}","{""Q0"":"" He tenido algunos problemas""}"
"","811","WEBEXEC_05","WEBEXEC","survey-multi-choice-vertical","751","537761","0.0-815.0","{""Q0"":""5. ¿Tienes problemas para continuar las cosas que has empezado?""}","{""Q0"":"" He tenido algunos problemas""}"
"","722","WEBEXEC_06","WEBEXEC","survey-multi-choice-vertical","752","538491","0.0-816.0","{""Q0"":""6. ¿Actúas por impulso?""}","{""Q0"":"" No he tenido problemas""}"
