"view_history","rt","trialid","procedure","trial_type","trial_index","time_elapsed","internal_node_id","stimulus","response"
"[{""page_index"":0,""viewing_time"":365}]","365","Instructions_01","IBT","instructions","240","186652","0.0-268.0","",""
"","942","IBT_01","IBT","survey-multi-choice-horizontal","241","187598","0.0-269.0","{""Q0"":""A menudo compro cosas de manera espontánea.""}","{""Q0"":""Muy en desacuerdo""}"
"","941","IBT_02","IBT","survey-multi-choice-horizontal","242","188545","0.0-270.0","{""Q0"":""“Ya mismo” describe la forma en que compro las cosas.""}","{""Q0"":""En desacuerdo""}"
"","864","IBT_03","IBT","survey-multi-choice-horizontal","243","189415","0.0-271.0","{""Q0"":""A menudo compro cosas sin pensar.""}","{""Q0"":""En desacuerdo""}"
"","828","IBT_04","IBT","survey-multi-choice-horizontal","244","190249","0.0-272.0","{""Q0"":""Si veo algo que quiero, lo compro.""}","{""Q0"":""Muy de acuerdo""}"
"","851","IBT_05","IBT","survey-multi-choice-horizontal","245","191104","0.0-273.0","{""Q0"":""“Compro primero y pienso después” me describe bien.""}","{""Q0"":""Neutral""}"
"","878","IBT_06","IBT","survey-multi-choice-horizontal","246","191985","0.0-274.0","{""Q0"":""Algunas veces soy un poco insensato (irracional, ilógico) comprando.""}","{""Q0"":""Muy en desacuerdo""}"
"","931","IBT_07","IBT","survey-multi-choice-horizontal","247","192921","0.0-275.0","{""Q0"":""Compro cosas según cómo me siento en el momento.""}","{""Q0"":""Muy en desacuerdo""}"
"","1005","IBT_08","IBT","survey-multi-choice-horizontal","248","193930","0.0-276.0","{""Q0"":""Planifico cuidadosamente la mayoría de las compras.""}","{""Q0"":""Muy de acuerdo""}"
"","1252","IBT_09","IBT","survey-multi-choice-horizontal","249","195190","0.0-277.0","{""Q0"":""Algunas veces soy un poco imprudente con lo que compro.""}","{""Q0"":""Neutral""}"
