"view_history","rt","trialid","procedure","trial_type","trial_index","time_elapsed","internal_node_id","stimulus","slider_start","response"
"[{""page_index"":0,""viewing_time"":315}]","315","Instructions_01","OTRASRELIG","instructions","374","278795","0.0-410.0","","",""
"","532.5999999996275","OTRASRELIG_01","OTRASRELIG","html-slider-response","375","279329","0.0-411.0","<div class=""justified"">¿Qué tan importante considera que es Dios en su vida? </div></br>","3","8"
"","629","OTRASRELIG_02","OTRASRELIG","survey-multi-choice-vertical","376","279960","0.0-412.0","{""Q0"":""¿Cree usted en Dios?""}","","{""Q0"":"" No""}"
"","620","OTRASRELIG_03","OTRASRELIG","survey-multi-choice-vertical","377","280584","0.0-413.0","{""Q0"":""¿Cree usted en la vida después de la muerte?""}","","{""Q0"":"" No""}"
"","588","OTRASRELIG_04","OTRASRELIG","survey-multi-choice-vertical","378","281176","0.0-414.0","{""Q0"":""¿Cree usted en el Infierno?""}","","{""Q0"":"" Sí""}"
"","656","OTRASRELIG_05","OTRASRELIG","survey-multi-choice-vertical","379","281835","0.0-415.0","{""Q0"":""¿Cree usted en el Cielo?""}","","{""Q0"":"" No""}"
"","918","OTRASRELIG_06","OTRASRELIG","survey-multi-choice-vertical","380","282758","0.0-416.0","{""Q0"":""Fui criado(a)""}","","{""Q0"":"" Religioso(a), Católico(a)""}"
"","928","OTRASRELIG_08","OTRASRELIG","survey-multi-choice-vertical","381","283690","0.0-418.0","{""Q0"":""¿Cuál de los siguientes corresponde a su preferencia y/o afiliación religiosa?""}","","{""Q0"":"" Protestante (evangélico(a))""}"
"","883","OTRASRELIG_10","OTRASRELIG","survey-multi-choice-vertical","382","284578","0.0-420.0","{""Q0"":""¿Su familia y/o amigos pertenecen a su mismo grupo religioso?""}","","{""Q0"":"" Casi nadie o nadie""}"
"","1055","OTRASRELIG_11","OTRASRELIG","survey-multi-choice-vertical","383","285640","0.0-421.0","{""Q0"":""Sin considerar matrimonios y funerales, y sin considerar el periodo de pandemia, ¿qué tan seguido asiste a servicios religiosos?""}","","{""Q0"":"" Nunca, o practicamente nunca""}"
