"view_history","rt","trialid","procedure","trial_type","trial_index","time_elapsed","internal_node_id","stimulus","button_pressed","condition_within","slider_start","response"
"[{""page_index"":0,""viewing_time"":321}]","322","Instructions_01","HRPVB","instructions","755","538470","0.0-819.0","","","","",""
"[{""page_index"":0,""viewing_time"":340}]","340","Instructions_02","HRPVB","instructions","756","538812","0.0-820.0","","","","",""
"","326.59999999962747","HRPVB_03_00","HRPVB","html-button-response","757","539142","0.0-821.0-0.0","Hospitalización en cuidados intensivos neonatales","0","Hospitalización en cuidados intensivos neonatales","",""
"","507.40000000037253","HRPVB_03_02","HRPVB","html-slider-response","758","539652","0.0-821.0-1.0","vaginal","","Hospitalización en cuidados intensivos neonatales; vaginal","50","52.9"
"","443.40000000037253","HRPVB_03_01","HRPVB","html-slider-response","759","540098","0.0-821.0-2.0","cesarea","","Hospitalización en cuidados intensivos neonatales; cesarea","50","50.3"
"","302.80000000074506","HRPVB_02_00","HRPVB","html-button-response","760","540402","0.0-821.0-0.1","Lesión en el cerebro del bebe por falta de oxígeno","0","Lesión en el cerebro del bebe por falta de oxígeno","",""
"","508.40000000037253","HRPVB_02_02","HRPVB","html-slider-response","761","540913","0.0-821.0-1.1","vaginal","","Lesión en el cerebro del bebe por falta de oxígeno; vaginal","50","48.2"
"","513.7999999988824","HRPVB_02_01","HRPVB","html-slider-response","762","541431","0.0-821.0-2.1","cesarea","","Lesión en el cerebro del bebe por falta de oxígeno; cesarea","50","45.8"
"","304.80000000074506","HRPVB_01_00","HRPVB","html-button-response","763","541737","0.0-821.0-0.2","Problemas respiratorios del recién nacido","0","Problemas respiratorios del recién nacido","",""
"","521.5999999996275","HRPVB_01_02","HRPVB","html-slider-response","764","542261","0.0-821.0-1.2","vaginal","","Problemas respiratorios del recién nacido; vaginal","50","46.8"
"","506","HRPVB_01_01","HRPVB","html-slider-response","765","542769","0.0-821.0-2.2","cesarea","","Problemas respiratorios del recién nacido; cesarea","50","54.2"
"","338.2999999988824","HRPVB_04_00","HRPVB","html-button-response","766","543109","0.0-821.0-0.3","Dificultades para inicio temprano de lactancia materna","0","Dificultades para inicio temprano de lactancia materna","",""
"","512.1999999992549","HRPVB_04_02","HRPVB","html-slider-response","767","543623","0.0-821.0-1.3","vaginal","","Dificultades para inicio temprano de lactancia materna; vaginal","50","50.3"
"","517.5","HRPVB_04_01","HRPVB","html-slider-response","768","544143","0.0-821.0-2.3","cesarea","","Dificultades para inicio temprano de lactancia materna; cesarea","50","48.1"
"[{""page_index"":0,""viewing_time"":288}]","288","Instructions_02","HRPVB","instructions","769","544432","0.0-822.0","","","","",""
"","327.69999999925494","HRPVB_08_00","HRPVB","html-button-response","770","544762","0.0-823.0-0.0","Infección de la herida","0","Infección de la herida","",""
"","524.8000000007451","HRPVB_08_02","HRPVB","html-slider-response","771","545289","0.0-823.0-1.0","vaginal","","Infección de la herida; vaginal","50","52.9"
"","498.1000000014901","HRPVB_08_01","HRPVB","html-slider-response","772","545790","0.0-823.0-2.0","cesarea","","Infección de la herida; cesarea","50","50.3"
"","321.09999999962747","HRPVB_11_00","HRPVB","html-button-response","773","546112","0.0-823.0-0.1","Depresión post parto","0","Depresión post parto","",""
"","468","HRPVB_11_01","HRPVB","html-slider-response","774","546583","0.0-823.0-1.1","cesarea","","Depresión post parto; cesarea","50","48.2"
"","490.30000000074506","HRPVB_11_02","HRPVB","html-slider-response","775","547075","0.0-823.0-2.1","vaginal","","Depresión post parto; vaginal","50","45.8"
"","313.40000000037253","HRPVB_05_00","HRPVB","html-button-response","776","547390","0.0-823.0-0.2","Complicaciones de la anestesia","0","Complicaciones de la anestesia","",""
"","511.40000000037253","HRPVB_05_01","HRPVB","html-slider-response","777","547904","0.0-823.0-1.2","cesarea","","Complicaciones de la anestesia; cesarea","50","46.8"
"","591.5999999996275","HRPVB_05_02","HRPVB","html-slider-response","778","548499","0.0-823.0-2.2","vaginal","","Complicaciones de la anestesia; vaginal","50","54.2"
"","343.59999999962747","HRPVB_07_00","HRPVB","html-button-response","779","548844","0.0-823.0-0.3","Histerectomía (extracción del útero)","0","Histerectomía (extracción del útero)","",""
"","510.80000000074506","HRPVB_07_01","HRPVB","html-slider-response","780","549357","0.0-823.0-1.3","cesarea","","Histerectomía (extracción del útero); cesarea","50","50.3"
"","529.3000000007451","HRPVB_07_02","HRPVB","html-slider-response","781","549889","0.0-823.0-2.3","vaginal","","Histerectomía (extracción del útero); vaginal","50","48.1"
"","341.5","HRPVB_06_00","HRPVB","html-button-response","782","550232","0.0-823.0-0.4","Paro cardíaco","0","Paro cardíaco","",""
"","564","HRPVB_06_02","HRPVB","html-slider-response","783","550798","0.0-823.0-1.4","vaginal","","Paro cardíaco; vaginal","50","49.9"
"","492.5","HRPVB_06_01","HRPVB","html-slider-response","784","551293","0.0-823.0-2.4","cesarea","","Paro cardíaco; cesarea","50","49.8"
"","281.09999999962747","HRPVB_10_00","HRPVB","html-button-response","785","551576","0.0-823.0-0.5","Hospitalización de la madre en cuidados intensivos","0","Hospitalización de la madre en cuidados intensivos","",""
"","521.6999999992549","HRPVB_10_01","HRPVB","html-slider-response","786","552099","0.0-823.0-1.5","cesarea","","Hospitalización de la madre en cuidados intensivos; cesarea","50","45.7"
"","471.30000000074506","HRPVB_10_02","HRPVB","html-slider-response","787","552573","0.0-823.0-2.5","vaginal","","Hospitalización de la madre en cuidados intensivos; vaginal","50","48.2"
"","321.7000000011176","HRPVB_09_00","HRPVB","html-button-response","788","552896","0.0-823.0-0.6","Lesión de la vagina","0","Lesión de la vagina","",""
"","555","HRPVB_09_01","HRPVB","html-slider-response","789","553454","0.0-823.0-1.6","cesarea","","Lesión de la vagina; cesarea","50","54.8"
"","460.30000000074506","HRPVB_09_02","HRPVB","html-slider-response","790","553916","0.0-823.0-2.6","vaginal","","Lesión de la vagina; vaginal","50","49.6"
