"view_history","rt","trialid","procedure","trial_type","trial_index","time_elapsed","internal_node_id","stimulus","response"
"[{""page_index"":0,""viewing_time"":301}]","301","Instructions_01","SCSORF","instructions","610","438478","0.0-663.0","",""
"","776","SCSORF_01","SCSORF","survey-multi-choice-vertical","611","439261","0.0-664.0","{""Q0"":""1. Mi fe religiosa es extremadamente importante para mí.""}","{""Q0"":"" En desacuerdo""}"
"","729","SCSORF_02","SCSORF","survey-multi-choice-vertical","612","439994","0.0-665.0","{""Q0"":""2. Rezo a diario.""}","{""Q0"":"" Fuertemente en desacuerdo""}"
"","752","SCSORF_03","SCSORF","survey-multi-choice-vertical","613","440751","0.0-666.0","{""Q0"":""3. Considero mi fe una fuente de inspiración""}","{""Q0"":"" En desacuerdo""}"
"","714","SCSORF_04","SCSORF","survey-multi-choice-vertical","614","441470","0.0-667.0","{""Q0"":""4. Considero que mi fe le otorga significado y propósito a mi vida.""}","{""Q0"":"" De acuerdo""}"
"","687","SCSORF_05","SCSORF","survey-multi-choice-vertical","615","442160","0.0-668.0","{""Q0"":""5. Me considero activo/a en mi fe o iglesia.""}","{""Q0"":"" En desacuerdo""}"
"","743","SCSORF_06","SCSORF","survey-multi-choice-vertical","616","442908","0.0-669.0","{""Q0"":""6. Mi fe es una parte importante de quien soy como persona.""}","{""Q0"":"" Fuertemente en desacuerdo""}"
"","699","SCSORF_07","SCSORF","survey-multi-choice-vertical","617","443613","0.0-670.0","{""Q0"":""7. Mi relación con Dios es extremadamente importante para mí.""}","{""Q0"":"" De acuerdo""}"
"","744","SCSORF_08","SCSORF","survey-multi-choice-vertical","618","444363","0.0-671.0","{""Q0"":""8. Disfruto estando alrededor de otras personas que comparten mi fe.""}","{""Q0"":"" De acuerdo""}"
"","757","SCSORF_09","SCSORF","survey-multi-choice-vertical","619","445125","0.0-672.0","{""Q0"":""9. Veo mi fe como una fuente de comodidad.""}","{""Q0"":"" Fuertemente de acuerdo""}"
"","721","SCSORF_10","SCSORF","survey-multi-choice-vertical","620","445850","0.0-673.0","{""Q0"":""10. Mi fe impacta muchas de mis decisiones.""}","{""Q0"":"" Fuertemente en desacuerdo""}"
