"view_history","rt","trialid","procedure","trial_type","trial_index","time_elapsed","internal_node_id","stimulus","response"
"[{""page_index"":0,""viewing_time"":301}]","301","Instructions_01","PSS","instructions","426","332217","0.0-468.0","",""
"","897","PSS_001","PSS","survey-multi-choice-vertical","427","333120","0.0-469.0","{""Q0"":""En el último mes, ¿con qué frecuencia ha estado afectado por algo que ha ocurrido inesperadamente?""}","{""Q0"":"" 1 Casi nunca""}"
"","869","PSS_002","PSS","survey-multi-choice-vertical","428","333994","0.0-470.0","{""Q0"":""En el último mes, ¿con qué frecuencia se ha sentido incapaz de controlar las cosas importantes en su vida?""}","{""Q0"":"" 4 Muy a menudo""}"
"","846","PSS_003","PSS","survey-multi-choice-vertical","429","334845","0.0-471.0","{""Q0"":""En el último mes, ¿con qué frecuencia se ha sentido nervioso o estresado?""}","{""Q0"":"" 2 De vez en cuando""}"
"","876","PSS_004","PSS","survey-multi-choice-vertical","430","335726","0.0-472.0","{""Q0"":""En el último mes, ¿con qué frecuencia ha manejado con éxito los pequeños problemas irritantes de la vida?""}","{""Q0"":"" 0 Nunca""}"
"","803","PSS_005","PSS","survey-multi-choice-vertical","431","336536","0.0-473.0","{""Q0"":""En el último mes, ¿con qué frecuencia ha sentido que ha afrontado efectivamente los cambios importantes que han estado ocurriendo en su vida?""}","{""Q0"":"" 0 Nunca""}"
"","863","PSS_006","PSS","survey-multi-choice-vertical","432","337404","0.0-474.0","{""Q0"":""En el último mes, ¿con qué frecuencia ha estado seguro sobre su capacidad para manejar sus problemas personales?""}","{""Q0"":"" 4 Muy a menudo""}"
"","878","PSS_007","PSS","survey-multi-choice-vertical","433","338288","0.0-475.0","{""Q0"":""En el último mes, ¿con qué frecuencia ha sentido que las cosas le van bien?""}","{""Q0"":"" 2 De vez en cuando""}"
"","774","PSS_008","PSS","survey-multi-choice-vertical","434","339068","0.0-476.0","{""Q0"":""En el último mes, ¿con qué frecuencia ha sentido que no podía afrontar todas las cosas que tenía que hacer?""}","{""Q0"":"" 4 Muy a menudo""}"
"","986","PSS_009","PSS","survey-multi-choice-vertical","435","340061","0.0-477.0","{""Q0"":""En el último mes, ¿con qué frecuencia ha podido controlar las dificultades de su vida?""}","{""Q0"":"" 3 A menudo""}"
"","976","PSS_010","PSS","survey-multi-choice-vertical","436","341042","0.0-478.0","{""Q0"":""En el último mes, ¿con qué frecuencia se ha sentido al control de todo?""}","{""Q0"":"" 4 Muy a menudo""}"
"","952","PSS_011","PSS","survey-multi-choice-vertical","437","342002","0.0-479.0","{""Q0"":""En el último mes, ¿con qué frecuencia ha estado enfadado porque las cosas que le han ocurrido estaban fuera de su control?""}","{""Q0"":"" 0 Nunca""}"
"","926","PSS_012","PSS","survey-multi-choice-vertical","438","342935","0.0-480.0","{""Q0"":""En el último mes, ¿con qué frecuencia ha pensado sobre las cosas que le quedan por lograr?""}","{""Q0"":"" 4 Muy a menudo""}"
"","939","PSS_013","PSS","survey-multi-choice-vertical","439","343881","0.0-481.0","{""Q0"":""En el último mes, ¿con qué frecuencia ha podido controlar la forma de pasar el tiempo?""}","{""Q0"":"" 1 Casi nunca""}"
"","965","PSS_014","PSS","survey-multi-choice-vertical","440","344850","0.0-482.0","{""Q0"":""En el último mes, ¿con qué frecuencia ha sentido que las dificultades se acumulan tanto que no puede superarlas?""}","{""Q0"":"" 4 Muy a menudo""}"
