"view_history","rt","trialid","procedure","trial_type","trial_index","time_elapsed","internal_node_id","stimulus","response"
"[{""page_index"":0,""viewing_time"":320}]","320","Instructions_01","SRA","instructions","631","444119","0.0-687.0","",""
"","812","SRA_01","SRA","survey-multi-choice-vertical","632","444937","0.0-688.0","{""Q0"":""1. He ayudado a sacar el coche de un extraño de la nieve.""}","{""Q0"":"" Nunca""}"
"","826","SRA_02","SRA","survey-multi-choice-vertical","633","445772","0.0-689.0","{""Q0"":""2. Le he dado instrucciones a un extraño.""}","{""Q0"":"" Una vez""}"
"","917","SRA_03","SRA","survey-multi-choice-vertical","634","446695","0.0-690.0","{""Q0"":""3. He hecho cambios por un extraño.""}","{""Q0"":"" Una vez""}"
"","838","SRA_04","SRA","survey-multi-choice-vertical","635","447540","0.0-691.0","{""Q0"":""4. He dado dinero a una organización benéfica.""}","{""Q0"":"" Muy a menudo""}"
"","817","SRA_05","SRA","survey-multi-choice-vertical","636","448363","0.0-692.0","{""Q0"":""5. Le di dinero a un extraño que lo necesitaba (o me lo pidió).""}","{""Q0"":"" Más de una vez""}"
"","826","SRA_06","SRA","survey-multi-choice-vertical","637","449196","0.0-693.0","{""Q0"":""6. He donado artículos o ropa a una organización benéfica.""}","{""Q0"":"" Nunca""}"
"","892","SRA_07","SRA","survey-multi-choice-vertical","638","450093","0.0-694.0","{""Q0"":""7. He realizado trabajo voluntario para una organización benéfica.""}","{""Q0"":"" Nunca""}"
"","788","SRA_08","SRA","survey-multi-choice-vertical","639","450887","0.0-695.0","{""Q0"":""8. He donado sangre.""}","{""Q0"":"" Muy a menudo""}"
"","850","SRA_09","SRA","survey-multi-choice-vertical","640","451743","0.0-696.0","{""Q0"":""9. He ayudado a llevar las pertenencias de un extraño (libros, paquetes, etc.).""}","{""Q0"":"" Más de una vez""}"
"","854","SRA_10","SRA","survey-multi-choice-vertical","641","452603","0.0-697.0","{""Q0"":""10. He retrasado un ascensor y mantuve la puerta abierta para un extraño.""}","{""Q0"":"" Muy a menudo""}"
"","854","SRA_11","SRA","survey-multi-choice-vertical","642","453465","0.0-698.0","{""Q0"":""11. Permití que alguien se adelantara a mí en una fila (por ejemplo: en un banco, en el supermercado, etc).""}","{""Q0"":"" A menudo""}"
"","863","SRA_12","SRA","survey-multi-choice-vertical","643","454333","0.0-699.0","{""Q0"":""12. He dado a un extraño un aventón en mi auto.""}","{""Q0"":"" Muy a menudo""}"
"","851","SRA_13","SRA","survey-multi-choice-vertical","644","455190","0.0-700.0","{""Q0"":""13. He señalado el error de un empleado (por ejemplo: en un banco, en el supermercado, etc) al cobrar menos por un artículo.""}","{""Q0"":"" Nunca""}"
"","818","SRA_14","SRA","survey-multi-choice-vertical","645","456014","0.0-701.0","{""Q0"":""14. Dejé que un vecino a quien no conocía demasiado bien, tomara prestado un artículo de algún valor para mí (por ejemplo: un plato, herramientas, etc).""}","{""Q0"":"" Muy a menudo""}"
"","824","SRA_15","SRA","survey-multi-choice-vertical","646","456842","0.0-702.0","{""Q0"":""15. He comprado tarjetas de Navidad \""benéficas\"" deliberadamente porque sabía que era una buena causa.""}","{""Q0"":"" Una vez""}"
"","870","SRA_16","SRA","survey-multi-choice-vertical","647","457718","0.0-703.0","{""Q0"":""16. He ayudado a un compañero de clase que no conocía muy bien con una tarea cuando mi conocimiento era mayor que el de él o ella.""}","{""Q0"":"" Muy a menudo""}"
"","828","SRA_17","SRA","survey-multi-choice-vertical","648","458553","0.0-704.0","{""Q0"":""17. Antes de que me pidieran, he cuidado voluntariamente las mascotas o los niños de un vecino sin ser pagado por ello.""}","{""Q0"":"" Más de una vez""}"
"","836","SRA_18","SRA","survey-multi-choice-vertical","649","459397","0.0-705.0","{""Q0"":""18. Me he ofrecido a ayudar a un extraño discapacitado o anciano a cruzar la calle.""}","{""Q0"":"" Una vez""}"
"","797","SRA_19","SRA","survey-multi-choice-vertical","650","460200","0.0-706.0","{""Q0"":""19. Le ofrecí mi asiento en un autobús o tren a un extraño que estaba parado.""}","{""Q0"":"" Muy a menudo""}"
"","833","SRA_20","SRA","survey-multi-choice-vertical","651","461040","0.0-707.0","{""Q0"":""20. He ayudado a un conocido a mudarse de hogar.""}","{""Q0"":"" Una vez""}"
