"view_history","rt","trialid","procedure","trial_type","trial_index","time_elapsed","internal_node_id","stimulus","slider_start","response"
"[{""page_index"":0,""viewing_time"":329}]","329","Instructions_01","SWBQ","instructions","721","512342","0.0-781.0","","",""
"","476.30000000074506","SWBQ_01","SWBQ","html-slider-response","722","512820","0.0-782.0","<div class='justified'>1. Siento amor por otras personas.</div></br>","3","3"
"","511.5","SWBQ_02","SWBQ","html-slider-response","723","513334","0.0-783.0","<div class='justified'>2. Siento una relación personal con lo Divino / Dios.</div></br>","3","1"
"","458.59999999962747","SWBQ_03","SWBQ","html-slider-response","724","513795","0.0-784.0","<div class='justified'>3. Siento lástima hacia los demás.</div></br>","3","1"
"","485.40000000037253","SWBQ_04","SWBQ","html-slider-response","725","514282","0.0-785.0","<div class='justified'>4. Siento una conexión con la naturaleza.</div></br>","3","2"
"","500.40000000037253","SWBQ_05","SWBQ","html-slider-response","726","514785","0.0-786.0","<div class='justified'>5. Tengo un sentido de identidad.</div></br>","3","3"
"","478.2000000011176","SWBQ_06","SWBQ","html-slider-response","727","515265","0.0-787.0","<div class='justified'>6. Adoro al Divino / Creador.</div></br>","3","1"
"","441","SWBQ_07","SWBQ","html-slider-response","728","515708","0.0-788.0","<div class='justified'>7. Siento asombro por una vista impresionante.</div></br>","3","1"
"","495.5","SWBQ_08","SWBQ","html-slider-response","729","516206","0.0-789.0","<div class='justified'>8. Me siento confiado entre las personas.</div></br>","3","4"
"","445","SWBQ_09","SWBQ","html-slider-response","730","516653","0.0-790.0","<div class='justified'>9. Siento autoconciencia.</div></br>","3","3"
"","508.69999999925494","SWBQ_10","SWBQ","html-slider-response","731","517164","0.0-791.0","<div class='justified'>10. Siento unidad con la naturaleza.</div></br>","3","5"
"","482.09999999962747","SWBQ_11","SWBQ","html-slider-response","732","517648","0.0-792.0","<div class='justified'>11. Siento unidad con lo Divino / Dios.</div></br>","3","4"
"","460.6000000014901","SWBQ_12","SWBQ","html-slider-response","733","518111","0.0-793.0","<div class='justified'>12. Siento armonía con el medio ambiente.</div></br>","3","2"
"","465.09999999962747","SWBQ_13","SWBQ","html-slider-response","734","518578","0.0-794.0","<div class='justified'>13. Siento paz con lo Divino / Dios.</div></br>","3","1"
"","468.80000000074506","SWBQ_14","SWBQ","html-slider-response","735","519049","0.0-795.0","<div class='justified'>14. Siento alegría en la vida.</div></br>","3","4"
"","452.69999999925494","SWBQ_15","SWBQ","html-slider-response","736","519503","0.0-796.0","<div class='justified'>15. Siento que la oración enriquece mi vida.</div></br>","3","5"
"","454.90000000037253","SWBQ_16","SWBQ","html-slider-response","737","519960","0.0-797.0","<div class='justified'>16. Siento paz interior.</div></br>","3","1"
"","480.90000000037253","SWBQ_17","SWBQ","html-slider-response","738","520443","0.0-798.0","<div class='justified'>17. Siento respeto por los demás.</div></br>","3","3"
"","433.40000000037253","SWBQ_18","SWBQ","html-slider-response","739","520878","0.0-799.0","<div class='justified'>18. Siento que la vida tiene sentido.</div></br>","3","4"
"","482.19999999925494","SWBQ_19","SWBQ","html-slider-response","740","521363","0.0-800.0","<div class='justified'>19. Siento amabilidad hacia otras personas.</div></br>","3","1"
"","487.7000000011176","SWBQ_20","SWBQ","html-slider-response","741","521852","0.0-801.0","<div class='justified'>20. Siento 'magia' en el medio ambiente.</div></br>","3","1"
"","475.7000000011176","SWBQ_21","SWBQ","html-slider-response","742","522329","0.0-802.0","<div class='justified'>21. Siento una conexión entre mí y los demás.</div></br>","3","3"
"","517.4000000003725","SWBQ_22","SWBQ","html-slider-response","743","522849","0.0-803.0","<div class='justified'>22. Siento asombro hacia naturaleza.</div></br>","3","2"
"","503.19999999925494","SWBQ_23","SWBQ","html-slider-response","744","523354","0.0-804.0","<div class='justified'>23. Siento que vivo en armonía con los demás.</div></br>","3","1"
"","513.2999999988824","SWBQ_24","SWBQ","html-slider-response","745","523869","0.0-805.0","<div class='justified'>24. Me siento en armonía con la naturaleza.</div></br>","3","3"
"","454.7000000011176","SWBQ_25","SWBQ","html-slider-response","746","524326","0.0-806.0","<div class='justified'>25. Siento fuerza interior.</div></br>","3","4"
"","489.7000000011176","SWBQ_26","SWBQ","html-slider-response","747","524818","0.0-807.0","<div class='justified'>26. Siento que confío en las personas.</div></br>","3","3"
