"view_history","rt","trialid","procedure","trial_type","trial_index","time_elapsed","internal_node_id","stimulus","response","slider_start","question_order"
"[{""page_index"":0,""viewing_time"":332}]","332","Instructions_01","PRFBM","instructions","829","570824","0.0-833.0","","","",""
"","616","PRFBM_01","PRFBM","survey-multi-choice-vertical","830","571444","0.0-834.0","{""Q0"":""Imagina que estas embarazada, cerca de la fecha de parto, en buen estado de salud y tu bebé se desarrolla normalmente. Si pudieras elegir la modalidad de parto, preferirías que fuera:""}","{""Q0"":"" Parto por cesárea (extracción del bebé por medio de una cirugía con anestesia. Se realiza una incisión abdominal y una incisión para abrir el útero)""}","",""
"","511.59999999962747","PRFBM_03","PRFBM","html-slider-response","831","571958","0.0-836.0-0.0","<div class=""justified"">¿Cuán fuerte es tu preferencia por el parto por cesárea?</div></br>","79","50",""
"[{""page_index"":0,""viewing_time"":327}]","327","Instructions_02","PRFBM","instructions","832","572286","0.0-837.0","","","",""
"","1526.9000000003725","PRFBM_04","PRFBM","survey-multi-choice","833","573819","0.0-838.0","","{""daño"":""En desacuerdo"",""beneficio"":""Muy de acuerdo""}","","[0,1]"
"","1410.9000000003725","PRFBM_05","PRFBM","survey-multi-choice","834","575237","0.0-839.0","","{""daño"":""Parcialmente de acuerdo"",""beneficio"":""Muy en desacuerdo""}","","[1,0]"
"","1350.2999999988824","PRFBM_06","PRFBM","survey-multi-choice","835","576591","0.0-840.0","","{""daño"":""Parcialmente de acuerdo"",""beneficio"":""Muy de acuerdo""}","","[1,0]"
"","1363.199999999255","PRFBM_07","PRFBM","survey-multi-choice","836","577957","0.0-841.0","","{""daño"":""En desacuerdo"",""beneficio"":""Muy de acuerdo""}","","[1,0]"
