"rt","stimulus","slider_start","response","trialid","procedure","trial_type","trial_index","time_elapsed","internal_node_id"
"524.7999999988824","<div class=""justified"">Yo preferiría un parto por cesárea para evitar el dolor del parto</div></br>","50","100","PSPPC_01","PSPPC","html-slider-response","419","329025","0.0-460.0"
"551.0999999996275","<div class=""justified"">Creo que la mujer tiene derecho a elegir una cesárea aunque no hayan indicaciones médicas para hacerla</div></br>","50","10","PSPPC_02","PSPPC","html-slider-response","420","329578","0.0-461.0"
"499.90000000037253","<div class=""justified"">El procedimiento quirúrgico involucrado en un parto por cesárea no me preocupa</div></br>","50","82","PSPPC_03","PSPPC","html-slider-response","421","330080","0.0-462.0"
"545.6999999992549","<div class=""justified"">Tener bebés por cesárea es menos vergonzoso que tenerlos por vía vaginal</div></br>","50","81","PSPPC_04","PSPPC","html-slider-response","422","330629","0.0-463.0"
"533.5999999996275","<div class=""justified"">Considero que el parto vaginal es un método obsoleto de parto</div></br>","50","66","PSPPC_05","PSPPC","html-slider-response","423","331167","0.0-464.0"
"531.7000000011176","<div class=""justified"">El parto requiere de atención o asistencia médica incluso en embarazos sin complicaciones</div></br>","50","94","PSPPC_06","PSPPC","html-slider-response","424","331700","0.0-465.0"
