"view_history","rt","trialid","procedure","trial_type","trial_index","time_elapsed","internal_node_id","stimulus","button_pressed","condition_within","slider_start","response"
"[{""page_index"":0,""viewing_time"":307}]","307","Instructions_01","HRPVB","instructions","755","631670","0.0-819.0","","","","",""
"[{""page_index"":0,""viewing_time"":363}]","363","Instructions_02","HRPVB","instructions","756","632034","0.0-820.0","","","","",""
"","340.7999999988824","HRPVB_01_00","HRPVB","html-button-response","757","632379","0.0-821.0-0.0","Problemas respiratorios del recién nacido","0","Problemas respiratorios del recién nacido","",""
"","485.40000000037253","HRPVB_01_02","HRPVB","html-slider-response","758","632867","0.0-821.0-1.0","vaginal","","Problemas respiratorios del recién nacido; vaginal","50","50.8"
"","500.30000000074506","HRPVB_01_01","HRPVB","html-slider-response","759","633369","0.0-821.0-2.0","cesarea","","Problemas respiratorios del recién nacido; cesarea","50","54.6"
"","340.69999999925494","HRPVB_04_00","HRPVB","html-button-response","760","633712","0.0-821.0-0.1","Dificultades para inicio temprano de lactancia materna","0","Dificultades para inicio temprano de lactancia materna","",""
"","478.5","HRPVB_04_01","HRPVB","html-slider-response","761","634192","0.0-821.0-1.1","cesarea","","Dificultades para inicio temprano de lactancia materna; cesarea","50","50.3"
"","507.80000000074506","HRPVB_04_02","HRPVB","html-slider-response","762","634701","0.0-821.0-2.1","vaginal","","Dificultades para inicio temprano de lactancia materna; vaginal","50","51.2"
"","305.40000000037253","HRPVB_02_00","HRPVB","html-button-response","763","635008","0.0-821.0-0.2","Lesión en el cerebro del bebe por falta de oxígeno","0","Lesión en el cerebro del bebe por falta de oxígeno","",""
"","469.40000000037253","HRPVB_02_01","HRPVB","html-slider-response","764","635479","0.0-821.0-1.2","cesarea","","Lesión en el cerebro del bebe por falta de oxígeno; cesarea","50","45.8"
"","554.4000000003725","HRPVB_02_02","HRPVB","html-slider-response","765","636036","0.0-821.0-2.2","vaginal","","Lesión en el cerebro del bebe por falta de oxígeno; vaginal","50","47.7"
"","321.40000000037253","HRPVB_03_00","HRPVB","html-button-response","766","636360","0.0-821.0-0.3","Hospitalización en cuidados intensivos neonatales","0","Hospitalización en cuidados intensivos neonatales","",""
"","499.5","HRPVB_03_01","HRPVB","html-slider-response","767","636861","0.0-821.0-1.3","cesarea","","Hospitalización en cuidados intensivos neonatales; cesarea","50","54.2"
"","482.09999999962747","HRPVB_03_02","HRPVB","html-slider-response","768","637345","0.0-821.0-2.3","vaginal","","Hospitalización en cuidados intensivos neonatales; vaginal","50","47.7"
"[{""page_index"":0,""viewing_time"":311}]","312","Instructions_02","HRPVB","instructions","769","637658","0.0-822.0","","","","",""
"","362.40000000037253","HRPVB_06_00","HRPVB","html-button-response","770","638023","0.0-823.0-0.0","Paro cardíaco","0","Paro cardíaco","",""
"","526.5999999996275","HRPVB_06_01","HRPVB","html-slider-response","771","638552","0.0-823.0-1.0","cesarea","","Paro cardíaco; cesarea","50","50.8"
"","490.90000000037253","HRPVB_06_02","HRPVB","html-slider-response","772","639045","0.0-823.0-2.0","vaginal","","Paro cardíaco; vaginal","50","54.6"
"","345.40000000037253","HRPVB_11_00","HRPVB","html-button-response","773","639392","0.0-823.0-0.1","Depresión post parto","0","Depresión post parto","",""
"","499.69999999925494","HRPVB_11_02","HRPVB","html-slider-response","774","639893","0.0-823.0-1.1","vaginal","","Depresión post parto; vaginal","50","50.3"
"","481.19999999925494","HRPVB_11_01","HRPVB","html-slider-response","775","640376","0.0-823.0-2.1","cesarea","","Depresión post parto; cesarea","50","51.2"
"","282.09999999962747","HRPVB_05_00","HRPVB","html-button-response","776","640660","0.0-823.0-0.2","Complicaciones de la anestesia","0","Complicaciones de la anestesia","",""
"","467.5","HRPVB_05_01","HRPVB","html-slider-response","777","641130","0.0-823.0-1.2","cesarea","","Complicaciones de la anestesia; cesarea","50","45.8"
"","504.5","HRPVB_05_02","HRPVB","html-slider-response","778","641636","0.0-823.0-2.2","vaginal","","Complicaciones de la anestesia; vaginal","50","47.7"
"","306.80000000074506","HRPVB_10_00","HRPVB","html-button-response","779","641945","0.0-823.0-0.3","Hospitalización de la madre en cuidados intensivos","0","Hospitalización de la madre en cuidados intensivos","",""
"","518.8000000007451","HRPVB_10_02","HRPVB","html-slider-response","780","642466","0.0-823.0-1.3","vaginal","","Hospitalización de la madre en cuidados intensivos; vaginal","50","54.2"
"","520.1999999992549","HRPVB_10_01","HRPVB","html-slider-response","781","642989","0.0-823.0-2.3","cesarea","","Hospitalización de la madre en cuidados intensivos; cesarea","50","47.7"
"","308.7000000011176","HRPVB_09_00","HRPVB","html-button-response","782","643300","0.0-823.0-0.4","Lesión de la vagina","0","Lesión de la vagina","",""
"","487","HRPVB_09_01","HRPVB","html-slider-response","783","643789","0.0-823.0-1.4","cesarea","","Lesión de la vagina; cesarea","50","48.1"
"","531.5999999996275","HRPVB_09_02","HRPVB","html-slider-response","784","644323","0.0-823.0-2.4","vaginal","","Lesión de la vagina; vaginal","50","49.3"
"","316.40000000037253","HRPVB_08_00","HRPVB","html-button-response","785","644641","0.0-823.0-0.5","Infección de la herida","0","Infección de la herida","",""
"","523","HRPVB_08_02","HRPVB","html-slider-response","786","645167","0.0-823.0-1.5","vaginal","","Infección de la herida; vaginal","50","49.8"
"","489.90000000037253","HRPVB_08_01","HRPVB","html-slider-response","787","645660","0.0-823.0-2.5","cesarea","","Infección de la herida; cesarea","50","51.9"
"","335.2000000011176","HRPVB_07_00","HRPVB","html-button-response","788","645996","0.0-823.0-0.6","Histerectomía (extracción del útero)","0","Histerectomía (extracción del útero)","",""
"","499.59999999962747","HRPVB_07_02","HRPVB","html-slider-response","789","646498","0.0-823.0-1.6","vaginal","","Histerectomía (extracción del útero); vaginal","50","48.2"
"","521","HRPVB_07_01","HRPVB","html-slider-response","790","647021","0.0-823.0-2.6","cesarea","","Histerectomía (extracción del útero); cesarea","50","51.9"
