"view_history","rt","trialid","procedure","trial_type","trial_index","time_elapsed","internal_node_id","stimulus","response"
"[{""page_index"":0,""viewing_time"":309}]","310","Instructions_01","IBT","instructions","240","296681","0.0-268.0","",""
"","1100","IBT_01","IBT","survey-multi-choice-horizontal","241","297785","0.0-269.0","{""Q0"":""A menudo compro cosas de manera espontánea.""}","{""Q0"":""Muy de acuerdo""}"
"","998","IBT_02","IBT","survey-multi-choice-horizontal","242","298787","0.0-270.0","{""Q0"":""“Ya mismo” describe la forma en que compro las cosas.""}","{""Q0"":""Muy en desacuerdo""}"
"","877","IBT_03","IBT","survey-multi-choice-horizontal","243","299669","0.0-271.0","{""Q0"":""A menudo compro cosas sin pensar.""}","{""Q0"":""En desacuerdo""}"
"","941","IBT_04","IBT","survey-multi-choice-horizontal","244","300617","0.0-272.0","{""Q0"":""Si veo algo que quiero, lo compro.""}","{""Q0"":""En desacuerdo""}"
"","905","IBT_05","IBT","survey-multi-choice-horizontal","245","301527","0.0-273.0","{""Q0"":""“Compro primero y pienso después” me describe bien.""}","{""Q0"":""Muy de acuerdo""}"
"","906","IBT_06","IBT","survey-multi-choice-horizontal","246","302437","0.0-274.0","{""Q0"":""Algunas veces soy un poco insensato (irracional, ilógico) comprando.""}","{""Q0"":""Neutral""}"
"","927","IBT_07","IBT","survey-multi-choice-horizontal","247","303369","0.0-275.0","{""Q0"":""Compro cosas según cómo me siento en el momento.""}","{""Q0"":""Muy en desacuerdo""}"
"","935","IBT_08","IBT","survey-multi-choice-horizontal","248","304308","0.0-276.0","{""Q0"":""Planifico cuidadosamente la mayoría de las compras.""}","{""Q0"":""Muy en desacuerdo""}"
"","1153","IBT_09","IBT","survey-multi-choice-horizontal","249","305466","0.0-277.0","{""Q0"":""Algunas veces soy un poco imprudente con lo que compro.""}","{""Q0"":""Muy de acuerdo""}"
