"view_history","rt","trialid","procedure","trial_type","trial_index","time_elapsed","internal_node_id","stimulus","response"
"[{""page_index"":0,""viewing_time"":303}]","303","Instructions_01","SCSORF","instructions","608","436730","0.0-663.0","",""
"","751","SCSORF_01","SCSORF","survey-multi-choice-vertical","609","437486","0.0-664.0","{""Q0"":""1. Mi fe religiosa es extremadamente importante para mí.""}","{""Q0"":"" Fuertemente en desacuerdo""}"
"","736","SCSORF_02","SCSORF","survey-multi-choice-vertical","610","438227","0.0-665.0","{""Q0"":""2. Rezo a diario.""}","{""Q0"":"" Fuertemente en desacuerdo""}"
"","704","SCSORF_03","SCSORF","survey-multi-choice-vertical","611","438936","0.0-666.0","{""Q0"":""3. Considero mi fe una fuente de inspiración""}","{""Q0"":"" Fuertemente en desacuerdo""}"
"","713","SCSORF_04","SCSORF","survey-multi-choice-vertical","612","439653","0.0-667.0","{""Q0"":""4. Considero que mi fe le otorga significado y propósito a mi vida.""}","{""Q0"":"" En desacuerdo""}"
"","726","SCSORF_05","SCSORF","survey-multi-choice-vertical","613","440385","0.0-668.0","{""Q0"":""5. Me considero activo/a en mi fe o iglesia.""}","{""Q0"":"" En desacuerdo""}"
"","724","SCSORF_06","SCSORF","survey-multi-choice-vertical","614","441115","0.0-669.0","{""Q0"":""6. Mi fe es una parte importante de quien soy como persona.""}","{""Q0"":"" Fuertemente en desacuerdo""}"
"","711","SCSORF_07","SCSORF","survey-multi-choice-vertical","615","441832","0.0-670.0","{""Q0"":""7. Mi relación con Dios es extremadamente importante para mí.""}","{""Q0"":"" En desacuerdo""}"
"","687","SCSORF_08","SCSORF","survey-multi-choice-vertical","616","442524","0.0-671.0","{""Q0"":""8. Disfruto estando alrededor de otras personas que comparten mi fe.""}","{""Q0"":"" De acuerdo""}"
"","761","SCSORF_09","SCSORF","survey-multi-choice-vertical","617","443290","0.0-672.0","{""Q0"":""9. Veo mi fe como una fuente de comodidad.""}","{""Q0"":"" En desacuerdo""}"
"","742","SCSORF_10","SCSORF","survey-multi-choice-vertical","618","444037","0.0-673.0","{""Q0"":""10. Mi fe impacta muchas de mis decisiones.""}","{""Q0"":"" Fuertemente en desacuerdo""}"
