"success","trialid","procedure","trial_type","trial_index","time_elapsed","internal_node_id","stimulus","rt","response","question_order"
"true","Instructions_01","DEMOGR","fullscreen","146","118764","0.0-167.0","","","",""
"","DEMOGR_01","DEMOGR","survey-text","147","121288","0.0-168.0","{""Q0"":""Indica tu edad""}","2522","{""Q0"":""53""}",""
"","DEMOGR_02","DEMOGR","survey-multi-choice-vertical","148","122139","0.0-169.0","{""Q0"":""Indica tu género""}","848","{""Q0"":"" Masculino""}",""
"","DEMOGR_03","DEMOGR","survey-html-form","149","122695","0.0-170.0","{""Q0"":""Indica tu correo electrónico personal(enviaremos la giftcard a este email cuando finalices las tareas)""}","554.4000000003725","{""Q0"":""hBxu6@gmail.com""}",""
"","DEMOGR_05","DEMOGR","survey-multi-choice-vertical","150","123295","0.0-171.0","{""Q0"":""¿Tienes algún tipo de daltonismo?""}","598","{""Q0"":"" No""}",""
"","DEMOGR_06","DEMOGR","survey-html-form","151","123818","0.0-172.0","{""Q0"":""Elige del desplegable tu comuna de residencia.""}","519.4000000003725","{""Q0"":""KioQxyqzrhOJq8WawcaH9nNogs6""}",""
"","DEMOGR_07","DEMOGR","survey-multi-choice-vertical","152","125389","0.0-173.0","{""Q0"":""Indica tú nivel de estudios""}","1563","{""Q0"":"" Centro de Formación Técnica o en Instituto Profesional completa""}",""
"","DEMOGR_08","DEMOGR","survey-multi-choice-vertical","153","126272","0.0-174.0","{""Q0"":""¿Qué estas estudiando?""}","879","{""Q0"":"" Negocios / Comercio""}",""
"","DEMOGR_10","DEMOGR","survey-multi-choice-vertical","154","127256","0.0-176.0","{""Q0"":""Año completado de tus estudios""}","980","{""Q0"":"" Tercero""}",""
"","DEMOGR_11","DEMOGR","survey-html-form","155","127768","0.0-177.0","{""Q0"":""Elige del desplegable la institución educativa a la que asistes. En caso de que no aparezca, introduce el nombre.""}","509","{""Q0"":""KDO408BcqVjsmy5a26xVPw6Y7EQ8T3F8TUbcNH37oXsT90d6q9Zdr""}",""
"","DEMOGR_12","DEMOGR","survey-multi-choice-vertical","156","128984","0.0-178.0","{""Q0"":""Indica el nivel de estudios de tu madre""}","1210","{""Q0"":"" Sin educación formal""}",""
"","DEMOGR_13","DEMOGR","survey-multi-choice-vertical","157","130282","0.0-179.0","{""Q0"":""Indica el nivel de estudios de tu padre""}","1291","{""Q0"":"" Media completa""}",""
"","DEMOGR_14","DEMOGR","survey-multi-choice-vertical","158","131170","0.0-180.0","{""Q0"":""¿Qué tipo de seguro de salud tienes?""}","884","{""Q0"":"" FONASA A""}",""
"","DEMOGR_15","DEMOGR","survey-multi-choice-horizontal","159","131808","0.0-181.0","{""Q0"":""¿Alguna vez has estado embarazada?""}","634","{""Q0"":"" Si""}",""
"","DEMOGR_16","DEMOGR","survey-multi-choice-horizontal","160","132392","0.0-182.0","{""Q0"":""¿Alguna vez has tenido un parto vaginal o cesarea?""}","582","{""Q0"":"" Si""}",""
"","DEMOGR_17","DEMOGR","survey-multi-choice-horizontal","161","133106","0.0-183.0","{""Q0"":""¿Quieres tener hijos en el futuro?""}","712","{""Q0"":"" No""}",""
"","DEMOGR_18","DEMOGR","survey-text","162","133668","0.0-184.0","{""Q0"":""¿Cuántos hijos(as) te gustaría tener? (0, 1, 2, 3...)""}","560","{""Q0"":""32""}",""
"","DEMOGR_19","DEMOGR","survey-multi-select","163","134372","0.0-185.0","{""Q0"":""Indica si alguna de las siguientes personas o grupos ha tenido una cesarea (puedes marcar más de una opción):""}","696.5999999996275","{""Q0"":[""&nbsp;Hermanas""]}","[0]"
