"rt","stimulus","slider_start","response","trialid","procedure","trial_type","trial_index","time_elapsed","internal_node_id"
"528.5999999996275","<div class=""justified"">Me preocupa que el dolor del parto sea demasiado intenso</div></br>","50","34","PSETPP_01","PSETPP","html-slider-response","414","419049","0.0-453.0"
"529.9000000003725","<div class=""justified"">Tengo miedo al parto</div></br>","50","100","PSETPP_02","PSETPP","html-slider-response","415","419581","0.0-454.0"
"453.19999999925494","<div class=""justified"">Me preocupa que el bebé pueda sufrir daño</div></br>","50","39","PSETPP_03","PSETPP","html-slider-response","416","420036","0.0-455.0"
"530.0999999996275","<div class=""justified"">Temo por complicaciones durante el trabajo de parto y parto</div></br>","50","32","PSETPP_04","PSETPP","html-slider-response","417","420568","0.0-456.0"
"524.9000000003725","<div class=""justified"">El parto es impredecible y riesgoso</div></br>","50","74","PSETPP_05","PSETPP","html-slider-response","418","421095","0.0-457.0"
