"view_history","rt","trialid","procedure","trial_type","trial_index","time_elapsed","internal_node_id","stimulus","response"
"[{""page_index"":0,""viewing_time"":349}]","349","Instructions_01","CRS","instructions","66","73572","0.0-81.0","",""
"","846","CRS_01","CRS","survey-multi-choice-vertical","67","74420","0.0-82.0","{""Q0"":""1. ¿Con qué frecuencia piensas en temas religiosos?""}","{""Q0"":"" Nunca""}"
"","847","CRS_02","CRS","survey-multi-choice-vertical","68","75270","0.0-83.0","{""Q0"":""2. ¿Hasta qué punto crees que Dios o algo divino existe?""}","{""Q0"":"" Demasiado""}"
"","805","CRS_03","CRS","survey-multi-choice-vertical","69","76077","0.0-84.0","{""Q0"":""3. ¿Con qué frecuencia participas en servicios religiosos?""}","{""Q0"":"" Nunca""}"
"","837","CRS_04","CRS","survey-multi-choice-vertical","70","76917","0.0-85.0","{""Q0"":""4. ¿Con qué frecuencia rezas?""}","{""Q0"":"" Rara vez""}"
"","831","CRS_05","CRS","survey-multi-choice-vertical","71","77751","0.0-86.0","{""Q0"":""5. ¿Con qué frecuencia meditas?""}","{""Q0"":"" Rara vez""}"
"","809","CRS_06","CRS","survey-multi-choice-vertical","72","78563","0.0-87.0","{""Q0"":""6. ¿Con qué frecuencia experimenta situaciones en las que tiene la sensación de que Dios o algo divino interviene en su vida?""}","{""Q0"":"" Muy a menudo""}"
"","843","CRS_07","CRS","survey-multi-choice-vertical","73","79409","0.0-88.0","{""Q0"":""7. ¿Con qué frecuencia experimenta situaciones en las que tiene la sensación de ser uno con todos?""}","{""Q0"":"" Ocasionalmente""}"
"","872","CRS_08","CRS","survey-multi-choice-vertical","74","80282","0.0-89.0","{""Q0"":""8. ¿Qué tan interesado está en aprender más sobre temas religiosos?""}","{""Q0"":"" Nada""}"
"","804","CRS_09","CRS","survey-multi-choice-vertical","75","81089","0.0-90.0","{""Q0"":""9. ¿Hasta qué punto crees en una vida futura? inmortalidad del alma, resurrección de los muertos o reencarnación?""}","{""Q0"":"" Nada""}"
"","838","CRS_10","CRS","survey-multi-choice-vertical","76","81929","0.0-91.0","{""Q0"":""10. ¿Qué tan importante es participar en los servicios religiosos?""}","{""Q0"":"" Demasiado""}"
"","821","CRS_11","CRS","survey-multi-choice-vertical","77","82752","0.0-92.0","{""Q0"":""11. ¿Qué tan importante es la oración personal para ti?""}","{""Q0"":"" Algo""}"
"","832","CRS_12","CRS","survey-multi-choice-vertical","78","83586","0.0-93.0","{""Q0"":""12. ¿Qué tan importante es la meditación para ti?""}","{""Q0"":"" Demasiado""}"
"","904","CRS_13","CRS","survey-multi-choice-vertical","79","84495","0.0-94.0","{""Q0"":""13. ¿Con qué frecuencia experimentas situaciones en las que tienes la sensación de que Dios o algo divino quiere comunicarte o revelarte algo?""}","{""Q0"":"" A menudo""}"
"","788","CRS_14","CRS","survey-multi-choice-vertical","80","85285","0.0-95.0","{""Q0"":""14. ¿Con qué frecuencia experimenta situaciones en las que tiene la sensación de ser tocado por un poder divino?""}","{""Q0"":"" Muy a menudo""}"
"","783","CRS_15","CRS","survey-multi-choice-vertical","81","86071","0.0-96.0","{""Q0"":""15. ¿Con qué frecuencia se mantiene informado sobre cuestiones religiosas a través de la radio, la televisión, internet, periódicos o libros?""}","{""Q0"":"" Nunca""}"
"","894","CRS_16","CRS","survey-multi-choice-vertical","82","86968","0.0-97.0","{""Q0"":""16. En tu opinión, ¿qué tan probable es que realmente exista un poder superior?""}","{""Q0"":"" Demasiado""}"
"","849","CRS_17","CRS","survey-multi-choice-vertical","83","87820","0.0-98.0","{""Q0"":""17. ¿Qué tan importante es para usted estar conectado a una comunidad religiosa?""}","{""Q0"":"" Un poco""}"
"","868","CRS_18","CRS","survey-multi-choice-vertical","84","88690","0.0-99.0","{""Q0"":""18. ¿Con qué frecuencia rezas espontáneamente cuando te inspiras en situaciones cotidianas?""}","{""Q0"":"" Muy a menudo""}"
"","825","CRS_19","CRS","survey-multi-choice-vertical","85","89518","0.0-100.0","{""Q0"":""19. ¿Con qué frecuencia intentas conectarte a lo divino espontáneamente cuando te inspiras en situaciones cotidianas?""}","{""Q0"":"" Ocasionalmente""}"
"","872","CRS_20","CRS","survey-multi-choice-vertical","86","90393","0.0-101.0","{""Q0"":""20. ¿Con qué frecuencia experimenta situaciones en las que tiene la sensación de que Dios o algo divino está presente?""}","{""Q0"":"" Rara vez""}"
