"view_history","rt","trialid","procedure","trial_type","trial_index","time_elapsed","internal_node_id","stimulus","response"
"[{""page_index"":0,""viewing_time"":461}]","462","Instructions_01","IRS","instructions","323","354275","0.0-355.0","",""
"","1336","IRS_001","IRS","survey-multi-choice-vertical","324","355618","0.0-356.0","{""Q0"":""Es importante para mí personalmente ser escéptico sobre las afirmaciones que no están respaldadas por evidencia.""}","{""Q0"":"" 5 En alguna medida acuerdo""}"
"","994","IRS_002","IRS","survey-multi-choice-vertical","325","356617","0.0-357.0","{""Q0"":""Es importante para mí personalmente ser racional y sensato incluso en discusiones acaloradas.""}","{""Q0"":"" 1 Completamente en desacuerdo""}"
"","1118","IRS_003","IRS","survey-multi-choice-vertical","326","357742","0.0-358.0","{""Q0"":""Para mí es importante examinar personalmente las creencias tradicionales utilizando la lógica y la evidencia.""}","{""Q0"":"" 2 En desacuerdo""}"
"","990","IRS_004","IRS","survey-multi-choice-vertical","327","358737","0.0-359.0","{""Q0"":""Es importante para mí personalmente que pueda justificar mis creencias utilizando argumentos y pruebas racionales.""}","{""Q0"":"" 2 En desacuerdo""}"
"","971","IRS_005","IRS","survey-multi-choice-vertical","328","359715","0.0-360.0","{""Q0"":""Es importante para mí personalmente examinar críticamente mis creencias arraigadas.""}","{""Q0"":"" 5 En alguna medida acuerdo""}"
"","1077","IRS_006","IRS","survey-multi-choice-vertical","329","360797","0.0-361.0","{""Q0"":""Para mí es importante ser una persona racional.""}","{""Q0"":"" 6 De acuerdo""}"
"[{""page_index"":0,""viewing_time"":353}]","353","Instructions_001","IRS","instructions","330","361150","0.0-362.0","",""
