view_history,rt,trialid,procedure,trial_type,trial_index,time_elapsed,internal_node_id,stimulus,response
"[{""page_index"":0,""viewing_time"":357}]",358,Instructions,PBSr,instructions,385,297185,0.0-424.0,,
,1011,PBSr_001,PBSr,survey-multi-choice-vertical,386,298202,0.0-425.0,"{""Q0"":""El alma sigue existiendo aunque el cuerpo pueda morir.""}","{""Q0"":"" 2 Moderadamente en desacuerdo""}"
,1113,PBSr_002,PBSr,survey-multi-choice-vertical,387,299324,0.0-426.0,"{""Q0"":""Algunos individuos pueden levitar (levantar) objetos a través de fuerzas mentales.""}","{""Q0"":"" 5 Un poco de acuerdo""}"
,1021,PBSr_003,PBSr,survey-multi-choice-vertical,388,300352,0.0-427.0,"{""Q0"":""La magia negra realmente existe.""}","{""Q0"":"" 6 Moderadamente de acuerdo""}"
,1062,PBSr_004,PBSr,survey-multi-choice-vertical,389,301420,0.0-428.0,"{""Q0"":""Los gatos negros traen mala suerte.""}","{""Q0"":"" 7 Muy de acuerdo""}"
,1061,PBSr_005,PBSr,survey-multi-choice-vertical,390,302487,0.0-429.0,"{""Q0"":""Tu mente o alma puede salir del cuerpo y viajar (proyección astral).""}","{""Q0"":"" 6 Moderadamente de acuerdo""}"
,1096,PBSr_006,PBSr,survey-multi-choice-vertical,391,303589,0.0-430.0,"{""Q0"":""El abominable hombre de las nieves, o pie grande del Tíbet, existe.""}","{""Q0"":"" 5 Un poco de acuerdo""}"
,1050,PBSr_007,PBSr,survey-multi-choice-vertical,392,304649,0.0-431.0,"{""Q0"":""La astrología es una forma precisa de predecir el futuro.""}","{""Q0"":"" 7 Muy de acuerdo""}"
,1103,PBSr_008,PBSr,survey-multi-choice-vertical,393,305760,0.0-432.0,"{""Q0"":""Existe el diablo.""}","{""Q0"":"" 7 Muy de acuerdo""}"
,1002,PBSr_009,PBSr,survey-multi-choice-vertical,394,306771,0.0-433.0,"{""Q0"":""La telekinesis, mover objetos a través de poderes psíquicos, existe.""}","{""Q0"":"" 4 No sé / No tengo certeza""}"
,1003,PBSr_010,PBSr,survey-multi-choice-vertical,395,307780,0.0-434.0,"{""Q0"":""Las brujas existen.""}","{""Q0"":"" 5 Un poco de acuerdo""}"
,1018,PBSr_011,PBSr,survey-multi-choice-vertical,396,308807,0.0-435.0,"{""Q0"":""Si quiebras un espejo, tendrás mala suerte.""}","{""Q0"":"" 1 Muy en desacuerdo""}"
,1020,PBSr_012,PBSr,survey-multi-choice-vertical,397,309834,0.0-436.0,"{""Q0"":""Durante estados alterados, como el sueño o los trances, el espíritu puede salir del cuerpo.""}","{""Q0"":"" 5 Un poco de acuerdo""}"
,1011,PBSr_013,PBSr,survey-multi-choice-vertical,398,310851,0.0-437.0,"{""Q0"":""El monstruo del lago Ness en Escocia, existe.""}","{""Q0"":"" 2 Moderadamente en desacuerdo""}"
,1018,PBSr_014,PBSr,survey-multi-choice-vertical,399,311877,0.0-438.0,"{""Q0"":""El horóscopo dice el futuro de las personas de forma precisa.""}","{""Q0"":"" 5 Un poco de acuerdo""}"
,1004,PBSr_015,PBSr,survey-multi-choice-vertical,400,312889,0.0-439.0,"{""Q0"":""Creo en Dios.""}","{""Q0"":"" 7 Muy de acuerdo""}"
,1091,PBSr_016,PBSr,survey-multi-choice-vertical,401,313986,0.0-440.0,"{""Q0"":""Los pensamientos de una persona pueden influir en el movimiento de un objeto físico.""}","{""Q0"":"" 2 Moderadamente en desacuerdo""}"
,987,PBSr_017,PBSr,survey-multi-choice-vertical,402,314981,0.0-441.0,"{""Q0"":""A través del uso de pócimas y conjuros, es posible lanzar hechizos sobre las personas.""}","{""Q0"":"" 5 Un poco de acuerdo""}"
,1213,PBSr_018,PBSr,survey-multi-choice-vertical,403,316204,0.0-442.0,"{""Q0"":""El número “13” es de mala suerte.""}","{""Q0"":"" 2 Moderadamente en desacuerdo""}"
,1099,PBSr_019,PBSr,survey-multi-choice-vertical,404,317311,0.0-443.0,"{""Q0"":""La reencarnación existe.""}","{""Q0"":"" 5 Un poco de acuerdo""}"
,1087,PBSr_020,PBSr,survey-multi-choice-vertical,405,318406,0.0-444.0,"{""Q0"":""Hay vida en otros planetas.""}","{""Q0"":"" 6 Moderadamente de acuerdo""}"
,1147,PBSr_021,PBSr,survey-multi-choice-vertical,406,319559,0.0-445.0,"{""Q0"":""Algunos psíquicos pueden predecir el futuro de forma precisa.""}","{""Q0"":"" 1 Muy en desacuerdo""}"
,1119,PBSr_022,PBSr,survey-multi-choice-vertical,407,320684,0.0-446.0,"{""Q0"":""Existe un Cielo y un Infierno.""}","{""Q0"":"" 1 Muy en desacuerdo""}"
,1088,PBSr_023,PBSr,survey-multi-choice-vertical,408,321780,0.0-447.0,"{""Q0"":""Leer la mente no es posible.""}","{""Q0"":"" 7 Muy de acuerdo""}"
,1100,PBSr_024,PBSr,survey-multi-choice-vertical,409,322887,0.0-448.0,"{""Q0"":""Hay casos reales de brujería.""}","{""Q0"":"" 3 Un poco en desacuerdo""}"
,1069,PBSr_025,PBSr,survey-multi-choice-vertical,410,323963,0.0-449.0,"{""Q0"":""Es posible comunicarse con los muertos.""}","{""Q0"":"" 1 Muy en desacuerdo""}"
,1141,PBSr_026,PBSr,survey-multi-choice-vertical,411,325113,0.0-450.0,"{""Q0"":""Algunas personas tienen la inexplicable habilidad de predecir el futuro.""}","{""Q0"":"" 4 No sé / No tengo certeza""}"
