"view_history","rt","trialid","procedure","trial_type","trial_index","time_elapsed","internal_node_id","stimulus","slider_start","response"
"[{""page_index"":0,""viewing_time"":314}]","315","Instructions_01","REI40","instructions","486","457729","0.0-531.0","","",""
"","436.3999999985099","REI40_01","REI40","html-slider-response","487","458167","0.0-532.0","<div class='justified'>No soy tan bueno/a resolviendo problemas complicados.</div></br>","3","2"
"","460.09999999962747","REI40_02","REI40","html-slider-response","488","458629","0.0-533.0","<div class='justified'>Si me basara en mis corazonadas, me equivocaría seguido.</div></br>","3","3"
"","460.5","REI40_03","REI40","html-slider-response","489","459092","0.0-534.0","<div class='justified'>Prefiero los problemas complejos antes que los simples.</div></br>","3","1"
"","455.09999999962747","REI40_04","REI40","html-slider-response","490","459549","0.0-535.0","<div class='justified'>Generalmente, no dependo de mis sentimientos para tomar decisiones.</div></br>","3","1"
"","470.59999999962747","REI40_05","REI40","html-slider-response","491","460021","0.0-536.0","<div class='justified'>No tengo problema en pensar las cosas con claridad.</div></br>","3","2"
"","455.2000000011176","REI40_06","REI40","html-slider-response","492","460478","0.0-537.0","<div class='justified'>Cuando se trata de confiar en la gente, usualmente me baso en mis corazonadas.</div></br>","3","3"
"","443.5","REI40_07","REI40","html-slider-response","493","460923","0.0-538.0","<div class='justified'>Pensar no es para mi una actividad agradable.</div></br>","3","1"
"","481.30000000074506","REI40_08","REI40","html-slider-response","494","461406","0.0-539.0","<div class='justified'>Me gusta confiar en mis primeras impresiones.</div></br>","3","1"
"","467.7999999988824","REI40_09","REI40","html-slider-response","495","461876","0.0-540.0","<div class='justified'>No soy una persona que piense de manera muy analítica.</div></br>","3","4"
"","451","REI40_10","REI40","html-slider-response","496","462328","0.0-541.0","<div class='justified'>Yo confío en mis corazonadas.</div></br>","3","3"
"","450.5","REI40_11","REI40","html-slider-response","497","462780","0.0-542.0","<div class='justified'>Disfruto resolviendo problemas que requieren pensar mucho.</div></br>","3","5"
"","465.59999999962747","REI40_12","REI40","html-slider-response","498","463248","0.0-543.0","<div class='justified'>Creo que es una tontería tomar decisiones basadas en los sentimientos.</div></br>","3","4"
"","444.2999999988824","REI40_13","REI40","html-slider-response","499","463694","0.0-544.0","<div class='justified'>Sospecho que mis corazonadas a veces son inadecuadas y otras veces adecuadas.</div></br>","3","2"
"","487.30000000074506","REI40_14","REI40","html-slider-response","500","464182","0.0-545.0","<div class='justified'>Usualmente tengo razones claras y explicables para mis decisiones.</div></br>","3","1"
"","474","REI40_15","REI40","html-slider-response","501","464658","0.0-546.0","<div class='justified'>Para mí es suficiente conocer la respuesta sin tener que entender el razonamiento detrás.</div></br>","3","4"
"","462.8999999985099","REI40_16","REI40","html-slider-response","502","465123","0.0-547.0","<div class='justified'>No quisiera depender de alguien que se describa a sí mismo como intuitivo.</div></br>","3","5"
"","473.19999999925494","REI40_17","REI40","html-slider-response","503","465598","0.0-548.0","<div class='justified'>generalmente usar la lógica me sirve para resolver mis problemas.</div></br>","3","1"
"","468","REI40_18","REI40","html-slider-response","504","466068","0.0-549.0","<div class='justified'>Disfruto de los desafíos intelectuales.</div></br>","3","3"
"","446","REI40_19","REI40","html-slider-response","505","466516","0.0-550.0","<div class='justified'>Generalmente, puedo sentir cuando una persona está equivocada o no a pesar de no poder explicar cómo lo sé.</div></br>","3","4"
"","469.1000000014901","REI40_20","REI40","html-slider-response","506","466986","0.0-551.0","<div class='justified'>Frecuentemente sigo mi instinto cuando decido qué hacer.</div></br>","3","1"
"","496.59999999962747","REI40_21","REI40","html-slider-response","507","467485","0.0-552.0","<div class='justified'>Probablemente, mis juicios apresurados no son tan buenos como los de la mayoría de la gente.</div></br>","3","1"
"","460.3999999985099","REI40_22","REI40","html-slider-response","508","467947","0.0-553.0","<div class='justified'>Razonar las cosas cuidadosamente, no es uno de mis puntos fuertes.</div></br>","3","3"
"","459.80000000074506","REI40_23","REI40","html-slider-response","509","468408","0.0-554.0","<div class='justified'>No me gustan las situaciones en las cuales tengo que confiar en mi intuición.</div></br>","3","2"
"","474.59999999962747","REI40_24","REI40","html-slider-response","510","468884","0.0-555.0","<div class='justified'>Trato de evitar situaciones que requieren pensar en profundidad sobre algo.</div></br>","3","1"
"","458.5","REI40_25","REI40","html-slider-response","511","469344","0.0-556.0","<div class='justified'>Confío en mis sentimientos iniciales sobre la gente.</div></br>","3","3"
"","479.09999999962747","REI40_26","REI40","html-slider-response","512","469825","0.0-557.0","<div class='justified'>Pienso de manera lógica.</div></br>","3","4"
"","487.69999999925494","REI40_27","REI40","html-slider-response","513","470314","0.0-558.0","<div class='justified'>Pienso que no es una buena idea confiar en las propias intuiciones para tomar decisiones importantes.</div></br>","3","3"
"","480.2000000011176","REI40_28","REI40","html-slider-response","514","470797","0.0-559.0","<div class='justified'>No me gusta tener que pensar mucho.</div></br>","3","5"
"","459.2999999988824","REI40_29","REI40","html-slider-response","515","471258","0.0-560.0","<div class='justified'>No tengo muy buena intuición.</div></br>","3","4"
"","490","REI40_30","REI40","html-slider-response","516","471750","0.0-561.0","<div class='justified'>No soy muy bueno resolviendo problemas que requieren un análisis lógico minucioso.</div></br>","3","3"
"","480.6000000014901","REI40_31","REI40","html-slider-response","517","472233","0.0-562.0","<div class='justified'>Creo que hay veces en que uno debería confiar en su intuición.</div></br>","3","3"
"","512","REI40_32","REI40","html-slider-response","518","472746","0.0-563.0","<div class='justified'>Disfruto pensando en términos abstractos.</div></br>","3","1"
"","458.69999999925494","REI40_33","REI40","html-slider-response","519","473207","0.0-564.0","<div class='justified'>Generalmente mis intuiciones me sirven para resolver mis problemas.</div></br>","3","1"
"","463.3999999985099","REI40_34","REI40","html-slider-response","520","473672","0.0-565.0","<div class='justified'>No razono bajo presión.</div></br>","3","2"
"","414.5","REI40_35","REI40","html-slider-response","521","474088","0.0-566.0","<div class='justified'>Tiendo a usar mi corazón como guía para mis acciones.</div></br>","3","5"
"","509.6000000014901","REI40_36","REI40","html-slider-response","522","474600","0.0-567.0","<div class='justified'>Pensar mucho y por un tiempo prolongado sobre algo me da poca satisfacción.</div></br>","3","3"
"","454.40000000037253","REI40_37","REI40","html-slider-response","523","475056","0.0-568.0","<div class='justified'>Casi nunca me equivoco cuando escucho mis sentimientos más profundos para encontrar una respuesta.</div></br>","3","3"
"","443.09999999962747","REI40_38","REI40","html-slider-response","524","475501","0.0-569.0","<div class='justified'>Soy mucho mejor que la mayoría de la gente para resolver las cosas de forma lógica.</div></br>","3","2"
"","518.3000000007451","REI40_39","REI40","html-slider-response","525","476021","0.0-570.0","<div class='justified'>La intuición puede ser una forma útil para resolver problemas.</div></br>","3","3"
"","457.69999999925494","REI40_40","REI40","html-slider-response","526","476481","0.0-571.0","<div class='justified'>Me gustaría mucho aprender nuevas formas de pensar.</div></br>","3","2"
