"view_history","rt","trialid","procedure","trial_type","trial_index","time_elapsed","internal_node_id","stimulus","button_pressed"
"[{""page_index"":0,""viewing_time"":356},{""page_index"":1,""viewing_time"":512},{""page_index"":2,""viewing_time"":390}]","1258","Instructions_05","INFCONS","instructions","873","600916","0.0-859.0","",""
"","386","INFCONS_23","INFCONS","html-button-response","874","601304","0.0-860.0","<p><u><p><u>Riesgos para el <B>bebé</B></u></p><BR></u></p><p><b>Problemas respiratorios del recién nacido</b></p><BR><BR>","0"
"","357.7999999988824","INFCONS_24","INFCONS","html-button-response","875","601664","0.0-861.0","<p><u><p><u>Riesgos para el <B>bebé</B></u></p><BR></u></p><p><b>Lesión en el cerebro del bebe por falta de oxígeno</b></p><BR><BR>","0"
"","326","INFCONS_25","INFCONS","html-button-response","876","601993","0.0-862.0","<p><u><p><u>Riesgos para el <B>bebé</B></u></p><BR></u></p><p><b>Hospitalización en cuidados intensivos neonatales</b></p><BR><BR>","0"
"","347.7999999988824","INFCONS_26","INFCONS","html-button-response","877","602342","0.0-863.0","<p><u><p><u>Riesgos para el <B>bebé</B></u></p><BR></u></p><p><b>Dificultades para inicio temprano de lactancia materna</b></p><BR><BR>","0"
"[{""page_index"":0,""viewing_time"":326}]","326","Instructions_06","INFCONS","instructions","878","602669","0.0-864.0","",""
"","352.2999999988824","INFCONS_27","INFCONS","html-button-response","879","603023","0.0-865.0","<p><u><p><u>Riesgos para la <B>madre</B></u></p><BR></u></p><p><b>Complicaciones de la anestesia</b></p><BR><BR>","0"
"","345.7999999988824","INFCONS_28","INFCONS","html-button-response","880","603371","0.0-866.0","<p><u><p><u>Riesgos para la <B>madre</B></u></p><BR></u></p><p><b>Paro cardíaco</b></p><BR><BR>","0"
"","348.90000000037253","INFCONS_29","INFCONS","html-button-response","881","603722","0.0-867.0","<p><u><p><u>Riesgos para la <B>madre</B></u></p><BR></u></p><p><b>Histerectomía (extracción del útero)</b></p><BR><BR>","0"
"","386","INFCONS_30","INFCONS","html-button-response","882","604110","0.0-868.0","<p><u><p><u>Riesgos para la <B>madre</B></u></p><BR></u></p><p><b>Infección de la herida</b></p><BR><BR>","0"
"","376.19999999925494","INFCONS_31","INFCONS","html-button-response","883","604488","0.0-869.0","<p><u><p><u>Riesgos para la <B>madre</B></u></p><BR></u></p><p><b>Lesión de la vagina</b></p><BR><BR>","0"
"","369.30000000074506","INFCONS_32","INFCONS","html-button-response","884","604859","0.0-870.0","<p><u><p><u>Riesgos para la <B>madre</B></u></p><BR></u></p><p><b>Hospitalización de la madre en cuidados intensivos</b></p><BR><BR>","0"
"","376.59999999962747","INFCONS_33","INFCONS","html-button-response","885","605237","0.0-871.0","<p><u><p><u>Riesgos para la <B>madre</B></u></p><BR></u></p><p><b>Depresión post parto</b></p><BR><BR>","0"
