"view_history","rt","trialid","procedure","trial_type","trial_index","time_elapsed","internal_node_id","stimulus","response"
"[{""page_index"":0,""viewing_time"":382}]","382","Instructions_01","bRCOPE","instructions","15","24157","0.0-26.0","",""
"","966","bRCOPE_01","bRCOPE","survey-multi-choice-horizontal","16","25127","0.0-27.0","{""Q0"":""1. Supongo que mi Iglesia por momentos me abandona.""}","{""Q0"":""Casi\n Nunca""}"
"","984","bRCOPE_02","bRCOPE","survey-multi-choice-horizontal","17","26113","0.0-28.0","{""Q0"":""2. Trato de comprender que Dios me fortalece a través de ciertas situaciones.""}","{""Q0"":""Casi\n Nunca""}"
"","993","bRCOPE_03","bRCOPE","survey-multi-choice-horizontal","18","27108","0.0-29.0","{""Q0"":""3. Pongo en entredicho el poder de Dios.""}","{""Q0"":""Siempre""}"
"","948","bRCOPE_04","bRCOPE","survey-multi-choice-horizontal","19","28061","0.0-30.0","{""Q0"":""4. Junto con Dios, intento llevar a cabo mis planes.""}","{""Q0"":""A veces""}"
"","983","bRCOPE_05","bRCOPE","survey-multi-choice-horizontal","20","29045","0.0-31.0","{""Q0"":""5. Busco la ayuda de Dios, para olvidar mi enojo.""}","{""Q0"":""Nunca""}"
"","1004","bRCOPE_06","bRCOPE","survey-multi-choice-horizontal","21","30053","0.0-32.0","{""Q0"":""6. Busco el amor y el cuidado de Dios.""}","{""Q0"":""Nunca""}"
"","976","bRCOPE_07","bRCOPE","survey-multi-choice-horizontal","22","31033","0.0-33.0","{""Q0"":""7. Pido perdón por mis pecados.""}","{""Q0"":""Siempre""}"
"","941","bRCOPE_08","bRCOPE","survey-multi-choice-horizontal","23","31978","0.0-34.0","{""Q0"":""8. Me siento castigado por Dios por mi falta de devoción.""}","{""Q0"":""A veces""}"
"","917","bRCOPE_09","bRCOPE","survey-multi-choice-horizontal","24","32898","0.0-35.0","{""Q0"":""9. Pongo en duda el amor que Dios siente por mí.""}","{""Q0"":""Siempre""}"
"","1027","bRCOPE_10","bRCOPE","survey-multi-choice-horizontal","25","33927","0.0-36.0","{""Q0"":""10. Me enfoco en mi religión para dejar de preocuparme por mis problemas.""}","{""Q0"":""Casi\n Siempre""}"
"","973","bRCOPE_11","bRCOPE","survey-multi-choice-horizontal","26","34904","0.0-37.0","{""Q0"":""11. Me pregunto qué pude haber hecho para que Dios me castigue de esa manera.""}","{""Q0"":""Siempre""}"
"","902","bRCOPE_12","bRCOPE","survey-multi-choice-horizontal","27","35807","0.0-38.0","{""Q0"":""12. Me he preguntado si Dios me ha abandonado.""}","{""Q0"":""Nunca""}"
"","961","bRCOPE_13","bRCOPE","survey-multi-choice-horizontal","28","36772","0.0-39.0","{""Q0"":""13. Me siento convencido que el demonio hace que las cosas pasen.""}","{""Q0"":""Siempre""}"
"","999","bRCOPE_14","bRCOPE","survey-multi-choice-horizontal","29","37774","0.0-40.0","{""Q0"":""14. Busco la cercanía de Dios.""}","{""Q0"":""Casi\n Nunca""}"
