"view_history","rt","trialid","procedure","trial_type","trial_index","time_elapsed","internal_node_id","stimulus","response","slider_start","question_order"
"[{""page_index"":0,""viewing_time"":332}]","332","Instructions_01","PRFBM","instructions","828","571449","0.0-833.0","","","",""
"","592","PRFBM_01","PRFBM","survey-multi-choice-vertical","829","572045","0.0-834.0","{""Q0"":""Imagina que estas embarazada, cerca de la fecha de parto, en buen estado de salud y tu bebé se desarrolla normalmente. Si pudieras elegir la modalidad de parto, preferirías que fuera:""}","{""Q0"":"" Parto vaginal (extracción del bebé por el canal vaginal en forma espontánea, con o sin intervenciones como anestesia)""}","",""
"","446.5","PRFBM_02","PRFBM","html-slider-response","830","572495","0.0-835.0-0.0","<div class=""justified"">¿Cuán fuerte es tu preferencia por el parto vaginal?</div></br>","33","50",""
"[{""page_index"":0,""viewing_time"":331}]","331","Instructions_02","PRFBM","instructions","831","572827","0.0-837.0","","","",""
"","1560.800000000745","PRFBM_04","PRFBM","survey-multi-choice","832","574392","0.0-838.0","","{""daño"":""Parcialmente en desacuerdo"",""beneficio"":""Muy en desacuerdo""}","","[1,0]"
"","1425.300000000745","PRFBM_05","PRFBM","survey-multi-choice","833","575822","0.0-839.0","","{""daño"":""En desacuerdo"",""beneficio"":""De acuerdo""}","","[1,0]"
"","1414","PRFBM_06","PRFBM","survey-multi-choice","834","577241","0.0-840.0","","{""daño"":""Muy en desacuerdo"",""beneficio"":""De acuerdo""}","","[0,1]"
"","1381.5999999996275","PRFBM_07","PRFBM","survey-multi-choice","835","578627","0.0-841.0","","{""daño"":""En desacuerdo"",""beneficio"":""Muy de acuerdo""}","","[0,1]"
