"view_history","rt","trialid","procedure","trial_type","trial_index","time_elapsed","internal_node_id","stimulus","response"
"[{""page_index"":0,""viewing_time"":334}]","334","Instructions_01","STAI","instructions","679","481238","0.0-738.0","",""
"","804","STAI_01","STAI","survey-multi-choice-horizontal","680","482048","0.0-739.0","{""Q0"":""1. Me siento calmado.""}","{""Q0"":""NADA""}"
"","817","STAI_02","STAI","survey-multi-choice-horizontal","681","482869","0.0-740.0","{""Q0"":""2. Me siento seguro.""}","{""Q0"":""UN POCO""}"
"","814","STAI_03","STAI","survey-multi-choice-horizontal","682","483689","0.0-741.0","{""Q0"":""3. Estoy tenso.""}","{""Q0"":""UN POCO""}"
"","738","STAI_04","STAI","survey-multi-choice-horizontal","683","484433","0.0-742.0","{""Q0"":""4. Me siento disgustado.""}","{""Q0"":""NADA""}"
"","765","STAI_05","STAI","survey-multi-choice-horizontal","684","485204","0.0-743.0","{""Q0"":""5. Me siento a “mis anchas”.""}","{""Q0"":""UN POCO""}"
"","736","STAI_06","STAI","survey-multi-choice-horizontal","685","485946","0.0-744.0","{""Q0"":""6. Me siento alterado.""}","{""Q0"":""BASTANTE""}"
"","764","STAI_07","STAI","survey-multi-choice-horizontal","686","486716","0.0-745.0","{""Q0"":""7. En este momento estoy preocupado por algún posible problema.""}","{""Q0"":""UN POCO""}"
"","776","STAI_08","STAI","survey-multi-choice-horizontal","687","487499","0.0-746.0","{""Q0"":""8. Me siento satisfecho.""}","{""Q0"":""NADA""}"
"","706","STAI_09","STAI","survey-multi-choice-horizontal","688","488210","0.0-747.0","{""Q0"":""9. Me siento asustado.""}","{""Q0"":""BASTANTE""}"
"","805","STAI_10","STAI","survey-multi-choice-horizontal","689","489019","0.0-748.0","{""Q0"":""10. Me siento cómodo.""}","{""Q0"":""BASTANTE""}"
"","708","STAI_11","STAI","survey-multi-choice-horizontal","690","489733","0.0-749.0","{""Q0"":""11. Tengo confianza en mí mismo.""}","{""Q0"":""MUCHO""}"
"","963","STAI_12","STAI","survey-multi-choice-horizontal","691","490700","0.0-750.0","{""Q0"":""12. Me siento nervioso.""}","{""Q0"":""NADA""}"
"","783","STAI_13","STAI","survey-multi-choice-horizontal","692","491490","0.0-751.0","{""Q0"":""13. Me siento agitado.""}","{""Q0"":""NADA""}"
"","721","STAI_14","STAI","survey-multi-choice-horizontal","693","492218","0.0-752.0","{""Q0"":""14. Me siento indeciso.""}","{""Q0"":""NADA""}"
"","700","STAI_15","STAI","survey-multi-choice-horizontal","694","492925","0.0-753.0","{""Q0"":""15. Me siento tranquilo.""}","{""Q0"":""UN POCO""}"
"","693","STAI_16","STAI","survey-multi-choice-horizontal","695","493624","0.0-754.0","{""Q0"":""16. Me siento “a gusto”.""}","{""Q0"":""NADA""}"
"","735","STAI_17","STAI","survey-multi-choice-horizontal","696","494365","0.0-755.0","{""Q0"":""17. Estoy preocupado.""}","{""Q0"":""BASTANTE""}"
"","750","STAI_18","STAI","survey-multi-choice-horizontal","697","495121","0.0-756.0","{""Q0"":""18. Me siento aturdido.""}","{""Q0"":""UN POCO""}"
"","767","STAI_19","STAI","survey-multi-choice-horizontal","698","495895","0.0-757.0","{""Q0"":""19. Me siento equilibrado.""}","{""Q0"":""NADA""}"
"","756","STAI_20","STAI","survey-multi-choice-horizontal","699","496657","0.0-758.0","{""Q0"":""20. Me siento bien.""}","{""Q0"":""UN POCO""}"
"","727","STAI_21","STAI","survey-multi-choice-horizontal","700","497391","0.0-759.0","{""Q0"":""21. Me siento bien.""}","{""Q0"":""NADA""}"
"","750","STAI_22","STAI","survey-multi-choice-horizontal","701","498147","0.0-760.0","{""Q0"":""22. Me siento nervioso.""}","{""Q0"":""UN POCO""}"
"","713","STAI_23","STAI","survey-multi-choice-horizontal","702","498866","0.0-761.0","{""Q0"":""23. Me siento “a gusto” conmigo mismo.""}","{""Q0"":""NADA""}"
"","777","STAI_24","STAI","survey-multi-choice-horizontal","703","499651","0.0-762.0","{""Q0"":""24. Quisiera ser tan feliz como otros parecen serlo.""}","{""Q0"":""NADA""}"
"","789","STAI_25","STAI","survey-multi-choice-horizontal","704","500448","0.0-763.0","{""Q0"":""25. Siento que fallo.""}","{""Q0"":""MUCHO""}"
"","812","STAI_26","STAI","survey-multi-choice-horizontal","705","501265","0.0-764.0","{""Q0"":""26. Me siento descansado.""}","{""Q0"":""MUCHO""}"
"","699","STAI_27","STAI","survey-multi-choice-horizontal","706","501972","0.0-765.0","{""Q0"":""27. Soy una persona tranquila, serena y calmada.""}","{""Q0"":""NADA""}"
"","734","STAI_28","STAI","survey-multi-choice-horizontal","707","502715","0.0-766.0","{""Q0"":""28. Siento que las dificultades se me amontonan y no las puedo superar.""}","{""Q0"":""MUCHO""}"
"","702","STAI_29","STAI","survey-multi-choice-horizontal","708","503421","0.0-767.0","{""Q0"":""29. Me preocupo demasiado por cosas sin importancia.""}","{""Q0"":""NADA""}"
"","768","STAI_30","STAI","survey-multi-choice-horizontal","709","504196","0.0-768.0","{""Q0"":""30. Soy feliz.""}","{""Q0"":""NADA""}"
"","772","STAI_31","STAI","survey-multi-choice-horizontal","710","504973","0.0-769.0","{""Q0"":""31. Tengo malos pensamientos.""}","{""Q0"":""UN POCO""}"
"","855","STAI_32","STAI","survey-multi-choice-horizontal","711","505834","0.0-770.0","{""Q0"":""32. Me falta confianza en mí mismo.""}","{""Q0"":""BASTANTE""}"
"","734","STAI_33","STAI","survey-multi-choice-horizontal","712","506575","0.0-771.0","{""Q0"":""33. Me siento seguro.""}","{""Q0"":""NADA""}"
"","768","STAI_34","STAI","survey-multi-choice-horizontal","713","507351","0.0-772.0","{""Q0"":""34. Puedo decidirme rápidamente.""}","{""Q0"":""BASTANTE""}"
"","706","STAI_35","STAI","survey-multi-choice-horizontal","714","508062","0.0-773.0","{""Q0"":""35. Me siento “fuera de lugar”.""}","{""Q0"":""MUCHO""}"
"","725","STAI_36","STAI","survey-multi-choice-horizontal","715","508794","0.0-774.0","{""Q0"":""36. Me siento satisfecho.""}","{""Q0"":""BASTANTE""}"
"","728","STAI_37","STAI","survey-multi-choice-horizontal","716","509528","0.0-775.0","{""Q0"":""37. Algunas ideas poco importantes ocupan mi cabeza y me molestan.""}","{""Q0"":""BASTANTE""}"
"","721","STAI_38","STAI","survey-multi-choice-horizontal","717","510255","0.0-776.0","{""Q0"":""38. Los desengaños me afectan tanto que no me los puedo sacar de la cabeza.""}","{""Q0"":""UN POCO""}"
"","767","STAI_39","STAI","survey-multi-choice-horizontal","718","511029","0.0-777.0","{""Q0"":""39. Soy una persona estable.""}","{""Q0"":""MUCHO""}"
"","758","STAI_40","STAI","survey-multi-choice-horizontal","719","511791","0.0-778.0","{""Q0"":""40. Cuando pienso en las cosas que tengo entre manos me pongo nervioso y tenso.""}","{""Q0"":""UN POCO""}"
