"view_history","rt","trialid","procedure","trial_type","trial_index","time_elapsed","internal_node_id","stimulus","button_pressed"
"[{""page_index"":0,""viewing_time"":348},{""page_index"":1,""viewing_time"":538},{""page_index"":2,""viewing_time"":376}]","1262","Instructions_05","INFCONS","instructions","875","592607","0.0-859.0","",""
"","392.19999999925494","INFCONS_23","INFCONS","html-button-response","876","593002","0.0-860.0","<p><u><p><u>Riesgos para el <B>bebé</B></u></p><BR></u></p><p><b>Problemas respiratorios del recién nacido</b></p><BR><BR>","0"
"","358.59999999962747","INFCONS_24","INFCONS","html-button-response","877","593363","0.0-861.0","<p><u><p><u>Riesgos para el <B>bebé</B></u></p><BR></u></p><p><b>Lesión en el cerebro del bebe por falta de oxígeno</b></p><BR><BR>","0"
"","340.7999999988824","INFCONS_25","INFCONS","html-button-response","878","593706","0.0-862.0","<p><u><p><u>Riesgos para el <B>bebé</B></u></p><BR></u></p><p><b>Hospitalización en cuidados intensivos neonatales</b></p><BR><BR>","0"
"","340.30000000074506","INFCONS_26","INFCONS","html-button-response","879","594048","0.0-863.0","<p><u><p><u>Riesgos para el <B>bebé</B></u></p><BR></u></p><p><b>Dificultades para inicio temprano de lactancia materna</b></p><BR><BR>","0"
"[{""page_index"":0,""viewing_time"":300}]","300","Instructions_06","INFCONS","instructions","880","594349","0.0-864.0","",""
"","371.2999999988824","INFCONS_27","INFCONS","html-button-response","881","594722","0.0-865.0","<p><u><p><u>Riesgos para la <B>madre</B></u></p><BR></u></p><p><b>Complicaciones de la anestesia</b></p><BR><BR>","0"
"","398.6000000014901","INFCONS_28","INFCONS","html-button-response","882","595123","0.0-866.0","<p><u><p><u>Riesgos para la <B>madre</B></u></p><BR></u></p><p><b>Paro cardíaco</b></p><BR><BR>","0"
"","363","INFCONS_29","INFCONS","html-button-response","883","595487","0.0-867.0","<p><u><p><u>Riesgos para la <B>madre</B></u></p><BR></u></p><p><b>Histerectomía (extracción del útero)</b></p><BR><BR>","0"
"","354.90000000037253","INFCONS_30","INFCONS","html-button-response","884","595844","0.0-868.0","<p><u><p><u>Riesgos para la <B>madre</B></u></p><BR></u></p><p><b>Infección de la herida</b></p><BR><BR>","0"
"","426.90000000037253","INFCONS_31","INFCONS","html-button-response","885","596273","0.0-869.0","<p><u><p><u>Riesgos para la <B>madre</B></u></p><BR></u></p><p><b>Lesión de la vagina</b></p><BR><BR>","0"
"","384.2000000011176","INFCONS_32","INFCONS","html-button-response","886","596660","0.0-870.0","<p><u><p><u>Riesgos para la <B>madre</B></u></p><BR></u></p><p><b>Hospitalización de la madre en cuidados intensivos</b></p><BR><BR>","0"
"","333.80000000074506","INFCONS_33","INFCONS","html-button-response","887","596995","0.0-871.0","<p><u><p><u>Riesgos para la <B>madre</B></u></p><BR></u></p><p><b>Depresión post parto</b></p><BR><BR>","0"
