"success","procedure","trial_type","trial_index","time_elapsed","internal_node_id","trialid","rt","stimulus","response"
"true","BART","fullscreen","1","327","0.0-1.0-0.0","","","",""
"","BART","audio-button-response","2","11910","0.0-2.0","BART_01","","{""explodeRounds"":128}","{""status"":""safe"",""rounds"":10,""roundMoney"":500,""totalMoney"":500}"
"","BART","audio-button-response","3","13604","0.0-3.0","BART_02","","{""explodeRounds"":122}","{""status"":""safe"",""rounds"":1,""roundMoney"":50,""totalMoney"":550}"
"","BART","audio-button-response","4","19404","0.0-4.0","BART_03","","{""explodeRounds"":118}","{""status"":""safe"",""rounds"":6,""roundMoney"":300,""totalMoney"":850}"
"","BART","audio-button-response","5","23549","0.0-5.0","BART_04","","{""explodeRounds"":114}","{""status"":""safe"",""rounds"":4,""roundMoney"":200,""totalMoney"":1050}"
"","BART","audio-button-response","6","24350","0.0-6.0","BART_05","","{""explodeRounds"":109}","{""status"":""safe"",""rounds"":0,""roundMoney"":0,""totalMoney"":1050}"
"","BART","audio-button-response","7","28653","0.0-7.0","BART_06","","{""explodeRounds"":105}","{""status"":""safe"",""rounds"":4,""roundMoney"":200,""totalMoney"":1250}"
"","BART","audio-button-response","8","40996","0.0-8.0","BART_07","","{""explodeRounds"":101}","{""status"":""safe"",""rounds"":15,""roundMoney"":750,""totalMoney"":2000}"
"","BART","audio-button-response","9","43301","0.0-9.0","BART_08","","{""explodeRounds"":96}","{""status"":""safe"",""rounds"":2,""roundMoney"":100,""totalMoney"":2100}"
"","BART","audio-button-response","10","44863","0.0-10.0","BART_09","","{""explodeRounds"":92}","{""status"":""safe"",""rounds"":1,""roundMoney"":50,""totalMoney"":2150}"
"","BART","audio-button-response","11","47202","0.0-11.0","BART_10","","{""explodeRounds"":88}","{""status"":""safe"",""rounds"":2,""roundMoney"":100,""totalMoney"":2250}"
"","BART","audio-button-response","12","51886","0.0-12.0","BART_11","","{""explodeRounds"":83}","{""status"":""safe"",""rounds"":5,""roundMoney"":250,""totalMoney"":2500}"
"","BART","audio-button-response","13","57474","0.0-13.0","BART_12","","{""explodeRounds"":79}","{""status"":""safe"",""rounds"":6,""roundMoney"":300,""totalMoney"":2800}"
"","BART","audio-button-response","14","58266","0.0-14.0","BART_13","","{""explodeRounds"":75}","{""status"":""safe"",""rounds"":0,""roundMoney"":0,""totalMoney"":2800}"
"","BART","audio-button-response","15","60602","0.0-15.0","BART_14","","{""explodeRounds"":70}","{""status"":""safe"",""rounds"":2,""roundMoney"":100,""totalMoney"":2900}"
"","BART","audio-button-response","16","62141","0.0-16.0","BART_15","","{""explodeRounds"":66}","{""status"":""safe"",""rounds"":1,""roundMoney"":50,""totalMoney"":2950}"
"","BART","audio-button-response","17","64574","0.0-17.0","BART_16","","{""explodeRounds"":62}","{""status"":""safe"",""rounds"":2,""roundMoney"":100,""totalMoney"":3050}"
"","BART","audio-button-response","18","65357","0.0-18.0","BART_17","","{""explodeRounds"":57}","{""status"":""safe"",""rounds"":0,""roundMoney"":0,""totalMoney"":3050}"
"","BART","audio-button-response","19","70163","0.0-19.0","BART_18","","{""explodeRounds"":53}","{""status"":""safe"",""rounds"":5,""roundMoney"":250,""totalMoney"":3300}"
"","BART","audio-button-response","20","73225","0.0-20.0","BART_19","","{""explodeRounds"":49}","{""status"":""safe"",""rounds"":3,""roundMoney"":150,""totalMoney"":3450}"
"","BART","audio-button-response","21","74824","0.0-21.0","BART_20","","{""explodeRounds"":44}","{""status"":""safe"",""rounds"":1,""roundMoney"":50,""totalMoney"":3500}"
"","BART","audio-button-response","22","78581","0.0-22.0","BART_21","","{""explodeRounds"":40}","{""status"":""safe"",""rounds"":4,""roundMoney"":200,""totalMoney"":3700}"
"","BART","audio-button-response","23","79312","0.0-23.0","BART_22","","{""explodeRounds"":36}","{""status"":""safe"",""rounds"":0,""roundMoney"":0,""totalMoney"":3700}"
"","BART","audio-button-response","24","80065","0.0-24.0","BART_23","","{""explodeRounds"":31}","{""status"":""safe"",""rounds"":0,""roundMoney"":0,""totalMoney"":3700}"
"","BART","audio-button-response","25","82976","0.0-25.0","BART_24","","{""explodeRounds"":27}","{""status"":""safe"",""rounds"":3,""roundMoney"":150,""totalMoney"":3850}"
"","BART","audio-button-response","26","90430","0.0-26.0","BART_25","","{""explodeRounds"":23}","{""status"":""safe"",""rounds"":9,""roundMoney"":450,""totalMoney"":4300}"
"","BART","audio-button-response","27","95008","0.0-27.0","BART_26","","{""explodeRounds"":18}","{""status"":""safe"",""rounds"":5,""roundMoney"":250,""totalMoney"":4550}"
"","BART","audio-button-response","28","96016","0.0-28.0","BART_27","","{""explodeRounds"":14}","{""status"":""safe"",""rounds"":0,""roundMoney"":0,""totalMoney"":4550}"
"","BART","audio-button-response","29","103385","0.0-29.0","BART_28","","{""explodeRounds"":10}","{""status"":""safe"",""rounds"":9,""roundMoney"":450,""totalMoney"":5000}"
"","BART","audio-button-response","30","104115","0.0-30.0","BART_29","","{""explodeRounds"":5}","{""status"":""safe"",""rounds"":0,""roundMoney"":0,""totalMoney"":5000}"
"","BART","audio-button-response","31","104853","0.0-31.0","BART_30","","{""explodeRounds"":1}","{""status"":""explode"",""rounds"":1,""roundMoney"":0,""totalMoney"":5000}"
