"view_history","rt","trialid","procedure","trial_type","trial_index","time_elapsed","internal_node_id","stimulus","button_pressed","condition_within","slider_start","response"
"[{""page_index"":0,""viewing_time"":331},{""page_index"":1,""viewing_time"":321}]","652","Instructions_01","HRPVBpost","instructions","792","647920","0.0-826.0","","","","",""
"[{""page_index"":0,""viewing_time"":349}]","350","Instructions_02","HRPVBpost","instructions","793","648271","0.0-827.0","","","","",""
"","306.59999999962747","HRPVBpost_04_00","HRPVBpost","html-button-response","794","648580","0.0-828.0-0.0","Dificultades para inicio temprano de lactancia materna","0","Dificultades para inicio temprano de lactancia materna","",""
"","502.90000000037253","HRPVBpost_04_02","HRPVBpost","html-slider-response","795","649085","0.0-828.0-1.0","vaginal","","Dificultades para inicio temprano de lactancia materna; vaginal","50","50.8"
"","513.8999999985099","HRPVBpost_04_01","HRPVBpost","html-slider-response","796","649601","0.0-828.0-2.0","cesarea","","Dificultades para inicio temprano de lactancia materna; cesarea","50","54.6"
"","300.5","HRPVBpost_03_00","HRPVBpost","html-button-response","797","649903","0.0-828.0-0.1","Hospitalización en cuidados intensivos neonatales","0","Hospitalización en cuidados intensivos neonatales","",""
"","474.2000000011176","HRPVBpost_03_02","HRPVBpost","html-slider-response","798","650379","0.0-828.0-1.1","vaginal","","Hospitalización en cuidados intensivos neonatales; vaginal","50","50.3"
"","882.5999999996275","HRPVBpost_03_01","HRPVBpost","html-slider-response","799","651264","0.0-828.0-2.1","cesarea","","Hospitalización en cuidados intensivos neonatales; cesarea","50","51.2"
"","316.59999999962747","HRPVBpost_01_00","HRPVBpost","html-button-response","800","651582","0.0-828.0-0.2","Problemas respiratorios del recién nacido","0","Problemas respiratorios del recién nacido","",""
"","570.1000000014901","HRPVBpost_01_01","HRPVBpost","html-slider-response","801","652154","0.0-828.0-1.2","cesarea","","Problemas respiratorios del recién nacido; cesarea","50","45.8"
"","509.5","HRPVBpost_01_02","HRPVBpost","html-slider-response","802","652665","0.0-828.0-2.2","vaginal","","Problemas respiratorios del recién nacido; vaginal","50","47.7"
"","327.2999999988824","HRPVBpost_02_00","HRPVBpost","html-button-response","803","652994","0.0-828.0-0.3","Lesión en el cerebro del bebe por falta de oxígeno","0","Lesión en el cerebro del bebe por falta de oxígeno","",""
"","534.5","HRPVBpost_02_02","HRPVBpost","html-slider-response","804","653532","0.0-828.0-1.3","vaginal","","Lesión en el cerebro del bebe por falta de oxígeno; vaginal","50","54.2"
"","496.90000000037253","HRPVBpost_02_01","HRPVBpost","html-slider-response","805","654031","0.0-828.0-2.3","cesarea","","Lesión en el cerebro del bebe por falta de oxígeno; cesarea","50","47.7"
"[{""page_index"":0,""viewing_time"":307}]","307","Instructions_02","HRPVBpost","instructions","806","654340","0.0-829.0","","","","",""
"","290.2999999988824","HRPVBpost_11_00","HRPVBpost","html-button-response","807","654633","0.0-830.0-0.0","Depresión post parto","0","Depresión post parto","",""
"","468.40000000037253","HRPVBpost_11_01","HRPVBpost","html-slider-response","808","655103","0.0-830.0-1.0","cesarea","","Depresión post parto; cesarea","50","50.8"
"","480.69999999925494","HRPVBpost_11_02","HRPVBpost","html-slider-response","809","655586","0.0-830.0-2.0","vaginal","","Depresión post parto; vaginal","50","54.6"
"","281.3999999985099","HRPVBpost_06_00","HRPVBpost","html-button-response","810","655868","0.0-830.0-0.1","Paro cardíaco","0","Paro cardíaco","",""
"","487.5","HRPVBpost_06_01","HRPVBpost","html-slider-response","811","656358","0.0-830.0-1.1","cesarea","","Paro cardíaco; cesarea","50","50.3"
"","490.3999999985099","HRPVBpost_06_02","HRPVBpost","html-slider-response","812","656851","0.0-830.0-2.1","vaginal","","Paro cardíaco; vaginal","50","51.2"
"","318.59999999962747","HRPVBpost_09_00","HRPVBpost","html-button-response","813","657171","0.0-830.0-0.2","Lesión de la vagina","0","Lesión de la vagina","",""
"","578.2999999988824","HRPVBpost_09_02","HRPVBpost","html-slider-response","814","657751","0.0-830.0-1.2","vaginal","","Lesión de la vagina; vaginal","50","45.8"
"","490.30000000074506","HRPVBpost_09_01","HRPVBpost","html-slider-response","815","658244","0.0-830.0-2.2","cesarea","","Lesión de la vagina; cesarea","50","47.7"
"","335.59999999962747","HRPVBpost_08_00","HRPVBpost","html-button-response","816","658581","0.0-830.0-0.3","Infección de la herida","0","Infección de la herida","",""
"","477.09999999962747","HRPVBpost_08_02","HRPVBpost","html-slider-response","817","659060","0.0-830.0-1.3","vaginal","","Infección de la herida; vaginal","50","54.2"
"","464.5","HRPVBpost_08_01","HRPVBpost","html-slider-response","818","659526","0.0-830.0-2.3","cesarea","","Infección de la herida; cesarea","50","47.7"
"","278.2999999988824","HRPVBpost_10_00","HRPVBpost","html-button-response","819","659806","0.0-830.0-0.4","Hospitalización de la madre en cuidados intensivos","0","Hospitalización de la madre en cuidados intensivos","",""
"","525.8000000007451","HRPVBpost_10_01","HRPVBpost","html-slider-response","820","660334","0.0-830.0-1.4","cesarea","","Hospitalización de la madre en cuidados intensivos; cesarea","50","48.1"
"","476.30000000074506","HRPVBpost_10_02","HRPVBpost","html-slider-response","821","660812","0.0-830.0-2.4","vaginal","","Hospitalización de la madre en cuidados intensivos; vaginal","50","49.3"
"","324.7000000011176","HRPVBpost_05_00","HRPVBpost","html-button-response","822","661138","0.0-830.0-0.5","Complicaciones de la anestesia","0","Complicaciones de la anestesia","",""
"","455.2999999988824","HRPVBpost_05_02","HRPVBpost","html-slider-response","823","661596","0.0-830.0-1.5","vaginal","","Complicaciones de la anestesia; vaginal","50","49.8"
"","487.7999999988824","HRPVBpost_05_01","HRPVBpost","html-slider-response","824","662086","0.0-830.0-2.5","cesarea","","Complicaciones de la anestesia; cesarea","50","51.9"
"","299.7000000011176","HRPVBpost_07_00","HRPVBpost","html-button-response","825","662387","0.0-830.0-0.6","Histerectomía (extracción del útero)","0","Histerectomía (extracción del útero)","",""
"","495.2000000011176","HRPVBpost_07_01","HRPVBpost","html-slider-response","826","662885","0.0-830.0-1.6","cesarea","","Histerectomía (extracción del útero); cesarea","50","48.2"
"","492.69999999925494","HRPVBpost_07_02","HRPVBpost","html-slider-response","827","663380","0.0-830.0-2.6","vaginal","","Histerectomía (extracción del útero); vaginal","50","51.9"
