"view_history","rt","trialid","procedure","trial_type","trial_index","time_elapsed","internal_node_id","stimulus","slider_start","response"
"[{""page_index"":0,""viewing_time"":348}]","349","Instructions_01","SWBQ","instructions","719","612692","0.0-781.0","","",""
"","576.0999999996275","SWBQ_01","SWBQ","html-slider-response","720","613270","0.0-782.0","<div class='justified'>1. Siento amor por otras personas.</div></br>","3","2"
"","575.4000000003725","SWBQ_02","SWBQ","html-slider-response","721","613850","0.0-783.0","<div class='justified'>2. Siento una relación personal con lo Divino / Dios.</div></br>","3","3"
"","606.6000000014901","SWBQ_03","SWBQ","html-slider-response","722","614459","0.0-784.0","<div class='justified'>3. Siento lástima hacia los demás.</div></br>","3","1"
"","580.9000000003725","SWBQ_04","SWBQ","html-slider-response","723","615042","0.0-785.0","<div class='justified'>4. Siento una conexión con la naturaleza.</div></br>","3","1"
"","561.4000000003725","SWBQ_05","SWBQ","html-slider-response","724","615608","0.0-786.0","<div class='justified'>5. Tengo un sentido de identidad.</div></br>","3","2"
"","573.6000000014901","SWBQ_06","SWBQ","html-slider-response","725","616184","0.0-787.0","<div class='justified'>6. Adoro al Divino / Creador.</div></br>","3","3"
"","517","SWBQ_07","SWBQ","html-slider-response","726","616703","0.0-788.0","<div class='justified'>7. Siento asombro por una vista impresionante.</div></br>","3","1"
"","534.3000000007451","SWBQ_08","SWBQ","html-slider-response","727","617244","0.0-789.0","<div class='justified'>8. Me siento confiado entre las personas.</div></br>","3","1"
"","570.6999999992549","SWBQ_09","SWBQ","html-slider-response","728","617816","0.0-790.0","<div class='justified'>9. Siento autoconciencia.</div></br>","3","4"
"","515","SWBQ_10","SWBQ","html-slider-response","729","618333","0.0-791.0","<div class='justified'>10. Siento unidad con la naturaleza.</div></br>","3","3"
"","495.90000000037253","SWBQ_11","SWBQ","html-slider-response","730","618831","0.0-792.0","<div class='justified'>11. Siento unidad con lo Divino / Dios.</div></br>","3","5"
"","489.7000000011176","SWBQ_12","SWBQ","html-slider-response","731","619323","0.0-793.0","<div class='justified'>12. Siento armonía con el medio ambiente.</div></br>","3","4"
"","496.3999999985099","SWBQ_13","SWBQ","html-slider-response","732","619821","0.0-794.0","<div class='justified'>13. Siento paz con lo Divino / Dios.</div></br>","3","2"
"","474.09999999962747","SWBQ_14","SWBQ","html-slider-response","733","620297","0.0-795.0","<div class='justified'>14. Siento alegría en la vida.</div></br>","3","1"
"","493.19999999925494","SWBQ_15","SWBQ","html-slider-response","734","620793","0.0-796.0","<div class='justified'>15. Siento que la oración enriquece mi vida.</div></br>","3","4"
"","461.59999999962747","SWBQ_16","SWBQ","html-slider-response","735","621256","0.0-797.0","<div class='justified'>16. Siento paz interior.</div></br>","3","5"
"","470.19999999925494","SWBQ_17","SWBQ","html-slider-response","736","621728","0.0-798.0","<div class='justified'>17. Siento respeto por los demás.</div></br>","3","1"
"","464.09999999962747","SWBQ_18","SWBQ","html-slider-response","737","622194","0.0-799.0","<div class='justified'>18. Siento que la vida tiene sentido.</div></br>","3","3"
"","498.30000000074506","SWBQ_19","SWBQ","html-slider-response","738","622694","0.0-800.0","<div class='justified'>19. Siento amabilidad hacia otras personas.</div></br>","3","4"
"","466.5","SWBQ_20","SWBQ","html-slider-response","739","623163","0.0-801.0","<div class='justified'>20. Siento 'magia' en el medio ambiente.</div></br>","3","1"
"","456.6000000014901","SWBQ_21","SWBQ","html-slider-response","740","623621","0.0-802.0","<div class='justified'>21. Siento una conexión entre mí y los demás.</div></br>","3","1"
"","459.59999999962747","SWBQ_22","SWBQ","html-slider-response","741","624083","0.0-803.0","<div class='justified'>22. Siento asombro hacia naturaleza.</div></br>","3","3"
"","539.4000000003725","SWBQ_23","SWBQ","html-slider-response","742","624625","0.0-804.0","<div class='justified'>23. Siento que vivo en armonía con los demás.</div></br>","3","2"
"","473","SWBQ_24","SWBQ","html-slider-response","743","625100","0.0-805.0","<div class='justified'>24. Me siento en armonía con la naturaleza.</div></br>","3","1"
"","449.40000000037253","SWBQ_25","SWBQ","html-slider-response","744","625551","0.0-806.0","<div class='justified'>25. Siento fuerza interior.</div></br>","3","3"
"","466.30000000074506","SWBQ_26","SWBQ","html-slider-response","745","626020","0.0-807.0","<div class='justified'>26. Siento que confío en las personas.</div></br>","3","4"
