"view_history","rt","trialid","procedure","trial_type","trial_index","time_elapsed","internal_node_id","stimulus","response"
"[{""page_index"":0,""viewing_time"":303}]","303","Instructions_01","DASS21","instructions","118","108180","0.0-137.0","",""
"","760","DASS21_001","DASS21","survey-multi-choice-vertical","119","108943","0.0-138.0","{""Q0"":""Me costó mucho relajarme.""}","{""Q0"":"" 1 Me aplicó un poco, o durante parte del tiempo""}"
"","757","DASS21_002","DASS21","survey-multi-choice-vertical","120","109702","0.0-139.0","{""Q0"":""Me di cuenta que tenia la boca seca.""}","{""Q0"":"" 1 Me aplicó un poco, o durante parte del tiempo""}"
"","796","DASS21_003","DASS21","survey-multi-choice-vertical","121","110501","0.0-140.0","{""Q0"":""No podía sentir ningún sentimiento positivo.""}","{""Q0"":"" 0 No me aplicó""}"
"","726","DASS21_004","DASS21","survey-multi-choice-vertical","122","111231","0.0-141.0","{""Q0"":""Se me hizo difícil respirar.""}","{""Q0"":"" 1 Me aplicó un poco, o durante parte del tiempo""}"
"","780","DASS21_005","DASS21","survey-multi-choice-vertical","123","112015","0.0-142.0","{""Q0"":""Se me hizo difícil tomar la iniciativa para hacer cosas.""}","{""Q0"":"" 2 Me aplicó bastante, o durante una buena parte del tiempo""}"
"","739","DASS21_006","DASS21","survey-multi-choice-vertical","124","112756","0.0-143.0","{""Q0"":""Reaccioné exageradamente en ciertas situaciones.""}","{""Q0"":"" 1 Me aplicó un poco, o durante parte del tiempo""}"
"","835","DASS21_007","DASS21","survey-multi-choice-vertical","125","113593","0.0-144.0","{""Q0"":""Sentí que mis manos temblaban.""}","{""Q0"":"" 0 No me aplicó""}"
"","775","DASS21_008","DASS21","survey-multi-choice-vertical","126","114370","0.0-145.0","{""Q0"":""Sentí que tenía muchos nervios.""}","{""Q0"":"" 2 Me aplicó bastante, o durante una buena parte del tiempo""}"
"","1007","DASS21_009","DASS21","survey-multi-choice-vertical","127","115381","0.0-146.0","{""Q0"":""Estaba preocupado por situaciones en las cuales podía tener pánico o en las que podría hacer el ridículo.""}","{""Q0"":"" 2 Me aplicó bastante, o durante una buena parte del tiempo""}"
"","799","DASS21_010","DASS21","survey-multi-choice-vertical","128","116182","0.0-147.0","{""Q0"":""Sentí que no tenia nada por que vivir.""}","{""Q0"":"" 3 Me aplicó mucho, o la mayor parte del tiempo""}"
"","921","DASS21_011","DASS21","survey-multi-choice-vertical","129","117107","0.0-148.0","{""Q0"":""Noté que me agitaba.""}","{""Q0"":"" 0 No me aplicó""}"
"","803","DASS21_012","DASS21","survey-multi-choice-vertical","130","117912","0.0-149.0","{""Q0"":""Se me hizo difícil relajarme.""}","{""Q0"":"" 0 No me aplicó""}"
"","804","DASS21_013","DASS21","survey-multi-choice-vertical","131","118718","0.0-150.0","{""Q0"":""Me sentí triste y deprimido.""}","{""Q0"":"" 0 No me aplicó""}"
"","684","DASS21_014","DASS21","survey-multi-choice-vertical","132","119405","0.0-151.0","{""Q0"":""No toleré nada que no me permitiera continuar con lo que estaba haciendo.""}","{""Q0"":"" 1 Me aplicó un poco, o durante parte del tiempo""}"
"","724","DASS21_015","DASS21","survey-multi-choice-vertical","133","120132","0.0-152.0","{""Q0"":""Sentí que estaba cerca de caer en pánico.""}","{""Q0"":"" 0 No me aplicó""}"
"","719","DASS21_016","DASS21","survey-multi-choice-vertical","134","120855","0.0-153.0","{""Q0"":""No me pude entusiasmar por nada.""}","{""Q0"":"" 2 Me aplicó bastante, o durante una buena parte del tiempo""}"
"","783","DASS21_017","DASS21","survey-multi-choice-vertical","135","121641","0.0-154.0","{""Q0"":""Sentí que valía muy poco como persona.""}","{""Q0"":"" 1 Me aplicó un poco, o durante parte del tiempo""}"
"","893","DASS21_018","DASS21","survey-multi-choice-vertical","136","122537","0.0-155.0","{""Q0"":""Sentí que estaba muy irritable.""}","{""Q0"":"" 0 No me aplicó""}"
"","753","DASS21_019","DASS21","survey-multi-choice-vertical","137","123293","0.0-156.0","{""Q0"":""Sentí los latidos de mi corazón a pesar de no haber hecho ningún esfuerzo físico.""}","{""Q0"":"" 1 Me aplicó un poco, o durante parte del tiempo""}"
"","798","DASS21_020","DASS21","survey-multi-choice-vertical","138","124093","0.0-157.0","{""Q0"":""Tuve miedo sin razón.""}","{""Q0"":"" 0 No me aplicó""}"
"","746","DASS21_021","DASS21","survey-multi-choice-vertical","139","124841","0.0-158.0","{""Q0"":""Sentí que la vida no tenía ningún sentido.""}","{""Q0"":"" 1 Me aplicó un poco, o durante parte del tiempo""}"
"[{""page_index"":0,""viewing_time"":318}]","318","Instructions_002","DASS21","instructions","140","125160","0.0-159.0","",""
