"view_history","rt","trialid","procedure","trial_type","trial_index","time_elapsed","internal_node_id","stimulus","response","slider_start","question_order"
"[{""page_index"":0,""viewing_time"":309},{""page_index"":1,""viewing_time"":368}]","677","Instructions_01","PRFBMpost","instructions","838","578850","0.0-844.0","","","",""
"","610","PRFBMpost_01","PRFBMpost","survey-multi-choice-vertical","839","579465","0.0-845.0","{""Q0"":""Imagina que estas embarazada, cerca de la fecha de parto, en buen estado de salud y tu bebé se desarrolla normalmente. Si pudieras elegir la modalidad de parto, preferirías que fuera:""}","{""Q0"":"" Parto por cesárea (extracción del bebé por medio de una cirugía con anestesia. Se realiza una incisión abdominal y una incisión para abrir el útero)""}","",""
"","479.90000000037253","PRFBMpost_03","PRFBMpost","html-slider-response","840","579949","0.0-847.0-0.0","<div class=""justified"">¿Cuán fuerte es tu preferencia por el parto por cesárea?</div></br>","53","50",""
"[{""page_index"":0,""viewing_time"":301}]","302","Instructions_02","PRFBMpost","instructions","841","580252","0.0-848.0","","","",""
"","1501.7000000011176","PRFBMpost_04","PRFBMpost","survey-multi-choice","842","581757","0.0-849.0","","{""daño"":""En desacuerdo"",""beneficio"":""Muy de acuerdo""}","","[0,1]"
"","1430.4000000003725","PRFBMpost_05","PRFBMpost","survey-multi-choice","843","583190","0.0-850.0","","{""daño"":""Muy en desacuerdo"",""beneficio"":""Parcialmente de acuerdo""}","","[0,1]"
"","1425.5","PRFBMpost_06","PRFBMpost","survey-multi-choice","844","584621","0.0-851.0","","{""daño"":""Muy de acuerdo"",""beneficio"":""Parcialmente de acuerdo""}","","[0,1]"
"","1455.5","PRFBMpost_07","PRFBMpost","survey-multi-choice","845","586081","0.0-852.0","","{""daño"":""Muy de acuerdo"",""beneficio"":""En desacuerdo""}","","[0,1]"
