"view_history","rt","trialid","procedure","trial_type","trial_index","time_elapsed","internal_node_id","stimulus","response"
"[{""page_index"":0,""viewing_time"":329}]","329","Instructions_01","SDG","instructions","622","446396","0.0-676.0","",""
"","1592","SDG_01","SDG","survey-text","623","447991","0.0-677.0","{""Q0"":""Rut Completo (sin puntos ni guión y con dígito verificador, en caso que termine en k, reemplace por un 0):""}","{""Q0"":""179578986""}"
"","1015","SDG_02","SDG","survey-multi-choice-vertical","624","449014","0.0-678.0","{""Q0"":""¿Cuál es su actual situación de pareja?""}","{""Q0"":"" Soltero/con pareja""}"
"","1236","SDG_03","SDG","survey-multi-choice-vertical","625","450261","0.0-679.0","{""Q0"":""¿Cuál es el grado más alto de educación que usted ha completado?""}","{""Q0"":"" Técnica Incompleta""}"
"","623","SDG_04","SDG","survey-multi-choice-vertical","626","450891","0.0-680.0","{""Q0"":""¿Tiene Nº de registro social de hogares? (Si no sabe puede consultar aquí: http://www.registrosocial.gob.cl/. Luego ingrese a \""ir a mi registro\"" e ingrese los datos que le solicitan. En caso que tenga, recuerde el porcentaje al cual corresponde, en caso contrario indique la opción \""No tengo registro\"").""}","{""Q0"":"" Si tengo registro.""}"
"","479","SDG_05","SDG","survey-text","627","451374","0.0-681.0-0.0","{""Q0"":""Ingrese el porcentaje al que corresponde en el registro social de hogares:""}","{""Q0"":""18""}"
"","1231","SDG_06","SDG","survey-multi-choice-vertical","628","452618","0.0-682.0","{""Q0"":""¿Cuál es su situación ocupacional actual?""}","{""Q0"":"" Es ama de casa""}"
