"view_history","rt","trialid","procedure","trial_type","trial_index","time_elapsed","internal_node_id","stimulus","response","slider_start","question_order"
"[{""page_index"":0,""viewing_time"":313}]","313","Instructions_01","PRFBM","instructions","830","572700","0.0-833.0","","","",""
"","639","PRFBM_01","PRFBM","survey-multi-choice-vertical","831","573343","0.0-834.0","{""Q0"":""Imagina que estas embarazada, cerca de la fecha de parto, en buen estado de salud y tu bebé se desarrolla normalmente. Si pudieras elegir la modalidad de parto, preferirías que fuera:""}","{""Q0"":"" Parto por cesárea (extracción del bebé por medio de una cirugía con anestesia. Se realiza una incisión abdominal y una incisión para abrir el útero)""}","",""
"","476.2999999988824","PRFBM_03","PRFBM","html-slider-response","832","573823","0.0-836.0-0.0","<div class=""justified"">¿Cuán fuerte es tu preferencia por el parto por cesárea?</div></br>","53","50",""
"[{""page_index"":0,""viewing_time"":283}]","284","Instructions_02","PRFBM","instructions","833","574108","0.0-837.0","","","",""
"","1563.5","PRFBM_04","PRFBM","survey-multi-choice","834","575676","0.0-838.0","","{""daño"":""Muy en desacuerdo"",""beneficio"":""Parcialmente de acuerdo""}","","[0,1]"
"","1416.800000000745","PRFBM_05","PRFBM","survey-multi-choice","835","577099","0.0-839.0","","{""daño"":""Parcialmente de acuerdo"",""beneficio"":""Muy de acuerdo""}","","[1,0]"
"","1417.5","PRFBM_06","PRFBM","survey-multi-choice","836","578521","0.0-840.0","","{""daño"":""En desacuerdo"",""beneficio"":""Muy de acuerdo""}","","[1,0]"
"","1463.9000000003725","PRFBM_07","PRFBM","survey-multi-choice","837","579988","0.0-841.0","","{""daño"":""Muy en desacuerdo"",""beneficio"":""Muy en desacuerdo""}","","[0,1]"
