"view_history","rt","trialid","procedure","trial_type","trial_index","time_elapsed","internal_node_id","stimulus","response"
"[{""page_index"":0,""viewing_time"":347}]","347","Instructions_01","SASS","instructions","574","414626","0.0-625.0","",""
"","581","SASS_01","SASS","survey-multi-choice-vertical","575","415210","0.0-626.0","{""Q0"":""1. ¿Tiene usted algún trabajo?""}","{""Q0"":"" No""}"
"","804","SASS_03","SASS","survey-multi-choice-vertical","576","416020","0.0-628.0-0.0","{""Q0"":""2. ¿Qué tan interesado/a está en actividades relacionadas a su hogar?""}","{""Q0"":"" Medianamente""}"
"","751","SASS_04","SASS","survey-multi-choice-vertical","577","416777","0.0-629.0","{""Q0"":""3. Realiza estas actividades, con: ""}","{""Q0"":"" Mucho gozo""}"
"","761","SASS_05","SASS","survey-multi-choice-vertical","578","417542","0.0-630.0","{""Q0"":""4. ¿Está interesado/a en pasatiempos/ocio?""}","{""Q0"":"" Medianamente""}"
"","762","SASS_06","SASS","survey-multi-choice-vertical","579","418308","0.0-631.0","{""Q0"":""5. La calidad de tu tiempo libre es:""}","{""Q0"":"" Justa""}"
"","869","SASS_07","SASS","survey-multi-choice-vertical","580","419182","0.0-632.0","{""Q0"":""6. ¿Con qué frecuencia usted busca contacto con los miembros de su familia? (Cónyuges, Hijos, Padres, etc.)""}","{""Q0"":"" Frecuentemente""}"
"","761","SASS_08","SASS","survey-multi-choice-vertical","581","419948","0.0-633.0","{""Q0"":""7. El estado de relaciones de su familia es:""}","{""Q0"":"" Muy bueno""}"
"","754","SASS_09","SASS","survey-multi-choice-vertical","582","420708","0.0-634.0","{""Q0"":""8- Fuera de su familia, ¿tiene relaciones con:""}","{""Q0"":"" Pocas personas?""}"
"","742","SASS_10","SASS","survey-multi-choice-vertical","583","421455","0.0-635.0","{""Q0"":""9. ¿Intenta formar relaciones con otras personas:""}","{""Q0"":"" Moderadamente?""}"
"","765","SASS_11","SASS","survey-multi-choice-vertical","584","422225","0.0-636.0","{""Q0"":""10. ¿En general, cómo valora sus relaciones con otras personas?""}","{""Q0"":"" Insatisfactoria""}"
"","755","SASS_12","SASS","survey-multi-choice-vertical","585","422984","0.0-637.0","{""Q0"":""11. ¿Qué valor le otorga a sus relaciones con otras personas?""}","{""Q0"":"" Gran valor""}"
"","775","SASS_13","SASS","survey-multi-choice-vertical","586","423762","0.0-638.0","{""Q0"":""12. ¿Qué tan a menudo las personas en su círculo social buscan tomar contacto con usted?""}","{""Q0"":"" Muy a menudo""}"
"","748","SASS_14","SASS","survey-multi-choice-vertical","587","424516","0.0-639.0","{""Q0"":""13. ¿Se preocupa de las normas sociales, las buenas maneras, la cortesía, etc.?""}","{""Q0"":"" Siempre""}"
"","786","SASS_15","SASS","survey-multi-choice-vertical","588","425306","0.0-640.0","{""Q0"":""14. ¿Hasta qué punto está usted involucrado/a en la vida comunitaria (Club, etc.)""}","{""Q0"":"" Moderadamente""}"
"","737","SASS_16","SASS","survey-multi-choice-vertical","589","426049","0.0-641.0","{""Q0"":""15. ¿Le gusta buscar información acerca de cosas, situaciones, y personas para mejorar su comprensión de ellos?""}","{""Q0"":"" Mucho""}"
"","746","SASS_17","SASS","survey-multi-choice-vertical","590","426798","0.0-642.0","{""Q0"":""16. ¿Está interesado/a en información científica, técnica o cultural?""}","{""Q0"":"" Levemente""}"
"","779","SASS_18","SASS","survey-multi-choice-vertical","591","427582","0.0-643.0","{""Q0"":""17. ¿Con qué frecuencia encuentra dificultad para expresar su opinión a las personas?""}","{""Q0"":"" A menudo""}"
"","762","SASS_19","SASS","survey-multi-choice-vertical","592","428349","0.0-644.0","{""Q0"":""18. ¿Con qué frecuencia se siente rechazado/a o excluido/a de su círculo?""}","{""Q0"":"" Siempre""}"
"","757","SASS_20","SASS","survey-multi-choice-vertical","593","429110","0.0-645.0","{""Q0"":""19. ¿Qué tan importante considera su apariencia física?""}","{""Q0"":"" Moderadamente""}"
"","762","SASS_21","SASS","survey-multi-choice-vertical","594","429876","0.0-646.0","{""Q0"":""20. ¿En qué grado tiene dificultades para manejar sus recursos e ingresos económicos?""}","{""Q0"":"" Siempre""}"
"","757","SASS_22","SASS","survey-multi-choice-vertical","595","430638","0.0-647.0","{""Q0"":""21. ¿Se siente capaz de organizar su entorno de acuerdo a sus deseos y necesidades?""}","{""Q0"":"" Moderadamente""}"
