"view_history","rt","trialid","procedure","trial_type","trial_index","time_elapsed","internal_node_id","stimulus","response"
"[{""page_index"":0,""viewing_time"":378}]","378","Instructions_01","CAS","instructions","31","37810","0.0-43.0","",""
"","10822","CAS_001","CAS","survey-multi-choice-vertical","32","48635","0.0-44.0","{""Q0"":""Me siento mal cuando pienso en COVID-19.""}","{""Q0"":"" 1 Casi nunca me sucede""}"
"","813","CAS_002","CAS","survey-multi-choice-vertical","33","49450","0.0-45.0","{""Q0"":""Siento que se me acelera el corazón cuando leo sobre COVID-19.""}","{""Q0"":"" 0 No me sucede""}"
"","777","CAS_003","CAS","survey-multi-choice-vertical","34","50230","0.0-46.0","{""Q0"":""Me siento ansioso con respecto a COVID-19.""}","{""Q0"":"" 1 Casi nunca me sucede""}"
"","780","CAS_004","CAS","survey-multi-choice-vertical","35","51013","0.0-47.0","{""Q0"":""Me siento incómodo cuando leo noticias sobre COVID-19.""}","{""Q0"":"" 2 A veces me sucede""}"
"","768","CAS_005","CAS","survey-multi-choice-vertical","36","51783","0.0-48.0","{""Q0"":""Me cuesta relajarme cuando pienso en COVID-19.""}","{""Q0"":"" 1 Casi nunca me sucede""}"
"","809","CAS_006","CAS","survey-multi-choice-vertical","37","52595","0.0-49.0","{""Q0"":""Siento que puedo entrar en pánico cuando me pongo al día sobre COVID-19.""}","{""Q0"":"" 0 No me sucede""}"
"","820","CAS_007","CAS","survey-multi-choice-vertical","38","53418","0.0-50.0","{""Q0"":""Tengo miedo de infectarme con COVID-19.""}","{""Q0"":"" 2 A veces me sucede""}"
