"view_history","rt","trialid","procedure","trial_type","trial_index","time_elapsed","internal_node_id","stimulus","response"
"[{""page_index"":0,""viewing_time"":329}]","330","Instructions","PBS","instructions","385","286187","0.0-424.0","",""
"","1019","PBS_001","PBS","survey-multi-choice-vertical","386","287214","0.0-425.0","{""Q0"":""El alma sigue existiendo aunque el cuerpo pueda morir.""}","{""Q0"":"" 1 Muy en desacuerdo""}"
"","1038","PBS_002","PBS","survey-multi-choice-vertical","387","288258","0.0-426.0","{""Q0"":""Algunos individuos pueden levitar (levantar) objetos a través de fuerzas mentales.""}","{""Q0"":"" 2 Moderadamente en desacuerdo""}"
"","1085","PBS_003","PBS","survey-multi-choice-vertical","388","289351","0.0-427.0","{""Q0"":""La magia negra realmente existe.""}","{""Q0"":"" 2 Moderadamente en desacuerdo""}"
"","1081","PBS_004","PBS","survey-multi-choice-vertical","389","290439","0.0-428.0","{""Q0"":""Los gatos negros traen mala suerte.""}","{""Q0"":"" 5 Un poco de acuerdo""}"
"","991","PBS_005","PBS","survey-multi-choice-vertical","390","291435","0.0-429.0","{""Q0"":""Tu mente o alma puede salir del cuerpo y viajar (proyección astral).""}","{""Q0"":"" 6 Moderadamente de acuerdo""}"
"","1042","PBS_006","PBS","survey-multi-choice-vertical","391","292485","0.0-430.0","{""Q0"":""El abominable hombre de las nieves, o pie grande del Tíbet, existe.""}","{""Q0"":"" 7 Muy de acuerdo""}"
"","1056","PBS_007","PBS","survey-multi-choice-vertical","392","293548","0.0-431.0","{""Q0"":""La astrología es una forma precisa de predecir el futuro.""}","{""Q0"":"" 6 Moderadamente de acuerdo""}"
"","1195","PBS_008","PBS","survey-multi-choice-vertical","393","294749","0.0-432.0","{""Q0"":""Existe el diablo.""}","{""Q0"":"" 5 Un poco de acuerdo""}"
"","1087","PBS_009","PBS","survey-multi-choice-vertical","394","295842","0.0-433.0","{""Q0"":""La telekinesis, mover objetos a través de poderes psíquicos, existe.""}","{""Q0"":"" 7 Muy de acuerdo""}"
"","1047","PBS_010","PBS","survey-multi-choice-vertical","395","296897","0.0-434.0","{""Q0"":""Las brujas existen.""}","{""Q0"":"" 7 Muy de acuerdo""}"
"","1059","PBS_011","PBS","survey-multi-choice-vertical","396","297963","0.0-435.0","{""Q0"":""Si quiebras un espejo, tendrás mala suerte.""}","{""Q0"":"" 4 No sé / No tengo certeza""}"
"","1159","PBS_012","PBS","survey-multi-choice-vertical","397","299136","0.0-436.0","{""Q0"":""Durante estados alterados, como el sueño o los trances, el espíritu puede salir del cuerpo.""}","{""Q0"":"" 5 Un poco de acuerdo""}"
"","1020","PBS_013","PBS","survey-multi-choice-vertical","398","300164","0.0-437.0","{""Q0"":""El monstruo del lago Ness en Escocia, existe.""}","{""Q0"":"" 1 Muy en desacuerdo""}"
"","1102","PBS_014","PBS","survey-multi-choice-vertical","399","301272","0.0-438.0","{""Q0"":""El horóscopo dice el futuro de las personas de forma precisa.""}","{""Q0"":"" 5 Un poco de acuerdo""}"
"","1012","PBS_015","PBS","survey-multi-choice-vertical","400","302293","0.0-439.0","{""Q0"":""Creo en Dios.""}","{""Q0"":"" 2 Moderadamente en desacuerdo""}"
"","1096","PBS_016","PBS","survey-multi-choice-vertical","401","303399","0.0-440.0","{""Q0"":""Los pensamientos de una persona pueden influir en el movimiento de un objeto físico.""}","{""Q0"":"" 5 Un poco de acuerdo""}"
"","982","PBS_017","PBS","survey-multi-choice-vertical","402","304387","0.0-441.0","{""Q0"":""A través del uso de pócimas y conjuros, es posible lanzar hechizos sobre las personas.""}","{""Q0"":"" 7 Muy de acuerdo""}"
"","1126","PBS_018","PBS","survey-multi-choice-vertical","403","305520","0.0-442.0","{""Q0"":""El número “13” es de mala suerte.""}","{""Q0"":"" 2 Moderadamente en desacuerdo""}"
"","989","PBS_019","PBS","survey-multi-choice-vertical","404","306515","0.0-443.0","{""Q0"":""La reencarnación existe.""}","{""Q0"":"" 5 Un poco de acuerdo""}"
"","982","PBS_020","PBS","survey-multi-choice-vertical","405","307503","0.0-444.0","{""Q0"":""Hay vida en otros planetas.""}","{""Q0"":"" 2 Moderadamente en desacuerdo""}"
"","1049","PBS_021","PBS","survey-multi-choice-vertical","406","308558","0.0-445.0","{""Q0"":""Algunos psíquicos pueden predecir el futuro de forma precisa.""}","{""Q0"":"" 5 Un poco de acuerdo""}"
"","1007","PBS_022","PBS","survey-multi-choice-vertical","407","309571","0.0-446.0","{""Q0"":""Existe un Cielo y un Infierno.""}","{""Q0"":"" 6 Moderadamente de acuerdo""}"
"","991","PBS_023","PBS","survey-multi-choice-vertical","408","310571","0.0-447.0","{""Q0"":""Leer la mente no es posible.""}","{""Q0"":"" 1 Muy en desacuerdo""}"
"","1068","PBS_024","PBS","survey-multi-choice-vertical","409","311645","0.0-448.0","{""Q0"":""Hay casos reales de brujería.""}","{""Q0"":"" 1 Muy en desacuerdo""}"
"","1043","PBS_025","PBS","survey-multi-choice-vertical","410","312694","0.0-449.0","{""Q0"":""Es posible comunicarse con los muertos.""}","{""Q0"":"" 7 Muy de acuerdo""}"
"","1025","PBS_026","PBS","survey-multi-choice-vertical","411","313724","0.0-450.0","{""Q0"":""Algunas personas tienen la inexplicable habilidad de predecir el futuro.""}","{""Q0"":"" 3 Un poco en desacuerdo""}"
