"success","timeout","failed_images","failed_audio","failed_video","trialid","procedure","trial_type","trial_index","time_elapsed","internal_node_id","rt","stimulus","button_pressed","response","slider_start"
"true","false","[]","[]","[]","EmpaTom_00","EmpaTom","preload","887","605463","0.0-874.0","","","","",""
"","","","","","Instructions_01","EmpaTom","html-button-response","888","605787","0.0-875.0","322.2000000011176","<div style=""max-width:600px;""><p>Descripcion de la tarea e instrucciones. Tom tiene Alzheimer....</p></div>","0","",""
"","","","","","EmpaTom_01","EmpaTom","video-button-response","889","616922","0.0-876.0","11129.60000000149","[""media/vid/Entrevista1.mp4""]","","0",""
"","","","","","EmpaTom_02","EmpaTom","html-slider-response","890","617550","0.0-877.0","626.2000000011176","<div class='justified'>¿Cómo te sientes?</div></br>","","2","4"
"","","","","","EmpaTom_03","EmpaTom","html-slider-response","891","618083","0.0-878.0","530","<div class='justified'>¿Cuánta compasión sentiste por Tom?</div></br>","","3","4"
"","","","","","EmpaTom_04","EmpaTom","survey-multi-choice-vertical","892","619191","0.0-879.0","1103","{""Q0"":""Tom piensa.""}","","{""Q0"":"" que lo que menos desea es olvidarse de su esposa producto del alzheimer""}",""
