"view_history","rt","trialid","procedure","trial_type","trial_index","time_elapsed","internal_node_id","stimulus","response"
"[{""page_index"":0,""viewing_time"":376}]","376","Instructions_01","EAR","instructions","165","144629","0.0-188.0","",""
"","863","EAR_01","EAR","survey-multi-choice-vertical","166","145495","0.0-189.0","{""Q0"":""Siento que soy una persona digna de aprecio, al menos en igual medida que los demás.""}","{""Q0"":"" Muy de acuerdo""}"
"","787","EAR_02","EAR","survey-multi-choice-vertical","167","146286","0.0-190.0","{""Q0"":""Creo que tengo un buen número de cualidades.""}","{""Q0"":"" Muy de acuerdo""}"
"","926","EAR_03","EAR","survey-multi-choice-vertical","168","147215","0.0-191.0","{""Q0"":""En general, me inclino a pensar que soy un/a fracasado/a.""}","{""Q0"":"" Muy de acuerdo""}"
"","816","EAR_04","EAR","survey-multi-choice-vertical","169","148036","0.0-192.0","{""Q0"":""Soy capaz de hacer las cosas tan bien como la mayoría de la gente.""}","{""Q0"":"" De acuerdo""}"
"","844","EAR_05","EAR","survey-multi-choice-vertical","170","148884","0.0-193.0","{""Q0"":""Siento que no tengo muchos motivos para sentirme orgulloso/a de mi.""}","{""Q0"":"" De acuerdo""}"
"","920","EAR_06","EAR","survey-multi-choice-vertical","171","149808","0.0-194.0","{""Q0"":""Tengo una actitud positiva hacia mí mismo/a.""}","{""Q0"":"" Muy de acuerdo""}"
"","801","EAR_07","EAR","survey-multi-choice-vertical","172","150612","0.0-195.0","{""Q0"":""En general, estoy satisfecho conmigo mismo/a.""}","{""Q0"":"" De acuerdo""}"
"","777","EAR_08","EAR","survey-multi-choice-vertical","173","151392","0.0-196.0","{""Q0"":""Desearía valorarme más a mi mismo/a.""}","{""Q0"":"" En desacuerdo""}"
"","782","EAR_09","EAR","survey-multi-choice-vertical","174","152177","0.0-197.0","{""Q0"":""A veces me siento verdaderamente inútil.""}","{""Q0"":"" De acuerdo""}"
"","819","EAR_10","EAR","survey-multi-choice-vertical","175","153000","0.0-198.0","{""Q0"":""A veces pienso que no soy bueno/a para nada.""}","{""Q0"":"" Muy de acuerdo""}"
