"view_history","rt","trialid","procedure","trial_type","trial_index","time_elapsed","internal_node_id","stimulus","button_pressed","condition_within","slider_start","response"
"[{""page_index"":0,""viewing_time"":357},{""page_index"":1,""viewing_time"":317}]","674","Instructions_01","HRPVBpost","instructions","792","554807","0.0-826.0","","","","",""
"[{""page_index"":0,""viewing_time"":324}]","324","Instructions_02","HRPVBpost","instructions","793","555132","0.0-827.0","","","","",""
"","317.7000000011176","HRPVBpost_04_00","HRPVBpost","html-button-response","794","555452","0.0-828.0-0.0","Dificultades para inicio temprano de lactancia materna","0","Dificultades para inicio temprano de lactancia materna","",""
"","503","HRPVBpost_04_01","HRPVBpost","html-slider-response","795","555957","0.0-828.0-1.0","cesarea","","Dificultades para inicio temprano de lactancia materna; cesarea","50","52.9"
"","513.8999999985099","HRPVBpost_04_02","HRPVBpost","html-slider-response","796","556473","0.0-828.0-2.0","vaginal","","Dificultades para inicio temprano de lactancia materna; vaginal","50","50.3"
"","309.40000000037253","HRPVBpost_03_00","HRPVBpost","html-button-response","797","556784","0.0-828.0-0.1","Hospitalización en cuidados intensivos neonatales","0","Hospitalización en cuidados intensivos neonatales","",""
"","512.5999999996275","HRPVBpost_03_01","HRPVBpost","html-slider-response","798","557299","0.0-828.0-1.1","cesarea","","Hospitalización en cuidados intensivos neonatales; cesarea","50","48.2"
"","525.9000000003725","HRPVBpost_03_02","HRPVBpost","html-slider-response","799","557828","0.0-828.0-2.1","vaginal","","Hospitalización en cuidados intensivos neonatales; vaginal","50","45.8"
"","302.7000000011176","HRPVBpost_02_00","HRPVBpost","html-button-response","800","558132","0.0-828.0-0.2","Lesión en el cerebro del bebe por falta de oxígeno","0","Lesión en el cerebro del bebe por falta de oxígeno","",""
"","562.5999999996275","HRPVBpost_02_02","HRPVBpost","html-slider-response","801","558697","0.0-828.0-1.2","vaginal","","Lesión en el cerebro del bebe por falta de oxígeno; vaginal","50","46.8"
"","532","HRPVBpost_02_01","HRPVBpost","html-slider-response","802","559231","0.0-828.0-2.2","cesarea","","Lesión en el cerebro del bebe por falta de oxígeno; cesarea","50","54.2"
"","349.69999999925494","HRPVBpost_01_00","HRPVBpost","html-button-response","803","559583","0.0-828.0-0.3","Problemas respiratorios del recién nacido","0","Problemas respiratorios del recién nacido","",""
"","775.7000000011176","HRPVBpost_01_02","HRPVBpost","html-slider-response","804","560361","0.0-828.0-1.3","vaginal","","Problemas respiratorios del recién nacido; vaginal","50","50.3"
"","481.40000000037253","HRPVBpost_01_01","HRPVBpost","html-slider-response","805","560845","0.0-828.0-2.3","cesarea","","Problemas respiratorios del recién nacido; cesarea","50","48.1"
"[{""page_index"":0,""viewing_time"":307}]","307","Instructions_02","HRPVBpost","instructions","806","561154","0.0-829.0","","","","",""
"","312.09999999962747","HRPVBpost_06_00","HRPVBpost","html-button-response","807","561467","0.0-830.0-0.0","Paro cardíaco","0","Paro cardíaco","",""
"","573.7999999988824","HRPVBpost_06_02","HRPVBpost","html-slider-response","808","562043","0.0-830.0-1.0","vaginal","","Paro cardíaco; vaginal","50","52.9"
"","495.59999999962747","HRPVBpost_06_01","HRPVBpost","html-slider-response","809","562541","0.0-830.0-2.0","cesarea","","Paro cardíaco; cesarea","50","50.3"
"","323.90000000037253","HRPVBpost_10_00","HRPVBpost","html-button-response","810","562867","0.0-830.0-0.1","Hospitalización de la madre en cuidados intensivos","0","Hospitalización de la madre en cuidados intensivos","",""
"","509.09999999962747","HRPVBpost_10_01","HRPVBpost","html-slider-response","811","563380","0.0-830.0-1.1","cesarea","","Hospitalización de la madre en cuidados intensivos; cesarea","50","48.2"
"","476.90000000037253","HRPVBpost_10_02","HRPVBpost","html-slider-response","812","563859","0.0-830.0-2.1","vaginal","","Hospitalización de la madre en cuidados intensivos; vaginal","50","45.8"
"","334.5","HRPVBpost_05_00","HRPVBpost","html-button-response","813","564196","0.0-830.0-0.2","Complicaciones de la anestesia","0","Complicaciones de la anestesia","",""
"","499.80000000074506","HRPVBpost_05_02","HRPVBpost","html-slider-response","814","564698","0.0-830.0-1.2","vaginal","","Complicaciones de la anestesia; vaginal","50","46.8"
"","476.2999999988824","HRPVBpost_05_01","HRPVBpost","html-slider-response","815","565176","0.0-830.0-2.2","cesarea","","Complicaciones de la anestesia; cesarea","50","54.2"
"","272.09999999962747","HRPVBpost_09_00","HRPVBpost","html-button-response","816","565450","0.0-830.0-0.3","Lesión de la vagina","0","Lesión de la vagina","",""
"","452.80000000074506","HRPVBpost_09_02","HRPVBpost","html-slider-response","817","565906","0.0-830.0-1.3","vaginal","","Lesión de la vagina; vaginal","50","50.3"
"","475.5","HRPVBpost_09_01","HRPVBpost","html-slider-response","818","566383","0.0-830.0-2.3","cesarea","","Lesión de la vagina; cesarea","50","48.1"
"","308.7000000011176","HRPVBpost_11_00","HRPVBpost","html-button-response","819","566694","0.0-830.0-0.4","Depresión post parto","0","Depresión post parto","",""
"","492.09999999962747","HRPVBpost_11_02","HRPVBpost","html-slider-response","820","567189","0.0-830.0-1.4","vaginal","","Depresión post parto; vaginal","50","49.9"
"","474.5","HRPVBpost_11_01","HRPVBpost","html-slider-response","821","567666","0.0-830.0-2.4","cesarea","","Depresión post parto; cesarea","50","49.8"
"","337.5","HRPVBpost_07_00","HRPVBpost","html-button-response","822","568005","0.0-830.0-0.5","Histerectomía (extracción del útero)","0","Histerectomía (extracción del útero)","",""
"","478.80000000074506","HRPVBpost_07_02","HRPVBpost","html-slider-response","823","568486","0.0-830.0-1.5","vaginal","","Histerectomía (extracción del útero); vaginal","50","45.7"
"","465.30000000074506","HRPVBpost_07_01","HRPVBpost","html-slider-response","824","568954","0.0-830.0-2.5","cesarea","","Histerectomía (extracción del útero); cesarea","50","48.2"
"","316.7000000011176","HRPVBpost_08_00","HRPVBpost","html-button-response","825","569273","0.0-830.0-0.6","Infección de la herida","0","Infección de la herida","",""
"","523.7999999988824","HRPVBpost_08_02","HRPVBpost","html-slider-response","826","569799","0.0-830.0-1.6","vaginal","","Infección de la herida; vaginal","50","54.8"
"","470.3999999985099","HRPVBpost_08_01","HRPVBpost","html-slider-response","827","570271","0.0-830.0-2.6","cesarea","","Infección de la herida; cesarea","50","49.6"
