"view_history","rt","trialid","procedure","trial_type","trial_index","time_elapsed","internal_node_id","stimulus","response","slider_start","question_order"
"[{""page_index"":0,""viewing_time"":339},{""page_index"":1,""viewing_time"":448}]","787","Instructions_01","PRFBMpost","instructions","839","581004","0.0-844.0","","","",""
"","630","PRFBMpost_01","PRFBMpost","survey-multi-choice-vertical","840","581639","0.0-845.0","{""Q0"":""Imagina que estas embarazada, cerca de la fecha de parto, en buen estado de salud y tu bebé se desarrolla normalmente. Si pudieras elegir la modalidad de parto, preferirías que fuera:""}","{""Q0"":"" Parto vaginal (extracción del bebé por el canal vaginal en forma espontánea, con o sin intervenciones como anestesia)""}","",""
"","505.2000000011176","PRFBMpost_02","PRFBMpost","html-slider-response","841","582147","0.0-846.0-0.0","<div class=""justified"">¿Cuán fuerte es tu preferencia por el parto vaginal?</div></br>","62","50",""
"[{""page_index"":0,""viewing_time"":398}]","398","Instructions_02","PRFBMpost","instructions","842","582547","0.0-848.0","","","",""
"","1419","PRFBMpost_04","PRFBMpost","survey-multi-choice","843","583969","0.0-849.0","","{""daño"":""Parcialmente de acuerdo"",""beneficio"":""Muy en desacuerdo""}","","[1,0]"
"","1500.7999999988824","PRFBMpost_05","PRFBMpost","survey-multi-choice","844","585474","0.0-850.0","","{""daño"":""Muy de acuerdo"",""beneficio"":""Parcialmente de acuerdo""}","","[0,1]"
"","1487","PRFBMpost_06","PRFBMpost","survey-multi-choice","845","586966","0.0-851.0","","{""daño"":""En desacuerdo"",""beneficio"":""Muy de acuerdo""}","","[1,0]"
"","1363.5","PRFBMpost_07","PRFBMpost","survey-multi-choice","846","588333","0.0-852.0","","{""daño"":""Muy en desacuerdo"",""beneficio"":""Muy en desacuerdo""}","","[0,1]"
