"view_history","rt","trialid","procedure","trial_type","trial_index","time_elapsed","internal_node_id","stimulus","response"
"[{""page_index"":0,""viewing_time"":274}]","274","Instructions_01","SRA","instructions","628","452655","0.0-687.0","",""
"","799","SRA_01","SRA","survey-multi-choice-vertical","629","453460","0.0-688.0","{""Q0"":""1. He ayudado a sacar el coche de un extraño de la nieve.""}","{""Q0"":"" Nunca""}"
"","822","SRA_02","SRA","survey-multi-choice-vertical","630","454288","0.0-689.0","{""Q0"":""2. Le he dado instrucciones a un extraño.""}","{""Q0"":"" Muy a menudo""}"
"","862","SRA_03","SRA","survey-multi-choice-vertical","631","455158","0.0-690.0","{""Q0"":""3. He hecho cambios por un extraño.""}","{""Q0"":"" Nunca""}"
"","833","SRA_04","SRA","survey-multi-choice-vertical","632","455998","0.0-691.0","{""Q0"":""4. He dado dinero a una organización benéfica.""}","{""Q0"":"" Una vez""}"
"","800","SRA_05","SRA","survey-multi-choice-vertical","633","456805","0.0-692.0","{""Q0"":""5. Le di dinero a un extraño que lo necesitaba (o me lo pidió).""}","{""Q0"":"" Una vez""}"
"","792","SRA_06","SRA","survey-multi-choice-vertical","634","457602","0.0-693.0","{""Q0"":""6. He donado artículos o ropa a una organización benéfica.""}","{""Q0"":"" Muy a menudo""}"
"","849","SRA_07","SRA","survey-multi-choice-vertical","635","458456","0.0-694.0","{""Q0"":""7. He realizado trabajo voluntario para una organización benéfica.""}","{""Q0"":"" Más de una vez""}"
"","826","SRA_08","SRA","survey-multi-choice-vertical","636","459290","0.0-695.0","{""Q0"":""8. He donado sangre.""}","{""Q0"":"" Nunca""}"
"","812","SRA_09","SRA","survey-multi-choice-vertical","637","460107","0.0-696.0","{""Q0"":""9. He ayudado a llevar las pertenencias de un extraño (libros, paquetes, etc.).""}","{""Q0"":"" Nunca""}"
"","790","SRA_10","SRA","survey-multi-choice-vertical","638","460903","0.0-697.0","{""Q0"":""10. He retrasado un ascensor y mantuve la puerta abierta para un extraño.""}","{""Q0"":"" Muy a menudo""}"
"","859","SRA_11","SRA","survey-multi-choice-vertical","639","461768","0.0-698.0","{""Q0"":""11. Permití que alguien se adelantara a mí en una fila (por ejemplo: en un banco, en el supermercado, etc).""}","{""Q0"":"" Más de una vez""}"
"","848","SRA_12","SRA","survey-multi-choice-vertical","640","462626","0.0-699.0","{""Q0"":""12. He dado a un extraño un aventón en mi auto.""}","{""Q0"":"" Muy a menudo""}"
"","846","SRA_13","SRA","survey-multi-choice-vertical","641","463482","0.0-700.0","{""Q0"":""13. He señalado el error de un empleado (por ejemplo: en un banco, en el supermercado, etc) al cobrar menos por un artículo.""}","{""Q0"":"" A menudo""}"
"","827","SRA_14","SRA","survey-multi-choice-vertical","642","464316","0.0-701.0","{""Q0"":""14. Dejé que un vecino a quien no conocía demasiado bien, tomara prestado un artículo de algún valor para mí (por ejemplo: un plato, herramientas, etc).""}","{""Q0"":"" Muy a menudo""}"
"","843","SRA_15","SRA","survey-multi-choice-vertical","643","465165","0.0-702.0","{""Q0"":""15. He comprado tarjetas de Navidad \""benéficas\"" deliberadamente porque sabía que era una buena causa.""}","{""Q0"":"" Nunca""}"
"","841","SRA_16","SRA","survey-multi-choice-vertical","644","466012","0.0-703.0","{""Q0"":""16. He ayudado a un compañero de clase que no conocía muy bien con una tarea cuando mi conocimiento era mayor que el de él o ella.""}","{""Q0"":"" Muy a menudo""}"
"","867","SRA_17","SRA","survey-multi-choice-vertical","645","466884","0.0-704.0","{""Q0"":""17. Antes de que me pidieran, he cuidado voluntariamente las mascotas o los niños de un vecino sin ser pagado por ello.""}","{""Q0"":"" Una vez""}"
"","802","SRA_18","SRA","survey-multi-choice-vertical","646","467693","0.0-705.0","{""Q0"":""18. Me he ofrecido a ayudar a un extraño discapacitado o anciano a cruzar la calle.""}","{""Q0"":"" Muy a menudo""}"
"","841","SRA_19","SRA","survey-multi-choice-vertical","647","468541","0.0-706.0","{""Q0"":""19. Le ofrecí mi asiento en un autobús o tren a un extraño que estaba parado.""}","{""Q0"":"" Más de una vez""}"
"","827","SRA_20","SRA","survey-multi-choice-vertical","648","469374","0.0-707.0","{""Q0"":""20. He ayudado a un conocido a mudarse de hogar.""}","{""Q0"":"" Una vez""}"
