"success","procedure","trial_type","trial_index","time_elapsed","internal_node_id","trialid","rt","stimulus","response"
"true","BART","fullscreen","1","299","0.0-1.0-0.0","","","",""
"","BART","audio-button-response","2","7351","0.0-2.0","BART_01","","{""explodeRounds"":128}","{""status"":""safe"",""rounds"":4,""roundMoney"":200,""totalMoney"":200}"
"","BART","audio-button-response","3","9755","0.0-3.0","BART_02","","{""explodeRounds"":122}","{""status"":""safe"",""rounds"":2,""roundMoney"":100,""totalMoney"":300}"
"","BART","audio-button-response","4","13095","0.0-4.0","BART_03","","{""explodeRounds"":118}","{""status"":""safe"",""rounds"":3,""roundMoney"":150,""totalMoney"":450}"
"","BART","audio-button-response","5","17191","0.0-5.0","BART_04","","{""explodeRounds"":114}","{""status"":""safe"",""rounds"":4,""roundMoney"":200,""totalMoney"":650}"
"","BART","audio-button-response","6","18037","0.0-6.0","BART_05","","{""explodeRounds"":109}","{""status"":""safe"",""rounds"":0,""roundMoney"":0,""totalMoney"":650}"
"","BART","audio-button-response","7","19718","0.0-7.0","BART_06","","{""explodeRounds"":105}","{""status"":""safe"",""rounds"":1,""roundMoney"":50,""totalMoney"":700}"
"","BART","audio-button-response","8","23733","0.0-8.0","BART_07","","{""explodeRounds"":101}","{""status"":""safe"",""rounds"":4,""roundMoney"":200,""totalMoney"":900}"
"","BART","audio-button-response","9","31873","0.0-9.0","BART_08","","{""explodeRounds"":96}","{""status"":""safe"",""rounds"":9,""roundMoney"":450,""totalMoney"":1350}"
"","BART","audio-button-response","10","34259","0.0-10.0","BART_09","","{""explodeRounds"":92}","{""status"":""safe"",""rounds"":2,""roundMoney"":100,""totalMoney"":1450}"
"","BART","audio-button-response","11","36570","0.0-11.0","BART_10","","{""explodeRounds"":88}","{""status"":""safe"",""rounds"":2,""roundMoney"":100,""totalMoney"":1550}"
"","BART","audio-button-response","12","39691","0.0-12.0","BART_11","","{""explodeRounds"":83}","{""status"":""safe"",""rounds"":3,""roundMoney"":150,""totalMoney"":1700}"
"","BART","audio-button-response","13","50591","0.0-13.0","BART_12","","{""explodeRounds"":79}","{""status"":""safe"",""rounds"":13,""roundMoney"":650,""totalMoney"":2350}"
"","BART","audio-button-response","14","52266","0.0-14.0","BART_13","","{""explodeRounds"":75}","{""status"":""safe"",""rounds"":1,""roundMoney"":50,""totalMoney"":2400}"
"","BART","audio-button-response","15","62395","0.0-15.0","BART_14","","{""explodeRounds"":70}","{""status"":""safe"",""rounds"":12,""roundMoney"":600,""totalMoney"":3000}"
"","BART","audio-button-response","16","64004","0.0-16.0","BART_15","","{""explodeRounds"":66}","{""status"":""safe"",""rounds"":1,""roundMoney"":50,""totalMoney"":3050}"
"","BART","audio-button-response","17","68052","0.0-17.0","BART_16","","{""explodeRounds"":62}","{""status"":""safe"",""rounds"":4,""roundMoney"":200,""totalMoney"":3250}"
"","BART","audio-button-response","18","73574","0.0-18.0","BART_17","","{""explodeRounds"":57}","{""status"":""safe"",""rounds"":6,""roundMoney"":300,""totalMoney"":3550}"
"","BART","audio-button-response","19","74392","0.0-19.0","BART_18","","{""explodeRounds"":53}","{""status"":""safe"",""rounds"":0,""roundMoney"":0,""totalMoney"":3550}"
"","BART","audio-button-response","20","77495","0.0-20.0","BART_19","","{""explodeRounds"":49}","{""status"":""safe"",""rounds"":3,""roundMoney"":150,""totalMoney"":3700}"
"","BART","audio-button-response","21","80438","0.0-21.0","BART_20","","{""explodeRounds"":44}","{""status"":""safe"",""rounds"":3,""roundMoney"":150,""totalMoney"":3850}"
"","BART","audio-button-response","22","84284","0.0-22.0","BART_21","","{""explodeRounds"":40}","{""status"":""safe"",""rounds"":4,""roundMoney"":200,""totalMoney"":4050}"
"","BART","audio-button-response","23","85787","0.0-23.0","BART_22","","{""explodeRounds"":36}","{""status"":""safe"",""rounds"":1,""roundMoney"":50,""totalMoney"":4100}"
"","BART","audio-button-response","24","90192","0.0-24.0","BART_23","","{""explodeRounds"":31}","{""status"":""safe"",""rounds"":5,""roundMoney"":250,""totalMoney"":4350}"
"","BART","audio-button-response","25","91664","0.0-25.0","BART_24","","{""explodeRounds"":27}","{""status"":""safe"",""rounds"":1,""roundMoney"":50,""totalMoney"":4400}"
"","BART","audio-button-response","26","98772","0.0-26.0","BART_25","","{""explodeRounds"":23}","{""status"":""safe"",""rounds"":8,""roundMoney"":400,""totalMoney"":4800}"
"","BART","audio-button-response","27","99476","0.0-27.0","BART_26","","{""explodeRounds"":18}","{""status"":""safe"",""rounds"":0,""roundMoney"":0,""totalMoney"":4800}"
"","BART","audio-button-response","28","100234","0.0-28.0","BART_27","","{""explodeRounds"":14}","{""status"":""safe"",""rounds"":0,""roundMoney"":0,""totalMoney"":4800}"
"","BART","audio-button-response","29","103108","0.0-29.0","BART_28","","{""explodeRounds"":10}","{""status"":""safe"",""rounds"":3,""roundMoney"":150,""totalMoney"":4950}"
"","BART","audio-button-response","30","104526","0.0-30.0","BART_29","","{""explodeRounds"":5}","{""status"":""safe"",""rounds"":1,""roundMoney"":50,""totalMoney"":5000}"
"","BART","audio-button-response","31","105213","0.0-31.0","BART_30","","{""explodeRounds"":1}","{""status"":""explode"",""rounds"":1,""roundMoney"":0,""totalMoney"":5000}"
