"view_history","rt","trialid","procedure","trial_type","trial_index","time_elapsed","internal_node_id","stimulus","response"
"[{""page_index"":0,""viewing_time"":355}]","355","Instructions_01","EAR","instructions","165","145331","0.0-188.0","",""
"","794","EAR_01","EAR","survey-multi-choice-vertical","166","146127","0.0-189.0","{""Q0"":""Siento que soy una persona digna de aprecio, al menos en igual medida que los demás.""}","{""Q0"":"" De acuerdo""}"
"","769","EAR_02","EAR","survey-multi-choice-vertical","167","146899","0.0-190.0","{""Q0"":""Creo que tengo un buen número de cualidades.""}","{""Q0"":"" De acuerdo""}"
"","822","EAR_03","EAR","survey-multi-choice-vertical","168","147724","0.0-191.0","{""Q0"":""En general, me inclino a pensar que soy un/a fracasado/a.""}","{""Q0"":"" Muy de acuerdo""}"
"","966","EAR_04","EAR","survey-multi-choice-vertical","169","148693","0.0-192.0","{""Q0"":""Soy capaz de hacer las cosas tan bien como la mayoría de la gente.""}","{""Q0"":"" De acuerdo""}"
"","832","EAR_05","EAR","survey-multi-choice-vertical","170","149527","0.0-193.0","{""Q0"":""Siento que no tengo muchos motivos para sentirme orgulloso/a de mi.""}","{""Q0"":"" En desacuerdo""}"
"","847","EAR_06","EAR","survey-multi-choice-vertical","171","150379","0.0-194.0","{""Q0"":""Tengo una actitud positiva hacia mí mismo/a.""}","{""Q0"":"" De acuerdo""}"
"","823","EAR_07","EAR","survey-multi-choice-vertical","172","151207","0.0-195.0","{""Q0"":""En general, estoy satisfecho conmigo mismo/a.""}","{""Q0"":"" Muy de acuerdo""}"
"","781","EAR_08","EAR","survey-multi-choice-vertical","173","151992","0.0-196.0","{""Q0"":""Desearía valorarme más a mi mismo/a.""}","{""Q0"":"" En desacuerdo""}"
"","792","EAR_09","EAR","survey-multi-choice-vertical","174","152787","0.0-197.0","{""Q0"":""A veces me siento verdaderamente inútil.""}","{""Q0"":"" En desacuerdo""}"
"","772","EAR_10","EAR","survey-multi-choice-vertical","175","153561","0.0-198.0","{""Q0"":""A veces pienso que no soy bueno/a para nada.""}","{""Q0"":"" Muy en desacuerdo""}"
