"view_history","rt","trialid","procedure","trial_type","trial_index","time_elapsed","internal_node_id","stimulus","response","slider_start","question_order"
"[{""page_index"":0,""viewing_time"":308}]","308","Instructions_01","PRFBM","instructions","829","663924","0.0-833.0","","","",""
"","631","PRFBM_01","PRFBM","survey-multi-choice-vertical","830","664559","0.0-834.0","{""Q0"":""Imagina que estas embarazada, cerca de la fecha de parto, en buen estado de salud y tu bebé se desarrolla normalmente. Si pudieras elegir la modalidad de parto, preferirías que fuera:""}","{""Q0"":"" Parto vaginal (extracción del bebé por el canal vaginal en forma espontánea, con o sin intervenciones como anestesia)""}","",""
"","480.59999999962747","PRFBM_02","PRFBM","html-slider-response","831","665043","0.0-835.0-0.0","<div class=""justified"">¿Cuán fuerte es tu preferencia por el parto vaginal?</div></br>","58","50",""
"[{""page_index"":0,""viewing_time"":305}]","305","Instructions_02","PRFBM","instructions","832","665349","0.0-837.0","","","",""
"","1469.699999999255","PRFBM_04","PRFBM","survey-multi-choice","833","666823","0.0-838.0","","{""daño"":""De acuerdo"",""beneficio"":""En desacuerdo""}","","[0,1]"
"","1324.7000000011176","PRFBM_05","PRFBM","survey-multi-choice","834","668153","0.0-839.0","","{""daño"":""De acuerdo"",""beneficio"":""Muy en desacuerdo""}","","[1,0]"
"","1251.199999999255","PRFBM_06","PRFBM","survey-multi-choice","835","669407","0.0-840.0","","{""daño"":""Muy de acuerdo"",""beneficio"":""En desacuerdo""}","","[1,0]"
"","1273.699999999255","PRFBM_07","PRFBM","survey-multi-choice","836","670685","0.0-841.0","","{""daño"":""Parcialmente de acuerdo"",""beneficio"":""Muy en desacuerdo""}","","[1,0]"
