"rt","stimulus","slider_start","response","trialid","procedure","trial_type","trial_index","time_elapsed","internal_node_id"
"637.2000000011176","<div class=""justified"">Me preocupa que el dolor del parto sea demasiado intenso</div></br>","50","32","PSETPP_01","PSETPP","html-slider-response","413","325977","0.0-453.0"
"608.4000000003725","<div class=""justified"">Tengo miedo al parto</div></br>","50","74","PSETPP_02","PSETPP","html-slider-response","414","326588","0.0-454.0"
"580.2999999988824","<div class=""justified"">Me preocupa que el bebé pueda sufrir daño</div></br>","50","77","PSETPP_03","PSETPP","html-slider-response","415","327172","0.0-455.0"
"533.1999999992549","<div class=""justified"">Temo por complicaciones durante el trabajo de parto y parto</div></br>","50","56","PSETPP_04","PSETPP","html-slider-response","416","327708","0.0-456.0"
"572.4000000003725","<div class=""justified"">El parto es impredecible y riesgoso</div></br>","50","41","PSETPP_05","PSETPP","html-slider-response","417","328284","0.0-457.0"
