"view_history","rt","trialid","condition_between","procedure","trial_type","trial_index","time_elapsed","internal_node_id","condition_within","stimulus","response","slider_start"
"[{""page_index"":0,""viewing_time"":429},{""page_index"":1,""viewing_time"":553},{""page_index"":2,""viewing_time"":564}]","1546","Instructions_001","Text","FONDECYT2022E1","instructions","14","29040","0.0-18.0","","","",""
"[{""page_index"":0,""viewing_time"":518}]","518","FONDECYT2022E1_01_1","Text","FONDECYT2022E1","instructions","15","29559","0.0-19.0-0.0-0.0","highQuality_Cancer_una mujer","","",""
"","789.8000000044703","FONDECYT2022E1_02_1","Text","FONDECYT2022E1","survey-html-form","16","30351","0.0-19.0-1.0","highQuality_Cancer_una mujer","{""Q0"":null}","{""Q0"":""92""}",""
"","712","FONDECYT2022E1_03_1","Text","FONDECYT2022E1","survey-multi-choice-vertical","17","31066","0.0-19.0-2.0","highQuality_Cancer_una mujer","{""Q0"":""Has dicho que la probabilidad de NO tener un cáncer de mama si el resultado de la mamografía es negativo es del 92%.¿Recomendarias la mamografía como prueba de screening para detectar cáncer de mama a tu paciente?""}","{""Q0"":"" Si""}",""
"","735.2000000029802","FONDECYT2022E1_04_1","Text","FONDECYT2022E1","html-slider-response","18","31803","0.0-19.0-3.0","highQuality_Cancer_una mujer","<div class='justified'><HR><div style=""color:#424949; font-size:15px;"">Has dicho que la probabilidad de NO tener un cáncer de mama si el resultado de la mamografía es <B>negativo</B> es del 92%.</div><HR><BR>¿Con qué seguridad recomendarías a tu paciente la mamografía como prueba <u>de screening</u> para el cáncer de mama?</div></br>","43","50"
"","778","FONDECYT2022E1_05_1","Text","FONDECYT2022E1","survey-multi-choice-vertical","19","32584","0.0-19.0-4.0","highQuality_Cancer_una mujer","{""Q0"":""Imagina que tu paciente se realiza la mamografía y el resultado  es NEGATIVO.Dijiste que la probabilidad de NO tener un cáncer de mama si el resultado de la mamografía es negativo es del 92%.La prueba diagnóstica recomendada cuando hay sospecha de cáncer de mama es una biopsia del tejido mamario. Cuando se aplica, existe una probabilidad de infección del 1%, que puede acabar en una mastectomia.¿Le recomendarías la biopsia como prueba diagnóstica a tu paciente?""}","{""Q0"":"" Si""}",""
"","641.6000000014901","FONDECYT2022E1_06_1","Text","FONDECYT2022E1","html-slider-response","20","33227","0.0-19.0-5.0","highQuality_Cancer_una mujer","<div class='justified'><HR><div style=""color:#424949; font-size:15px;"">Dijiste que la probabilidad de NO tener un cáncer de mama si el resultado de la mamografía es <B>negativo</B> es del 92%.<BR><BR>Tu paciente recibió un resultado <B>negativo</B> en la mamografía.</div><HR><BR>¿Con qué seguridad le recomendarías la biopsia como prueba diagnóstica para el cáncer de mama?</div></br>","7","50"
"[{""page_index"":0,""viewing_time"":571}]","571","FONDECYT2022E1_01_2","Text","FONDECYT2022E1","instructions","21","33799","0.0-19.0-0.1-0.1","lowQuality_Cancer_una mujer","","",""
"","660","FONDECYT2022E1_02_2","Text","FONDECYT2022E1","survey-html-form","22","34461","0.0-19.0-1.1","lowQuality_Cancer_una mujer","{""Q0"":null}","{""Q0"":""48""}",""
"","753","FONDECYT2022E1_03_2","Text","FONDECYT2022E1","survey-multi-choice-vertical","23","35215","0.0-19.0-2.1","lowQuality_Cancer_una mujer","{""Q0"":""Has dicho que la probabilidad de  tener un cáncer de mama si el resultado de la mamografía es positivo es del 48%.¿Recomendarias la mamografía como prueba de screening para detectar cáncer de mama a tu paciente?""}","{""Q0"":"" No""}",""
"","741.8999999985099","FONDECYT2022E1_04_2","Text","FONDECYT2022E1","html-slider-response","24","35958","0.0-19.0-3.1","lowQuality_Cancer_una mujer","<div class='justified'><HR><div style=""color:#424949; font-size:15px;"">Has dicho que la probabilidad de  tener un cáncer de mama si el resultado de la mamografía es <B>positivo</B> es del 48%.</div><HR><BR>¿Con qué seguridad NO recomendarías a tu paciente la mamografía como prueba <u>de screening</u> para el cáncer de mama?</div></br>","69","50"
"","741","FONDECYT2022E1_05_2","Text","FONDECYT2022E1","survey-multi-choice-vertical","25","36701","0.0-19.0-4.1","lowQuality_Cancer_una mujer","{""Q0"":""Imagina que tu paciente se realiza la mamografía y el resultado  es POSITIVO.Dijiste que la probabilidad de  tener un cáncer de mama si el resultado de la mamografía es positivo es del 48%.La prueba diagnóstica recomendada cuando hay sospecha de cáncer de mama es una biopsia del tejido mamario. Cuando se aplica, existe una probabilidad de infección del 1%, que puede acabar en una mastectomia.¿Le recomendarías la biopsia como prueba diagnóstica a tu paciente?""}","{""Q0"":"" No""}",""
"","661.5999999940395","FONDECYT2022E1_06_2","Text","FONDECYT2022E1","html-slider-response","26","37365","0.0-19.0-5.1","lowQuality_Cancer_una mujer","<div class='justified'><HR><div style=""color:#424949; font-size:15px;"">Dijiste que la probabilidad de  tener un cáncer de mama si el resultado de la mamografía es <B>positivo</B> es del 48%.<BR><BR>Tu paciente recibió un resultado <B>positivo</B> en la mamografía.</div><HR><BR>¿Con qué seguridad NO le recomendarías la biopsia como prueba diagnóstica para el cáncer de mama?</div></br>","82","50"
"[{""page_index"":0,""viewing_time"":476}]","476","FONDECYT2022E1_01_3","Text","FONDECYT2022E1","instructions","27","37841","0.0-19.0-0.2-0.2","lowQuality_Stroke_un hombre","","",""
"","794.5","FONDECYT2022E1_02_3","Text","FONDECYT2022E1","survey-html-form","28","38637","0.0-19.0-1.2","lowQuality_Stroke_un hombre","{""Q0"":null}","{""Q0"":""46""}",""
"","750","FONDECYT2022E1_03_3","Text","FONDECYT2022E1","survey-multi-choice-vertical","29","39389","0.0-19.0-2.2","lowQuality_Stroke_un hombre","{""Q0"":""Has dicho que la probabilidad de NO tener un infarto cerebral si el resultado de la Resonancia Magnética de Difusión es negativo es del 46%.¿Recomendarias la Resonancia Magnética de Difusión como prueba diagnóstica para detectar infarto cerebral a tu paciente?""}","{""Q0"":"" Si""}",""
"","769.2999999970198","FONDECYT2022E1_04_3","Text","FONDECYT2022E1","html-slider-response","30","40160","0.0-19.0-3.2","lowQuality_Stroke_un hombre","<div class='justified'><HR><div style=""color:#424949; font-size:15px;"">Has dicho que la probabilidad de NO tener un infarto cerebral si el resultado de la Resonancia Magnética de Difusión es <B>negativo</B> es del 46%.</div><HR><BR>¿Con qué seguridad recomendarías a tu paciente la Resonancia Magnética de Difusión como prueba <u>diagnóstica</u> para el infarto cerebral?</div></br>","34","50"
"","815","FONDECYT2022E1_05_3","Text","FONDECYT2022E1","survey-multi-choice-vertical","31","40978","0.0-19.0-4.2","lowQuality_Stroke_un hombre","{""Q0"":""Imagina que tu paciente se realiza la Resonancia Magnética de Difusión y el resultado  es NEGATIVO.Dijiste que la probabilidad de NO tener un infarto cerebral si el resultado de la Resonancia Magnética de Difusión es negativo es del 46%.El tratamiento recomendado cuando hay sospecha de infarto cerebral es la trombolisis. Cuando se aplica, existe una probabilidad de hermorragia del 2%, que puede acabar en muerte.¿Le recomendarías la trombolisis como tratamiento a tu paciente?""}","{""Q0"":"" No""}",""
"","694.5","FONDECYT2022E1_06_3","Text","FONDECYT2022E1","html-slider-response","32","41673","0.0-19.0-5.2","lowQuality_Stroke_un hombre","<div class='justified'><HR><div style=""color:#424949; font-size:15px;"">Dijiste que la probabilidad de NO tener un infarto cerebral si el resultado de la Resonancia Magnética de Difusión es <B>negativo</B> es del 46%.<BR><BR>Tu paciente recibió un resultado <B>negativo</B> en la Resonancia Magnética de Difusión.</div><HR><BR>¿Con qué seguridad NO le recomendarías la trombolisis como tratamiento para el infarto cerebral?</div></br>","74","50"
"[{""page_index"":0,""viewing_time"":561}]","561","FONDECYT2022E1_01_4","Text","FONDECYT2022E1","instructions","33","42235","0.0-19.0-0.3-0.3","highQuality_Stroke_una mujer","","",""
"","797","FONDECYT2022E1_02_4","Text","FONDECYT2022E1","survey-html-form","34","43034","0.0-19.0-1.3","highQuality_Stroke_una mujer","{""Q0"":null}","{""Q0"":""39""}",""
"","855","FONDECYT2022E1_03_4","Text","FONDECYT2022E1","survey-multi-choice-vertical","35","43891","0.0-19.0-2.3","highQuality_Stroke_una mujer","{""Q0"":""Has dicho que la probabilidad de  tener un infarto cerebral si el resultado de la Resonancia Magnética de Difusión es positivo es del 39%.¿Recomendarias la Resonancia Magnética de Difusión como prueba diagnóstica para detectar infarto cerebral a tu paciente?""}","{""Q0"":"" Si""}",""
"","784.7999999970198","FONDECYT2022E1_04_4","Text","FONDECYT2022E1","html-slider-response","36","44677","0.0-19.0-3.3","highQuality_Stroke_una mujer","<div class='justified'><HR><div style=""color:#424949; font-size:15px;"">Has dicho que la probabilidad de  tener un infarto cerebral si el resultado de la Resonancia Magnética de Difusión es <B>positivo</B> es del 39%.</div><HR><BR>¿Con qué seguridad recomendarías a tu paciente la Resonancia Magnética de Difusión como prueba <u>diagnóstica</u> para el infarto cerebral?</div></br>","56","50"
"","832","FONDECYT2022E1_05_4","Text","FONDECYT2022E1","survey-multi-choice-vertical","37","45510","0.0-19.0-4.3","highQuality_Stroke_una mujer","{""Q0"":""Imagina que tu paciente se realiza la Resonancia Magnética de Difusión y el resultado  es POSITIVO.Dijiste que la probabilidad de  tener un infarto cerebral si el resultado de la Resonancia Magnética de Difusión es positivo es del 39%.El tratamiento recomendado cuando hay sospecha de infarto cerebral es la trombolisis. Cuando se aplica, existe una probabilidad de hermorragia del 2%, que puede acabar en muerte.¿Le recomendarías la trombolisis como tratamiento a tu paciente?""}","{""Q0"":"" Si""}",""
"","678.1000000014901","FONDECYT2022E1_06_4","Text","FONDECYT2022E1","html-slider-response","38","46190","0.0-19.0-5.3","highQuality_Stroke_una mujer","<div class='justified'><HR><div style=""color:#424949; font-size:15px;"">Dijiste que la probabilidad de  tener un infarto cerebral si el resultado de la Resonancia Magnética de Difusión es <B>positivo</B> es del 39%.<BR><BR>Tu paciente recibió un resultado <B>positivo</B> en la Resonancia Magnética de Difusión.</div><HR><BR>¿Con qué seguridad le recomendarías la trombolisis como tratamiento para el infarto cerebral?</div></br>","82","50"
