"view_history","rt","trialid","condition_between","procedure","trial_type","trial_index","time_elapsed","internal_node_id","condition_within","stimulus","response","slider_start"
"[{""page_index"":0,""viewing_time"":540},{""page_index"":1,""viewing_time"":545},{""page_index"":2,""viewing_time"":453}]","1538","Instructions_001","Text","FONDECYT2022E1","instructions","14","29187","0.0-18.0","","","",""
"[{""page_index"":0,""viewing_time"":446}]","446","FONDECYT2022E1_01_1","Text","FONDECYT2022E1","instructions","15","29634","0.0-19.0-0.0-0.0","lowQuality_Stroke_una mujer","","",""
"","709.3000000044703","FONDECYT2022E1_02_1","Text","FONDECYT2022E1","survey-html-form","16","30345","0.0-19.0-1.0","lowQuality_Stroke_una mujer","{""Q0"":null}","{""Q0"":""27""}",""
"","934","FONDECYT2022E1_03_1","Text","FONDECYT2022E1","survey-multi-choice-vertical","17","31281","0.0-19.0-2.0","lowQuality_Stroke_una mujer","{""Q0"":""Has dicho que la probabilidad de NO tener un infarto cerebral si el resultado de la Resonancia Magnética de Difusión es negativo es del 27%.¿Recomendarias la Resonancia Magnética de Difusión como prueba diagnóstica para detectar infarto cerebral a tu paciente?""}","{""Q0"":"" Si""}",""
"","666.5","FONDECYT2022E1_04_1","Text","FONDECYT2022E1","html-slider-response","18","31950","0.0-19.0-3.0","lowQuality_Stroke_una mujer","<div class='justified'><HR><div style=""color:#424949; font-size:15px;"">Has dicho que la probabilidad de NO tener un infarto cerebral si el resultado de la Resonancia Magnética de Difusión es <B>negativo</B> es del 27%.</div><HR><BR>¿Con qué seguridad recomendarías a tu paciente la Resonancia Magnética de Difusión como prueba <u>diagnóstica</u> para el infarto cerebral?</div></br>","49","50"
"","681","FONDECYT2022E1_05_1","Text","FONDECYT2022E1","survey-multi-choice-vertical","19","32634","0.0-19.0-4.0","lowQuality_Stroke_una mujer","{""Q0"":""Imagina que tu paciente se realiza la Resonancia Magnética de Difusión y el resultado  es NEGATIVO.Dijiste que la probabilidad de NO tener un infarto cerebral si el resultado de la Resonancia Magnética de Difusión es negativo es del 27%.El tratamiento recomendado cuando hay sospecha de infarto cerebral es la trombolisis. Cuando se aplica, existe una probabilidad de hermorragia del 2%, que puede acabar en muerte.¿Le recomendarías la trombolisis como tratamiento a tu paciente?""}","{""Q0"":"" Si""}",""
"","638.3999999985099","FONDECYT2022E1_06_1","Text","FONDECYT2022E1","html-slider-response","20","33274","0.0-19.0-5.0","lowQuality_Stroke_una mujer","<div class='justified'><HR><div style=""color:#424949; font-size:15px;"">Dijiste que la probabilidad de NO tener un infarto cerebral si el resultado de la Resonancia Magnética de Difusión es <B>negativo</B> es del 27%.<BR><BR>Tu paciente recibió un resultado <B>negativo</B> en la Resonancia Magnética de Difusión.</div><HR><BR>¿Con qué seguridad le recomendarías la trombolisis como tratamiento para el infarto cerebral?</div></br>","32","50"
"[{""page_index"":0,""viewing_time"":432}]","432","FONDECYT2022E1_01_2","Text","FONDECYT2022E1","instructions","21","33706","0.0-19.0-0.1-0.1","highQuality_Stroke_un hombre","","",""
"","708.7000000029802","FONDECYT2022E1_02_2","Text","FONDECYT2022E1","survey-html-form","22","34416","0.0-19.0-1.1","highQuality_Stroke_un hombre","{""Q0"":null}","{""Q0"":""69""}",""
"","771","FONDECYT2022E1_03_2","Text","FONDECYT2022E1","survey-multi-choice-vertical","23","35190","0.0-19.0-2.1","highQuality_Stroke_un hombre","{""Q0"":""Has dicho que la probabilidad de  tener un infarto cerebral si el resultado de la Resonancia Magnética de Difusión es positivo es del 69%.¿Recomendarias la Resonancia Magnética de Difusión como prueba diagnóstica para detectar infarto cerebral a tu paciente?""}","{""Q0"":"" Si""}",""
"","642.8000000044703","FONDECYT2022E1_04_2","Text","FONDECYT2022E1","html-slider-response","24","35834","0.0-19.0-3.1","highQuality_Stroke_un hombre","<div class='justified'><HR><div style=""color:#424949; font-size:15px;"">Has dicho que la probabilidad de  tener un infarto cerebral si el resultado de la Resonancia Magnética de Difusión es <B>positivo</B> es del 69%.</div><HR><BR>¿Con qué seguridad recomendarías a tu paciente la Resonancia Magnética de Difusión como prueba <u>diagnóstica</u> para el infarto cerebral?</div></br>","98","50"
"","726","FONDECYT2022E1_05_2","Text","FONDECYT2022E1","survey-multi-choice-vertical","25","36561","0.0-19.0-4.1","highQuality_Stroke_un hombre","{""Q0"":""Imagina que tu paciente se realiza la Resonancia Magnética de Difusión y el resultado  es POSITIVO.Dijiste que la probabilidad de  tener un infarto cerebral si el resultado de la Resonancia Magnética de Difusión es positivo es del 69%.El tratamiento recomendado cuando hay sospecha de infarto cerebral es la trombolisis. Cuando se aplica, existe una probabilidad de hermorragia del 2%, que puede acabar en muerte.¿Le recomendarías la trombolisis como tratamiento a tu paciente?""}","{""Q0"":"" Si""}",""
"","531.3000000044703","FONDECYT2022E1_06_2","Text","FONDECYT2022E1","html-slider-response","26","37094","0.0-19.0-5.1","highQuality_Stroke_un hombre","<div class='justified'><HR><div style=""color:#424949; font-size:15px;"">Dijiste que la probabilidad de  tener un infarto cerebral si el resultado de la Resonancia Magnética de Difusión es <B>positivo</B> es del 69%.<BR><BR>Tu paciente recibió un resultado <B>positivo</B> en la Resonancia Magnética de Difusión.</div><HR><BR>¿Con qué seguridad le recomendarías la trombolisis como tratamiento para el infarto cerebral?</div></br>","43","50"
"[{""page_index"":0,""viewing_time"":486}]","486","FONDECYT2022E1_01_3","Text","FONDECYT2022E1","instructions","27","37581","0.0-19.0-0.2-0.2","lowQuality_Cancer_una mujer","","",""
"","619.2999999970198","FONDECYT2022E1_02_3","Text","FONDECYT2022E1","survey-html-form","28","38201","0.0-19.0-1.2","lowQuality_Cancer_una mujer","{""Q0"":null}","{""Q0"":""48""}",""
"","834","FONDECYT2022E1_03_3","Text","FONDECYT2022E1","survey-multi-choice-vertical","29","39037","0.0-19.0-2.2","lowQuality_Cancer_una mujer","{""Q0"":""Has dicho que la probabilidad de  tener un cáncer de mama si el resultado de la mamografía es positivo es del 48%.¿Recomendarias la mamografía como prueba de screening para detectar cáncer de mama a tu paciente?""}","{""Q0"":"" No""}",""
"","716.3999999985099","FONDECYT2022E1_04_3","Text","FONDECYT2022E1","html-slider-response","30","39755","0.0-19.0-3.2","lowQuality_Cancer_una mujer","<div class='justified'><HR><div style=""color:#424949; font-size:15px;"">Has dicho que la probabilidad de  tener un cáncer de mama si el resultado de la mamografía es <B>positivo</B> es del 48%.</div><HR><BR>¿Con qué seguridad NO recomendarías a tu paciente la mamografía como prueba <u>de screening</u> para el cáncer de mama?</div></br>","100","50"
"","835","FONDECYT2022E1_05_3","Text","FONDECYT2022E1","survey-multi-choice-vertical","31","40592","0.0-19.0-4.2","lowQuality_Cancer_una mujer","{""Q0"":""Imagina que tu paciente se realiza la mamografía y el resultado  es POSITIVO.Dijiste que la probabilidad de  tener un cáncer de mama si el resultado de la mamografía es positivo es del 48%.La prueba diagnóstica recomendada cuando hay sospecha de cáncer de mama es una biopsia del tejido mamario. Cuando se aplica, existe una probabilidad de infección del 1%, que puede acabar en una mastectomia.¿Le recomendarías la biopsia como prueba diagnóstica a tu paciente?""}","{""Q0"":"" Si""}",""
"","648.5","FONDECYT2022E1_06_3","Text","FONDECYT2022E1","html-slider-response","32","41242","0.0-19.0-5.2","lowQuality_Cancer_una mujer","<div class='justified'><HR><div style=""color:#424949; font-size:15px;"">Dijiste que la probabilidad de  tener un cáncer de mama si el resultado de la mamografía es <B>positivo</B> es del 48%.<BR><BR>Tu paciente recibió un resultado <B>positivo</B> en la mamografía.</div><HR><BR>¿Con qué seguridad le recomendarías la biopsia como prueba diagnóstica para el cáncer de mama?</div></br>","77","50"
"[{""page_index"":0,""viewing_time"":562}]","562","FONDECYT2022E1_01_4","Text","FONDECYT2022E1","instructions","33","41805","0.0-19.0-0.3-0.3","highQuality_Cancer_una mujer","","",""
"","781.0999999940395","FONDECYT2022E1_02_4","Text","FONDECYT2022E1","survey-html-form","34","42588","0.0-19.0-1.3","highQuality_Cancer_una mujer","{""Q0"":null}","{""Q0"":""32""}",""
"","726","FONDECYT2022E1_03_4","Text","FONDECYT2022E1","survey-multi-choice-vertical","35","43317","0.0-19.0-2.3","highQuality_Cancer_una mujer","{""Q0"":""Has dicho que la probabilidad de NO tener un cáncer de mama si el resultado de la mamografía es negativo es del 32%.¿Recomendarias la mamografía como prueba de screening para detectar cáncer de mama a tu paciente?""}","{""Q0"":"" No""}",""
"","728.2000000029802","FONDECYT2022E1_04_4","Text","FONDECYT2022E1","html-slider-response","36","44047","0.0-19.0-3.3","highQuality_Cancer_una mujer","<div class='justified'><HR><div style=""color:#424949; font-size:15px;"">Has dicho que la probabilidad de NO tener un cáncer de mama si el resultado de la mamografía es <B>negativo</B> es del 32%.</div><HR><BR>¿Con qué seguridad NO recomendarías a tu paciente la mamografía como prueba <u>de screening</u> para el cáncer de mama?</div></br>","41","50"
"","943","FONDECYT2022E1_05_4","Text","FONDECYT2022E1","survey-multi-choice-vertical","37","44993","0.0-19.0-4.3","highQuality_Cancer_una mujer","{""Q0"":""Imagina que tu paciente se realiza la mamografía y el resultado  es NEGATIVO.Dijiste que la probabilidad de NO tener un cáncer de mama si el resultado de la mamografía es negativo es del 32%.La prueba diagnóstica recomendada cuando hay sospecha de cáncer de mama es una biopsia del tejido mamario. Cuando se aplica, existe una probabilidad de infección del 1%, que puede acabar en una mastectomia.¿Le recomendarías la biopsia como prueba diagnóstica a tu paciente?""}","{""Q0"":"" No""}",""
"","751.6999999955297","FONDECYT2022E1_06_4","Text","FONDECYT2022E1","html-slider-response","38","45746","0.0-19.0-5.3","highQuality_Cancer_una mujer","<div class='justified'><HR><div style=""color:#424949; font-size:15px;"">Dijiste que la probabilidad de NO tener un cáncer de mama si el resultado de la mamografía es <B>negativo</B> es del 32%.<BR><BR>Tu paciente recibió un resultado <B>negativo</B> en la mamografía.</div><HR><BR>¿Con qué seguridad NO le recomendarías la biopsia como prueba diagnóstica para el cáncer de mama?</div></br>","81","50"
