"rt","stimulus","slider_start","response","trialid","procedure","trial_type","trial_index","time_elapsed","internal_node_id"
"608.3999999985099","<div class=""justified"">Me preocupa que el dolor del parto sea demasiado intenso</div></br>","50","43","PSETPP_01","PSETPP","html-slider-response","413","325278","0.0-453.0"
"606.5999999996275","<div class=""justified"">Tengo miedo al parto</div></br>","50","34","PSETPP_02","PSETPP","html-slider-response","414","325887","0.0-454.0"
"540.5","<div class=""justified"">Me preocupa que el bebé pueda sufrir daño</div></br>","50","100","PSETPP_03","PSETPP","html-slider-response","415","326431","0.0-455.0"
"609.1000000014901","<div class=""justified"">Temo por complicaciones durante el trabajo de parto y parto</div></br>","50","39","PSETPP_04","PSETPP","html-slider-response","416","327042","0.0-456.0"
"522.8000000007451","<div class=""justified"">El parto es impredecible y riesgoso</div></br>","50","32","PSETPP_05","PSETPP","html-slider-response","417","327568","0.0-457.0"
