"view_history","rt","trialid","procedure","trial_type","trial_index","time_elapsed","internal_node_id","stimulus","response"
"[{""page_index"":0,""viewing_time"":442}]","442","Instructions_01","IEC","instructions","266","215639","0.0-297.0","",""
"","1087","IEC_01","IEC","survey-multi-choice-vertical","267","216732","0.0-298.0","{""Q0"":""1. El que yo llegue a ser un líder depende principalmente de mis habilidades.""}","{""Q0"":"" Moderadamente en desacuerdo.""}"
"","1075","IEC_02","IEC","survey-multi-choice-vertical","268","217812","0.0-299.0","{""Q0"":""2. Mi vida ha sido influenciada en gran medida por eventos inesperados.""}","{""Q0"":"" Moderadamente de acuerdo.""}"
"","1039","IEC_03","IEC","survey-multi-choice-vertical","269","218856","0.0-300.0","{""Q0"":""3. Yo siento que lo que pasa en mi vida está muy determinado por la gente que tiene poder (padres, jefes, políticos)""}","{""Q0"":"" Completamente de acuerdo.""}"
"","987","IEC_04","IEC","survey-multi-choice-vertical","270","219848","0.0-301.0","{""Q0"":""4. El hecho de tener un accidente cuando voy manejando, depende principalmente de mi mismo.""}","{""Q0"":"" Completamente en desacuerdo.""}"
"","976","IEC_05","IEC","survey-multi-choice-vertical","271","220829","0.0-302.0","{""Q0"":""5. Cuando hago planes, estoy casi seguro de que lo llevaré a cabo.""}","{""Q0"":"" Completamente de acuerdo.""}"
"","964","IEC_06","IEC","survey-multi-choice-vertical","272","221799","0.0-303.0","{""Q0"":""6. Ciertamente, a veces no puedo evitar tener mala suerte con mis asuntos personales.""}","{""Q0"":"" Moderadamente de acuerdo.""}"
"","1100","IEC_07","IEC","survey-multi-choice-vertical","273","222902","0.0-304.0","{""Q0"":""7. Como yo tengo buena suerte, siempre las cosas me salen bien.""}","{""Q0"":"" Ligeramente en desacuerdo.""}"
"","1025","IEC_08","IEC","survey-multi-choice-vertical","274","223931","0.0-305.0","{""Q0"":""8. A pesar de estar bien capacitado, no conseguiré un buen empleo a menos que alguien influyente me ayude.""}","{""Q0"":"" Moderadamente de acuerdo.""}"
"","1090","IEC_09","IEC","survey-multi-choice-vertical","275","225025","0.0-306.0","{""Q0"":""9. La cantidad de amigos que tengo está determinada por mi propia simpatía.""}","{""Q0"":"" Ligeramente de acuerdo.""}"
"","1005","IEC_10","IEC","survey-multi-choice-vertical","276","226037","0.0-307.0","{""Q0"":""10. He descubierto que si algo va a suceder, ello sucederá independientemente de lo que yo haga.""}","{""Q0"":"" Moderadamente de acuerdo.""}"
"","940","IEC_11","IEC","survey-multi-choice-vertical","277","226984","0.0-308.0","{""Q0"":""11. Yo creo que los ricos y políticos controlan mi vida de muchas maneras diferentes.""}","{""Q0"":"" Completamente en desacuerdo.""}"
"","1019","IEC_12","IEC","survey-multi-choice-vertical","278","228008","0.0-309.0","{""Q0"":""12. Si tengo un accidente automovilístico ello se debe a mi mala suerte.""}","{""Q0"":"" Moderadamente de acuerdo.""}"
"","962","IEC_13","IEC","survey-multi-choice-vertical","279","228973","0.0-310.0","{""Q0"":""13. La gente como yo tiene muy poca oportunidad de defender sus intereses personales cuando esos intereses entran en conflicto con los grupos poderosos (ricos, políticos).""}","{""Q0"":"" Moderadamente en desacuerdo.""}"
"","952","IEC_14","IEC","survey-multi-choice-vertical","280","229930","0.0-311.0","{""Q0"":""14. No siempre es apropiado para mí planear muy por adelantado porque de todas maneras muchas cosas resultan ser asunto de buena o mala suerte.""}","{""Q0"":"" Moderadamente de acuerdo.""}"
"","865","IEC_15","IEC","survey-multi-choice-vertical","281","230801","0.0-312.0","{""Q0"":""15. En este país, para uno lograr lo que quiere necesariamente tiene que halagar a alguien.""}","{""Q0"":"" Completamente de acuerdo.""}"
"","958","IEC_16","IEC","survey-multi-choice-vertical","282","231763","0.0-313.0","{""Q0"":""16. El que yo llegue a ser un líder dependerá de la suerte que yo tenga.""}","{""Q0"":"" Moderadamente en desacuerdo.""}"
"","929","IEC_17","IEC","survey-multi-choice-vertical","283","232697","0.0-314.0","{""Q0"":""17. Yo siento que la gente que tiene algún poder sobre mí (padres, familiares, jefes), trata de decidir lo que sucederá en mi vida.""}","{""Q0"":"" Moderadamente de acuerdo.""}"
"","981","IEC_18","IEC","survey-multi-choice-vertical","284","233684","0.0-315.0","{""Q0"":""18. En la mayoría de los casos yo puedo decidir lo que sucederá en mi vida.""}","{""Q0"":"" Moderadamente en desacuerdo.""}"
"","919","IEC_19","IEC","survey-multi-choice-vertical","285","234608","0.0-316.0","{""Q0"":""19. Normalmente soy capaz de defender mis intereses personales.""}","{""Q0"":"" Moderadamente de acuerdo.""}"
"","961","IEC_20","IEC","survey-multi-choice-vertical","286","235575","0.0-317.0","{""Q0"":""20. Si tengo un accidente cuando voy manejando, toda la culpa es del otro conductor.""}","{""Q0"":"" Completamente de acuerdo.""}"
"","916","IEC_21","IEC","survey-multi-choice-vertical","287","236497","0.0-318.0","{""Q0"":""21. Cuando logro lo que quiero es porque he trabajado mucho en ello.""}","{""Q0"":"" Completamente en desacuerdo.""}"
"","979","IEC_22","IEC","survey-multi-choice-vertical","288","237480","0.0-319.0","{""Q0"":""22. Cuando quiero que mis planes me salgan bien, los preparo de manera que le den en el gusto a la gente que tiene influencia sobre mi (padres, jefes, etc.).""}","{""Q0"":"" Completamente en desacuerdo.""}"
"","1161","IEC_23","IEC","survey-multi-choice-vertical","289","238651","0.0-320.0","{""Q0"":""23. Mi vida está determinada por mis propias acciones.""}","{""Q0"":"" Ligeramente de acuerdo.""}"
"","1022","IEC_24","IEC","survey-multi-choice-vertical","290","239678","0.0-321.0","{""Q0"":""24. Tener pocos o muchos amigos depende del destino de cada uno.""}","{""Q0"":"" Ligeramente en desacuerdo.""}"
