"view_history","rt","trialid","procedure","trial_type","trial_index","time_elapsed","internal_node_id","stimulus","response"
"[{""page_index"":0,""viewing_time"":337}]","337","Instructions_01","bRCOPE","instructions","15","23505","0.0-26.0","",""
"","1010","bRCOPE_01","bRCOPE","survey-multi-choice-horizontal","16","24518","0.0-27.0","{""Q0"":""1. Supongo que mi Iglesia por momentos me abandona.""}","{""Q0"":""Casi\n Nunca""}"
"","989","bRCOPE_02","bRCOPE","survey-multi-choice-horizontal","17","25511","0.0-28.0","{""Q0"":""2. Trato de comprender que Dios me fortalece a través de ciertas situaciones.""}","{""Q0"":""Siempre""}"
"","967","bRCOPE_03","bRCOPE","survey-multi-choice-horizontal","18","26483","0.0-29.0","{""Q0"":""3. Pongo en entredicho el poder de Dios.""}","{""Q0"":""A veces""}"
"","933","bRCOPE_04","bRCOPE","survey-multi-choice-horizontal","19","27419","0.0-30.0","{""Q0"":""4. Junto con Dios, intento llevar a cabo mis planes.""}","{""Q0"":""Nunca""}"
"","1032","bRCOPE_05","bRCOPE","survey-multi-choice-horizontal","20","28454","0.0-31.0","{""Q0"":""5. Busco la ayuda de Dios, para olvidar mi enojo.""}","{""Q0"":""Nunca""}"
"","997","bRCOPE_06","bRCOPE","survey-multi-choice-horizontal","21","29454","0.0-32.0","{""Q0"":""6. Busco el amor y el cuidado de Dios.""}","{""Q0"":""Siempre""}"
"","1024","bRCOPE_07","bRCOPE","survey-multi-choice-horizontal","22","30481","0.0-33.0","{""Q0"":""7. Pido perdón por mis pecados.""}","{""Q0"":""A veces""}"
"","978","bRCOPE_08","bRCOPE","survey-multi-choice-horizontal","23","31462","0.0-34.0","{""Q0"":""8. Me siento castigado por Dios por mi falta de devoción.""}","{""Q0"":""Siempre""}"
"","937","bRCOPE_09","bRCOPE","survey-multi-choice-horizontal","24","32401","0.0-35.0","{""Q0"":""9. Pongo en duda el amor que Dios siente por mí.""}","{""Q0"":""Casi\n Siempre""}"
"","943","bRCOPE_10","bRCOPE","survey-multi-choice-horizontal","25","33349","0.0-36.0","{""Q0"":""10. Me enfoco en mi religión para dejar de preocuparme por mis problemas.""}","{""Q0"":""Siempre""}"
"","969","bRCOPE_11","bRCOPE","survey-multi-choice-horizontal","26","34321","0.0-37.0","{""Q0"":""11. Me pregunto qué pude haber hecho para que Dios me castigue de esa manera.""}","{""Q0"":""Nunca""}"
"","951","bRCOPE_12","bRCOPE","survey-multi-choice-horizontal","27","35275","0.0-38.0","{""Q0"":""12. Me he preguntado si Dios me ha abandonado.""}","{""Q0"":""Siempre""}"
"","900","bRCOPE_13","bRCOPE","survey-multi-choice-horizontal","28","36179","0.0-39.0","{""Q0"":""13. Me siento convencido que el demonio hace que las cosas pasen.""}","{""Q0"":""Casi\n Nunca""}"
"","1025","bRCOPE_14","bRCOPE","survey-multi-choice-horizontal","29","37205","0.0-40.0","{""Q0"":""14. Busco la cercanía de Dios.""}","{""Q0"":""Siempre""}"
