"view_history","rt","trialid","procedure","trial_type","trial_index","time_elapsed","internal_node_id","stimulus","button_pressed"
"[{""page_index"":0,""viewing_time"":369},{""page_index"":1,""viewing_time"":450},{""page_index"":2,""viewing_time"":416}]","1235","Instructions_01","INFCONS","instructions","872","601755","0.0-859.0","",""
"","308.40000000037253","INFCONS_01","INFCONS","image-button-response","873","602067","0.0-860.0","media/img/Baby_respiratorios_VC.png","0"
"","310.7999999988824","INFCONS_02","INFCONS","image-button-response","874","602380","0.0-861.0","media/img/Baby_cerebro_VC.png","0"
"","351.69999999925494","INFCONS_03","INFCONS","image-button-response","875","602734","0.0-862.0","media/img/Baby_UCI_VC.png","0"
"","351.30000000074506","INFCONS_04","INFCONS","image-button-response","876","603088","0.0-863.0","media/img/Baby_lactancia_VC.png","0"
"[{""page_index"":0,""viewing_time"":356}]","356","Instructions_02","INFCONS","instructions","877","603444","0.0-864.0","",""
"","333.90000000037253","INFCONS_05","INFCONS","image-button-response","878","603781","0.0-865.0","media/img/Mother_anestesia_VC.png","0"
"","330.69999999925494","INFCONS_06","INFCONS","image-button-response","879","604113","0.0-866.0","media/img/Mother_paro_VC.png","0"
"","296.19999999925494","INFCONS_07","INFCONS","image-button-response","880","604411","0.0-867.0","media/img/Mother_histerectomia_VC.png","0"
"","390.90000000037253","INFCONS_08","INFCONS","image-button-response","881","604804","0.0-868.0","media/img/Mother_infeccion_VC.png","0"
"","367.5","INFCONS_09","INFCONS","image-button-response","882","605174","0.0-869.0","media/img/Mother_lesion_VC.png","0"
"","328.90000000037253","INFCONS_10","INFCONS","image-button-response","883","605504","0.0-870.0","media/img/Mother_UCI_VC.png","0"
"","349.90000000037253","INFCONS_11","INFCONS","image-button-response","884","605857","0.0-871.0","media/img/Mother_depresion_VC.png","0"
