"view_history","rt","trialid","procedure","trial_type","trial_index","time_elapsed","internal_node_id","stimulus","response"
"[{""page_index"":0,""viewing_time"":326}]","326","Instructions_01","SCSORF","instructions","609","526845","0.0-663.0","",""
"","730","SCSORF_01","SCSORF","survey-multi-choice-vertical","610","527580","0.0-664.0","{""Q0"":""1. Mi fe religiosa es extremadamente importante para mí.""}","{""Q0"":"" Fuertemente en desacuerdo""}"
"","763","SCSORF_02","SCSORF","survey-multi-choice-vertical","611","528349","0.0-665.0","{""Q0"":""2. Rezo a diario.""}","{""Q0"":"" Fuertemente en desacuerdo""}"
"","734","SCSORF_03","SCSORF","survey-multi-choice-vertical","612","529088","0.0-666.0","{""Q0"":""3. Considero mi fe una fuente de inspiración""}","{""Q0"":"" En desacuerdo""}"
"","773","SCSORF_04","SCSORF","survey-multi-choice-vertical","613","529866","0.0-667.0","{""Q0"":""4. Considero que mi fe le otorga significado y propósito a mi vida.""}","{""Q0"":"" En desacuerdo""}"
"","700","SCSORF_05","SCSORF","survey-multi-choice-vertical","614","530572","0.0-668.0","{""Q0"":""5. Me considero activo/a en mi fe o iglesia.""}","{""Q0"":"" Fuertemente en desacuerdo""}"
"","727","SCSORF_06","SCSORF","survey-multi-choice-vertical","615","531303","0.0-669.0","{""Q0"":""6. Mi fe es una parte importante de quien soy como persona.""}","{""Q0"":"" En desacuerdo""}"
"","714","SCSORF_07","SCSORF","survey-multi-choice-vertical","616","532022","0.0-670.0","{""Q0"":""7. Mi relación con Dios es extremadamente importante para mí.""}","{""Q0"":"" De acuerdo""}"
"","711","SCSORF_08","SCSORF","survey-multi-choice-vertical","617","532738","0.0-671.0","{""Q0"":""8. Disfruto estando alrededor de otras personas que comparten mi fe.""}","{""Q0"":"" En desacuerdo""}"
"","755","SCSORF_09","SCSORF","survey-multi-choice-vertical","618","533498","0.0-672.0","{""Q0"":""9. Veo mi fe como una fuente de comodidad.""}","{""Q0"":"" Fuertemente en desacuerdo""}"
"","676","SCSORF_10","SCSORF","survey-multi-choice-vertical","619","534180","0.0-673.0","{""Q0"":""10. Mi fe impacta muchas de mis decisiones.""}","{""Q0"":"" De acuerdo""}"
