"rt","stimulus","slider_start","response","trialid","procedure","trial_type","trial_index","time_elapsed","internal_node_id"
"517.5999999996275","<div class=""justified"">Yo preferiría un parto por cesárea para evitar el dolor del parto</div></br>","50","77","PSPPC_01","PSPPC","html-slider-response","420","421834","0.0-460.0"
"485.80000000074506","<div class=""justified"">Creo que la mujer tiene derecho a elegir una cesárea aunque no hayan indicaciones médicas para hacerla</div></br>","50","56","PSPPC_02","PSPPC","html-slider-response","421","422322","0.0-461.0"
"491.8999999985099","<div class=""justified"">El procedimiento quirúrgico involucrado en un parto por cesárea no me preocupa</div></br>","50","41","PSPPC_03","PSPPC","html-slider-response","422","422816","0.0-462.0"
"527.4000000003725","<div class=""justified"">Tener bebés por cesárea es menos vergonzoso que tenerlos por vía vaginal</div></br>","50","100","PSPPC_04","PSPPC","html-slider-response","423","423345","0.0-463.0"
"538.3000000007451","<div class=""justified"">Considero que el parto vaginal es un método obsoleto de parto</div></br>","50","10","PSPPC_05","PSPPC","html-slider-response","424","423886","0.0-464.0"
"522.8999999985099","<div class=""justified"">El parto requiere de atención o asistencia médica incluso en embarazos sin complicaciones</div></br>","50","82","PSPPC_06","PSPPC","html-slider-response","425","424411","0.0-465.0"
