"success","procedure","trial_type","trial_index","time_elapsed","internal_node_id","trialid","rt","stimulus","response"
"true","BART","fullscreen","1","389","0.0-1.0-0.0","","","",""
"","BART","audio-button-response","2","14001","0.0-2.0","BART_01","","{""explodeRounds"":128}","{""status"":""safe"",""rounds"":13,""roundMoney"":650,""totalMoney"":650}"
"","BART","audio-button-response","3","15609","0.0-3.0","BART_02","","{""explodeRounds"":122}","{""status"":""safe"",""rounds"":1,""roundMoney"":50,""totalMoney"":700}"
"","BART","audio-button-response","4","20725","0.0-4.0","BART_03","","{""explodeRounds"":118}","{""status"":""safe"",""rounds"":6,""roundMoney"":300,""totalMoney"":1000}"
"","BART","audio-button-response","5","24111","0.0-5.0","BART_04","","{""explodeRounds"":114}","{""status"":""safe"",""rounds"":4,""roundMoney"":200,""totalMoney"":1200}"
"","BART","audio-button-response","6","24780","0.0-6.0","BART_05","","{""explodeRounds"":109}","{""status"":""safe"",""rounds"":0,""roundMoney"":0,""totalMoney"":1200}"
"","BART","audio-button-response","7","28177","0.0-7.0","BART_06","","{""explodeRounds"":105}","{""status"":""safe"",""rounds"":4,""roundMoney"":200,""totalMoney"":1400}"
"","BART","audio-button-response","8","30300","0.0-8.0","BART_07","","{""explodeRounds"":101}","{""status"":""safe"",""rounds"":2,""roundMoney"":100,""totalMoney"":1500}"
"","BART","audio-button-response","9","38116","0.0-9.0","BART_08","","{""explodeRounds"":96}","{""status"":""safe"",""rounds"":11,""roundMoney"":550,""totalMoney"":2050}"
"","BART","audio-button-response","10","45377","0.0-10.0","BART_09","","{""explodeRounds"":92}","{""status"":""safe"",""rounds"":10,""roundMoney"":500,""totalMoney"":2550}"
"","BART","audio-button-response","11","46708","0.0-11.0","BART_10","","{""explodeRounds"":88}","{""status"":""safe"",""rounds"":1,""roundMoney"":50,""totalMoney"":2600}"
"","BART","audio-button-response","12","51450","0.0-12.0","BART_11","","{""explodeRounds"":83}","{""status"":""safe"",""rounds"":6,""roundMoney"":300,""totalMoney"":2900}"
"","BART","audio-button-response","13","55188","0.0-13.0","BART_12","","{""explodeRounds"":79}","{""status"":""safe"",""rounds"":4,""roundMoney"":200,""totalMoney"":3100}"
"","BART","audio-button-response","14","56646","0.0-14.0","BART_13","","{""explodeRounds"":75}","{""status"":""safe"",""rounds"":1,""roundMoney"":50,""totalMoney"":3150}"
"","BART","audio-button-response","15","59997","0.0-15.0","BART_14","","{""explodeRounds"":70}","{""status"":""safe"",""rounds"":4,""roundMoney"":200,""totalMoney"":3350}"
"","BART","audio-button-response","16","62230","0.0-16.0","BART_15","","{""explodeRounds"":66}","{""status"":""safe"",""rounds"":2,""roundMoney"":100,""totalMoney"":3450}"
"","BART","audio-button-response","17","64832","0.0-17.0","BART_16","","{""explodeRounds"":62}","{""status"":""safe"",""rounds"":3,""roundMoney"":150,""totalMoney"":3600}"
"","BART","audio-button-response","18","67657","0.0-18.0","BART_17","","{""explodeRounds"":57}","{""status"":""safe"",""rounds"":3,""roundMoney"":150,""totalMoney"":3750}"
"","BART","audio-button-response","19","69311","0.0-19.0","BART_18","","{""explodeRounds"":53}","{""status"":""safe"",""rounds"":1,""roundMoney"":50,""totalMoney"":3800}"
"","BART","audio-button-response","20","70041","0.0-20.0","BART_19","","{""explodeRounds"":49}","{""status"":""safe"",""rounds"":0,""roundMoney"":0,""totalMoney"":3800}"
"","BART","audio-button-response","21","70728","0.0-21.0","BART_20","","{""explodeRounds"":44}","{""status"":""safe"",""rounds"":0,""roundMoney"":0,""totalMoney"":3800}"
"","BART","audio-button-response","22","73320","0.0-22.0","BART_21","","{""explodeRounds"":40}","{""status"":""safe"",""rounds"":3,""roundMoney"":150,""totalMoney"":3950}"
"","BART","audio-button-response","23","74810","0.0-23.0","BART_22","","{""explodeRounds"":36}","{""status"":""safe"",""rounds"":1,""roundMoney"":50,""totalMoney"":4000}"
"","BART","audio-button-response","24","79455","0.0-24.0","BART_23","","{""explodeRounds"":31}","{""status"":""safe"",""rounds"":6,""roundMoney"":300,""totalMoney"":4300}"
"","BART","audio-button-response","25","83315","0.0-25.0","BART_24","","{""explodeRounds"":27}","{""status"":""safe"",""rounds"":5,""roundMoney"":250,""totalMoney"":4550}"
"","BART","audio-button-response","26","85377","0.0-26.0","BART_25","","{""explodeRounds"":23}","{""status"":""safe"",""rounds"":2,""roundMoney"":100,""totalMoney"":4650}"
"","BART","audio-button-response","27","89820","0.0-27.0","BART_26","","{""explodeRounds"":18}","{""status"":""safe"",""rounds"":6,""roundMoney"":300,""totalMoney"":4950}"
"","BART","audio-button-response","28","91865","0.0-28.0","BART_27","","{""explodeRounds"":14}","{""status"":""safe"",""rounds"":2,""roundMoney"":100,""totalMoney"":5050}"
"","BART","audio-button-response","29","94522","0.0-29.0","BART_28","","{""explodeRounds"":10}","{""status"":""safe"",""rounds"":3,""roundMoney"":150,""totalMoney"":5200}"
"","BART","audio-button-response","30","96679","0.0-30.0","BART_29","","{""explodeRounds"":5}","{""status"":""safe"",""rounds"":2,""roundMoney"":100,""totalMoney"":5300}"
"","BART","audio-button-response","31","97586","0.0-31.0","BART_30","","{""explodeRounds"":1}","{""status"":""safe"",""rounds"":0,""roundMoney"":0,""totalMoney"":5300}"
