"view_history","rt","trialid","procedure","trial_type","trial_index","time_elapsed","internal_node_id","stimulus","response"
"[{""page_index"":0,""viewing_time"":342}]","342","Instructions_01","IBT","instructions","240","196801","0.0-268.0","",""
"","993","IBT_01","IBT","survey-multi-choice-horizontal","241","197799","0.0-269.0","{""Q0"":""A menudo compro cosas de manera espontánea.""}","{""Q0"":""En desacuerdo""}"
"","975","IBT_02","IBT","survey-multi-choice-horizontal","242","198779","0.0-270.0","{""Q0"":""“Ya mismo” describe la forma en que compro las cosas.""}","{""Q0"":""Muy de acuerdo""}"
"","916","IBT_03","IBT","survey-multi-choice-horizontal","243","199699","0.0-271.0","{""Q0"":""A menudo compro cosas sin pensar.""}","{""Q0"":""Neutral""}"
"","885","IBT_04","IBT","survey-multi-choice-horizontal","244","200589","0.0-272.0","{""Q0"":""Si veo algo que quiero, lo compro.""}","{""Q0"":""Muy en desacuerdo""}"
"","1079","IBT_05","IBT","survey-multi-choice-horizontal","245","201674","0.0-273.0","{""Q0"":""“Compro primero y pienso después” me describe bien.""}","{""Q0"":""Muy en desacuerdo""}"
"","969","IBT_06","IBT","survey-multi-choice-horizontal","246","202650","0.0-274.0","{""Q0"":""Algunas veces soy un poco insensato (irracional, ilógico) comprando.""}","{""Q0"":""Muy de acuerdo""}"
"","1008","IBT_07","IBT","survey-multi-choice-horizontal","247","203665","0.0-275.0","{""Q0"":""Compro cosas según cómo me siento en el momento.""}","{""Q0"":""Neutral""}"
"","1020","IBT_08","IBT","survey-multi-choice-horizontal","248","204690","0.0-276.0","{""Q0"":""Planifico cuidadosamente la mayoría de las compras.""}","{""Q0"":""Muy de acuerdo""}"
"","984","IBT_09","IBT","survey-multi-choice-horizontal","249","205681","0.0-277.0","{""Q0"":""Algunas veces soy un poco imprudente con lo que compro.""}","{""Q0"":""De acuerdo""}"
