"view_history","rt","trialid","procedure","trial_type","trial_index","time_elapsed","internal_node_id","stimulus","slider_start","response"
"[{""page_index"":0,""viewing_time"":320}]","320","Instructions_01","SBS","instructions","597","431180","0.0-650.0","","",""
"","506.80000000074506","SBS_01","SBS","html-slider-response","598","431690","0.0-651.0","<div class='justified'>1. Existe un Dios todopoderoso, omnisciente y amoroso.</div></br>","0","3"
"","480.69999999925494","SBS_02","SBS","html-slider-response","599","432173","0.0-652.0","<div class='justified'>2. Existe un ser espiritual espiritual maligno, a quien podríamos llamar el Diablo.</div></br>","0","-4"
"","473.40000000037253","SBS_03","SBS","html-slider-response","600","432648","0.0-653.0","<div class='justified'>3. Existen buenos seres espirituales personales, a quienes podríamos llamar ángeles.</div></br>","0","1"
"","470.69999999925494","SBS_04","SBS","html-slider-response","601","433120","0.0-654.0","<div class='justified'>4. Existen seres espirituales personales malvados, a quienes podríamos llamar demonios.</div></br>","0","3"
"","714.8000000007451","SBS_05","SBS","html-slider-response","602","433837","0.0-655.0","<div class='justified'>5. Los seres humanos tienen almas inmateriales e inmortales.</div></br>","0","-4"
"","470","SBS_06","SBS","html-slider-response","603","434309","0.0-656.0","<div class='justified'>6. Hay un reino espiritual además del físico.</div></br>","0","4"
"","484.09999999962747","SBS_07","SBS","html-slider-response","604","434795","0.0-657.0","<div class='justified'>7. Algunas personas irán al cielo cuando mueran.</div></br>","0","3"
"","489.09999999962747","SBS_08","SBS","html-slider-response","605","435286","0.0-658.0","<div class='justified'>8. Algunas personas irán al infierno cuando mueran.</div></br>","0","-2"
"","515.8000000007451","SBS_09","SBS","html-slider-response","606","435804","0.0-659.0","<div class='justified'>9. Los milagros, eventos divinamente causados que no tienen una explicación natural, pueden suceder y lo hacen.</div></br>","0","3"
"","515","SBS_10","SBS","html-slider-response","607","436321","0.0-660.0","<div class='justified'>10. Hay individuos que son mensajeros de Dios y / o pueden prever el futuro.</div></br>","0","3"
