"view_history","rt","trialid","procedure","trial_type","trial_index","time_elapsed","internal_node_id","stimulus","slider_start","response"
"[{""page_index"":0,""viewing_time"":315}]","316","Instructions_01","OTRASRELIG","instructions","375","386029","0.0-410.0","","",""
"","510.30000000074506","OTRASRELIG_01","OTRASRELIG","html-slider-response","376","386542","0.0-411.0","<div class=""justified"">¿Qué tan importante considera que es Dios en su vida? </div></br>","3","10"
"","575","OTRASRELIG_02","OTRASRELIG","survey-multi-choice-vertical","377","387120","0.0-412.0","{""Q0"":""¿Cree usted en Dios?""}","","{""Q0"":"" Sí""}"
"","554","OTRASRELIG_03","OTRASRELIG","survey-multi-choice-vertical","378","387677","0.0-413.0","{""Q0"":""¿Cree usted en la vida después de la muerte?""}","","{""Q0"":"" No""}"
"","586","OTRASRELIG_04","OTRASRELIG","survey-multi-choice-vertical","379","388266","0.0-414.0","{""Q0"":""¿Cree usted en el Infierno?""}","","{""Q0"":"" No""}"
"","580","OTRASRELIG_05","OTRASRELIG","survey-multi-choice-vertical","380","388849","0.0-415.0","{""Q0"":""¿Cree usted en el Cielo?""}","","{""Q0"":"" Sí""}"
"","796","OTRASRELIG_06","OTRASRELIG","survey-multi-choice-vertical","381","389650","0.0-416.0","{""Q0"":""Fui criado(a)""}","","{""Q0"":"" Religioso(a), Judío(a)""}"
"","805","OTRASRELIG_08","OTRASRELIG","survey-multi-choice-vertical","382","390459","0.0-418.0","{""Q0"":""¿Cuál de los siguientes corresponde a su preferencia y/o afiliación religiosa?""}","","{""Q0"":"" Protestante (evangélico(a))""}"
"","801","OTRASRELIG_10","OTRASRELIG","survey-multi-choice-vertical","383","391265","0.0-420.0","{""Q0"":""¿Su familia y/o amigos pertenecen a su mismo grupo religioso?""}","","{""Q0"":"" La gran mayoría""}"
"","1002","OTRASRELIG_11","OTRASRELIG","survey-multi-choice-vertical","384","392275","0.0-421.0","{""Q0"":""Sin considerar matrimonios y funerales, y sin considerar el periodo de pandemia, ¿qué tan seguido asiste a servicios religiosos?""}","","{""Q0"":"" Una vez al año""}"
