"rt","stimulus","button_pressed","trialid","procedure","trial_type","trial_index","time_elapsed","internal_node_id","response"
"380.30000000074506","<div style=""max-width:600px;""><p>Descripcion de la tarea e instrucciones. ....</p></div>","0","Instructions_01","ESM","html-button-response","189","159849","0.0-214.0",""
"761","{""Q0"":""¿Cómo está su memoria en comparación a como estaba 10 años atrás?""}","","ESM_01","ESM","survey-multi-choice-vertical","190","160612","0.0-215.0","{""Q0"":""Mejor""}"
"777","{""Q0"":""¿Siente que le cuesta más recordar las cosas de lo que le costaba hace un año atrás?""}","","ESM_02","ESM","survey-multi-choice-vertical","191","161393","0.0-216.0","{""Q0"":""No""}"
"838","{""Q0"":""¿Cómo está su capacidad para recordar los nombres de personas cercanas o familiares?""}","","ESM_03","ESM","survey-multi-choice-vertical","192","162235","0.0-217.0","{""Q0"":""Muy Buena""}"
"692","{""Q0"":""¿Siente usted que su memoria está peor que antes?""}","","ESM_04","ESM","survey-multi-choice-vertical","193","162931","0.0-218.0","{""Q0"":""No se""}"
"717","{""Q0"":""¿Siente que se está olvidando donde deja las cosas?""}","","ESM_05","ESM","survey-multi-choice-vertical","194","163651","0.0-219.0","{""Q0"":""No""}"
"789","{""Q0"":""¿Tiene más dificultades que antes de encontrar las palabras necesarias para tener una conversación?""}","","ESM_06","ESM","survey-multi-choice-vertical","195","164444","0.0-220.0","{""Q0"":""Si""}"
"852","{""Q0"":""¿Cómo está su capacidad para recordar compromisos importantes?""}","","ESM_07","ESM","survey-multi-choice-vertical","196","165300","0.0-221.0","{""Q0"":""Buena""}"
"739","{""Q0"":""¿Tiene dificultades para recordar cosas que han pasado recientemente?""}","","ESM_08","ESM","survey-multi-choice-vertical","197","166041","0.0-222.0","{""Q0"":""Si""}"
"786","{""Q0"":""¿Tiende a olvidar las cosas que le dijeron ayer o hace pocos días atrás?""}","","ESM_09","ESM","survey-multi-choice-vertical","198","166832","0.0-223.0","{""Q0"":""No""}"
"794","{""Q0"":""¿Le ha pasado que comienza a hacer algo pero se le olvida lo que estaba haciendo?""}","","ESM_10","ESM","survey-multi-choice-vertical","199","167631","0.0-224.0","{""Q0"":""Si""}"
"731","{""Q0"":""¿Le ha pasado que entra a una pieza a buscar o hacer algo y se le olvida lo que era?""}","","ESM_11","ESM","survey-multi-choice-vertical","200","168364","0.0-225.0","{""Q0"":""Si""}"
