"view_history","rt","trialid","procedure","trial_type","trial_index","time_elapsed","internal_node_id","stimulus","button_pressed","condition_within","slider_start","response"
"[{""page_index"":0,""viewing_time"":317}]","317","Instructions_01","HRPVB","instructions","757","530519","0.0-819.0","","","","",""
"[{""page_index"":0,""viewing_time"":294}]","295","Instructions_02","HRPVB","instructions","758","530815","0.0-820.0","","","","",""
"","371.59999999962747","HRPVB_04_00","HRPVB","html-button-response","759","531190","0.0-821.0-0.0","Dificultades para inicio temprano de lactancia materna","0","Dificultades para inicio temprano de lactancia materna","",""
"","476.90000000037253","HRPVB_04_02","HRPVB","html-slider-response","760","531670","0.0-821.0-1.0","vaginal","","Dificultades para inicio temprano de lactancia materna; vaginal","50","54.6"
"","490","HRPVB_04_01","HRPVB","html-slider-response","761","532162","0.0-821.0-2.0","cesarea","","Dificultades para inicio temprano de lactancia materna; cesarea","50","52.9"
"","315.59999999962747","HRPVB_02_00","HRPVB","html-button-response","762","532479","0.0-821.0-0.1","Lesión en el cerebro del bebe por falta de oxígeno","0","Lesión en el cerebro del bebe por falta de oxígeno","",""
"","486.19999999925494","HRPVB_02_02","HRPVB","html-slider-response","763","532967","0.0-821.0-1.1","vaginal","","Lesión en el cerebro del bebe por falta de oxígeno; vaginal","50","51.2"
"","495.90000000037253","HRPVB_02_01","HRPVB","html-slider-response","764","533465","0.0-821.0-2.1","cesarea","","Lesión en el cerebro del bebe por falta de oxígeno; cesarea","50","48.2"
"","322.90000000037253","HRPVB_03_00","HRPVB","html-button-response","765","533789","0.0-821.0-0.2","Hospitalización en cuidados intensivos neonatales","0","Hospitalización en cuidados intensivos neonatales","",""
"","508.5","HRPVB_03_02","HRPVB","html-slider-response","766","534300","0.0-821.0-1.2","vaginal","","Hospitalización en cuidados intensivos neonatales; vaginal","50","47.7"
"","484.2000000011176","HRPVB_03_01","HRPVB","html-slider-response","767","534786","0.0-821.0-2.2","cesarea","","Hospitalización en cuidados intensivos neonatales; cesarea","50","46.8"
"","335.90000000037253","HRPVB_01_00","HRPVB","html-button-response","768","535123","0.0-821.0-0.3","Problemas respiratorios del recién nacido","0","Problemas respiratorios del recién nacido","",""
"","466.5","HRPVB_01_01","HRPVB","html-slider-response","769","535592","0.0-821.0-1.3","cesarea","","Problemas respiratorios del recién nacido; cesarea","50","47.7"
"","493.09999999962747","HRPVB_01_02","HRPVB","html-slider-response","770","536087","0.0-821.0-2.3","vaginal","","Problemas respiratorios del recién nacido; vaginal","50","50.3"
"[{""page_index"":0,""viewing_time"":306}]","306","Instructions_02","HRPVB","instructions","771","536395","0.0-822.0","","","","",""
"","318.5","HRPVB_09_00","HRPVB","html-button-response","772","536715","0.0-823.0-0.0","Lesión de la vagina","0","Lesión de la vagina","",""
"","478.90000000037253","HRPVB_09_01","HRPVB","html-slider-response","773","537196","0.0-823.0-1.0","cesarea","","Lesión de la vagina; cesarea","50","54.6"
"","477.90000000037253","HRPVB_09_02","HRPVB","html-slider-response","774","537676","0.0-823.0-2.0","vaginal","","Lesión de la vagina; vaginal","50","52.9"
"","332.59999999962747","HRPVB_11_00","HRPVB","html-button-response","775","538010","0.0-823.0-0.1","Depresión post parto","0","Depresión post parto","",""
"","486.5","HRPVB_11_01","HRPVB","html-slider-response","776","538500","0.0-823.0-1.1","cesarea","","Depresión post parto; cesarea","50","51.2"
"","499.5","HRPVB_11_02","HRPVB","html-slider-response","777","539001","0.0-823.0-2.1","vaginal","","Depresión post parto; vaginal","50","48.2"
"","289","HRPVB_06_00","HRPVB","html-button-response","778","539292","0.0-823.0-0.2","Paro cardíaco","0","Paro cardíaco","",""
"","470.2000000011176","HRPVB_06_02","HRPVB","html-slider-response","779","539765","0.0-823.0-1.2","vaginal","","Paro cardíaco; vaginal","50","47.7"
"","467.8999999985099","HRPVB_06_01","HRPVB","html-slider-response","780","540234","0.0-823.0-2.2","cesarea","","Paro cardíaco; cesarea","50","46.8"
"","332.7000000011176","HRPVB_05_00","HRPVB","html-button-response","781","540569","0.0-823.0-0.3","Complicaciones de la anestesia","0","Complicaciones de la anestesia","",""
"","525.6999999992549","HRPVB_05_02","HRPVB","html-slider-response","782","541096","0.0-823.0-1.3","vaginal","","Complicaciones de la anestesia; vaginal","50","47.7"
"","496.09999999962747","HRPVB_05_01","HRPVB","html-slider-response","783","541594","0.0-823.0-2.3","cesarea","","Complicaciones de la anestesia; cesarea","50","50.3"
"","347.7999999988824","HRPVB_10_00","HRPVB","html-button-response","784","541944","0.0-823.0-0.4","Hospitalización de la madre en cuidados intensivos","0","Hospitalización de la madre en cuidados intensivos","",""
"","534.6999999992549","HRPVB_10_01","HRPVB","html-slider-response","785","542481","0.0-823.0-1.4","cesarea","","Hospitalización de la madre en cuidados intensivos; cesarea","50","49.3"
"","541.5999999996275","HRPVB_10_02","HRPVB","html-slider-response","786","543025","0.0-823.0-2.4","vaginal","","Hospitalización de la madre en cuidados intensivos; vaginal","50","49.9"
"","299.09999999962747","HRPVB_08_00","HRPVB","html-button-response","787","543327","0.0-823.0-0.5","Infección de la herida","0","Infección de la herida","",""
"","517.3000000007451","HRPVB_08_02","HRPVB","html-slider-response","788","543846","0.0-823.0-1.5","vaginal","","Infección de la herida; vaginal","50","51.9"
"","513.0999999996275","HRPVB_08_01","HRPVB","html-slider-response","789","544362","0.0-823.0-2.5","cesarea","","Infección de la herida; cesarea","50","45.7"
"","345.59999999962747","HRPVB_07_00","HRPVB","html-button-response","790","544709","0.0-823.0-0.6","Histerectomía (extracción del útero)","0","Histerectomía (extracción del útero)","",""
"","529.3000000007451","HRPVB_07_02","HRPVB","html-slider-response","791","545241","0.0-823.0-1.6","vaginal","","Histerectomía (extracción del útero); vaginal","50","51.9"
"","505.80000000074506","HRPVB_07_01","HRPVB","html-slider-response","792","545751","0.0-823.0-2.6","cesarea","","Histerectomía (extracción del útero); cesarea","50","54.8"
