"view_history","rt","trialid","procedure","trial_type","trial_index","time_elapsed","internal_node_id","stimulus","slider_start","response"
"[{""page_index"":0,""viewing_time"":621}]","621","Instructions_01","OTRASRELIG","instructions","375","289834","0.0-410.0","","",""
"","549.8000000007451","OTRASRELIG_01","OTRASRELIG","html-slider-response","376","290386","0.0-411.0","<div class=""justified"">¿Qué tan importante considera que es Dios en su vida? </div></br>","3","8"
"","614","OTRASRELIG_02","OTRASRELIG","survey-multi-choice-vertical","377","291002","0.0-412.0","{""Q0"":""¿Cree usted en Dios?""}","","{""Q0"":"" No""}"
"","650","OTRASRELIG_03","OTRASRELIG","survey-multi-choice-vertical","378","291656","0.0-413.0","{""Q0"":""¿Cree usted en la vida después de la muerte?""}","","{""Q0"":"" Sí""}"
"","607","OTRASRELIG_04","OTRASRELIG","survey-multi-choice-vertical","379","292266","0.0-414.0","{""Q0"":""¿Cree usted en el Infierno?""}","","{""Q0"":"" No""}"
"","569","OTRASRELIG_05","OTRASRELIG","survey-multi-choice-vertical","380","292839","0.0-415.0","{""Q0"":""¿Cree usted en el Cielo?""}","","{""Q0"":"" Sí""}"
"","868","OTRASRELIG_06","OTRASRELIG","survey-multi-choice-vertical","381","293715","0.0-416.0","{""Q0"":""Fui criado(a)""}","","{""Q0"":"" Religioso(a), Católico(a)""}"
"","986","OTRASRELIG_08","OTRASRELIG","survey-multi-choice-vertical","382","294709","0.0-418.0","{""Q0"":""¿Cuál de los siguientes corresponde a su preferencia y/o afiliación religiosa?""}","","{""Q0"":"" No tengo una preferencia y/o afiliación religiosa""}"
"","907","OTRASRELIG_10","OTRASRELIG","survey-multi-choice-vertical","383","295621","0.0-420.0","{""Q0"":""¿Su familia y/o amigos pertenecen a su mismo grupo religioso?""}","","{""Q0"":"" Algunos sí, otros no (aproximadamente mitad sí y mitad no)""}"
"","1024","OTRASRELIG_11","OTRASRELIG","survey-multi-choice-vertical","384","296651","0.0-421.0","{""Q0"":""Sin considerar matrimonios y funerales, y sin considerar el periodo de pandemia, ¿qué tan seguido asiste a servicios religiosos?""}","","{""Q0"":"" Nunca, o practicamente nunca""}"
