"view_history","rt","trialid","procedure","trial_type","trial_index","time_elapsed","internal_node_id","stimulus","response"
"[{""page_index"":0,""viewing_time"":271}]","271","Instructions_01","CRTMCQ4","instructions","97","96087","0.0-114.0","",""
"","768","CRTMCQ4_01","CRTMCQ4","survey-multi-choice-vertical","98","96858","0.0-115.0","{""Q0"":""Un bate y una pelota cuestan  $1.100 en total. El bate cuesta $1.000 más que la pelota ¿Cuánto cuesta la pelota? ""}","{""Q0"":"" 100 pesos""}"
"","748","CRTMCQ4_02","CRTMCQ4","survey-multi-choice-vertical","99","97608","0.0-116.0","{""Q0"":""Si 5 máquinas se demoran 5 minutos en hacer 5 audífonos ¿Cuánto tiempo se demorarían 100 máquinas en hacer 100 audífonos?""}","{""Q0"":"" 5 minutos""}"
"","816","CRTMCQ4_03","CRTMCQ4","survey-multi-choice-vertical","100","98427","0.0-117.0","{""Q0"":""Parte de la superficie de un lago está cubierta con hojas de lirio. Esta parte, se dobla en tamaño cada día. Si las hojas de lirio demoran 48 días en cubrir el lago completo ¿Cuántos días tardarían en cubrir la mitad del lago?""}","{""Q0"":"" 24 días""}"
"","766","CRTMCQ4_04","CRTMCQ4","survey-multi-choice-vertical","101","99196","0.0-118.0","{""Q0"":""Si José puede tomar un barril de agua en 6 días y María puede tomar un barril de agua en 12 días ¿Cuánto se demorarían ambos en tomar un barril de agua juntos?""}","{""Q0"":"" 12 días""}"
"","767","CRTMCQ4_05","CRTMCQ4","survey-multi-choice-vertical","102","99966","0.0-119.0","{""Q0"":""Pedro recibió la quinceava nota más alta y la quinceava nota más baja en su clase ¿Cuántos estudiantes hay en su clase?""}","{""Q0"":"" 30 estudiantes""}"
"","745","CRTMCQ4_06","CRTMCQ4","survey-multi-choice-vertical","103","100713","0.0-120.0","{""Q0"":""Un hombre compra un cerdo a $60.000, lo vende a $70.000, lo compra de nuevo por $80.000, y lo vuelve a vender finalmente por $90.000 ¿Cuánta plata ha ganado?""}","{""Q0"":"" $20.000""}"
"","767","CRTMCQ4_07","CRTMCQ4","survey-multi-choice-vertical","104","101483","0.0-121.0","{""Q0"":""Simón decide invertir $8.000.000 en el mercado de acciones un día a inicios de 2008. Seis meses después de haber invertido, el 17 de julio, las acciones que había comprado bajaron 50%. Afortunadamente para Simón, desde el 17 de julio hasta el 17 de octubre, las acciones que compró subieron 75%. En este punto, Simón:""}","{""Q0"":"" no ha ganado ni perdido dinero.""}"
