"view_history","rt","trialid","procedure","trial_type","trial_index","time_elapsed","internal_node_id","stimulus","slider_start","response"
"[{""page_index"":0,""viewing_time"":347}]","347","Instructions_01","IRI","instructions","293","338512","0.0-324.0","","",""
"","561.0999999996275","IRI_01","IRI","html-slider-response","294","339076","0.0-325.0","<div class='justified'>1.- Con cierta frecuencia sueño despierto y fantaseo sobre cosas que podrían pasarme.</div></br>","2","1"
"","533.9000000003725","IRI_02","IRI","html-slider-response","295","339613","0.0-326.0","<div class='justified'>2.- A menudo tengo sentimientos de compasión y preocupación hacia gente menos afortunada que yo.</div></br>","2","2"
"","523.5999999996275","IRI_03","IRI","html-slider-response","296","340138","0.0-327.0","<div class='justified'>3.- A veces encuentro difícil ver las cosas desde el punto de vista de otros.</div></br>","2","0"
"","642.0999999996275","IRI_04","IRI","html-slider-response","297","340782","0.0-328.0","<div class='justified'>4.- A veces no me dan mucha lástima otras personas cuando tienen problemas.</div></br>","2","0"
"","511.5","IRI_05","IRI","html-slider-response","298","341295","0.0-329.0","<div class='justified'>5.- Realmente me siento “metido/a” en los sentimientos de los personajes de una novela.</div></br>","2","1"
"","533.5","IRI_06","IRI","html-slider-response","299","341830","0.0-330.0","<div class='justified'>6.- En situaciones de emergencia, me siento aprensivo e incómodo.</div></br>","2","2"
"","474.69999999925494","IRI_07","IRI","html-slider-response","300","342307","0.0-331.0","<div class='justified'>7.- Generalmente soy objetivo cuando veo una película o una obra de teatro y no me suelo “meter” completamente en ella.</div></br>","2","0"
"","525.6999999992549","IRI_08","IRI","html-slider-response","301","342835","0.0-332.0","<div class='justified'>8.- En un desacuerdo con otros, trato de ver las cosas desde el punto de vista de los demás antes de tomar una decisión.</div></br>","2","0"
"","484.7000000011176","IRI_09","IRI","html-slider-response","302","343321","0.0-333.0","<div class='justified'>9.- Cuando veo que se aprovechan de alguien, siento necesidad de protegerle.</div></br>","2","3"
"","600.8000000007451","IRI_10","IRI","html-slider-response","303","343923","0.0-334.0","<div class='justified'>10.- A veces me siento indefenso/a cuando estoy en medio de una situación muy emotiva.</div></br>","2","2"
"","491.90000000037253","IRI_11","IRI","html-slider-response","304","344417","0.0-335.0","<div class='justified'>11.- A veces intento comprender mejor a mis amigos imaginando cómo ven las cosas desde su perspectiva.</div></br>","2","4"
"","454.90000000037253","IRI_12","IRI","html-slider-response","305","344874","0.0-336.0","<div class='justified'>12.- Es raro que yo me “meta” mucho en un buen libro o en una película.</div></br>","2","3"
"","525.9000000003725","IRI_13","IRI","html-slider-response","306","345401","0.0-337.0","<div class='justified'>13.- Cuando veo que alguien se hace daño, tiendo a permanecer tranquilo.</div></br>","2","1"
"","529.8000000007451","IRI_14","IRI","html-slider-response","307","345933","0.0-338.0","<div class='justified'>14.- Las desgracias de otros no suelen angustiarme mucho.</div></br>","2","0"
"","564.5999999996275","IRI_15","IRI","html-slider-response","308","346500","0.0-339.0","<div class='justified'>15.- Si estoy seguro/a que tengo la razón en algo, no pierdo mucho tiempo escuchando los argumentos de otras personas.</div></br>","2","3"
"","592.8000000007451","IRI_16","IRI","html-slider-response","309","347095","0.0-340.0","<div class='justified'>16.- Después de ver una obra de teatro o una película, me siento como si fuese uno de los protagonistas.</div></br>","2","4"
"","494","IRI_17","IRI","html-slider-response","310","347590","0.0-341.0","<div class='justified'>17.- Me asusta estar en una situación emocional tensa.</div></br>","2","0"
"","523.4000000003725","IRI_18","IRI","html-slider-response","311","348116","0.0-342.0","<div class='justified'>18.- Cuando veo que alguien está siendo tratado injustamente, no suelo sentir mucha pena por él.</div></br>","2","2"
"","569.0999999996275","IRI_19","IRI","html-slider-response","312","348688","0.0-343.0","<div class='justified'>19.- Generalmente soy bastante efectivo afrontando emergencias.</div></br>","2","3"
"","548.0999999996275","IRI_20","IRI","html-slider-response","313","349237","0.0-344.0","<div class='justified'>20.- A menudo me conmueven las cosas que veo que pasan.</div></br>","2","0"
"","529.1999999992549","IRI_21","IRI","html-slider-response","314","349768","0.0-345.0","<div class='justified'>21.- Creo que todas las cuestiones se pueden ver desde dos perspectivas e intento considerar ambas.</div></br>","2","0"
"","492.30000000074506","IRI_22","IRI","html-slider-response","315","350262","0.0-346.0","<div class='justified'>22.- Me describiría como una persona bastante sensible.</div></br>","2","2"
"","554.5","IRI_23","IRI","html-slider-response","316","350818","0.0-347.0","<div class='justified'>23.- Cuando veo una buena película, puedo ponerme muy fácilmente en el lugar del protagonista.</div></br>","2","1"
"","564.7999999988824","IRI_24","IRI","html-slider-response","317","351386","0.0-348.0","<div class='justified'>24.- Tiendo a perder el control en las emergencias.</div></br>","2","0"
"","535.0999999996275","IRI_25","IRI","html-slider-response","318","351924","0.0-349.0","<div class=""justified"">25.- Cuando estoy molesto con alguien, generalmente trato de ""ponerme en su pellejo"" durante un tiempo.</div></br>","2","2"
"","459.3999999985099","IRI_26","IRI","html-slider-response","319","352386","0.0-350.0","<div class='justified'>26.- Cuando estoy leyendo una novela o historia interesante, imagino cómo me sentiría si me estuviera pasando lo que ocurre en la historia.</div></br>","2","3"
"","599.0999999996275","IRI_27","IRI","html-slider-response","320","352987","0.0-351.0","<div class='justified'>27.- Cuando veo a alguien en una emergencia que necesita ayuda, pierdo el control.</div></br>","2","2"
"","597.9000000003725","IRI_28","IRI","html-slider-response","321","353587","0.0-352.0","<div class='justified'>28.- Antes de criticar a alguien, intento imaginar cómo me sentiría yo si estuviera en su lugar.</div></br>","2","4"
