"success","timeout","failed_images","failed_audio","failed_video","trialid","procedure","trial_type","trial_index","time_elapsed","internal_node_id","rt","stimulus","button_pressed","response","slider_start"
"true","false","[]","[]","[]","EmpaTom_00","EmpaTom","preload","889","597222","0.0-874.0","","","","",""
"","","","","","Instructions_01","EmpaTom","html-button-response","890","597546","0.0-875.0","322.19999999925494","<div style=""max-width:600px;""><p>Descripcion de la tarea e instrucciones. Tom tiene Alzheimer....</p></div>","0","",""
"","","","","","EmpaTom_01","EmpaTom","video-button-response","891","608911","0.0-876.0","11357.099999999627","[""media/vid/Entrevista1.mp4""]","","0",""
"","","","","","EmpaTom_02","EmpaTom","html-slider-response","892","609509","0.0-877.0","595.4000000003725","<div class='justified'>¿Cómo te sientes?</div></br>","","1","4"
"","","","","","EmpaTom_03","EmpaTom","html-slider-response","893","610067","0.0-878.0","555.7999999988824","<div class='justified'>¿Cuánta compasión sentiste por Tom?</div></br>","","5","4"
"","","","","","EmpaTom_04","EmpaTom","survey-multi-choice-vertical","894","610918","0.0-879.0","846","{""Q0"":""Tom piensa.""}","","{""Q0"":"" que se dará por vencido y olvidará a su esposa producto del alzheimer""}",""
