"view_history","rt","trialid","procedure","trial_type","trial_index","time_elapsed","internal_node_id","stimulus","response"
"[{""page_index"":0,""viewing_time"":317}]","318","Instructions_01","SRBQP","instructions","651","559660","0.0-710.0","",""
"","1024","SRBQP_001","SRBQP","survey-multi-choice-vertical","652","560693","0.0-711.0","{""Q0"":""Mis creencias me han ayudado a sobrellevar el estrés ocasionado por la pandemia.""}","{""Q0"":"" 5 En alguna medida acuerdo""}"
"","1033","SRBQP_002","SRBQP","survey-multi-choice-vertical","653","561734","0.0-712.0","{""Q0"":""Mis creencias me han ayudado a sobrellevar momentos de ansiedad durante la pandemia.""}","{""Q0"":"" 1 Completamente en desacuerdo""}"
"","976","SRBQP_003","SRBQP","survey-multi-choice-vertical","654","562717","0.0-713.0","{""Q0"":""Mis creencias me han ayudado a sobrellevar momentos de tristeza y depresión durante la pandemia.""}","{""Q0"":"" 2 En desacuerdo""}"
"","962","SRBQP_004","SRBQP","survey-multi-choice-vertical","655","563686","0.0-714.0","{""Q0"":""Mis creencias se hicieron más fuertes durante la pandemia.""}","{""Q0"":"" 2 En desacuerdo""}"
"","992","SRBQP_005","SRBQP","survey-multi-choice-vertical","656","564688","0.0-715.0","{""Q0"":""En general, me considero una persona sin creencias.""}","{""Q0"":"" 5 En alguna medida acuerdo""}"
