"view_history","rt","trialid","procedure","trial_type","trial_index","time_elapsed","internal_node_id","stimulus","response"
"[{""page_index"":0,""viewing_time"":316}]","317","Instructions_01","WEBEXEC","instructions","747","626560","0.0-810.0","",""
"","841","WEBEXEC_01","WEBEXEC","survey-multi-choice-vertical","748","627407","0.0-811.0","{""Q0"":""1. ¿Tienes dificultades para mantener tu atención en una tarea?""}","{""Q0"":"" No he tenido problemas""}"
"","753","WEBEXEC_02","WEBEXEC","survey-multi-choice-vertical","749","628166","0.0-812.0","{""Q0"":""2. ¿Tienes problemas para concentrarte en una tarea?""}","{""Q0"":"" No he tenido problemas""}"
"","732","WEBEXEC_03","WEBEXEC","survey-multi-choice-vertical","750","628903","0.0-813.0","{""Q0"":""3. ¿Tienes problemas para hacer más de una tarea al mismo tiempo?""}","{""Q0"":"" He tenido algunos problemas""}"
"","717","WEBEXEC_04","WEBEXEC","survey-multi-choice-vertical","751","629626","0.0-814.0","{""Q0"":""4. ¿Tiendes a perder tu cadena de pensamientos?""}","{""Q0"":"" He tenido algunos problemas""}"
"","773","WEBEXEC_05","WEBEXEC","survey-multi-choice-vertical","752","630404","0.0-815.0","{""Q0"":""5. ¿Tienes problemas para continuar las cosas que has empezado?""}","{""Q0"":"" No he tenido problemas""}"
"","728","WEBEXEC_06","WEBEXEC","survey-multi-choice-vertical","753","631141","0.0-816.0","{""Q0"":""6. ¿Actúas por impulso?""}","{""Q0"":"" He tenido algunos problemas""}"
