"view_history","rt","trialid","procedure","trial_type","trial_index","time_elapsed","internal_node_id","stimulus","button_pressed","condition_within","slider_start","response"
"[{""page_index"":0,""viewing_time"":297},{""page_index"":1,""viewing_time"":317}]","614","Instructions_01","HRPVBpost","instructions","794","546584","0.0-826.0","","","","",""
"[{""page_index"":0,""viewing_time"":332}]","333","Instructions_02","HRPVBpost","instructions","795","546918","0.0-827.0","","","","",""
"","323.19999999925494","HRPVBpost_02_00","HRPVBpost","html-button-response","796","547243","0.0-828.0-0.0","Lesión en el cerebro del bebe por falta de oxígeno","0","Lesión en el cerebro del bebe por falta de oxígeno","",""
"","525.4000000003725","HRPVBpost_02_01","HRPVBpost","html-slider-response","797","547771","0.0-828.0-1.0","cesarea","","Lesión en el cerebro del bebe por falta de oxígeno; cesarea","50","54.6"
"","577.5","HRPVBpost_02_02","HRPVBpost","html-slider-response","798","548351","0.0-828.0-2.0","vaginal","","Lesión en el cerebro del bebe por falta de oxígeno; vaginal","50","52.9"
"","312.80000000074506","HRPVBpost_04_00","HRPVBpost","html-button-response","799","548665","0.0-828.0-0.1","Dificultades para inicio temprano de lactancia materna","0","Dificultades para inicio temprano de lactancia materna","",""
"","519.7999999988824","HRPVBpost_04_01","HRPVBpost","html-slider-response","800","549187","0.0-828.0-1.1","cesarea","","Dificultades para inicio temprano de lactancia materna; cesarea","50","51.2"
"","793.2999999988824","HRPVBpost_04_02","HRPVBpost","html-slider-response","801","549983","0.0-828.0-2.1","vaginal","","Dificultades para inicio temprano de lactancia materna; vaginal","50","48.2"
"","305.7000000011176","HRPVBpost_01_00","HRPVBpost","html-button-response","802","550290","0.0-828.0-0.2","Problemas respiratorios del recién nacido","0","Problemas respiratorios del recién nacido","",""
"","508","HRPVBpost_01_02","HRPVBpost","html-slider-response","803","550800","0.0-828.0-1.2","vaginal","","Problemas respiratorios del recién nacido; vaginal","50","47.7"
"","473.40000000037253","HRPVBpost_01_01","HRPVBpost","html-slider-response","804","551276","0.0-828.0-2.2","cesarea","","Problemas respiratorios del recién nacido; cesarea","50","46.8"
"","312.7999999988824","HRPVBpost_03_00","HRPVBpost","html-button-response","805","551591","0.0-828.0-0.3","Hospitalización en cuidados intensivos neonatales","0","Hospitalización en cuidados intensivos neonatales","",""
"","500.7999999988824","HRPVBpost_03_01","HRPVBpost","html-slider-response","806","552094","0.0-828.0-1.3","cesarea","","Hospitalización en cuidados intensivos neonatales; cesarea","50","47.7"
"","476","HRPVBpost_03_02","HRPVBpost","html-slider-response","807","552573","0.0-828.0-2.3","vaginal","","Hospitalización en cuidados intensivos neonatales; vaginal","50","50.3"
"[{""page_index"":0,""viewing_time"":326}]","326","Instructions_02","HRPVBpost","instructions","808","552900","0.0-829.0","","","","",""
"","287.19999999925494","HRPVBpost_10_00","HRPVBpost","html-button-response","809","553188","0.0-830.0-0.0","Hospitalización de la madre en cuidados intensivos","0","Hospitalización de la madre en cuidados intensivos","",""
"","497.5","HRPVBpost_10_01","HRPVBpost","html-slider-response","810","553689","0.0-830.0-1.0","cesarea","","Hospitalización de la madre en cuidados intensivos; cesarea","50","54.6"
"","505.59999999962747","HRPVBpost_10_02","HRPVBpost","html-slider-response","811","554197","0.0-830.0-2.0","vaginal","","Hospitalización de la madre en cuidados intensivos; vaginal","50","52.9"
"","321.90000000037253","HRPVBpost_06_00","HRPVBpost","html-button-response","812","554520","0.0-830.0-0.1","Paro cardíaco","0","Paro cardíaco","",""
"","453.5","HRPVBpost_06_01","HRPVBpost","html-slider-response","813","554975","0.0-830.0-1.1","cesarea","","Paro cardíaco; cesarea","50","51.2"
"","508.2000000011176","HRPVBpost_06_02","HRPVBpost","html-slider-response","814","555486","0.0-830.0-2.1","vaginal","","Paro cardíaco; vaginal","50","48.2"
"","328.7000000011176","HRPVBpost_08_00","HRPVBpost","html-button-response","815","555816","0.0-830.0-0.2","Infección de la herida","0","Infección de la herida","",""
"","526.1999999992549","HRPVBpost_08_01","HRPVBpost","html-slider-response","816","556345","0.0-830.0-1.2","cesarea","","Infección de la herida; cesarea","50","47.7"
"","465.1000000014901","HRPVBpost_08_02","HRPVBpost","html-slider-response","817","556813","0.0-830.0-2.2","vaginal","","Infección de la herida; vaginal","50","46.8"
"","343.59999999962747","HRPVBpost_05_00","HRPVBpost","html-button-response","818","557159","0.0-830.0-0.3","Complicaciones de la anestesia","0","Complicaciones de la anestesia","",""
"","494.09999999962747","HRPVBpost_05_01","HRPVBpost","html-slider-response","819","557655","0.0-830.0-1.3","cesarea","","Complicaciones de la anestesia; cesarea","50","47.7"
"","528.0999999996275","HRPVBpost_05_02","HRPVBpost","html-slider-response","820","558185","0.0-830.0-2.3","vaginal","","Complicaciones de la anestesia; vaginal","50","50.3"
"","307.5","HRPVBpost_11_00","HRPVBpost","html-button-response","821","558494","0.0-830.0-0.4","Depresión post parto","0","Depresión post parto","",""
"","528.7000000011176","HRPVBpost_11_01","HRPVBpost","html-slider-response","822","559026","0.0-830.0-1.4","cesarea","","Depresión post parto; cesarea","50","49.3"
"","510.5","HRPVBpost_11_02","HRPVBpost","html-slider-response","823","559539","0.0-830.0-2.4","vaginal","","Depresión post parto; vaginal","50","49.9"
"","294.5","HRPVBpost_09_00","HRPVBpost","html-button-response","824","559836","0.0-830.0-0.5","Lesión de la vagina","0","Lesión de la vagina","",""
"","495.90000000037253","HRPVBpost_09_02","HRPVBpost","html-slider-response","825","560333","0.0-830.0-1.5","vaginal","","Lesión de la vagina; vaginal","50","51.9"
"","496","HRPVBpost_09_01","HRPVBpost","html-slider-response","826","560832","0.0-830.0-2.5","cesarea","","Lesión de la vagina; cesarea","50","45.7"
"","299.8999999985099","HRPVBpost_07_00","HRPVBpost","html-button-response","827","561133","0.0-830.0-0.6","Histerectomía (extracción del útero)","0","Histerectomía (extracción del útero)","",""
"","542","HRPVBpost_07_02","HRPVBpost","html-slider-response","828","561678","0.0-830.0-1.6","vaginal","","Histerectomía (extracción del útero); vaginal","50","51.9"
"","565.5999999996275","HRPVBpost_07_01","HRPVBpost","html-slider-response","829","562246","0.0-830.0-2.6","cesarea","","Histerectomía (extracción del útero); cesarea","50","54.8"
