"view_history","rt","trialid","procedure","trial_type","trial_index","time_elapsed","internal_node_id","stimulus","response"
"[{""page_index"":0,""viewing_time"":443}]","444","Instructions_01","OBJNUM","instructions","363","282732","0.0-398.0","",""
"","594","OBJNUM_01","OBJNUM","survey-text","364","283330","0.0-399.0","{""Q0"":""Imagina que lanzamos una moneda no trucada en 1.000 ocasiones. Haz una estimación: ¿Cuántas veces saldrá cara en los 1.000 intentos?""}","{""Q0"":""72""}"
"","571","OBJNUM_02","OBJNUM","survey-text","365","283904","0.0-400.0","{""Q0"":""La probabilidad de ganar un premio de $10.000 en la lotería es del 1%. Haz una estimación: Si 1.000 personas compran un boleto de lotería, ¿cuántas ganarán el premio de $10.000?""}","{""Q0"":""33""}"
"","559","OBJNUM_03","OBJNUM","survey-text","366","284465","0.0-401.0","{""Q0"":""En un concurso de un periódico local la probabilidad de ganar un coche es de 1 entre 1.000. ¿Qué porcentaje de participaciones en dicho concurso ganaría el coche?""}","{""Q0"":""58""}"
"","584","OBJNUM_04","OBJNUM","survey-text","367","285052","0.0-402.0","{""Q0"":""Imagina que lanzamos un dado no trucado en 1.000 ocasiones. ¿En cuántas de estas 1.000 ocasiones crees que saldrá un número par (2, 4, 6)?""}","{""Q0"":""96""}"
"","741","OBJNUM_05","OBJNUM","survey-multi-choice-vertical","368","285796","0.0-403.0","{""Q0"":""¿Cuál de las siguientes cantidades representa un riesgo mayor de contraer una enfermedad?""}","{""Q0"":"" 1 de 1000""}"
"","749","OBJNUM_06","OBJNUM","survey-multi-choice-vertical","369","286549","0.0-404.0","{""Q0"":""¿Cuál de las siguientes cantidades representa un riesgo mayor de contraer una enfermedad?""}","{""Q0"":"" 1%""}"
"","564","OBJNUM_07","OBJNUM","survey-text","370","287114","0.0-405.0","{""Q0"":""Si la probabilidad de contraer una enfermedad es del 10 %, ¿cuántas personas esperas que contraigan la enfermedad en un grupo de 1,000?""}","{""Q0"":""62""}"
"","579","OBJNUM_08","OBJNUM","survey-text","371","287695","0.0-406.0","{""Q0"":""Si la probabilidad de contraer una enfermedad es de 20 en 100, esto implicaría que hay una probabilidad del _______ % de contraer la enfermedad""}","{""Q0"":""32""}"
"","583","OBJNUM_09","OBJNUM","survey-text","372","288282","0.0-407.0","{""Q0"":""Si el riesgo de que una persona llamada A contraiga una enfermedad es de 1 entre 100 en diez años, y el riesgo de que la contraiga una persona llamada B es el doble que A, ¿cuál es el riesgo de que la contraiga B? (____ entre 100)""}","{""Q0"":""8""}"
