"view_history","rt","trialid","procedure","trial_type","trial_index","time_elapsed","internal_node_id","stimulus","response"
"[{""page_index"":0,""viewing_time"":361}]","361","Instructions_01","CRS","instructions","66","74723","0.0-81.0","",""
"","842","CRS_01","CRS","survey-multi-choice-vertical","67","75567","0.0-82.0","{""Q0"":""1. ¿Con qué frecuencia piensas en temas religiosos?""}","{""Q0"":"" Rara vez""}"
"","832","CRS_02","CRS","survey-multi-choice-vertical","68","76402","0.0-83.0","{""Q0"":""2. ¿Hasta qué punto crees que Dios o algo divino existe?""}","{""Q0"":"" Un poco""}"
"","815","CRS_03","CRS","survey-multi-choice-vertical","69","77219","0.0-84.0","{""Q0"":""3. ¿Con qué frecuencia participas en servicios religiosos?""}","{""Q0"":"" Muy a menudo""}"
"","842","CRS_04","CRS","survey-multi-choice-vertical","70","78064","0.0-85.0","{""Q0"":""4. ¿Con qué frecuencia rezas?""}","{""Q0"":"" Ocasionalmente""}"
"","839","CRS_05","CRS","survey-multi-choice-vertical","71","78906","0.0-86.0","{""Q0"":""5. ¿Con qué frecuencia meditas?""}","{""Q0"":"" Nunca""}"
"","807","CRS_06","CRS","survey-multi-choice-vertical","72","79716","0.0-87.0","{""Q0"":""6. ¿Con qué frecuencia experimenta situaciones en las que tiene la sensación de que Dios o algo divino interviene en su vida?""}","{""Q0"":"" Nunca""}"
"","824","CRS_07","CRS","survey-multi-choice-vertical","73","80544","0.0-88.0","{""Q0"":""7. ¿Con qué frecuencia experimenta situaciones en las que tiene la sensación de ser uno con todos?""}","{""Q0"":"" Muy a menudo""}"
"","867","CRS_08","CRS","survey-multi-choice-vertical","74","81414","0.0-89.0","{""Q0"":""8. ¿Qué tan interesado está en aprender más sobre temas religiosos?""}","{""Q0"":"" Algo""}"
"","816","CRS_09","CRS","survey-multi-choice-vertical","75","82234","0.0-90.0","{""Q0"":""9. ¿Hasta qué punto crees en una vida futura? inmortalidad del alma, resurrección de los muertos o reencarnación?""}","{""Q0"":"" Demasiado""}"
"","792","CRS_10","CRS","survey-multi-choice-vertical","76","83028","0.0-91.0","{""Q0"":""10. ¿Qué tan importante es participar en los servicios religiosos?""}","{""Q0"":"" Mucho""}"
"","813","CRS_11","CRS","survey-multi-choice-vertical","77","83845","0.0-92.0","{""Q0"":""11. ¿Qué tan importante es la oración personal para ti?""}","{""Q0"":"" Demasiado""}"
"","834","CRS_12","CRS","survey-multi-choice-vertical","78","84681","0.0-93.0","{""Q0"":""12. ¿Qué tan importante es la meditación para ti?""}","{""Q0"":"" Nada""}"
"","825","CRS_13","CRS","survey-multi-choice-vertical","79","85509","0.0-94.0","{""Q0"":""13. ¿Con qué frecuencia experimentas situaciones en las que tienes la sensación de que Dios o algo divino quiere comunicarte o revelarte algo?""}","{""Q0"":"" Muy a menudo""}"
"","797","CRS_14","CRS","survey-multi-choice-vertical","80","86309","0.0-95.0","{""Q0"":""14. ¿Con qué frecuencia experimenta situaciones en las que tiene la sensación de ser tocado por un poder divino?""}","{""Q0"":"" Rara vez""}"
"","788","CRS_15","CRS","survey-multi-choice-vertical","81","87100","0.0-96.0","{""Q0"":""15. ¿Con qué frecuencia se mantiene informado sobre cuestiones religiosas a través de la radio, la televisión, internet, periódicos o libros?""}","{""Q0"":"" Muy a menudo""}"
"","886","CRS_16","CRS","survey-multi-choice-vertical","82","87989","0.0-97.0","{""Q0"":""16. En tu opinión, ¿qué tan probable es que realmente exista un poder superior?""}","{""Q0"":"" Algo""}"
"","838","CRS_17","CRS","survey-multi-choice-vertical","83","88830","0.0-98.0","{""Q0"":""17. ¿Qué tan importante es para usted estar conectado a una comunidad religiosa?""}","{""Q0"":"" Un poco""}"
"","825","CRS_18","CRS","survey-multi-choice-vertical","84","89659","0.0-99.0","{""Q0"":""18. ¿Con qué frecuencia rezas espontáneamente cuando te inspiras en situaciones cotidianas?""}","{""Q0"":"" Muy a menudo""}"
"","827","CRS_19","CRS","survey-multi-choice-vertical","85","90491","0.0-100.0","{""Q0"":""19. ¿Con qué frecuencia intentas conectarte a lo divino espontáneamente cuando te inspiras en situaciones cotidianas?""}","{""Q0"":"" Rara vez""}"
"","904","CRS_20","CRS","survey-multi-choice-vertical","86","91398","0.0-101.0","{""Q0"":""20. ¿Con qué frecuencia experimenta situaciones en las que tiene la sensación de que Dios o algo divino está presente?""}","{""Q0"":"" Muy a menudo""}"
