"success","timeout","failed_images","failed_audio","failed_video","trialid","procedure","trial_type","trial_index","time_elapsed","internal_node_id","rt","stimulus","button_pressed","response","slider_start"
"true","false","[]","[]","[]","EmpaTom_00","EmpaTom","preload","887","693795","0.0-874.0","","","","",""
"","","","","","Instructions_01","EmpaTom","html-button-response","888","694132","0.0-875.0","335.40000000037253","<div style=""max-width:600px;""><p>Descripcion de la tarea e instrucciones. Tom tiene Alzheimer....</p></div>","0","",""
"","","","","","EmpaTom_01","EmpaTom","video-button-response","889","705199","0.0-876.0","11061.599999999627","[""media/vid/Entrevista1.mp4""]","","0",""
"","","","","","EmpaTom_02","EmpaTom","html-slider-response","890","705701","0.0-877.0","499.69999999925494","<div class='justified'>¿Cómo te sientes?</div></br>","","1","4"
"","","","","","EmpaTom_03","EmpaTom","html-slider-response","891","706193","0.0-878.0","490.09999999962747","<div class='justified'>¿Cuánta compasión sentiste por Tom?</div></br>","","5","4"
"","","","","","EmpaTom_04","EmpaTom","survey-multi-choice-vertical","892","706937","0.0-879.0","740","{""Q0"":""Tom piensa.""}","","{""Q0"":"" que se dará por vencido y olvidará a su esposa producto del alzheimer""}",""
