"view_history","rt","trialid","procedure","trial_type","trial_index","time_elapsed","internal_node_id","stimulus","response","question_order","slider_start"
"[{""page_index"":0,""viewing_time"":314}]","314","Instructions_01","COVIDCONTROL","instructions","51","61536","0.0-65.0","","","",""
"","1128.199999999255","COVIDCONTROL_01","COVIDCONTROL","survey-multi-select","52","62668","0.0-66.0","{""Q0"":""Quién más vive en su casa además de usted actualmente? (puede marcar más de una alternativa)""}","{""Q0"":[""&nbsp;Hijo/a(s)""]}","[0]",""
"","890","COVIDCONTROL_02","COVIDCONTROL","survey-multi-choice-vertical","53","63562","0.0-67.0","{""Q0"":""Si tuviera que elegir aquella situación que más lo(a) representa durante la pandemia del COVID-19, ¿cuál sería?""}","{""Q0"":"" Mi trabajo requiere que me traslade a otros sitios (médicos, delivery, transporte público, etc), mientras otros deben quedarse en casa de forma obligaroria/voluntaria.""}","",""
"","1089","COVIDCONTROL_03","COVIDCONTROL","survey-multi-choice-vertical","54","64656","0.0-68.0","{""Q0"":""De forma general, ¿cómo describiría su estado de salud en este último tiempo? Usted diría que es:""}","{""Q0"":"" Bastante bueno""}","",""
"","1171.199999999255","COVIDCONTROL_04","COVIDCONTROL","survey-multi-select","55","65830","0.0-69.0","{""Q0"":""A su alrededor, ¿ha habido diagnósticos de COVID-19? (Marque todas las alternativas que se ajusten a su realidad)""}","{""Q0"":[""&nbsp;En mi país""]}","[0]",""
"","874","COVIDCONTROL_05","COVIDCONTROL","survey-multi-choice-vertical","56","66706","0.0-70.0","{""Q0"":""Qué tan en riesgo cree que se encuentra de: Infectarse con COVID-19""}","{""Q0"":"" Bajo riesgo""}","",""
"","831","COVIDCONTROL_06","COVIDCONTROL","survey-multi-choice-vertical","57","67540","0.0-71.0","{""Q0"":""Qué tan en riesgo cree que se encuentra de: Experimentar una versión severa de la infección COVID-19""}","{""Q0"":"" Muy alto riesgo""}","",""
"","852","COVIDCONTROL_07","COVIDCONTROL","survey-multi-choice-vertical","58","68396","0.0-72.0","{""Q0"":""Qué tan en riesgo cree que se encuentra de: Morir de COVID-19""}","{""Q0"":"" Ni bajo ni alto riesgo""}","",""
"","835","COVIDCONTROL_08","COVIDCONTROL","survey-multi-choice-vertical","59","69233","0.0-73.0","{""Q0"":""Qué tan en riesgo cree que se encuentran su familiares o amigos cercanos de: Infectarse con COVID-19""}","{""Q0"":"" Muy bajo riesgo""}","",""
"","787","COVIDCONTROL_09","COVIDCONTROL","survey-multi-choice-vertical","60","70023","0.0-74.0","{""Q0"":""Qué tan en riesgo cree que se encuentran su familiares o amigos cercanos de: Experimentar una versión severa de la infección COVID-19""}","{""Q0"":"" Muy bajo riesgo""}","",""
"","787","COVIDCONTROL_10","COVIDCONTROL","survey-multi-choice-vertical","61","70813","0.0-75.0","{""Q0"":""Qué tan en riesgo cree que se encuentran su familiares o amigos cercanos de: Morir de COVID-19""}","{""Q0"":"" Muy alto riesgo""}","",""
"","799","COVIDCONTROL_11","COVIDCONTROL","survey-multi-choice-vertical","62","71614","0.0-76.0","{""Q0"":""Cuando compara la situación financiera de su hogar antes y después de la pandemia por COVID-19, ¿considera que ahora es mejor, peor o que se ha mantenido igual que antes?""}","{""Q0"":"" Peor""}","",""
"","865","COVIDCONTROL_12","COVIDCONTROL","survey-multi-choice-vertical","63","72482","0.0-77.0","{""Q0"":""¿Cuál de las siguientes frases describe mejor su situación laboral durante la pandemia por COVID-19?""}","{""Q0"":"" No lo sé / Prefiero no responder""}","",""
"","516.5","COVIDCONTROL_13","COVIDCONTROL","html-slider-response","64","73002","0.0-78.0","<div class=""justified"">¿En qué medida considera que las consecuencias de la pandemia han afectado su calidad de vida?</div></br>","8","","5"
