"view_history","rt","trialid","procedure","trial_type","trial_index","time_elapsed","internal_node_id","stimulus","response"
"[{""page_index"":0,""viewing_time"":300}]","301","Instructions_01","CAS","instructions","31","37122","0.0-43.0","",""
"","792","CAS_001","CAS","survey-multi-choice-vertical","32","37916","0.0-44.0","{""Q0"":""Me siento mal cuando pienso en COVID-19.""}","{""Q0"":"" 0 No me sucede""}"
"","681","CAS_002","CAS","survey-multi-choice-vertical","33","38598","0.0-45.0","{""Q0"":""Siento que se me acelera el corazón cuando leo sobre COVID-19.""}","{""Q0"":"" 0 No me sucede""}"
"","10874","CAS_003","CAS","survey-multi-choice-vertical","34","49474","0.0-46.0","{""Q0"":""Me siento ansioso con respecto a COVID-19.""}","{""Q0"":"" 0 No me sucede""}"
"","792","CAS_004","CAS","survey-multi-choice-vertical","35","50268","0.0-47.0","{""Q0"":""Me siento incómodo cuando leo noticias sobre COVID-19.""}","{""Q0"":"" 1 Casi nunca me sucede""}"
"","735","CAS_005","CAS","survey-multi-choice-vertical","36","51007","0.0-48.0","{""Q0"":""Me cuesta relajarme cuando pienso en COVID-19.""}","{""Q0"":"" 1 Casi nunca me sucede""}"
"","879","CAS_006","CAS","survey-multi-choice-vertical","37","51888","0.0-49.0","{""Q0"":""Siento que puedo entrar en pánico cuando me pongo al día sobre COVID-19.""}","{""Q0"":"" 0 No me sucede""}"
"","803","CAS_007","CAS","survey-multi-choice-vertical","38","52694","0.0-50.0","{""Q0"":""Tengo miedo de infectarme con COVID-19.""}","{""Q0"":"" 1 Casi nunca me sucede""}"
