"success","procedure","trial_type","trial_index","time_elapsed","internal_node_id","trialid","rt","stimulus","response"
"true","BART","fullscreen","1","347","0.0-1.0-0.0","","","",""
"","BART","audio-button-response","2","4902","0.0-2.0","BART_01","","{""explodeRounds"":128}","{""status"":""safe"",""rounds"":1,""roundMoney"":50,""totalMoney"":50}"
"","BART","audio-button-response","3","8227","0.0-3.0","BART_02","","{""explodeRounds"":122}","{""status"":""safe"",""rounds"":4,""roundMoney"":200,""totalMoney"":250}"
"","BART","audio-button-response","4","10289","0.0-4.0","BART_03","","{""explodeRounds"":118}","{""status"":""safe"",""rounds"":2,""roundMoney"":100,""totalMoney"":350}"
"","BART","audio-button-response","5","12682","0.0-5.0","BART_04","","{""explodeRounds"":114}","{""status"":""safe"",""rounds"":2,""roundMoney"":100,""totalMoney"":450}"
"","BART","audio-button-response","6","14068","0.0-6.0","BART_05","","{""explodeRounds"":109}","{""status"":""safe"",""rounds"":1,""roundMoney"":50,""totalMoney"":500}"
"","BART","audio-button-response","7","19564","0.0-7.0","BART_06","","{""explodeRounds"":105}","{""status"":""safe"",""rounds"":6,""roundMoney"":300,""totalMoney"":800}"
"","BART","audio-button-response","8","23651","0.0-8.0","BART_07","","{""explodeRounds"":101}","{""status"":""safe"",""rounds"":4,""roundMoney"":200,""totalMoney"":1000}"
"","BART","audio-button-response","9","24486","0.0-9.0","BART_08","","{""explodeRounds"":96}","{""status"":""safe"",""rounds"":0,""roundMoney"":0,""totalMoney"":1000}"
"","BART","audio-button-response","10","28824","0.0-10.0","BART_09","","{""explodeRounds"":92}","{""status"":""safe"",""rounds"":4,""roundMoney"":200,""totalMoney"":1200}"
"","BART","audio-button-response","11","41426","0.0-11.0","BART_10","","{""explodeRounds"":88}","{""status"":""safe"",""rounds"":15,""roundMoney"":750,""totalMoney"":1950}"
"","BART","audio-button-response","12","43862","0.0-12.0","BART_11","","{""explodeRounds"":83}","{""status"":""safe"",""rounds"":2,""roundMoney"":100,""totalMoney"":2050}"
"","BART","audio-button-response","13","45452","0.0-13.0","BART_12","","{""explodeRounds"":79}","{""status"":""safe"",""rounds"":1,""roundMoney"":50,""totalMoney"":2100}"
"","BART","audio-button-response","14","47737","0.0-14.0","BART_13","","{""explodeRounds"":75}","{""status"":""safe"",""rounds"":2,""roundMoney"":100,""totalMoney"":2200}"
"","BART","audio-button-response","15","52388","0.0-15.0","BART_14","","{""explodeRounds"":70}","{""status"":""safe"",""rounds"":5,""roundMoney"":250,""totalMoney"":2450}"
"","BART","audio-button-response","16","57978","0.0-16.0","BART_15","","{""explodeRounds"":66}","{""status"":""safe"",""rounds"":6,""roundMoney"":300,""totalMoney"":2750}"
"","BART","audio-button-response","17","58804","0.0-17.0","BART_16","","{""explodeRounds"":62}","{""status"":""safe"",""rounds"":0,""roundMoney"":0,""totalMoney"":2750}"
"","BART","audio-button-response","18","61259","0.0-18.0","BART_17","","{""explodeRounds"":57}","{""status"":""safe"",""rounds"":2,""roundMoney"":100,""totalMoney"":2850}"
"","BART","audio-button-response","19","62894","0.0-19.0","BART_18","","{""explodeRounds"":53}","{""status"":""safe"",""rounds"":1,""roundMoney"":50,""totalMoney"":2900}"
"","BART","audio-button-response","20","65310","0.0-20.0","BART_19","","{""explodeRounds"":49}","{""status"":""safe"",""rounds"":2,""roundMoney"":100,""totalMoney"":3000}"
"","BART","audio-button-response","21","66107","0.0-21.0","BART_20","","{""explodeRounds"":44}","{""status"":""safe"",""rounds"":0,""roundMoney"":0,""totalMoney"":3000}"
"","BART","audio-button-response","22","70832","0.0-22.0","BART_21","","{""explodeRounds"":40}","{""status"":""safe"",""rounds"":5,""roundMoney"":250,""totalMoney"":3250}"
"","BART","audio-button-response","23","74131","0.0-23.0","BART_22","","{""explodeRounds"":36}","{""status"":""safe"",""rounds"":3,""roundMoney"":150,""totalMoney"":3400}"
"","BART","audio-button-response","24","75804","0.0-24.0","BART_23","","{""explodeRounds"":31}","{""status"":""safe"",""rounds"":1,""roundMoney"":50,""totalMoney"":3450}"
"","BART","audio-button-response","25","79925","0.0-25.0","BART_24","","{""explodeRounds"":27}","{""status"":""safe"",""rounds"":4,""roundMoney"":200,""totalMoney"":3650}"
"","BART","audio-button-response","26","80721","0.0-26.0","BART_25","","{""explodeRounds"":23}","{""status"":""safe"",""rounds"":0,""roundMoney"":0,""totalMoney"":3650}"
"","BART","audio-button-response","27","81506","0.0-27.0","BART_26","","{""explodeRounds"":18}","{""status"":""safe"",""rounds"":0,""roundMoney"":0,""totalMoney"":3650}"
"","BART","audio-button-response","28","84703","0.0-28.0","BART_27","","{""explodeRounds"":14}","{""status"":""safe"",""rounds"":3,""roundMoney"":150,""totalMoney"":3800}"
"","BART","audio-button-response","29","92156","0.0-29.0","BART_28","","{""explodeRounds"":10}","{""status"":""safe"",""rounds"":9,""roundMoney"":450,""totalMoney"":4250}"
"","BART","audio-button-response","30","95888","0.0-30.0","BART_29","","{""explodeRounds"":5}","{""status"":""explode"",""rounds"":5,""roundMoney"":0,""totalMoney"":4250}"
"","BART","audio-button-response","31","96621","0.0-31.0","BART_30","","{""explodeRounds"":1}","{""status"":""explode"",""rounds"":1,""roundMoney"":0,""totalMoney"":4250}"
