"view_history","rt","trialid","procedure","trial_type","trial_index","time_elapsed","internal_node_id","stimulus","response"
"[{""page_index"":0,""viewing_time"":343}]","344","Instructions_01","EAR","instructions","165","134937","0.0-188.0","",""
"","865","EAR_01","EAR","survey-multi-choice-vertical","166","135805","0.0-189.0","{""Q0"":""Siento que soy una persona digna de aprecio, al menos en igual medida que los demás.""}","{""Q0"":"" Muy de acuerdo""}"
"","771","EAR_02","EAR","survey-multi-choice-vertical","167","136580","0.0-190.0","{""Q0"":""Creo que tengo un buen número de cualidades.""}","{""Q0"":"" De acuerdo""}"
"","744","EAR_03","EAR","survey-multi-choice-vertical","168","137327","0.0-191.0","{""Q0"":""En general, me inclino a pensar que soy un/a fracasado/a.""}","{""Q0"":"" De acuerdo""}"
"","736","EAR_04","EAR","survey-multi-choice-vertical","169","138065","0.0-192.0","{""Q0"":""Soy capaz de hacer las cosas tan bien como la mayoría de la gente.""}","{""Q0"":"" Muy de acuerdo""}"
"","841","EAR_05","EAR","survey-multi-choice-vertical","170","138908","0.0-193.0","{""Q0"":""Siento que no tengo muchos motivos para sentirme orgulloso/a de mi.""}","{""Q0"":"" De acuerdo""}"
"","796","EAR_06","EAR","survey-multi-choice-vertical","171","139708","0.0-194.0","{""Q0"":""Tengo una actitud positiva hacia mí mismo/a.""}","{""Q0"":"" En desacuerdo""}"
"","859","EAR_07","EAR","survey-multi-choice-vertical","172","140569","0.0-195.0","{""Q0"":""En general, estoy satisfecho conmigo mismo/a.""}","{""Q0"":"" De acuerdo""}"
"","817","EAR_08","EAR","survey-multi-choice-vertical","173","141389","0.0-196.0","{""Q0"":""Desearía valorarme más a mi mismo/a.""}","{""Q0"":"" Muy de acuerdo""}"
"","820","EAR_09","EAR","survey-multi-choice-vertical","174","142212","0.0-197.0","{""Q0"":""A veces me siento verdaderamente inútil.""}","{""Q0"":"" En desacuerdo""}"
"","813","EAR_10","EAR","survey-multi-choice-vertical","175","143028","0.0-198.0","{""Q0"":""A veces pienso que no soy bueno/a para nada.""}","{""Q0"":"" En desacuerdo""}"
