"view_history","rt","trialid","procedure","trial_type","trial_index","time_elapsed","internal_node_id","stimulus","button_pressed"
"[{""page_index"":0,""viewing_time"":303},{""page_index"":1,""viewing_time"":493},{""page_index"":2,""viewing_time"":396}]","1192","Instructions_03","INFCONS","instructions","874","603238","0.0-859.0","",""
"","430.90000000037253","INFCONS_12","INFCONS","html-button-response","875","603671","0.0-860.0","<p><u><p><u>Riesgos para el <B>bebé</B></u></p><BR></u></p><p><b>Problemas respiratorios del recién nacido</b></p>Se da en 115 de 1000 partos vaginales y en 120 de 1000 partos por cesarea<BR><BR>","0"
"","386","INFCONS_13","INFCONS","html-button-response","876","604059","0.0-861.0","<p><u><p><u>Riesgos para el <B>bebé</B></u></p><BR></u></p><p><b>Lesión en el cerebro del bebe por falta de oxígeno</b></p>Se da en 2 de 1000 partos vaginales y en 2 de 1000 partos por cesarea<BR><BR>","0"
"","378.90000000037253","INFCONS_14","INFCONS","html-button-response","877","604441","0.0-862.0","<p><u><p><u>Riesgos para el <B>bebé</B></u></p><BR></u></p><p><b>Hospitalización en cuidados intensivos neonatales</b></p>Se da en 63 de 1000 partos vaginales y en 139 de 1000 partos por cesarea<BR><BR>","0"
"","366","INFCONS_15","INFCONS","html-button-response","878","604809","0.0-863.0","<p><u><p><u>Riesgos para el <B>bebé</B></u></p><BR></u></p><p><b>Dificultades para inicio temprano de lactancia materna</b></p>Se da en 227 de 1000 partos vaginales y en 311 de 1000 partos por cesarea<BR><BR>","0"
"[{""page_index"":0,""viewing_time"":346}]","347","Instructions_04","INFCONS","instructions","879","605157","0.0-864.0","",""
"","319.90000000037253","INFCONS_16","INFCONS","html-button-response","880","605478","0.0-865.0","<p><u><p><u>Riesgos para la <B>madre</B></u></p><BR></u></p><p><b>Complicaciones de la anestesia</b></p>Se da en 3 de 1000 partos vaginales y en 4 de 1000 partos por cesarea<BR><BR>","0"
"","435.5","INFCONS_17","INFCONS","html-button-response","881","605916","0.0-866.0","<p><u><p><u>Riesgos para la <B>madre</B></u></p><BR></u></p><p><b>Paro cardíaco</b></p>Se da en 0.3 de 1000 partos vaginales y en 1.9 de 1000 partos por cesarea<BR><BR>","0"
"","412.2000000011176","INFCONS_18","INFCONS","html-button-response","882","606330","0.0-867.0","<p><u><p><u>Riesgos para la <B>madre</B></u></p><BR></u></p><p><b>Histerectomía (extracción del útero)</b></p>Se da en 0.2 de 1000 partos vaginales y en 0.6 de 1000 partos por cesarea<BR><BR>","0"
"","402.2999999988824","INFCONS_19","INFCONS","html-button-response","883","606734","0.0-868.0","<p><u><p><u>Riesgos para la <B>madre</B></u></p><BR></u></p><p><b>Infección de la herida</b></p>Se da en 9 de 1000 partos vaginales y en 15 de 1000 partos por cesarea<BR><BR>","0"
"","380.90000000037253","INFCONS_20","INFCONS","html-button-response","884","607117","0.0-869.0","<p><u><p><u>Riesgos para la <B>madre</B></u></p><BR></u></p><p><b>Lesión de la vagina</b></p>Se da en 5.6 de 1000 partos vaginales y en 0 de 1000 partos por cesarea<BR><BR>","0"
"","381.30000000074506","INFCONS_21","INFCONS","html-button-response","885","607500","0.0-870.0","<p><u><p><u>Riesgos para la <B>madre</B></u></p><BR></u></p><p><b>Hospitalización de la madre en cuidados intensivos</b></p>Se da en 12 de 1000 partos vaginales y en 44 de 1000 partos por cesarea<BR><BR>","0"
"","464.09999999962747","INFCONS_22","INFCONS","html-button-response","886","607966","0.0-871.0","<p><u><p><u>Riesgos para la <B>madre</B></u></p><BR></u></p><p><b>Depresión post parto</b></p>Se da en 176 de 1000 partos vaginales y en 230 de 1000 partos por cesarea<BR><BR>","0"
