"view_history","rt","trialid","procedure","trial_type","trial_index","time_elapsed","internal_node_id","stimulus","response"
"[{""page_index"":0,""viewing_time"":319}]","319","Instructions_01","SCSORF","instructions","611","429000","0.0-663.0","",""
"","722","SCSORF_01","SCSORF","survey-multi-choice-vertical","612","429727","0.0-664.0","{""Q0"":""1. Mi fe religiosa es extremadamente importante para mí.""}","{""Q0"":"" Fuertemente en desacuerdo""}"
"","755","SCSORF_02","SCSORF","survey-multi-choice-vertical","613","430486","0.0-665.0","{""Q0"":""2. Rezo a diario.""}","{""Q0"":"" En desacuerdo""}"
"","764","SCSORF_03","SCSORF","survey-multi-choice-vertical","614","431255","0.0-666.0","{""Q0"":""3. Considero mi fe una fuente de inspiración""}","{""Q0"":"" En desacuerdo""}"
"","732","SCSORF_04","SCSORF","survey-multi-choice-vertical","615","431992","0.0-667.0","{""Q0"":""4. Considero que mi fe le otorga significado y propósito a mi vida.""}","{""Q0"":"" Fuertemente en desacuerdo""}"
"","680","SCSORF_05","SCSORF","survey-multi-choice-vertical","616","432677","0.0-668.0","{""Q0"":""5. Me considero activo/a en mi fe o iglesia.""}","{""Q0"":"" En desacuerdo""}"
"","776","SCSORF_06","SCSORF","survey-multi-choice-vertical","617","433459","0.0-669.0","{""Q0"":""6. Mi fe es una parte importante de quien soy como persona.""}","{""Q0"":"" De acuerdo""}"
"","705","SCSORF_07","SCSORF","survey-multi-choice-vertical","618","434172","0.0-670.0","{""Q0"":""7. Mi relación con Dios es extremadamente importante para mí.""}","{""Q0"":"" En desacuerdo""}"
"","764","SCSORF_08","SCSORF","survey-multi-choice-vertical","619","434941","0.0-671.0","{""Q0"":""8. Disfruto estando alrededor de otras personas que comparten mi fe.""}","{""Q0"":"" Fuertemente en desacuerdo""}"
"","756","SCSORF_09","SCSORF","survey-multi-choice-vertical","620","435701","0.0-672.0","{""Q0"":""9. Veo mi fe como una fuente de comodidad.""}","{""Q0"":"" De acuerdo""}"
"","764","SCSORF_10","SCSORF","survey-multi-choice-vertical","621","436469","0.0-673.0","{""Q0"":""10. Mi fe impacta muchas de mis decisiones.""}","{""Q0"":"" De acuerdo""}"
