"success","timeout","failed_images","failed_audio","failed_video","trialid","procedure","trial_type","trial_index","time_elapsed","internal_node_id","rt","stimulus","button_pressed","response","slider_start"
"true","false","[]","[]","[]","EmpaTom_00","EmpaTom","preload","888","608193","0.0-874.0","","","","",""
"","","","","","Instructions_01","EmpaTom","html-button-response","889","608597","0.0-875.0","401.09999999962747","<div style=""max-width:600px;""><p>Descripcion de la tarea e instrucciones. Tom tiene Alzheimer....</p></div>","0","",""
"","","","","","EmpaTom_01","EmpaTom","video-button-response","890","619739","0.0-876.0","11136.10000000149","[""media/vid/Entrevista1.mp4""]","","0",""
"","","","","","EmpaTom_02","EmpaTom","html-slider-response","891","620309","0.0-877.0","567.5","<div class='justified'>¿Cómo te sientes?</div></br>","","1","4"
"","","","","","EmpaTom_03","EmpaTom","html-slider-response","892","621032","0.0-878.0","720.0999999996275","<div class='justified'>¿Cuánta compasión sentiste por Tom?</div></br>","","5","4"
"","","","","","EmpaTom_04","EmpaTom","survey-multi-choice-vertical","893","621743","0.0-879.0","706","{""Q0"":""Tom piensa.""}","","{""Q0"":"" que se dará por vencido y olvidará a su esposa producto del alzheimer""}",""
