"view_history","rt","trialid","procedure","trial_type","trial_index","time_elapsed","internal_node_id","stimulus","slider_start","response"
"[{""page_index"":0,""viewing_time"":311}]","312","Instructions_01","SBS","instructions","597","521154","0.0-650.0","","",""
"","521.7999999988824","SBS_01","SBS","html-slider-response","598","521677","0.0-651.0","<div class='justified'>1. Existe un Dios todopoderoso, omnisciente y amoroso.</div></br>","0","-3"
"","458.7000000011176","SBS_02","SBS","html-slider-response","599","522138","0.0-652.0","<div class='justified'>2. Existe un ser espiritual espiritual maligno, a quien podríamos llamar el Diablo.</div></br>","0","3"
"","763.5999999996275","SBS_03","SBS","html-slider-response","600","522903","0.0-653.0","<div class='justified'>3. Existen buenos seres espirituales personales, a quienes podríamos llamar ángeles.</div></br>","0","3"
"","478.40000000037253","SBS_04","SBS","html-slider-response","601","523383","0.0-654.0","<div class='justified'>4. Existen seres espirituales personales malvados, a quienes podríamos llamar demonios.</div></br>","0","-4"
"","471.90000000037253","SBS_05","SBS","html-slider-response","602","523857","0.0-655.0","<div class='justified'>5. Los seres humanos tienen almas inmateriales e inmortales.</div></br>","0","1"
"","467.2000000011176","SBS_06","SBS","html-slider-response","603","524326","0.0-656.0","<div class='justified'>6. Hay un reino espiritual además del físico.</div></br>","0","3"
"","461.40000000037253","SBS_07","SBS","html-slider-response","604","524790","0.0-657.0","<div class='justified'>7. Algunas personas irán al cielo cuando mueran.</div></br>","0","-4"
"","515.2999999988824","SBS_08","SBS","html-slider-response","605","525307","0.0-658.0","<div class='justified'>8. Algunas personas irán al infierno cuando mueran.</div></br>","0","4"
"","486.2999999988824","SBS_09","SBS","html-slider-response","606","525795","0.0-659.0","<div class='justified'>9. Los milagros, eventos divinamente causados que no tienen una explicación natural, pueden suceder y lo hacen.</div></br>","0","3"
"","490.80000000074506","SBS_10","SBS","html-slider-response","607","526287","0.0-660.0","<div class='justified'>10. Hay individuos que son mensajeros de Dios y / o pueden prever el futuro.</div></br>","0","-2"
