"view_history","rt","trialid","procedure","trial_type","trial_index","time_elapsed","internal_node_id","stimulus","response"
"[{""page_index"":0,""viewing_time"":269}]","269","Instructions_01","CAS","instructions","31","40002","0.0-43.0","",""
"","750","CAS_001","CAS","survey-multi-choice-vertical","32","40753","0.0-44.0","{""Q0"":""Me siento mal cuando pienso en COVID-19.""}","{""Q0"":"" 0 No me sucede""}"
"","706","CAS_002","CAS","survey-multi-choice-vertical","33","41462","0.0-45.0","{""Q0"":""Siento que se me acelera el corazón cuando leo sobre COVID-19.""}","{""Q0"":"" 1 Casi nunca me sucede""}"
"","699","CAS_003","CAS","survey-multi-choice-vertical","34","42163","0.0-46.0","{""Q0"":""Me siento ansioso con respecto a COVID-19.""}","{""Q0"":"" 1 Casi nunca me sucede""}"
"","629","CAS_004","CAS","survey-multi-choice-vertical","35","42794","0.0-47.0","{""Q0"":""Me siento incómodo cuando leo noticias sobre COVID-19.""}","{""Q0"":"" 0 No me sucede""}"
"","638","CAS_005","CAS","survey-multi-choice-vertical","36","43434","0.0-48.0","{""Q0"":""Me cuesta relajarme cuando pienso en COVID-19.""}","{""Q0"":"" 1 Casi nunca me sucede""}"
"","642","CAS_006","CAS","survey-multi-choice-vertical","37","44078","0.0-49.0","{""Q0"":""Siento que puedo entrar en pánico cuando me pongo al día sobre COVID-19.""}","{""Q0"":"" 2 A veces me sucede""}"
"","627","CAS_007","CAS","survey-multi-choice-vertical","38","44707","0.0-50.0","{""Q0"":""Tengo miedo de infectarme con COVID-19.""}","{""Q0"":"" 1 Casi nunca me sucede""}"
