"view_history","rt","trialid","procedure","trial_type","trial_index","time_elapsed","internal_node_id","stimulus","response"
"[{""page_index"":0,""viewing_time"":423}]","423","Instructions_01","AIM","instructions","5","15204","0.0-6.0","",""
"","1862","AIM_01","AIM","survey-multi-choice-vertical","6","17075","0.0-7.0","{""Q0"":""¿Cuál es el nivel educacional alcanzado (último año aprobado) por el principal sostenedor del hogar?""}","{""Q0"":"" Media científico humanista o media técnico profesional completa; humanidades completas.""}"
"","1415","AIM_02","AIM","survey-multi-choice-vertical","7","18495","0.0-8.0","{""Q0"":""¿Cuál de las siguientes ocupaciones corresponde al trabajo del principal sostenedor del hogar? [Si el principal sostenedor del hogar está cesante o es jubilado, debe ser la última ocupación remunerada que tuvo. Si el principal sostenedor tiene más de 1 trabajo, debe registrarse el de mayor ingreso.]""}","{""Q0"":"" Trabajadores no calificados en ventas y servicios, peones agropecuarios, forestales, construcción, etc.""}"
"","674","AIM_03","AIM","survey-text","8","19174","0.0-9.0","{""Q0"":""Ahora, hablando de su hogar: Incluyéndose usted, ¿cuántas personas viven en su hogar en la actualidad? No considere el servicio doméstico, aunque sea puertas adentro.""}","{""Q0"":""96""}"
"","1089","AIM_10","AIM","survey-multi-choice-vertical","9","20267","0.0-16.0-0.0","{""Q0"":""Por favor, piense en ingreso total de su hogar en un mes promedio, considerando el aporte de todos sus miembros y otros ingresos adicionales como rentas de propiedades, jubilaciones o pensiones. ¿en cuál de estos tramos está el ingreso total mensual de su hogar?""}","{""Q0"":"" 464 mil – 808 mil""}"
