"view_history","rt","trialid","procedure","trial_type","trial_index","time_elapsed","internal_node_id","stimulus","response"
"[{""page_index"":0,""viewing_time"":385}]","386","Instructions_01","IRS","instructions","322","244746","0.0-355.0","",""
"","1247","IRS_001","IRS","survey-multi-choice-vertical","323","245999","0.0-356.0","{""Q0"":""Es importante para mí personalmente ser escéptico sobre las afirmaciones que no están respaldadas por evidencia.""}","{""Q0"":"" 1 Completamente en desacuerdo""}"
"","1108","IRS_002","IRS","survey-multi-choice-vertical","324","247114","0.0-357.0","{""Q0"":""Es importante para mí personalmente ser racional y sensato incluso en discusiones acaloradas.""}","{""Q0"":"" 2 En desacuerdo""}"
"","1064","IRS_003","IRS","survey-multi-choice-vertical","325","248185","0.0-358.0","{""Q0"":""Para mí es importante examinar personalmente las creencias tradicionales utilizando la lógica y la evidencia.""}","{""Q0"":"" 2 En desacuerdo""}"
"","1029","IRS_004","IRS","survey-multi-choice-vertical","326","249219","0.0-359.0","{""Q0"":""Es importante para mí personalmente que pueda justificar mis creencias utilizando argumentos y pruebas racionales.""}","{""Q0"":"" 5 En alguna medida acuerdo""}"
"","1104","IRS_005","IRS","survey-multi-choice-vertical","327","250332","0.0-360.0","{""Q0"":""Es importante para mí personalmente examinar críticamente mis creencias arraigadas.""}","{""Q0"":"" 6 De acuerdo""}"
"","1244","IRS_006","IRS","survey-multi-choice-vertical","328","251583","0.0-361.0","{""Q0"":""Para mí es importante ser una persona racional.""}","{""Q0"":"" 7 Completamente de acuerdo""}"
"[{""page_index"":0,""viewing_time"":293}]","293","Instructions_001","IRS","instructions","329","251877","0.0-362.0","",""
