"rt","stimulus","slider_start","response","trialid","procedure","trial_type","trial_index","time_elapsed","internal_node_id"
"529.5999999996275","<div class=""justified"">Yo preferiría un parto por cesárea para evitar el dolor del parto</div></br>","50","74","PSPPC_01","PSPPC","html-slider-response","419","328324","0.0-460.0"
"515.9000000003725","<div class=""justified"">Creo que la mujer tiene derecho a elegir una cesárea aunque no hayan indicaciones médicas para hacerla</div></br>","50","77","PSPPC_02","PSPPC","html-slider-response","420","328841","0.0-461.0"
"552.7000000011176","<div class=""justified"">El procedimiento quirúrgico involucrado en un parto por cesárea no me preocupa</div></br>","50","56","PSPPC_03","PSPPC","html-slider-response","421","329396","0.0-462.0"
"558","<div class=""justified"">Tener bebés por cesárea es menos vergonzoso que tenerlos por vía vaginal</div></br>","50","41","PSPPC_04","PSPPC","html-slider-response","422","329955","0.0-463.0"
"546.0999999996275","<div class=""justified"">Considero que el parto vaginal es un método obsoleto de parto</div></br>","50","100","PSPPC_05","PSPPC","html-slider-response","423","330503","0.0-464.0"
"505.5","<div class=""justified"">El parto requiere de atención o asistencia médica incluso en embarazos sin complicaciones</div></br>","50","10","PSPPC_06","PSPPC","html-slider-response","424","331011","0.0-465.0"
