"view_history","rt","trialid","procedure","trial_type","trial_index","time_elapsed","internal_node_id","stimulus","button_pressed","condition_within","slider_start","response"
"[{""page_index"":0,""viewing_time"":319},{""page_index"":1,""viewing_time"":329}]","648","Instructions_01","HRPVBpost","instructions","791","555359","0.0-826.0","","","","",""
"[{""page_index"":0,""viewing_time"":304}]","304","Instructions_02","HRPVBpost","instructions","792","555663","0.0-827.0","","","","",""
"","295.7000000011176","HRPVBpost_03_00","HRPVBpost","html-button-response","793","555960","0.0-828.0-0.0","Hospitalización en cuidados intensivos neonatales","0","Hospitalización en cuidados intensivos neonatales","",""
"","509.90000000037253","HRPVBpost_03_02","HRPVBpost","html-slider-response","794","556473","0.0-828.0-1.0","vaginal","","Hospitalización en cuidados intensivos neonatales; vaginal","50","48.3"
"","502.5","HRPVBpost_03_01","HRPVBpost","html-slider-response","795","556978","0.0-828.0-2.0","cesarea","","Hospitalización en cuidados intensivos neonatales; cesarea","50","50.8"
"","376.19999999925494","HRPVBpost_01_00","HRPVBpost","html-button-response","796","557355","0.0-828.0-0.1","Problemas respiratorios del recién nacido","0","Problemas respiratorios del recién nacido","",""
"","535.9000000003725","HRPVBpost_01_01","HRPVBpost","html-slider-response","797","557894","0.0-828.0-1.1","cesarea","","Problemas respiratorios del recién nacido; cesarea","50","52.9"
"","509.7999999988824","HRPVBpost_01_02","HRPVBpost","html-slider-response","798","558406","0.0-828.0-2.1","vaginal","","Problemas respiratorios del recién nacido; vaginal","50","50.3"
"","357.09999999962747","HRPVBpost_04_00","HRPVBpost","html-button-response","799","558765","0.0-828.0-0.2","Dificultades para inicio temprano de lactancia materna","0","Dificultades para inicio temprano de lactancia materna","",""
"","489.69999999925494","HRPVBpost_04_01","HRPVBpost","html-slider-response","800","559259","0.0-828.0-1.2","cesarea","","Dificultades para inicio temprano de lactancia materna; cesarea","50","48.2"
"","528.4000000003725","HRPVBpost_04_02","HRPVBpost","html-slider-response","801","559789","0.0-828.0-2.2","vaginal","","Dificultades para inicio temprano de lactancia materna; vaginal","50","45.8"
"","309.80000000074506","HRPVBpost_02_00","HRPVBpost","html-button-response","802","560100","0.0-828.0-0.3","Lesión en el cerebro del bebe por falta de oxígeno","0","Lesión en el cerebro del bebe por falta de oxígeno","",""
"","781.0999999996275","HRPVBpost_02_02","HRPVBpost","html-slider-response","803","560884","0.0-828.0-1.3","vaginal","","Lesión en el cerebro del bebe por falta de oxígeno; vaginal","50","46.8"
"","554.2999999988824","HRPVBpost_02_01","HRPVBpost","html-slider-response","804","561440","0.0-828.0-2.3","cesarea","","Lesión en el cerebro del bebe por falta de oxígeno; cesarea","50","54.2"
"[{""page_index"":0,""viewing_time"":333}]","333","Instructions_02","HRPVBpost","instructions","805","561774","0.0-829.0","","","","",""
"","322","HRPVBpost_11_00","HRPVBpost","html-button-response","806","562098","0.0-830.0-0.0","Depresión post parto","0","Depresión post parto","",""
"","450.7999999988824","HRPVBpost_11_01","HRPVBpost","html-slider-response","807","562552","0.0-830.0-1.0","cesarea","","Depresión post parto; cesarea","50","48.3"
"","535.2999999988824","HRPVBpost_11_02","HRPVBpost","html-slider-response","808","563091","0.0-830.0-2.0","vaginal","","Depresión post parto; vaginal","50","50.8"
"","292.5","HRPVBpost_05_00","HRPVBpost","html-button-response","809","563385","0.0-830.0-0.1","Complicaciones de la anestesia","0","Complicaciones de la anestesia","",""
"","524.6999999992549","HRPVBpost_05_02","HRPVBpost","html-slider-response","810","563913","0.0-830.0-1.1","vaginal","","Complicaciones de la anestesia; vaginal","50","52.9"
"","470.19999999925494","HRPVBpost_05_01","HRPVBpost","html-slider-response","811","564385","0.0-830.0-2.1","cesarea","","Complicaciones de la anestesia; cesarea","50","50.3"
"","296.59999999962747","HRPVBpost_08_00","HRPVBpost","html-button-response","812","564683","0.0-830.0-0.2","Infección de la herida","0","Infección de la herida","",""
"","505.2999999988824","HRPVBpost_08_01","HRPVBpost","html-slider-response","813","565190","0.0-830.0-1.2","cesarea","","Infección de la herida; cesarea","50","48.2"
"","494.7000000011176","HRPVBpost_08_02","HRPVBpost","html-slider-response","814","565686","0.0-830.0-2.2","vaginal","","Infección de la herida; vaginal","50","45.8"
"","318.09999999962747","HRPVBpost_09_00","HRPVBpost","html-button-response","815","566006","0.0-830.0-0.3","Lesión de la vagina","0","Lesión de la vagina","",""
"","511.19999999925494","HRPVBpost_09_02","HRPVBpost","html-slider-response","816","566519","0.0-830.0-1.3","vaginal","","Lesión de la vagina; vaginal","50","46.8"
"","480","HRPVBpost_09_01","HRPVBpost","html-slider-response","817","567001","0.0-830.0-2.3","cesarea","","Lesión de la vagina; cesarea","50","54.2"
"","338.19999999925494","HRPVBpost_07_00","HRPVBpost","html-button-response","818","567341","0.0-830.0-0.4","Histerectomía (extracción del útero)","0","Histerectomía (extracción del útero)","",""
"","505.5","HRPVBpost_07_02","HRPVBpost","html-slider-response","819","567849","0.0-830.0-1.4","vaginal","","Histerectomía (extracción del útero); vaginal","50","50.3"
"","481","HRPVBpost_07_01","HRPVBpost","html-slider-response","820","568332","0.0-830.0-2.4","cesarea","","Histerectomía (extracción del útero); cesarea","50","48.1"
"","297.19999999925494","HRPVBpost_10_00","HRPVBpost","html-button-response","821","568631","0.0-830.0-0.5","Hospitalización de la madre en cuidados intensivos","0","Hospitalización de la madre en cuidados intensivos","",""
"","494.59999999962747","HRPVBpost_10_02","HRPVBpost","html-slider-response","822","569128","0.0-830.0-1.5","vaginal","","Hospitalización de la madre en cuidados intensivos; vaginal","50","49.9"
"","454.2999999988824","HRPVBpost_10_01","HRPVBpost","html-slider-response","823","569584","0.0-830.0-2.5","cesarea","","Hospitalización de la madre en cuidados intensivos; cesarea","50","49.8"
"","318.19999999925494","HRPVBpost_06_00","HRPVBpost","html-button-response","824","569904","0.0-830.0-0.6","Paro cardíaco","0","Paro cardíaco","",""
"","501.69999999925494","HRPVBpost_06_02","HRPVBpost","html-slider-response","825","570408","0.0-830.0-1.6","vaginal","","Paro cardíaco; vaginal","50","45.7"
"","485.2999999988824","HRPVBpost_06_01","HRPVBpost","html-slider-response","826","570895","0.0-830.0-2.6","cesarea","","Paro cardíaco; cesarea","50","48.2"
