"view_history","rt","trialid","procedure","trial_type","trial_index","time_elapsed","internal_node_id","stimulus","button_pressed","condition_within","slider_start","response"
"[{""page_index"":0,""viewing_time"":337}]","337","Instructions_01","HRPVB","instructions","754","539047","0.0-819.0","","","","",""
"[{""page_index"":0,""viewing_time"":318}]","319","Instructions_02","HRPVB","instructions","755","539367","0.0-820.0","","","","",""
"","346.5","HRPVB_02_00","HRPVB","html-button-response","756","539715","0.0-821.0-0.0","Lesión en el cerebro del bebe por falta de oxígeno","0","Lesión en el cerebro del bebe por falta de oxígeno","",""
"","535.2000000011176","HRPVB_02_01","HRPVB","html-slider-response","757","540253","0.0-821.0-1.0","cesarea","","Lesión en el cerebro del bebe por falta de oxígeno; cesarea","50","48.3"
"","487.5","HRPVB_02_02","HRPVB","html-slider-response","758","540744","0.0-821.0-2.0","vaginal","","Lesión en el cerebro del bebe por falta de oxígeno; vaginal","50","50.8"
"","341","HRPVB_01_00","HRPVB","html-button-response","759","541086","0.0-821.0-0.1","Problemas respiratorios del recién nacido","0","Problemas respiratorios del recién nacido","",""
"","456","HRPVB_01_02","HRPVB","html-slider-response","760","541544","0.0-821.0-1.1","vaginal","","Problemas respiratorios del recién nacido; vaginal","50","52.9"
"","523.4000000003725","HRPVB_01_01","HRPVB","html-slider-response","761","542070","0.0-821.0-2.1","cesarea","","Problemas respiratorios del recién nacido; cesarea","50","50.3"
"","326.90000000037253","HRPVB_03_00","HRPVB","html-button-response","762","542398","0.0-821.0-0.2","Hospitalización en cuidados intensivos neonatales","0","Hospitalización en cuidados intensivos neonatales","",""
"","499.59999999962747","HRPVB_03_02","HRPVB","html-slider-response","763","542900","0.0-821.0-1.2","vaginal","","Hospitalización en cuidados intensivos neonatales; vaginal","50","48.2"
"","499.19999999925494","HRPVB_03_01","HRPVB","html-slider-response","764","543401","0.0-821.0-2.2","cesarea","","Hospitalización en cuidados intensivos neonatales; cesarea","50","45.8"
"","314.09999999962747","HRPVB_04_00","HRPVB","html-button-response","765","543718","0.0-821.0-0.3","Dificultades para inicio temprano de lactancia materna","0","Dificultades para inicio temprano de lactancia materna","",""
"","530.2999999988824","HRPVB_04_02","HRPVB","html-slider-response","766","544250","0.0-821.0-1.3","vaginal","","Dificultades para inicio temprano de lactancia materna; vaginal","50","46.8"
"","518.0999999996275","HRPVB_04_01","HRPVB","html-slider-response","767","544770","0.0-821.0-2.3","cesarea","","Dificultades para inicio temprano de lactancia materna; cesarea","50","54.2"
"[{""page_index"":0,""viewing_time"":330}]","330","Instructions_02","HRPVB","instructions","768","545101","0.0-822.0","","","","",""
"","299.5","HRPVB_10_00","HRPVB","html-button-response","769","545402","0.0-823.0-0.0","Hospitalización de la madre en cuidados intensivos","0","Hospitalización de la madre en cuidados intensivos","",""
"","515","HRPVB_10_02","HRPVB","html-slider-response","770","545920","0.0-823.0-1.0","vaginal","","Hospitalización de la madre en cuidados intensivos; vaginal","50","48.3"
"","512.6999999992549","HRPVB_10_01","HRPVB","html-slider-response","771","546435","0.0-823.0-2.0","cesarea","","Hospitalización de la madre en cuidados intensivos; cesarea","50","50.8"
"","326.40000000037253","HRPVB_09_00","HRPVB","html-button-response","772","546763","0.0-823.0-0.1","Lesión de la vagina","0","Lesión de la vagina","",""
"","586.7000000011176","HRPVB_09_01","HRPVB","html-slider-response","773","547352","0.0-823.0-1.1","cesarea","","Lesión de la vagina; cesarea","50","52.9"
"","522.9000000003725","HRPVB_09_02","HRPVB","html-slider-response","774","547877","0.0-823.0-2.1","vaginal","","Lesión de la vagina; vaginal","50","50.3"
"","312.40000000037253","HRPVB_08_00","HRPVB","html-button-response","775","548191","0.0-823.0-0.2","Infección de la herida","0","Infección de la herida","",""
"","505.8999999985099","HRPVB_08_02","HRPVB","html-slider-response","776","548700","0.0-823.0-1.2","vaginal","","Infección de la herida; vaginal","50","48.2"
"","502.7000000011176","HRPVB_08_01","HRPVB","html-slider-response","777","549204","0.0-823.0-2.2","cesarea","","Infección de la herida; cesarea","50","45.8"
"","319.40000000037253","HRPVB_05_00","HRPVB","html-button-response","778","549526","0.0-823.0-0.3","Complicaciones de la anestesia","0","Complicaciones de la anestesia","",""
"","489.8999999985099","HRPVB_05_01","HRPVB","html-slider-response","779","550018","0.0-823.0-1.3","cesarea","","Complicaciones de la anestesia; cesarea","50","46.8"
"","453.09999999962747","HRPVB_05_02","HRPVB","html-slider-response","780","550473","0.0-823.0-2.3","vaginal","","Complicaciones de la anestesia; vaginal","50","54.2"
"","314","HRPVB_11_00","HRPVB","html-button-response","781","550789","0.0-823.0-0.4","Depresión post parto","0","Depresión post parto","",""
"","522.8000000007451","HRPVB_11_01","HRPVB","html-slider-response","782","551314","0.0-823.0-1.4","cesarea","","Depresión post parto; cesarea","50","50.3"
"","538.7000000011176","HRPVB_11_02","HRPVB","html-slider-response","783","551855","0.0-823.0-2.4","vaginal","","Depresión post parto; vaginal","50","48.1"
"","348.59999999962747","HRPVB_06_00","HRPVB","html-button-response","784","552205","0.0-823.0-0.5","Paro cardíaco","0","Paro cardíaco","",""
"","499.80000000074506","HRPVB_06_02","HRPVB","html-slider-response","785","552707","0.0-823.0-1.5","vaginal","","Paro cardíaco; vaginal","50","49.9"
"","466.40000000037253","HRPVB_06_01","HRPVB","html-slider-response","786","553176","0.0-823.0-2.5","cesarea","","Paro cardíaco; cesarea","50","49.8"
"","303.40000000037253","HRPVB_07_00","HRPVB","html-button-response","787","553481","0.0-823.0-0.6","Histerectomía (extracción del útero)","0","Histerectomía (extracción del útero)","",""
"","505.7000000011176","HRPVB_07_02","HRPVB","html-slider-response","788","553988","0.0-823.0-1.6","vaginal","","Histerectomía (extracción del útero); vaginal","50","45.7"
"","498.59999999962747","HRPVB_07_01","HRPVB","html-slider-response","789","554489","0.0-823.0-2.6","cesarea","","Histerectomía (extracción del útero); cesarea","50","48.2"
