"view_history","rt","trialid","procedure","trial_type","trial_index","time_elapsed","internal_node_id","stimulus","response"
"[{""page_index"":0,""viewing_time"":360}]","360","Instructions_01","SRBQP","instructions","650","469956","0.0-710.0","",""
"","1024","SRBQP_001","SRBQP","survey-multi-choice-vertical","651","470990","0.0-711.0","{""Q0"":""Mis creencias me han ayudado a sobrellevar el estrés ocasionado por la pandemia.""}","{""Q0"":"" 1 Completamente en desacuerdo""}"
"","989","SRBQP_002","SRBQP","survey-multi-choice-vertical","652","471988","0.0-712.0","{""Q0"":""Mis creencias me han ayudado a sobrellevar momentos de ansiedad durante la pandemia.""}","{""Q0"":"" 5 En alguna medida acuerdo""}"
"","992","SRBQP_003","SRBQP","survey-multi-choice-vertical","653","472993","0.0-713.0","{""Q0"":""Mis creencias me han ayudado a sobrellevar momentos de tristeza y depresión durante la pandemia.""}","{""Q0"":"" 1 Completamente en desacuerdo""}"
"","1002","SRBQP_004","SRBQP","survey-multi-choice-vertical","654","474006","0.0-714.0","{""Q0"":""Mis creencias se hicieron más fuertes durante la pandemia.""}","{""Q0"":"" 2 En desacuerdo""}"
"","1004","SRBQP_005","SRBQP","survey-multi-choice-vertical","655","475020","0.0-715.0","{""Q0"":""En general, me considero una persona sin creencias.""}","{""Q0"":"" 2 En desacuerdo""}"
