"view_history","rt","trialid","procedure","trial_type","trial_index","time_elapsed","internal_node_id","stimulus","slider_start","response"
"[{""page_index"":0,""viewing_time"":340}]","340","Instructions_01","SWBQ","instructions","719","520172","0.0-781.0","","",""
"","493.69999999925494","SWBQ_01","SWBQ","html-slider-response","720","520668","0.0-782.0","<div class='justified'>1. Siento amor por otras personas.</div></br>","3","1"
"","496.2999999988824","SWBQ_02","SWBQ","html-slider-response","721","521166","0.0-783.0","<div class='justified'>2. Siento una relación personal con lo Divino / Dios.</div></br>","3","1"
"","473.5","SWBQ_03","SWBQ","html-slider-response","722","521642","0.0-784.0","<div class='justified'>3. Siento lástima hacia los demás.</div></br>","3","2"
"","451.3999999985099","SWBQ_04","SWBQ","html-slider-response","723","522095","0.0-785.0","<div class='justified'>4. Siento una conexión con la naturaleza.</div></br>","3","3"
"","470.90000000037253","SWBQ_05","SWBQ","html-slider-response","724","522568","0.0-786.0","<div class='justified'>5. Tengo un sentido de identidad.</div></br>","3","1"
"","485.2999999988824","SWBQ_06","SWBQ","html-slider-response","725","523056","0.0-787.0","<div class='justified'>6. Adoro al Divino / Creador.</div></br>","3","1"
"","519.5999999996275","SWBQ_07","SWBQ","html-slider-response","726","523577","0.0-788.0","<div class='justified'>7. Siento asombro por una vista impresionante.</div></br>","3","4"
"","499.7999999988824","SWBQ_08","SWBQ","html-slider-response","727","524079","0.0-789.0","<div class='justified'>8. Me siento confiado entre las personas.</div></br>","3","3"
"","509.30000000074506","SWBQ_09","SWBQ","html-slider-response","728","524590","0.0-790.0","<div class='justified'>9. Siento autoconciencia.</div></br>","3","5"
"","468.40000000037253","SWBQ_10","SWBQ","html-slider-response","729","525060","0.0-791.0","<div class='justified'>10. Siento unidad con la naturaleza.</div></br>","3","4"
"","477.09999999962747","SWBQ_11","SWBQ","html-slider-response","730","525540","0.0-792.0","<div class='justified'>11. Siento unidad con lo Divino / Dios.</div></br>","3","2"
"","492.3999999985099","SWBQ_12","SWBQ","html-slider-response","731","526034","0.0-793.0","<div class='justified'>12. Siento armonía con el medio ambiente.</div></br>","3","1"
"","470.2999999988824","SWBQ_13","SWBQ","html-slider-response","732","526507","0.0-794.0","<div class='justified'>13. Siento paz con lo Divino / Dios.</div></br>","3","4"
"","456.69999999925494","SWBQ_14","SWBQ","html-slider-response","733","526966","0.0-795.0","<div class='justified'>14. Siento alegría en la vida.</div></br>","3","5"
"","485.30000000074506","SWBQ_15","SWBQ","html-slider-response","734","527455","0.0-796.0","<div class='justified'>15. Siento que la oración enriquece mi vida.</div></br>","3","1"
"","505","SWBQ_16","SWBQ","html-slider-response","735","527961","0.0-797.0","<div class='justified'>16. Siento paz interior.</div></br>","3","3"
"","450.69999999925494","SWBQ_17","SWBQ","html-slider-response","736","528414","0.0-798.0","<div class='justified'>17. Siento respeto por los demás.</div></br>","3","4"
"","457.40000000037253","SWBQ_18","SWBQ","html-slider-response","737","528874","0.0-799.0","<div class='justified'>18. Siento que la vida tiene sentido.</div></br>","3","1"
"","476.59999999962747","SWBQ_19","SWBQ","html-slider-response","738","529352","0.0-800.0","<div class='justified'>19. Siento amabilidad hacia otras personas.</div></br>","3","1"
"","488","SWBQ_20","SWBQ","html-slider-response","739","529842","0.0-801.0","<div class='justified'>20. Siento 'magia' en el medio ambiente.</div></br>","3","3"
"","455.30000000074506","SWBQ_21","SWBQ","html-slider-response","740","530299","0.0-802.0","<div class='justified'>21. Siento una conexión entre mí y los demás.</div></br>","3","2"
"","468.1000000014901","SWBQ_22","SWBQ","html-slider-response","741","530770","0.0-803.0","<div class='justified'>22. Siento asombro hacia naturaleza.</div></br>","3","1"
"","470.30000000074506","SWBQ_23","SWBQ","html-slider-response","742","531242","0.0-804.0","<div class='justified'>23. Siento que vivo en armonía con los demás.</div></br>","3","3"
"","508.2000000011176","SWBQ_24","SWBQ","html-slider-response","743","531752","0.0-805.0","<div class='justified'>24. Me siento en armonía con la naturaleza.</div></br>","3","4"
"","455.40000000037253","SWBQ_25","SWBQ","html-slider-response","744","532209","0.0-806.0","<div class='justified'>25. Siento fuerza interior.</div></br>","3","3"
"","482.40000000037253","SWBQ_26","SWBQ","html-slider-response","745","532694","0.0-807.0","<div class='justified'>26. Siento que confío en las personas.</div></br>","3","5"
