"view_history","rt","trialid","procedure","trial_type","trial_index","time_elapsed","internal_node_id","stimulus","button_pressed","condition_within","slider_start","response"
"[{""page_index"":0,""viewing_time"":301},{""page_index"":1,""viewing_time"":323}]","624","Instructions_01","HRPVBpost","instructions","793","556536","0.0-826.0","","","","",""
"[{""page_index"":0,""viewing_time"":349}]","350","Instructions_02","HRPVBpost","instructions","794","556886","0.0-827.0","","","","",""
"","294.5","HRPVBpost_01_00","HRPVBpost","html-button-response","795","557183","0.0-828.0-0.0","Problemas respiratorios del recién nacido","0","Problemas respiratorios del recién nacido","",""
"","531.6999999992549","HRPVBpost_01_02","HRPVBpost","html-slider-response","796","557717","0.0-828.0-1.0","vaginal","","Problemas respiratorios del recién nacido; vaginal","50","50.3"
"","505.5","HRPVBpost_01_01","HRPVBpost","html-slider-response","797","558225","0.0-828.0-2.0","cesarea","","Problemas respiratorios del recién nacido; cesarea","50","51.2"
"","386.90000000037253","HRPVBpost_04_00","HRPVBpost","html-button-response","798","558614","0.0-828.0-0.1","Dificultades para inicio temprano de lactancia materna","0","Dificultades para inicio temprano de lactancia materna","",""
"","526.8000000007451","HRPVBpost_04_01","HRPVBpost","html-slider-response","799","559143","0.0-828.0-1.1","cesarea","","Dificultades para inicio temprano de lactancia materna; cesarea","50","45.8"
"","538.1999999992549","HRPVBpost_04_02","HRPVBpost","html-slider-response","800","559684","0.0-828.0-2.1","vaginal","","Dificultades para inicio temprano de lactancia materna; vaginal","50","47.7"
"","371.59999999962747","HRPVBpost_03_00","HRPVBpost","html-button-response","801","560057","0.0-828.0-0.2","Hospitalización en cuidados intensivos neonatales","0","Hospitalización en cuidados intensivos neonatales","",""
"","525.0999999996275","HRPVBpost_03_01","HRPVBpost","html-slider-response","802","560584","0.0-828.0-1.2","cesarea","","Hospitalización en cuidados intensivos neonatales; cesarea","50","54.2"
"","494.19999999925494","HRPVBpost_03_02","HRPVBpost","html-slider-response","803","561081","0.0-828.0-2.2","vaginal","","Hospitalización en cuidados intensivos neonatales; vaginal","50","47.7"
"","327.80000000074506","HRPVBpost_02_00","HRPVBpost","html-button-response","804","561410","0.0-828.0-0.3","Lesión en el cerebro del bebe por falta de oxígeno","0","Lesión en el cerebro del bebe por falta de oxígeno","",""
"","773.6000000014901","HRPVBpost_02_02","HRPVBpost","html-slider-response","805","562186","0.0-828.0-1.3","vaginal","","Lesión en el cerebro del bebe por falta de oxígeno; vaginal","50","48.1"
"","550","HRPVBpost_02_01","HRPVBpost","html-slider-response","806","562738","0.0-828.0-2.3","cesarea","","Lesión en el cerebro del bebe por falta de oxígeno; cesarea","50","49.3"
"[{""page_index"":0,""viewing_time"":297}]","298","Instructions_02","HRPVBpost","instructions","807","563037","0.0-829.0","","","","",""
"","328.69999999925494","HRPVBpost_05_00","HRPVBpost","html-button-response","808","563368","0.0-830.0-0.0","Complicaciones de la anestesia","0","Complicaciones de la anestesia","",""
"","483","HRPVBpost_05_01","HRPVBpost","html-slider-response","809","563853","0.0-830.0-1.0","cesarea","","Complicaciones de la anestesia; cesarea","50","50.3"
"","502.2000000011176","HRPVBpost_05_02","HRPVBpost","html-slider-response","810","564358","0.0-830.0-2.0","vaginal","","Complicaciones de la anestesia; vaginal","50","51.2"
"","280.40000000037253","HRPVBpost_09_00","HRPVBpost","html-button-response","811","564639","0.0-830.0-0.1","Lesión de la vagina","0","Lesión de la vagina","",""
"","518.5999999996275","HRPVBpost_09_02","HRPVBpost","html-slider-response","812","565160","0.0-830.0-1.1","vaginal","","Lesión de la vagina; vaginal","50","45.8"
"","476.09999999962747","HRPVBpost_09_01","HRPVBpost","html-slider-response","813","565638","0.0-830.0-2.1","cesarea","","Lesión de la vagina; cesarea","50","47.7"
"","346.2999999988824","HRPVBpost_06_00","HRPVBpost","html-button-response","814","565986","0.0-830.0-0.2","Paro cardíaco","0","Paro cardíaco","",""
"","460","HRPVBpost_06_02","HRPVBpost","html-slider-response","815","566448","0.0-830.0-1.2","vaginal","","Paro cardíaco; vaginal","50","54.2"
"","490.09999999962747","HRPVBpost_06_01","HRPVBpost","html-slider-response","816","566941","0.0-830.0-2.2","cesarea","","Paro cardíaco; cesarea","50","47.7"
"","330.3999999985099","HRPVBpost_08_00","HRPVBpost","html-button-response","817","567273","0.0-830.0-0.3","Infección de la herida","0","Infección de la herida","",""
"","490.90000000037253","HRPVBpost_08_01","HRPVBpost","html-slider-response","818","567766","0.0-830.0-1.3","cesarea","","Infección de la herida; cesarea","50","48.1"
"","492.3999999985099","HRPVBpost_08_02","HRPVBpost","html-slider-response","819","568261","0.0-830.0-2.3","vaginal","","Infección de la herida; vaginal","50","49.3"
"","321.40000000037253","HRPVBpost_11_00","HRPVBpost","html-button-response","820","568584","0.0-830.0-0.4","Depresión post parto","0","Depresión post parto","",""
"","487.90000000037253","HRPVBpost_11_01","HRPVBpost","html-slider-response","821","569075","0.0-830.0-1.4","cesarea","","Depresión post parto; cesarea","50","49.8"
"","488.59999999962747","HRPVBpost_11_02","HRPVBpost","html-slider-response","822","569566","0.0-830.0-2.4","vaginal","","Depresión post parto; vaginal","50","51.9"
"","290.69999999925494","HRPVBpost_07_00","HRPVBpost","html-button-response","823","569858","0.0-830.0-0.5","Histerectomía (extracción del útero)","0","Histerectomía (extracción del útero)","",""
"","501.30000000074506","HRPVBpost_07_01","HRPVBpost","html-slider-response","824","570361","0.0-830.0-1.5","cesarea","","Histerectomía (extracción del útero); cesarea","50","48.2"
"","493.90000000037253","HRPVBpost_07_02","HRPVBpost","html-slider-response","825","570858","0.0-830.0-2.5","vaginal","","Histerectomía (extracción del útero); vaginal","50","51.9"
"","324.5","HRPVBpost_10_00","HRPVBpost","html-button-response","826","571183","0.0-830.0-0.6","Hospitalización de la madre en cuidados intensivos","0","Hospitalización de la madre en cuidados intensivos","",""
"","484.69999999925494","HRPVBpost_10_02","HRPVBpost","html-slider-response","827","571670","0.0-830.0-1.6","vaginal","","Hospitalización de la madre en cuidados intensivos; vaginal","50","49.6"
"","496.09999999962747","HRPVBpost_10_01","HRPVBpost","html-slider-response","828","572168","0.0-830.0-2.6","cesarea","","Hospitalización de la madre en cuidados intensivos; cesarea","50","49.8"
