"success","trialid","procedure","trial_type","trial_index","time_elapsed","internal_node_id","stimulus","rt","response","question_order"
"true","Instructions_01","DEMOGR","fullscreen","146","128539","0.0-167.0","","","",""
"","DEMOGR_01","DEMOGR","survey-text","147","131019","0.0-168.0","{""Q0"":""Indica tu edad""}","2477","{""Q0"":""32""}",""
"","DEMOGR_02","DEMOGR","survey-multi-choice-vertical","148","131685","0.0-169.0","{""Q0"":""Indica tu género""}","662","{""Q0"":"" Masculino""}",""
"","DEMOGR_03","DEMOGR","survey-html-form","149","132255","0.0-170.0","{""Q0"":""Indica tu correo electrónico personal(enviaremos la giftcard a este email cuando finalices las tareas)""}","567.7000000011176","{""Q0"":""KioQxyqz@gmail.com""}",""
"","DEMOGR_05","DEMOGR","survey-multi-choice-vertical","150","132795","0.0-171.0","{""Q0"":""¿Tienes algún tipo de daltonismo?""}","538","{""Q0"":"" Si""}",""
"","DEMOGR_06","DEMOGR","survey-html-form","151","133382","0.0-172.0","{""Q0"":""Elige del desplegable tu comuna de residencia.""}","583","{""Q0"":""9t7zcK4HKMxah9XjTj2R59II4aXEpLE6pPwN97iFZkYHzh3i8ioUW77XB87EIgcqTtdFs84mES8qBBbLW3olJOmYTDbc""}",""
"","DEMOGR_07","DEMOGR","survey-multi-choice-vertical","152","134991","0.0-173.0","{""Q0"":""Indica tú nivel de estudios""}","1601","{""Q0"":"" Magíster o Doctorado incompleta""}",""
"","DEMOGR_08","DEMOGR","survey-multi-choice-vertical","153","136014","0.0-174.0","{""Q0"":""¿Qué estas estudiando?""}","1020","{""Q0"":"" Negocios / Comercio""}",""
"","DEMOGR_10","DEMOGR","survey-multi-choice-vertical","154","136882","0.0-176.0","{""Q0"":""Año completado de tus estudios""}","864","{""Q0"":"" Iniciada""}",""
"","DEMOGR_11","DEMOGR","survey-html-form","155","137387","0.0-177.0","{""Q0"":""Elige del desplegable la institución educativa a la que asistes. En caso de que no aparezca, introduce el nombre.""}","502.40000000037253","{""Q0"":""6Ka5pr7EyOIdApfMrMfcyycLUtg9M84iU6vJK4b0zg4""}",""
"","DEMOGR_12","DEMOGR","survey-multi-choice-vertical","156","138804","0.0-178.0","{""Q0"":""Indica el nivel de estudios de tu madre""}","1410","{""Q0"":"" Postgrado incompleta""}",""
"","DEMOGR_13","DEMOGR","survey-multi-choice-vertical","157","140285","0.0-179.0","{""Q0"":""Indica el nivel de estudios de tu padre""}","1470","{""Q0"":"" Magíster o Doctorado completa""}",""
"","DEMOGR_14","DEMOGR","survey-multi-choice-vertical","158","141239","0.0-180.0","{""Q0"":""¿Qué tipo de seguro de salud tienes?""}","950","{""Q0"":"" Otros""}",""
"","DEMOGR_15","DEMOGR","survey-multi-choice-horizontal","159","141898","0.0-181.0","{""Q0"":""¿Alguna vez has estado embarazada?""}","655","{""Q0"":"" No""}",""
"","DEMOGR_16","DEMOGR","survey-multi-choice-horizontal","160","142536","0.0-182.0","{""Q0"":""¿Alguna vez has tenido un parto vaginal o cesarea?""}","635","{""Q0"":"" Si""}",""
"","DEMOGR_17","DEMOGR","survey-multi-choice-horizontal","161","143274","0.0-183.0","{""Q0"":""¿Quieres tener hijos en el futuro?""}","735","{""Q0"":"" No""}",""
"","DEMOGR_18","DEMOGR","survey-text","162","143831","0.0-184.0","{""Q0"":""¿Cuántos hijos(as) te gustaría tener? (0, 1, 2, 3...)""}","554","{""Q0"":""98""}",""
"","DEMOGR_19","DEMOGR","survey-multi-select","163","144598","0.0-185.0","{""Q0"":""Indica si alguna de las siguientes personas o grupos ha tenido una cesarea (puedes marcar más de una opción):""}","765.3000000007451","{""Q0"":[""&nbsp;Hermanas""]}","[0]"
