"view_history","rt","trialid","procedure","trial_type","trial_index","time_elapsed","internal_node_id","stimulus","response"
"[{""page_index"":0,""viewing_time"":308}]","308","Instructions_01","DASS21","instructions","118","98420","0.0-137.0","",""
"","783","DASS21_001","DASS21","survey-multi-choice-vertical","119","99205","0.0-138.0","{""Q0"":""Me costó mucho relajarme.""}","{""Q0"":"" 0 No me aplicó""}"
"","742","DASS21_002","DASS21","survey-multi-choice-vertical","120","99950","0.0-139.0","{""Q0"":""Me di cuenta que tenia la boca seca.""}","{""Q0"":"" 1 Me aplicó un poco, o durante parte del tiempo""}"
"","800","DASS21_003","DASS21","survey-multi-choice-vertical","121","100754","0.0-140.0","{""Q0"":""No podía sentir ningún sentimiento positivo.""}","{""Q0"":"" 1 Me aplicó un poco, o durante parte del tiempo""}"
"","729","DASS21_004","DASS21","survey-multi-choice-vertical","122","101485","0.0-141.0","{""Q0"":""Se me hizo difícil respirar.""}","{""Q0"":"" 0 No me aplicó""}"
"","793","DASS21_005","DASS21","survey-multi-choice-vertical","123","102280","0.0-142.0","{""Q0"":""Se me hizo difícil tomar la iniciativa para hacer cosas.""}","{""Q0"":"" 1 Me aplicó un poco, o durante parte del tiempo""}"
"","910","DASS21_006","DASS21","survey-multi-choice-vertical","124","103193","0.0-143.0","{""Q0"":""Reaccioné exageradamente en ciertas situaciones.""}","{""Q0"":"" 2 Me aplicó bastante, o durante una buena parte del tiempo""}"
"","838","DASS21_007","DASS21","survey-multi-choice-vertical","125","104034","0.0-144.0","{""Q0"":""Sentí que mis manos temblaban.""}","{""Q0"":"" 1 Me aplicó un poco, o durante parte del tiempo""}"
"","925","DASS21_008","DASS21","survey-multi-choice-vertical","126","104961","0.0-145.0","{""Q0"":""Sentí que tenía muchos nervios.""}","{""Q0"":"" 0 No me aplicó""}"
"","727","DASS21_009","DASS21","survey-multi-choice-vertical","127","105690","0.0-146.0","{""Q0"":""Estaba preocupado por situaciones en las cuales podía tener pánico o en las que podría hacer el ridículo.""}","{""Q0"":"" 2 Me aplicó bastante, o durante una buena parte del tiempo""}"
"","750","DASS21_010","DASS21","survey-multi-choice-vertical","128","106443","0.0-147.0","{""Q0"":""Sentí que no tenia nada por que vivir.""}","{""Q0"":"" 2 Me aplicó bastante, o durante una buena parte del tiempo""}"
"","759","DASS21_011","DASS21","survey-multi-choice-vertical","129","107204","0.0-148.0","{""Q0"":""Noté que me agitaba.""}","{""Q0"":"" 3 Me aplicó mucho, o la mayor parte del tiempo""}"
"","691","DASS21_012","DASS21","survey-multi-choice-vertical","130","107898","0.0-149.0","{""Q0"":""Se me hizo difícil relajarme.""}","{""Q0"":"" 0 No me aplicó""}"
"","738","DASS21_013","DASS21","survey-multi-choice-vertical","131","108639","0.0-150.0","{""Q0"":""Me sentí triste y deprimido.""}","{""Q0"":"" 0 No me aplicó""}"
"","696","DASS21_014","DASS21","survey-multi-choice-vertical","132","109337","0.0-151.0","{""Q0"":""No toleré nada que no me permitiera continuar con lo que estaba haciendo.""}","{""Q0"":"" 0 No me aplicó""}"
"","728","DASS21_015","DASS21","survey-multi-choice-vertical","133","110067","0.0-152.0","{""Q0"":""Sentí que estaba cerca de caer en pánico.""}","{""Q0"":"" 1 Me aplicó un poco, o durante parte del tiempo""}"
"","708","DASS21_016","DASS21","survey-multi-choice-vertical","134","110778","0.0-153.0","{""Q0"":""No me pude entusiasmar por nada.""}","{""Q0"":"" 0 No me aplicó""}"
"","758","DASS21_017","DASS21","survey-multi-choice-vertical","135","111539","0.0-154.0","{""Q0"":""Sentí que valía muy poco como persona.""}","{""Q0"":"" 2 Me aplicó bastante, o durante una buena parte del tiempo""}"
"","762","DASS21_018","DASS21","survey-multi-choice-vertical","136","112304","0.0-155.0","{""Q0"":""Sentí que estaba muy irritable.""}","{""Q0"":"" 1 Me aplicó un poco, o durante parte del tiempo""}"
"","813","DASS21_019","DASS21","survey-multi-choice-vertical","137","113119","0.0-156.0","{""Q0"":""Sentí los latidos de mi corazón a pesar de no haber hecho ningún esfuerzo físico.""}","{""Q0"":"" 0 No me aplicó""}"
"","784","DASS21_020","DASS21","survey-multi-choice-vertical","138","113906","0.0-157.0","{""Q0"":""Tuve miedo sin razón.""}","{""Q0"":"" 1 Me aplicó un poco, o durante parte del tiempo""}"
"","767","DASS21_021","DASS21","survey-multi-choice-vertical","139","114677","0.0-158.0","{""Q0"":""Sentí que la vida no tenía ningún sentido.""}","{""Q0"":"" 0 No me aplicó""}"
"[{""page_index"":0,""viewing_time"":352}]","352","Instructions_002","DASS21","instructions","140","115031","0.0-159.0","",""
