"success","trialid","procedure","trial_type","trial_index","time_elapsed","internal_node_id","stimulus","rt","response","question_order"
"true","Instructions_01","DEMOGR","fullscreen","146","128649","0.0-167.0","","","",""
"","DEMOGR_01","DEMOGR","survey-text","147","131122","0.0-168.0","{""Q0"":""Indica tu edad""}","2469","{""Q0"":""62""}",""
"","DEMOGR_02","DEMOGR","survey-multi-choice-vertical","148","131806","0.0-169.0","{""Q0"":""Indica tu género""}","682","{""Q0"":"" No binario""}",""
"","DEMOGR_03","DEMOGR","survey-html-form","149","132378","0.0-170.0","{""Q0"":""Indica tu correo electrónico personal(enviaremos la giftcard a este email cuando finalices las tareas)""}","570.4000000003725","{""Q0"":""zWqic@gmail.com""}",""
"","DEMOGR_05","DEMOGR","survey-multi-choice-vertical","150","132966","0.0-171.0","{""Q0"":""¿Tienes algún tipo de daltonismo?""}","586","{""Q0"":"" Si""}",""
"","DEMOGR_06","DEMOGR","survey-html-form","151","133486","0.0-172.0","{""Q0"":""Elige del desplegable tu comuna de residencia.""}","516.4000000003725","{""Q0"":""hWfvHlnFbMffJuC2V8""}",""
"","DEMOGR_07","DEMOGR","survey-multi-choice-vertical","152","135117","0.0-173.0","{""Q0"":""Indica tú nivel de estudios""}","1622","{""Q0"":"" Centro de Formación Técnica o en Instituto Profesional completa""}",""
"","DEMOGR_08","DEMOGR","survey-multi-choice-vertical","153","136082","0.0-174.0","{""Q0"":""¿Qué estas estudiando?""}","960","{""Q0"":"" Ciencias de la salud""}",""
"","DEMOGR_10","DEMOGR","survey-multi-choice-vertical","154","136998","0.0-176.0","{""Q0"":""Año completado de tus estudios""}","912","{""Q0"":"" Cuarto""}",""
"","DEMOGR_11","DEMOGR","survey-html-form","155","137484","0.0-177.0","{""Q0"":""Elige del desplegable la institución educativa a la que asistes. En caso de que no aparezca, introduce el nombre.""}","484","{""Q0"":""Ts5k2rZwhecoVKNfxSFEwCWSDF13rRu""}",""
"","DEMOGR_12","DEMOGR","survey-multi-choice-vertical","156","138879","0.0-178.0","{""Q0"":""Indica el nivel de estudios de tu madre""}","1387","{""Q0"":"" Media completa""}",""
"","DEMOGR_13","DEMOGR","survey-multi-choice-vertical","157","140415","0.0-179.0","{""Q0"":""Indica el nivel de estudios de tu padre""}","1528","{""Q0"":"" Postgrado incompleta""}",""
"","DEMOGR_14","DEMOGR","survey-multi-choice-vertical","158","141415","0.0-180.0","{""Q0"":""¿Qué tipo de seguro de salud tienes?""}","995","{""Q0"":"" FONASA D""}",""
"","DEMOGR_15","DEMOGR","survey-multi-choice-horizontal","159","142074","0.0-181.0","{""Q0"":""¿Alguna vez has estado embarazada?""}","657","{""Q0"":"" Si""}",""
"","DEMOGR_16","DEMOGR","survey-multi-choice-horizontal","160","142732","0.0-182.0","{""Q0"":""¿Alguna vez has tenido un parto vaginal o cesarea?""}","655","{""Q0"":"" No""}",""
"","DEMOGR_17","DEMOGR","survey-multi-choice-horizontal","161","143445","0.0-183.0","{""Q0"":""¿Quieres tener hijos en el futuro?""}","711","{""Q0"":"" Si""}",""
"","DEMOGR_18","DEMOGR","survey-text","162","143993","0.0-184.0","{""Q0"":""¿Cuántos hijos(as) te gustaría tener? (0, 1, 2, 3...)""}","545","{""Q0"":""69""}",""
"","DEMOGR_19","DEMOGR","survey-multi-select","163","144757","0.0-185.0","{""Q0"":""Indica si alguna de las siguientes personas o grupos ha tenido una cesarea (puedes marcar más de una opción):""}","760.7999999988824","{""Q0"":[""&nbsp;Madre""]}","[0]"
