"rt","stimulus","slider_start","response","trialid","procedure","trial_type","trial_index","time_elapsed","internal_node_id"
"657.1999999992549","<div class=""justified"">Me preocupa que el dolor del parto sea demasiado intenso</div></br>","50","39","PSETPP_01","PSETPP","html-slider-response","414","325675","0.0-453.0"
"576.6999999992549","<div class=""justified"">Tengo miedo al parto</div></br>","50","32","PSETPP_02","PSETPP","html-slider-response","415","326254","0.0-454.0"
"611","<div class=""justified"">Me preocupa que el bebé pueda sufrir daño</div></br>","50","74","PSETPP_03","PSETPP","html-slider-response","416","326868","0.0-455.0"
"567.6999999992549","<div class=""justified"">Temo por complicaciones durante el trabajo de parto y parto</div></br>","50","77","PSETPP_04","PSETPP","html-slider-response","417","327438","0.0-456.0"
"581.1000000014901","<div class=""justified"">El parto es impredecible y riesgoso</div></br>","50","56","PSETPP_05","PSETPP","html-slider-response","418","328022","0.0-457.0"
