"view_history","rt","trialid","procedure","trial_type","trial_index","time_elapsed","internal_node_id","stimulus","button_pressed"
"[{""page_index"":0,""viewing_time"":295},{""page_index"":1,""viewing_time"":402},{""page_index"":2,""viewing_time"":358}]","1055","Instructions_05","INFCONS","instructions","873","689426","0.0-859.0","",""
"","402.90000000037253","INFCONS_23","INFCONS","html-button-response","874","689831","0.0-860.0","<p><u><p><u>Riesgos para el <B>bebé</B></u></p><BR></u></p><p><b>Problemas respiratorios del recién nacido</b></p><BR><BR>","0"
"","370.09999999962747","INFCONS_24","INFCONS","html-button-response","875","690203","0.0-861.0","<p><u><p><u>Riesgos para el <B>bebé</B></u></p><BR></u></p><p><b>Lesión en el cerebro del bebe por falta de oxígeno</b></p><BR><BR>","0"
"","357.5","INFCONS_25","INFCONS","html-button-response","876","690562","0.0-862.0","<p><u><p><u>Riesgos para el <B>bebé</B></u></p><BR></u></p><p><b>Hospitalización en cuidados intensivos neonatales</b></p><BR><BR>","0"
"","331.90000000037253","INFCONS_26","INFCONS","html-button-response","877","690896","0.0-863.0","<p><u><p><u>Riesgos para el <B>bebé</B></u></p><BR></u></p><p><b>Dificultades para inicio temprano de lactancia materna</b></p><BR><BR>","0"
"[{""page_index"":0,""viewing_time"":306}]","306","Instructions_06","INFCONS","instructions","878","691203","0.0-864.0","",""
"","329.09999999962747","INFCONS_27","INFCONS","html-button-response","879","691534","0.0-865.0","<p><u><p><u>Riesgos para la <B>madre</B></u></p><BR></u></p><p><b>Complicaciones de la anestesia</b></p><BR><BR>","0"
"","326.5","INFCONS_28","INFCONS","html-button-response","880","691863","0.0-866.0","<p><u><p><u>Riesgos para la <B>madre</B></u></p><BR></u></p><p><b>Paro cardíaco</b></p><BR><BR>","0"
"","321.69999999925494","INFCONS_29","INFCONS","html-button-response","881","692186","0.0-867.0","<p><u><p><u>Riesgos para la <B>madre</B></u></p><BR></u></p><p><b>Histerectomía (extracción del útero)</b></p><BR><BR>","0"
"","328.90000000037253","INFCONS_30","INFCONS","html-button-response","882","692517","0.0-868.0","<p><u><p><u>Riesgos para la <B>madre</B></u></p><BR></u></p><p><b>Infección de la herida</b></p><BR><BR>","0"
"","338.5","INFCONS_31","INFCONS","html-button-response","883","692857","0.0-869.0","<p><u><p><u>Riesgos para la <B>madre</B></u></p><BR></u></p><p><b>Lesión de la vagina</b></p><BR><BR>","0"
"","331.69999999925494","INFCONS_32","INFCONS","html-button-response","884","693191","0.0-870.0","<p><u><p><u>Riesgos para la <B>madre</B></u></p><BR></u></p><p><b>Hospitalización de la madre en cuidados intensivos</b></p><BR><BR>","0"
"","364.2000000011176","INFCONS_33","INFCONS","html-button-response","885","693558","0.0-871.0","<p><u><p><u>Riesgos para la <B>madre</B></u></p><BR></u></p><p><b>Depresión post parto</b></p><BR><BR>","0"
