"view_history","rt","trialid","procedure","trial_type","trial_index","time_elapsed","internal_node_id","stimulus","response"
"[{""page_index"":0,""viewing_time"":333}]","333","Instructions_01","SASS","instructions","576","407002","0.0-625.0","",""
"","594","SASS_01","SASS","survey-multi-choice-vertical","577","407601","0.0-626.0","{""Q0"":""1. ¿Tiene usted algún trabajo?""}","{""Q0"":"" Si""}"
"","869","SASS_02","SASS","survey-multi-choice-vertical","578","408475","0.0-627.0-0.0","{""Q0"":""2. ¿Qué tan interesado/a está en su trabajo?""}","{""Q0"":"" Medianamente""}"
"","747","SASS_04","SASS","survey-multi-choice-vertical","579","409225","0.0-629.0","{""Q0"":""3. Realiza estas actividades, con: ""}","{""Q0"":"" Algo de gozo""}"
"","754","SASS_05","SASS","survey-multi-choice-vertical","580","409983","0.0-630.0","{""Q0"":""4. ¿Está interesado/a en pasatiempos/ocio?""}","{""Q0"":"" Mucho""}"
"","733","SASS_06","SASS","survey-multi-choice-vertical","581","410720","0.0-631.0","{""Q0"":""5. La calidad de tu tiempo libre es:""}","{""Q0"":"" Buena""}"
"","792","SASS_07","SASS","survey-multi-choice-vertical","582","411517","0.0-632.0","{""Q0"":""6. ¿Con qué frecuencia usted busca contacto con los miembros de su familia? (Cónyuges, Hijos, Padres, etc.)""}","{""Q0"":"" Raramente""}"
"","807","SASS_08","SASS","survey-multi-choice-vertical","583","412329","0.0-633.0","{""Q0"":""7. El estado de relaciones de su familia es:""}","{""Q0"":"" Bueno""}"
"","769","SASS_09","SASS","survey-multi-choice-vertical","584","413104","0.0-634.0","{""Q0"":""8- Fuera de su familia, ¿tiene relaciones con:""}","{""Q0"":"" Muchas personas?""}"
"","729","SASS_10","SASS","survey-multi-choice-vertical","585","413839","0.0-635.0","{""Q0"":""9. ¿Intenta formar relaciones con otras personas:""}","{""Q0"":"" Moderadamente?""}"
"","747","SASS_11","SASS","survey-multi-choice-vertical","586","414591","0.0-636.0","{""Q0"":""10. ¿En general, cómo valora sus relaciones con otras personas?""}","{""Q0"":"" Justa""}"
"","781","SASS_12","SASS","survey-multi-choice-vertical","587","415377","0.0-637.0","{""Q0"":""11. ¿Qué valor le otorga a sus relaciones con otras personas?""}","{""Q0"":"" Ningún valor""}"
"","710","SASS_13","SASS","survey-multi-choice-vertical","588","416092","0.0-638.0","{""Q0"":""12. ¿Qué tan a menudo las personas en su círculo social buscan tomar contacto con usted?""}","{""Q0"":"" Muy a menudo""}"
"","741","SASS_14","SASS","survey-multi-choice-vertical","589","416837","0.0-639.0","{""Q0"":""13. ¿Se preocupa de las normas sociales, las buenas maneras, la cortesía, etc.?""}","{""Q0"":"" Siempre""}"
"","774","SASS_15","SASS","survey-multi-choice-vertical","590","417616","0.0-640.0","{""Q0"":""14. ¿Hasta qué punto está usted involucrado/a en la vida comunitaria (Club, etc.)""}","{""Q0"":"" Completamente""}"
"","772","SASS_16","SASS","survey-multi-choice-vertical","591","418393","0.0-641.0","{""Q0"":""15. ¿Le gusta buscar información acerca de cosas, situaciones, y personas para mejorar su comprensión de ellos?""}","{""Q0"":"" Moderadamente""}"
"","806","SASS_17","SASS","survey-multi-choice-vertical","592","419204","0.0-642.0","{""Q0"":""16. ¿Está interesado/a en información científica, técnica o cultural?""}","{""Q0"":"" Mucho""}"
"","738","SASS_18","SASS","survey-multi-choice-vertical","593","419947","0.0-643.0","{""Q0"":""17. ¿Con qué frecuencia encuentra dificultad para expresar su opinión a las personas?""}","{""Q0"":"" A veces""}"
"","750","SASS_19","SASS","survey-multi-choice-vertical","594","420702","0.0-644.0","{""Q0"":""18. ¿Con qué frecuencia se siente rechazado/a o excluido/a de su círculo?""}","{""Q0"":"" A menudo""}"
"","747","SASS_20","SASS","survey-multi-choice-vertical","595","421455","0.0-645.0","{""Q0"":""19. ¿Qué tan importante considera su apariencia física?""}","{""Q0"":"" Mucho""}"
"","766","SASS_21","SASS","survey-multi-choice-vertical","596","422227","0.0-646.0","{""Q0"":""20. ¿En qué grado tiene dificultades para manejar sus recursos e ingresos económicos?""}","{""Q0"":"" A menudo""}"
"","751","SASS_22","SASS","survey-multi-choice-vertical","597","422983","0.0-647.0","{""Q0"":""21. ¿Se siente capaz de organizar su entorno de acuerdo a sus deseos y necesidades?""}","{""Q0"":"" Muchísimo""}"
