"rt","stimulus","slider_start","response","trialid","procedure","trial_type","trial_index","time_elapsed","internal_node_id"
"601.3000000007451","<div class=""justified"">Me preocupa que el dolor del parto sea demasiado intenso</div></br>","50","100","PSETPP_01","PSETPP","html-slider-response","413","314546","0.0-453.0"
"568.0999999996275","<div class=""justified"">Tengo miedo al parto</div></br>","50","39","PSETPP_02","PSETPP","html-slider-response","414","315116","0.0-454.0"
"668.0999999996275","<div class=""justified"">Me preocupa que el bebé pueda sufrir daño</div></br>","50","32","PSETPP_03","PSETPP","html-slider-response","415","315786","0.0-455.0"
"560.8000000007451","<div class=""justified"">Temo por complicaciones durante el trabajo de parto y parto</div></br>","50","74","PSETPP_04","PSETPP","html-slider-response","416","316349","0.0-456.0"
"535.0999999996275","<div class=""justified"">El parto es impredecible y riesgoso</div></br>","50","77","PSETPP_05","PSETPP","html-slider-response","417","316887","0.0-457.0"
