"view_history","rt","trialid","procedure","trial_type","trial_index","time_elapsed","internal_node_id","stimulus","response"
"[{""page_index"":0,""viewing_time"":306}]","307","Instructions_01","RSS","instructions","530","388463","0.0-580.0","",""
"","817","RSS_01","RSS","survey-multi-choice-horizontal","531","389283","0.0-581.0","{""Q0"":""1. Siento que soy una persona digna de aprecio, al menos en igual medida que los demás.""}","{""Q0"":""Muy en desacuerdo""}"
"","735","RSS_02","RSS","survey-multi-choice-horizontal","532","390023","0.0-582.0","{""Q0"":""2. Creo que tengo un buen número de cualidades.""}","{""Q0"":""Muy en desacuerdo""}"
"","732","RSS_03","RSS","survey-multi-choice-horizontal","533","390762","0.0-583.0","{""Q0"":""3. En general, me inclino a pensar que soy un fracasado/a.""}","{""Q0"":""Muy en desacuerdo""}"
"","728","RSS_04","RSS","survey-multi-choice-horizontal","534","391495","0.0-584.0","{""Q0"":""4. Soy capaz de hacer las cosas tan bien como la mayoría de la gente.""}","{""Q0"":""En desacuerdo""}"
"","777","RSS_05","RSS","survey-multi-choice-horizontal","535","392277","0.0-585.0","{""Q0"":""5. Siento que no tengo muchos motivos para sentirme orgulloso/a de mi.""}","{""Q0"":""En desacuerdo""}"
"","753","RSS_06","RSS","survey-multi-choice-horizontal","536","393036","0.0-586.0","{""Q0"":""6. Tengo una actitud positiva hacia mí mismo/a.""}","{""Q0"":""Muy en desacuerdo""}"
"","769","RSS_07","RSS","survey-multi-choice-horizontal","537","393809","0.0-587.0","{""Q0"":""7. En general, estoy satisfecho conmigo mismo/a.""}","{""Q0"":""En desacuerdo""}"
"","745","RSS_08","RSS","survey-multi-choice-horizontal","538","394560","0.0-588.0","{""Q0"":""8. Desearía valorarme más a mi mismo/a.""}","{""Q0"":""De acuerdo""}"
"","739","RSS_09","RSS","survey-multi-choice-horizontal","539","395303","0.0-589.0","{""Q0"":""9. A veces me siento verdaderamente inútil.""}","{""Q0"":""En desacuerdo""}"
"","724","RSS_10","RSS","survey-multi-choice-horizontal","540","396032","0.0-590.0","{""Q0"":""10. A veces pienso que no soy bueno/a para nada.""}","{""Q0"":""Muy en desacuerdo""}"
