"view_history","rt","trialid","procedure","trial_type","trial_index","time_elapsed","internal_node_id","stimulus","response"
"[{""page_index"":0,""viewing_time"":320}]","321","Instructions_01","STAI","instructions","677","488893","0.0-738.0","",""
"","836","STAI_01","STAI","survey-multi-choice-horizontal","678","489736","0.0-739.0","{""Q0"":""1. Me siento calmado.""}","{""Q0"":""UN POCO""}"
"","789","STAI_02","STAI","survey-multi-choice-horizontal","679","490530","0.0-740.0","{""Q0"":""2. Me siento seguro.""}","{""Q0"":""UN POCO""}"
"","745","STAI_03","STAI","survey-multi-choice-horizontal","680","491284","0.0-741.0","{""Q0"":""3. Estoy tenso.""}","{""Q0"":""NADA""}"
"","788","STAI_04","STAI","survey-multi-choice-horizontal","681","492076","0.0-742.0","{""Q0"":""4. Me siento disgustado.""}","{""Q0"":""UN POCO""}"
"","766","STAI_05","STAI","survey-multi-choice-horizontal","682","492848","0.0-743.0","{""Q0"":""5. Me siento a “mis anchas”.""}","{""Q0"":""BASTANTE""}"
"","796","STAI_06","STAI","survey-multi-choice-horizontal","683","493649","0.0-744.0","{""Q0"":""6. Me siento alterado.""}","{""Q0"":""UN POCO""}"
"","759","STAI_07","STAI","survey-multi-choice-horizontal","684","494415","0.0-745.0","{""Q0"":""7. En este momento estoy preocupado por algún posible problema.""}","{""Q0"":""NADA""}"
"","727","STAI_08","STAI","survey-multi-choice-horizontal","685","495147","0.0-746.0","{""Q0"":""8. Me siento satisfecho.""}","{""Q0"":""BASTANTE""}"
"","783","STAI_09","STAI","survey-multi-choice-horizontal","686","495934","0.0-747.0","{""Q0"":""9. Me siento asustado.""}","{""Q0"":""BASTANTE""}"
"","790","STAI_10","STAI","survey-multi-choice-horizontal","687","496731","0.0-748.0","{""Q0"":""10. Me siento cómodo.""}","{""Q0"":""MUCHO""}"
"","760","STAI_11","STAI","survey-multi-choice-horizontal","688","497497","0.0-749.0","{""Q0"":""11. Tengo confianza en mí mismo.""}","{""Q0"":""NADA""}"
"","782","STAI_12","STAI","survey-multi-choice-horizontal","689","498285","0.0-750.0","{""Q0"":""12. Me siento nervioso.""}","{""Q0"":""NADA""}"
"","736","STAI_13","STAI","survey-multi-choice-horizontal","690","499027","0.0-751.0","{""Q0"":""13. Me siento agitado.""}","{""Q0"":""NADA""}"
"","768","STAI_14","STAI","survey-multi-choice-horizontal","691","499802","0.0-752.0","{""Q0"":""14. Me siento indeciso.""}","{""Q0"":""UN POCO""}"
"","971","STAI_15","STAI","survey-multi-choice-horizontal","692","500779","0.0-753.0","{""Q0"":""15. Me siento tranquilo.""}","{""Q0"":""NADA""}"
"","777","STAI_16","STAI","survey-multi-choice-horizontal","693","501563","0.0-754.0","{""Q0"":""16. Me siento “a gusto”.""}","{""Q0"":""BASTANTE""}"
"","754","STAI_17","STAI","survey-multi-choice-horizontal","694","502322","0.0-755.0","{""Q0"":""17. Estoy preocupado.""}","{""Q0"":""UN POCO""}"
"","736","STAI_18","STAI","survey-multi-choice-horizontal","695","503064","0.0-756.0","{""Q0"":""18. Me siento aturdido.""}","{""Q0"":""NADA""}"
"","704","STAI_19","STAI","survey-multi-choice-horizontal","696","503774","0.0-757.0","{""Q0"":""19. Me siento equilibrado.""}","{""Q0"":""UN POCO""}"
"","768","STAI_20","STAI","survey-multi-choice-horizontal","697","504550","0.0-758.0","{""Q0"":""20. Me siento bien.""}","{""Q0"":""NADA""}"
"","728","STAI_21","STAI","survey-multi-choice-horizontal","698","505283","0.0-759.0","{""Q0"":""21. Me siento bien.""}","{""Q0"":""UN POCO""}"
"","734","STAI_22","STAI","survey-multi-choice-horizontal","699","506022","0.0-760.0","{""Q0"":""22. Me siento nervioso.""}","{""Q0"":""NADA""}"
"","811","STAI_23","STAI","survey-multi-choice-horizontal","700","506841","0.0-761.0","{""Q0"":""23. Me siento “a gusto” conmigo mismo.""}","{""Q0"":""NADA""}"
"","749","STAI_24","STAI","survey-multi-choice-horizontal","701","507596","0.0-762.0","{""Q0"":""24. Quisiera ser tan feliz como otros parecen serlo.""}","{""Q0"":""MUCHO""}"
"","729","STAI_25","STAI","survey-multi-choice-horizontal","702","508334","0.0-763.0","{""Q0"":""25. Siento que fallo.""}","{""Q0"":""MUCHO""}"
"","726","STAI_26","STAI","survey-multi-choice-horizontal","703","509066","0.0-764.0","{""Q0"":""26. Me siento descansado.""}","{""Q0"":""NADA""}"
"","726","STAI_27","STAI","survey-multi-choice-horizontal","704","509797","0.0-765.0","{""Q0"":""27. Soy una persona tranquila, serena y calmada.""}","{""Q0"":""MUCHO""}"
"","731","STAI_28","STAI","survey-multi-choice-horizontal","705","510533","0.0-766.0","{""Q0"":""28. Siento que las dificultades se me amontonan y no las puedo superar.""}","{""Q0"":""NADA""}"
"","746","STAI_29","STAI","survey-multi-choice-horizontal","706","511285","0.0-767.0","{""Q0"":""29. Me preocupo demasiado por cosas sin importancia.""}","{""Q0"":""NADA""}"
"","702","STAI_30","STAI","survey-multi-choice-horizontal","707","511993","0.0-768.0","{""Q0"":""30. Soy feliz.""}","{""Q0"":""UN POCO""}"
"","749","STAI_31","STAI","survey-multi-choice-horizontal","708","512747","0.0-769.0","{""Q0"":""31. Tengo malos pensamientos.""}","{""Q0"":""BASTANTE""}"
"","752","STAI_32","STAI","survey-multi-choice-horizontal","709","513506","0.0-770.0","{""Q0"":""32. Me falta confianza en mí mismo.""}","{""Q0"":""NADA""}"
"","739","STAI_33","STAI","survey-multi-choice-horizontal","710","514252","0.0-771.0","{""Q0"":""33. Me siento seguro.""}","{""Q0"":""BASTANTE""}"
"","774","STAI_34","STAI","survey-multi-choice-horizontal","711","515031","0.0-772.0","{""Q0"":""34. Puedo decidirme rápidamente.""}","{""Q0"":""MUCHO""}"
"","716","STAI_35","STAI","survey-multi-choice-horizontal","712","515753","0.0-773.0","{""Q0"":""35. Me siento “fuera de lugar”.""}","{""Q0"":""BASTANTE""}"
"","804","STAI_36","STAI","survey-multi-choice-horizontal","713","516565","0.0-774.0","{""Q0"":""36. Me siento satisfecho.""}","{""Q0"":""BASTANTE""}"
"","796","STAI_37","STAI","survey-multi-choice-horizontal","714","517367","0.0-775.0","{""Q0"":""37. Algunas ideas poco importantes ocupan mi cabeza y me molestan.""}","{""Q0"":""UN POCO""}"
"","784","STAI_38","STAI","survey-multi-choice-horizontal","715","518157","0.0-776.0","{""Q0"":""38. Los desengaños me afectan tanto que no me los puedo sacar de la cabeza.""}","{""Q0"":""MUCHO""}"
"","711","STAI_39","STAI","survey-multi-choice-horizontal","716","518874","0.0-777.0","{""Q0"":""39. Soy una persona estable.""}","{""Q0"":""UN POCO""}"
"","733","STAI_40","STAI","survey-multi-choice-horizontal","717","519612","0.0-778.0","{""Q0"":""40. Cuando pienso en las cosas que tengo entre manos me pongo nervioso y tenso.""}","{""Q0"":""NADA""}"
