"view_history","rt","trialid","procedure","trial_type","trial_index","time_elapsed","internal_node_id","stimulus","response"
"[{""page_index"":0,""viewing_time"":316}]","316","Instructions_01","RTS","instructions","543","486589","0.0-593.0","",""
"","631","RTS_01","RTS","survey-multi-choice-vertical","544","487225","0.0-594.0","{""Q0"":""1. Los horóscopos tienen razón con demasiada frecuencia para que sea una coincidencia.""}","{""Q0"":"" Verdadero""}"
"","573","RTS_02","RTS","survey-multi-choice-vertical","545","487803","0.0-595.0","{""Q0"":""2. A veces realizo ciertos pequeños rituales para alejarme de las influencias negativas.""}","{""Q0"":"" Verdadero""}"
"","621","RTS_03","RTS","survey-multi-choice-vertical","546","488428","0.0-596.0","{""Q0"":""3. He experimentado un estado alterado de conciencia en el que sentí que me volví cósmicamente iluminado.""}","{""Q0"":"" Falso""}"
"","548","RTS_04","RTS","survey-multi-choice-vertical","547","488979","0.0-597.0","{""Q0"":""4. En la actualidad, soy muy bueno imaginando y haciendo cosas.""}","{""Q0"":"" Falso""}"
"","608","RTS_05","RTS","survey-multi-choice-vertical","548","489589","0.0-598.0","{""Q0"":""5. He sentido que había recibido una sabiduría especial, para ser comunicada al resto de la humanidad.""}","{""Q0"":"" Verdadero""}"
"","610","RTS_06","RTS","survey-multi-choice-vertical","549","490201","0.0-599.0","{""Q0"":""6. A veces me he comportado de una manera mucho más impulsiva y/o desinhibida que de costumbre.""}","{""Q0"":"" Falso""}"
"","614","RTS_07","RTS","survey-multi-choice-vertical","550","490819","0.0-600.0","{""Q0"":""7. Me fascinan las nuevas ideas, tengan o no un valor práctico.""}","{""Q0"":"" Verdadero""}"
"","622","RTS_08","RTS","survey-multi-choice-vertical","551","491444","0.0-601.0","{""Q0"":""8. A veces he sentido una presencia maligna a mi alrededor, aunque no pude verla.""}","{""Q0"":"" Falso""}"
"","571","RTS_09","RTS","survey-multi-choice-vertical","552","492017","0.0-602.0","{""Q0"":""9. Mis pensamientos a veces han llegado tan rápido que no podía escribirlos todos lo suficientemente rápido.""}","{""Q0"":"" Verdadero""}"
"","595","RTS_10","RTS","survey-multi-choice-vertical","553","492617","0.0-603.0","{""Q0"":""10. Si ya no pudiera fingir, no sería yo, no sería la misma persona.""}","{""Q0"":"" Verdadero""}"
"","600","RTS_11","RTS","survey-multi-choice-vertical","554","493220","0.0-604.0","{""Q0"":""11. A veces experimento cosas como si fueran doblemente reales.""}","{""Q0"":"" Verdadero""}"
"","599","RTS_12","RTS","survey-multi-choice-vertical","555","493824","0.0-605.0","{""Q0"":""12. A veces es posible para mí estar completamente inmerso en la naturaleza o en el arte y sentir como si todo mi estado de conciencia se hubiera alterado temporalmente de alguna manera.""}","{""Q0"":"" Falso""}"
"","632","RTS_13","RTS","survey-multi-choice-vertical","556","494461","0.0-606.0","{""Q0"":""13. A menudo tengo un día en que las luces en espacios interiores parecen tan brillantes que me molestan los ojos.""}","{""Q0"":"" Verdadero""}"
"","632","RTS_14","RTS","survey-multi-choice-vertical","557","495100","0.0-607.0","{""Q0"":""14. Estoy convencido de que he tenido al menos una experiencia de telepatía entre otra persona y yo.""}","{""Q0"":"" Verdadero""}"
"","639","RTS_15","RTS","survey-multi-choice-vertical","558","495743","0.0-608.0","{""Q0"":""15. Estoy convencido de que soy psíquico.""}","{""Q0"":"" Verdadero""}"
"","620","RTS_16","RTS","survey-multi-choice-vertical","559","496365","0.0-609.0","{""Q0"":""16. He experimentado un estado alterado de conciencia que creo que transformó por completo (de manera positiva) la forma en que me miraba a mí mismo.""}","{""Q0"":"" Falso""}"
"","568","RTS_17","RTS","survey-multi-choice-vertical","560","496936","0.0-610.0","{""Q0"":""17. Estoy convencido de que he tenido un presentimiento sobre el futuro que se hizo realidad y que (creo) no fue solo una coincidencia.""}","{""Q0"":"" Verdadero""}"
"","606","RTS_18","RTS","survey-multi-choice-vertical","561","497546","0.0-611.0","{""Q0"":""18. Creo que realmente sé lo que algunas personas quieren decir cuando hablan de experiencias místicas.""}","{""Q0"":"" Verdadero""}"
"","619","RTS_19","RTS","survey-multi-choice-vertical","562","498169","0.0-612.0","{""Q0"":""19. He pasado por momentos en los que los olores parecían más fuertes y abrumadores de lo habitual.""}","{""Q0"":"" Falso""}"
"","570","RTS_20","RTS","survey-multi-choice-vertical","563","498741","0.0-613.0","{""Q0"":""20. Puedo sentir claramente de nuevo (revivir) en mi imaginación cosas tales como: la sensación de una suave brisa, arena cálida bajo los pies descalzos, la suavidad del pelaje, la hierba fresca, el calor del sol y el olor a hierba recién cortada.""}","{""Q0"":"" Verdadero""}"
"","611","RTS_21","RTS","survey-multi-choice-vertical","564","499355","0.0-614.0","{""Q0"":""21. Una persona debe tratar de comprender sus sueños y dejarse guiar por ellos o recibir advertencias de ellos.""}","{""Q0"":"" Falso""}"
"","631","RTS_22","RTS","survey-multi-choice-vertical","565","499990","0.0-615.0","{""Q0"":""22. Mientras escucho mi música favorita, además de sentirme tranquilo, relajado, feliz, etc., a menudo tengo un sentimiento de unidad con la música, o de estar en otro lugar o tiempo, o de recordar vívidamente el pasado. ""}","{""Q0"":"" Verdadero""}"
"","618","RTS_23","RTS","survey-multi-choice-vertical","566","500611","0.0-616.0","{""Q0"":""23. A veces siento de alguna manera la presencia de alguien que no está físicamente allí.""}","{""Q0"":"" Falso""}"
"","580","RTS_24","RTS","survey-multi-choice-vertical","567","501196","0.0-617.0","{""Q0"":""24. Estoy convencido de que es posible obtener información sobre los pensamientos, sentimientos o circunstancias de otra persona, de una manera que no depende de la predicción racional o de los canales sensoriales normales.""}","{""Q0"":"" Verdadero""}"
"","624","RTS_25","RTS","survey-multi-choice-vertical","568","501824","0.0-618.0","{""Q0"":""25. Durante varios días seguidos he tenido una conciencia tan elevada de las imágenes y los sonidos que no puedo ignorarlos.""}","{""Q0"":"" Verdadero""}"
"","658","RTS_26","RTS","survey-multi-choice-vertical","569","502485","0.0-619.0","{""Q0"":""26. A veces tengo la sensación de ganar o perder energía cuando ciertas personas me miran o me tocan.""}","{""Q0"":"" Falso""}"
"","595","RTS_27","RTS","survey-multi-choice-vertical","570","503083","0.0-620.0","{""Q0"":""27. Ahora que soy mayor, todavía creo de alguna manera en seres como elfos, brujas, duendes, hadas, etc.""}","{""Q0"":"" Falso""}"
"","562","RTS_28","RTS","survey-multi-choice-vertical","571","503649","0.0-621.0","{""Q0"":""28. A veces la gente piensa que soy un poco raro porque mis ideas son muy novedosas.""}","{""Q0"":"" Verdadero""}"
"","576","RTS_29","RTS","survey-multi-choice-vertical","572","504228","0.0-622.0","{""Q0"":""29. Cuando escucho música de órgano u otra música potente, a veces siento como si me elevaran en el aire.""}","{""Q0"":"" Falso""}"
