"view_history","rt","trialid","procedure","trial_type","trial_index","time_elapsed","internal_node_id","stimulus","response"
"[{""page_index"":0,""viewing_time"":344}]","344","Instructions_01","SRSav","instructions","658","565255","0.0-718.0","",""
"","875","SRSav_01","SRSav","survey-multi-choice-vertical","659","566137","0.0-719.0","{""Q0"":""1. ¿Con qué frecuencia asiste a los servicios de la iglesia?""}","{""Q0"":""Raramente""}"
"","928","SRSav_02","SRSav","survey-multi-choice-vertical","660","567074","0.0-720.0","{""Q0"":""2. ¿Con qué frecuencia participas en otras actividades religiosas? (actividades grupales, es decir, clases de escuela dominical para adultos, grupos de estudio bíblico, grupos de oración, etc.)""}","{""Q0"":""Varias veces a la semana""}"
"[{""page_index"":0,""viewing_time"":297}]","297","Instructions_02","SRSav","instructions","661","567373","0.0-721.0","",""
"","957","SRSav_03","SRSav","survey-multi-choice-vertical","662","568337","0.0-722.0","{""Q0"":""3. ¿Con qué frecuencia rezas en privado?""}","{""Q0"":""Dos veces al día""}"
"","927","SRSav_04","SRSav","survey-multi-choice-vertical","663","569274","0.0-723.0","{""Q0"":""4. ¿Con qué frecuencia lees la Biblia u otros religiosos? literatura (revistas, periódicos, libros) en casa?""}","{""Q0"":""Varias veces al día""}"
"","867","SRSav_05","SRSav","survey-multi-choice-vertical","664","570147","0.0-724.0","{""Q0"":""5. ¿Con qué frecuencia escuchas o ves programas religiosos en radio o televisión?""}","{""Q0"":""Solo ocasionalmente""}"
"[{""page_index"":0,""viewing_time"":321}]","321","Instructions_03","SRSav","instructions","665","570469","0.0-725.0","",""
"","854","SRSav_06","SRSav","survey-multi-choice-vertical","666","571330","0.0-726.0","{""Q0"":""6. Mi fe involucra toda mi vida.""}","{""Q0"":""Definitivamente cierto de mí""}"
"","809","SRSav_07","SRSav","survey-multi-choice-vertical","667","572146","0.0-727.0","{""Q0"":""7. En mi vida, experimento la presencia de lo divino (es decir, de Dios).""}","{""Q0"":""Definitivamente no es cierto para mí""}"
"","884","SRSav_08","SRSav","survey-multi-choice-vertical","668","573038","0.0-728.0","{""Q0"":""8. Aunque soy una persona religiosa, me niego a dejar que consideraciones religiosas influyan en mis asuntos cotidianos.""}","{""Q0"":""Tiende a no ser cierto""}"
"","794","SRSav_09","SRSav","survey-multi-choice-vertical","669","573838","0.0-729.0","{""Q0"":""9. Nada es tan importante para mí como servir a Dios como mejor se hacerlo.""}","{""Q0"":""Tiende a no ser cierto""}"
"","819","SRSav_10","SRSav","survey-multi-choice-vertical","670","574664","0.0-730.0","{""Q0"":""10. Mi fe a veces restringe mis acciones.""}","{""Q0"":""Definitivamente cierto de mí""}"
"","867","SRSav_11","SRSav","survey-multi-choice-vertical","671","575537","0.0-731.0","{""Q0"":""11. Mis creencias religiosas son lo que realmente se encuentra detrás de todo mi enfoque de vida.""}","{""Q0"":""Inseguro""}"
"","804","SRSav_12","SRSav","survey-multi-choice-vertical","672","576346","0.0-732.0","{""Q0"":""12. Me esfuerzo por llevar mi religión a todos los demás aspectos de mi vida.""}","{""Q0"":""Definitivamente no es cierto para mí""}"
"","805","SRSav_13","SRSav","survey-multi-choice-vertical","673","577157","0.0-733.0","{""Q0"":""13. Uno debe buscar la guía de Dios al tomar decisiones importantes.""}","{""Q0"":""Definitivamente en desacuerdo""}"
"","833","SRSav_14","SRSav","survey-multi-choice-vertical","674","577996","0.0-734.0","{""Q0"":""14. Aunque creo en la religión, siento que hay muchas cosas más importantes en la vida.""}","{""Q0"":""Definitivamente de acuerdo""}"
"","846","SRSav_15","SRSav","survey-multi-choice-vertical","675","578847","0.0-735.0","{""Q0"":""15. No importa tanto lo que yo crea siempre y cuando lleve una vida moral.""}","{""Q0"":""Inseguro""}"
