"view_history","rt","trialid","procedure","trial_type","trial_index","time_elapsed","internal_node_id","stimulus","response"
"[{""page_index"":0,""viewing_time"":363}]","363","Instructions","PBS","instructions","385","296622","0.0-424.0","",""
"","1076","PBS_001","PBS","survey-multi-choice-vertical","386","297707","0.0-425.0","{""Q0"":""El alma sigue existiendo aunque el cuerpo pueda morir.""}","{""Q0"":"" 1 Muy en desacuerdo""}"
"","1046","PBS_002","PBS","survey-multi-choice-vertical","387","298758","0.0-426.0","{""Q0"":""Algunos individuos pueden levitar (levantar) objetos a través de fuerzas mentales.""}","{""Q0"":"" 5 Un poco de acuerdo""}"
"","1046","PBS_003","PBS","survey-multi-choice-vertical","388","299810","0.0-427.0","{""Q0"":""La magia negra realmente existe.""}","{""Q0"":"" 1 Muy en desacuerdo""}"
"","1089","PBS_004","PBS","survey-multi-choice-vertical","389","300906","0.0-428.0","{""Q0"":""Los gatos negros traen mala suerte.""}","{""Q0"":"" 2 Moderadamente en desacuerdo""}"
"","1030","PBS_005","PBS","survey-multi-choice-vertical","390","301943","0.0-429.0","{""Q0"":""Tu mente o alma puede salir del cuerpo y viajar (proyección astral).""}","{""Q0"":"" 2 Moderadamente en desacuerdo""}"
"","1050","PBS_006","PBS","survey-multi-choice-vertical","391","303001","0.0-430.0","{""Q0"":""El abominable hombre de las nieves, o pie grande del Tíbet, existe.""}","{""Q0"":"" 5 Un poco de acuerdo""}"
"","1035","PBS_007","PBS","survey-multi-choice-vertical","392","304043","0.0-431.0","{""Q0"":""La astrología es una forma precisa de predecir el futuro.""}","{""Q0"":"" 6 Moderadamente de acuerdo""}"
"","1141","PBS_008","PBS","survey-multi-choice-vertical","393","305190","0.0-432.0","{""Q0"":""Existe el diablo.""}","{""Q0"":"" 7 Muy de acuerdo""}"
"","1041","PBS_009","PBS","survey-multi-choice-vertical","394","306238","0.0-433.0","{""Q0"":""La telekinesis, mover objetos a través de poderes psíquicos, existe.""}","{""Q0"":"" 6 Moderadamente de acuerdo""}"
"","1010","PBS_010","PBS","survey-multi-choice-vertical","395","307259","0.0-434.0","{""Q0"":""Las brujas existen.""}","{""Q0"":"" 5 Un poco de acuerdo""}"
"","981","PBS_011","PBS","survey-multi-choice-vertical","396","308246","0.0-435.0","{""Q0"":""Si quiebras un espejo, tendrás mala suerte.""}","{""Q0"":"" 7 Muy de acuerdo""}"
"","1014","PBS_012","PBS","survey-multi-choice-vertical","397","309267","0.0-436.0","{""Q0"":""Durante estados alterados, como el sueño o los trances, el espíritu puede salir del cuerpo.""}","{""Q0"":"" 7 Muy de acuerdo""}"
"","1016","PBS_013","PBS","survey-multi-choice-vertical","398","310291","0.0-437.0","{""Q0"":""El monstruo del lago Ness en Escocia, existe.""}","{""Q0"":"" 4 No sé / No tengo certeza""}"
"","1058","PBS_014","PBS","survey-multi-choice-vertical","399","311355","0.0-438.0","{""Q0"":""El horóscopo dice el futuro de las personas de forma precisa.""}","{""Q0"":"" 5 Un poco de acuerdo""}"
"","986","PBS_015","PBS","survey-multi-choice-vertical","400","312348","0.0-439.0","{""Q0"":""Creo en Dios.""}","{""Q0"":"" 1 Muy en desacuerdo""}"
"","1014","PBS_016","PBS","survey-multi-choice-vertical","401","313370","0.0-440.0","{""Q0"":""Los pensamientos de una persona pueden influir en el movimiento de un objeto físico.""}","{""Q0"":"" 5 Un poco de acuerdo""}"
"","1023","PBS_017","PBS","survey-multi-choice-vertical","402","314401","0.0-441.0","{""Q0"":""A través del uso de pócimas y conjuros, es posible lanzar hechizos sobre las personas.""}","{""Q0"":"" 2 Moderadamente en desacuerdo""}"
"","1189","PBS_018","PBS","survey-multi-choice-vertical","403","315595","0.0-442.0","{""Q0"":""El número “13” es de mala suerte.""}","{""Q0"":"" 5 Un poco de acuerdo""}"
"","1053","PBS_019","PBS","survey-multi-choice-vertical","404","316655","0.0-443.0","{""Q0"":""La reencarnación existe.""}","{""Q0"":"" 7 Muy de acuerdo""}"
"","1138","PBS_020","PBS","survey-multi-choice-vertical","405","317804","0.0-444.0","{""Q0"":""Hay vida en otros planetas.""}","{""Q0"":"" 2 Moderadamente en desacuerdo""}"
"","1128","PBS_021","PBS","survey-multi-choice-vertical","406","318939","0.0-445.0","{""Q0"":""Algunos psíquicos pueden predecir el futuro de forma precisa.""}","{""Q0"":"" 5 Un poco de acuerdo""}"
"","1086","PBS_022","PBS","survey-multi-choice-vertical","407","320031","0.0-446.0","{""Q0"":""Existe un Cielo y un Infierno.""}","{""Q0"":"" 2 Moderadamente en desacuerdo""}"
"","1026","PBS_023","PBS","survey-multi-choice-vertical","408","321064","0.0-447.0","{""Q0"":""Leer la mente no es posible.""}","{""Q0"":"" 5 Un poco de acuerdo""}"
"","1105","PBS_024","PBS","survey-multi-choice-vertical","409","322176","0.0-448.0","{""Q0"":""Hay casos reales de brujería.""}","{""Q0"":"" 6 Moderadamente de acuerdo""}"
"","1086","PBS_025","PBS","survey-multi-choice-vertical","410","323268","0.0-449.0","{""Q0"":""Es posible comunicarse con los muertos.""}","{""Q0"":"" 1 Muy en desacuerdo""}"
"","1172","PBS_026","PBS","survey-multi-choice-vertical","411","324448","0.0-450.0","{""Q0"":""Algunas personas tienen la inexplicable habilidad de predecir el futuro.""}","{""Q0"":"" 1 Muy en desacuerdo""}"
