"success","timeout","failed_images","failed_audio","failed_video","trialid","procedure","trial_type","trial_index","time_elapsed","internal_node_id","rt","stimulus","button_pressed","response","slider_start"
"true","false","[]","[]","[]","EmpaTom_00","EmpaTom","preload","886","606091","0.0-874.0","","","","",""
"","","","","","Instructions_01","EmpaTom","html-button-response","887","606470","0.0-875.0","376.2999999988824","<div style=""max-width:600px;""><p>Descripcion de la tarea e instrucciones. Tom tiene Alzheimer....</p></div>","0","",""
"","","","","","EmpaTom_01","EmpaTom","video-button-response","888","617695","0.0-876.0","11218.39999999851","[""media/vid/Entrevista1.mp4""]","","0",""
"","","","","","EmpaTom_02","EmpaTom","html-slider-response","889","618243","0.0-877.0","545.9000000003725","<div class='justified'>¿Cómo te sientes?</div></br>","","3","4"
"","","","","","EmpaTom_03","EmpaTom","html-slider-response","890","618765","0.0-878.0","518.5","<div class='justified'>¿Cuánta compasión sentiste por Tom?</div></br>","","7","4"
"","","","","","EmpaTom_04","EmpaTom","survey-multi-choice-vertical","891","619486","0.0-879.0","715","{""Q0"":""Tom piensa.""}","","{""Q0"":"" que lo que menos desea es olvidarse de su esposa producto del alzheimer""}",""
