"view_history","rt","trialid","procedure","trial_type","trial_index","time_elapsed","internal_node_id","stimulus","response"
"[{""page_index"":0,""viewing_time"":539}]","540","Instructions_01","sProQOL","instructions","1837","1343101","0.0-1875.0-0.0","",""
"","1139","sProQOL_01","sProQOL","survey-multi-choice-vertical","1838","1344270","0.0-1876.0-0.0","{""Q0"":""1. Creo que he sido afectado negativamente por las experiencias traumáticas de aquellos a quienes he ayudado.""}","{""Q0"":"" Casi siempre""}"
"","985","sProQOL_02","sProQOL","survey-multi-choice-vertical","1839","1345270","0.0-1877.0-0.0","{""Q0"":""2. Me siento “atrapado” por mi trabajo.""}","{""Q0"":"" Nunca""}"
"","936","sProQOL_03","sProQOL","survey-multi-choice-vertical","1840","1346222","0.0-1878.0-0.0","{""Q0"":""3. Me gusta trabajar ayudando a la gente.""}","{""Q0"":"" Casi siempre""}"
"","934","sProQOL_04","sProQOL","survey-multi-choice-vertical","1841","1347183","0.0-1879.0-0.0","{""Q0"":""4. Me siento deprimido como resultado de mi trabajo""}","{""Q0"":"" Nunca""}"
"","888","sProQOL_05","sProQOL","survey-multi-choice-vertical","1842","1348098","0.0-1880.0-0.0","{""Q0"":""5. Mi trabajo me hace sentirme satisfecho.""}","{""Q0"":"" Rara Vez""}"
"","906","sProQOL_06","sProQOL","survey-multi-choice-vertical","1843","1349029","0.0-1881.0-0.0","{""Q0"":""6. Por causa de mi trabajo me siento agotado.""}","{""Q0"":"" Casi siempre""}"
"","898","sProQOL_07","sProQOL","survey-multi-choice-vertical","1844","1349942","0.0-1882.0-0.0","{""Q0"":""7. Me siento abrumado por la cantidad y tipo de trabajo que tengo que afrontar.""}","{""Q0"":"" Siempre""}"
"","919","sProQOL_08","sProQOL","survey-multi-choice-vertical","1845","1350878","0.0-1883.0-0.0","{""Q0"":""8. Como resultado de mi trabajo, tengo pensamientos molestos, repentinos, indeseados.""}","{""Q0"":"" Nunca""}"
"","1025","sProQOL_09","sProQOL","survey-multi-choice-vertical","1846","1351932","0.0-1884.0-0.0","{""Q0"":""9. Estoy feliz por haber elegido hacer este trabajo.""}","{""Q0"":"" Siempre""}"
