"success","trialid","procedure","trial_type","trial_index","time_elapsed","internal_node_id","stimulus","rt","response"
"true","Instructions_01","EQ","fullscreen","460","364230","0.0-497.0-0.0","","",""
"","EQ_01","EQ","survey-multi-choice-vertical","461","367001","0.0-498.0-0.0","{""Q0"":""1. Me doy cuenta con facilidad cuando alguien quiere entrar en una conversación.""}","2763","{""Q0"":"" Un pocode desacuerdo""}"
"","EQ_02","EQ","survey-multi-choice-vertical","462","367677","0.0-499.0-0.0","{""Q0"":""2. Prefiero los animales antes que a las personas.""}","671","{""Q0"":"" Un pocode acuerdo""}"
"","EQ_03","EQ","survey-multi-choice-vertical","463","368457","0.0-500.0-0.0","{""Q0"":""3. Intento seguir la moda y las nuevas tendencias.""}","767","{""Q0"":"" Un pocode desacuerdo""}"
"","EQ_04","EQ","survey-multi-choice-vertical","464","369183","0.0-501.0-0.0","{""Q0"":""4. Me resulta complicado explicar a otras personas cosas que yo comprendo con facilidad, cuando ellos no son capaces de entenderlas a la primera.""}","720","{""Q0"":"" Un pocode desacuerdo""}"
"","EQ_05","EQ","survey-multi-choice-vertical","465","369943","0.0-502.0-0.0","{""Q0"":""5. Sueño casi todas las noches.""}","754","{""Q0"":"" Totalmentede acuerdo""}"
"","EQ_06","EQ","survey-multi-choice-vertical","466","370665","0.0-503.0-0.0","{""Q0"":""6. Realmente me gusta cuidar de las otras personas.""}","716","{""Q0"":"" Un pocode acuerdo""}"
"","EQ_07","EQ","survey-multi-choice-vertical","467","371357","0.0-504.0-0.0","{""Q0"":""7. Intento solucionar mis propios problemas más que tratar discutirlos con los demás.""}","686","{""Q0"":"" Totalmentedesacuerdo""}"
"","EQ_08","EQ","survey-multi-choice-vertical","468","372059","0.0-505.0-0.0","{""Q0"":""8. Me resulta difícil saber que es lo que tengo que hacer en situaciones sociales.""}","697","{""Q0"":"" Totalmentede acuerdo""}"
"","EQ_09","EQ","survey-multi-choice-vertical","469","372799","0.0-506.0-0.0","{""Q0"":""9. Mi rendimiento es mejor por las mañanas.""}","734","{""Q0"":"" Un pocode desacuerdo""}"
"","EQ_10","EQ","survey-multi-choice-vertical","470","373507","0.0-507.0-0.0","{""Q0"":""10. La gente suele decir que voy muy lejos cuando intento defender mi punto de vista en una discusión.""}","701","{""Q0"":"" Un pocode desacuerdo""}"
"","EQ_11","EQ","survey-multi-choice-vertical","471","374238","0.0-508.0-0.0","{""Q0"":""11. No me molesta mucho llegar tarde cuando quedo con un amigo.""}","725","{""Q0"":"" Totalmentede acuerdo""}"
"","EQ_12","EQ","survey-multi-choice-vertical","472","374945","0.0-509.0-0.0","{""Q0"":""12. Las relaciones de amistad y de pareja son muy complicadas, por lo que intento no preocuparme mucho de ellas.""}","698","{""Q0"":"" Totalmentedesacuerdo""}"
"","EQ_13","EQ","survey-multi-choice-vertical","473","375652","0.0-510.0-0.0","{""Q0"":""13. Por muy pequeña que sea, nunca rompería una norma.""}","698","{""Q0"":"" Totalmentede acuerdo""}"
"","EQ_14","EQ","survey-multi-choice-vertical","474","376435","0.0-511.0-0.0","{""Q0"":""14. Normalmente me resulta difícil saber si algo ha sido correcto o maleducado.""}","775","{""Q0"":"" Totalmentede acuerdo""}"
"","EQ_15","EQ","survey-multi-choice-vertical","475","377170","0.0-512.0-0.0","{""Q0"":""15. En una conversación suelo centrarme en mis propios pensamientos más que en lo que la otra persona podría estar pensando.""}","730","{""Q0"":"" Totalmentede acuerdo""}"
"","EQ_16","EQ","survey-multi-choice-vertical","476","377926","0.0-513.0-0.0","{""Q0"":""16. Prefiero las chistes prácticos antes que el humor basado en juegos de palabras.""}","751","{""Q0"":"" Totalmentedesacuerdo""}"
"","EQ_17","EQ","survey-multi-choice-vertical","477","378616","0.0-514.0-0.0","{""Q0"":""17. Vivo el presente, no el futuro.""}","685","{""Q0"":"" Totalmentedesacuerdo""}"
"","EQ_18","EQ","survey-multi-choice-vertical","478","379345","0.0-515.0-0.0","{""Q0"":""18. Cuando era pequeño me divertía cortando lombrices para averiguar que les pasaba después.""}","723","{""Q0"":"" Totalmentede acuerdo""}"
"","EQ_19","EQ","survey-multi-choice-vertical","479","380097","0.0-516.0-0.0","{""Q0"":""19. Detecto rápidamente cuando alguien dice una cosa pero en realidad quiere decir otra.""}","748","{""Q0"":"" Un pocode acuerdo""}"
"","EQ_20","EQ","survey-multi-choice-vertical","480","380800","0.0-517.0-0.0","{""Q0"":""20. Suelo tener opiniones muy arraigadas acerca de la moralidad.""}","698","{""Q0"":"" Totalmentedesacuerdo""}"
"","EQ_21","EQ","survey-multi-choice-vertical","481","381632","0.0-518.0-0.0","{""Q0"":""21. Me cuesta comprender porqué algunas cosas molestan tanto a la gente.""}","822","{""Q0"":"" Totalmentedesacuerdo""}"
"","EQ_22","EQ","survey-multi-choice-vertical","482","382447","0.0-519.0-0.0","{""Q0"":""22. Me resulta fácil ponerme en el punto de vista de otra persona.""}","807","{""Q0"":"" Un pocode desacuerdo""}"
"","EQ_23","EQ","survey-multi-choice-vertical","483","383193","0.0-520.0-0.0","{""Q0"":""23. Creo que los buenos modales es la cosa más importante que un padre puede enseñarle a su hijo.""}","741","{""Q0"":"" Un pocode acuerdo""}"
"","EQ_24","EQ","survey-multi-choice-vertical","484","383919","0.0-521.0-0.0","{""Q0"":""24. Me gusta hacer cosas de improviso.""}","720","{""Q0"":"" Un pocode acuerdo""}"
"","EQ_25","EQ","survey-multi-choice-vertical","485","384620","0.0-522.0-0.0","{""Q0"":""25. Suelo predecir bastante los sentimientos que tendrá otra persona.""}","695","{""Q0"":"" Totalmentedesacuerdo""}"
"","EQ_26","EQ","survey-multi-choice-vertical","486","385326","0.0-523.0-0.0","{""Q0"":""26. Me suelo dar cuenta con bastante facilidad cuando en un grupo una persona se siente a disgusto o incómodo.""}","699","{""Q0"":"" Totalmentede acuerdo""}"
"","EQ_27","EQ","survey-multi-choice-vertical","487","386050","0.0-524.0-0.0","{""Q0"":""27. Si digo algo que ofende a otra persona, pienso que es su problema, no el mío.""}","718","{""Q0"":"" Un pocode desacuerdo""}"
"","EQ_28","EQ","survey-multi-choice-vertical","488","386759","0.0-525.0-0.0","{""Q0"":""28. Si alguien me pregunta que si me gusta su corte de pelo, contesto la verdad aunque no me guste.""}","703","{""Q0"":"" Totalmentedesacuerdo""}"
"","EQ_29","EQ","survey-multi-choice-vertical","489","387523","0.0-526.0-0.0","{""Q0"":""29. No siempre comprendo porque alguien se siente ofendido con un comentario.""}","758","{""Q0"":"" Un pocode desacuerdo""}"
"","EQ_30","EQ","survey-multi-choice-vertical","490","388239","0.0-527.0-0.0","{""Q0"":""30. Con frecuencia la gente me dice que soy muy imprevisible.""}","710","{""Q0"":"" Un pocode desacuerdo""}"
"","EQ_31","EQ","survey-multi-choice-vertical","491","388947","0.0-528.0-0.0","{""Q0"":""31. Me gusta ser el centro de atención en las reuniones sociales.""}","700","{""Q0"":"" Un pocode desacuerdo""}"
"","EQ_32","EQ","survey-multi-choice-vertical","492","389683","0.0-529.0-0.0","{""Q0"":""32. No me molesta ver a gente llorar.""}","732","{""Q0"":"" Totalmentedesacuerdo""}"
"","EQ_33","EQ","survey-multi-choice-vertical","493","390433","0.0-530.0-0.0","{""Q0"":""33. Me divierte tener discusiones sobre política.""}","742","{""Q0"":"" Un pocode acuerdo""}"
"","EQ_34","EQ","survey-multi-choice-vertical","494","391165","0.0-531.0-0.0","{""Q0"":""34. Soy muy directo y algunas personas interpretan eso como maleducado incluso cuando no lo hago de manera intencional.""}","726","{""Q0"":"" Totalmentedesacuerdo""}"
"","EQ_35","EQ","survey-multi-choice-vertical","495","391975","0.0-532.0-0.0","{""Q0"":""35. Las situaciones sociales no me resultan complicadas.""}","804","{""Q0"":"" Un pocode acuerdo""}"
"","EQ_36","EQ","survey-multi-choice-vertical","496","392759","0.0-533.0-0.0","{""Q0"":""36. La gente me dice que comprendo bien como se sienten y cómo piensan.""}","773","{""Q0"":"" Un pocode desacuerdo""}"
"","EQ_37","EQ","survey-multi-choice-vertical","497","393471","0.0-534.0-0.0","{""Q0"":""37. Cuando hablo con otras personas, me gusta más conversar sobre sus experiencias que sobre las mías propias.""}","706","{""Q0"":"" Un pocode desacuerdo""}"
"","EQ_38","EQ","survey-multi-choice-vertical","498","394170","0.0-535.0-0.0","{""Q0"":""38. Me molesta ver un animal sufriendo.""}","693","{""Q0"":"" Un pocode acuerdo""}"
"","EQ_39","EQ","survey-multi-choice-vertical","499","394941","0.0-536.0-0.0","{""Q0"":""39. Soy capaz de tomar mis propias decisiones sin dejarme influir por los sentimientos de los demás.""}","762","{""Q0"":"" Totalmentede acuerdo""}"
"","EQ_40","EQ","survey-multi-choice-vertical","500","395727","0.0-537.0-0.0","{""Q0"":""40. No me puedo relajar hasta que no he terminado todo lo que me había propuesto hacer durante el día.""}","780","{""Q0"":"" Totalmentede acuerdo""}"
"","EQ_41","EQ","survey-multi-choice-vertical","501","396497","0.0-538.0-0.0","{""Q0"":""41. Me doy cuenta con facilidad si la persona con la que hablo se está aburriendo o está interesado en lo que le estoy contando.""}","763","{""Q0"":"" Totalmentede acuerdo""}"
"","EQ_42","EQ","survey-multi-choice-vertical","502","397215","0.0-539.0-0.0","{""Q0"":""42. Me afecta mucho ver en los telediarios a gente.""}","712","{""Q0"":"" Un pocode acuerdo""}"
"","EQ_43","EQ","survey-multi-choice-vertical","503","397901","0.0-540.0-0.0","{""Q0"":""43. Mis amigos me suelen contar sus problemas porque me consideran una persona muy comprensiva.""}","681","{""Q0"":"" Un pocode desacuerdo""}"
"","EQ_44","EQ","survey-multi-choice-vertical","504","398587","0.0-541.0-0.0","{""Q0"":""44. Puedo notar cuando me estoy entrometiendo en los asuntos de otra persona aunque ésta no me lo diga.""}","680","{""Q0"":"" Totalmentedesacuerdo""}"
"","EQ_45","EQ","survey-multi-choice-vertical","505","399316","0.0-542.0-0.0","{""Q0"":""45. Suelo probar aficiones nuevas pero me aburro rápido e intento otras cosas.""}","722","{""Q0"":"" Totalmentedesacuerdo""}"
"","EQ_46","EQ","survey-multi-choice-vertical","506","400107","0.0-543.0-0.0","{""Q0"":""46. A veces la gente me dice que me paso con mis bromas.""}","780","{""Q0"":"" Totalmentede acuerdo""}"
"","EQ_47","EQ","survey-multi-choice-vertical","507","401100","0.0-544.0-0.0","{""Q0"":""47. Me pondría muy nervioso subir en una montaña-rusa grande.""}","985","{""Q0"":"" Un pocode desacuerdo""}"
"","EQ_48","EQ","survey-multi-choice-vertical","508","401987","0.0-545.0-0.0","{""Q0"":""48. La gente me suele decir que soy insensible, aunque yo no comprendo porque me lo dicen.""}","878","{""Q0"":"" Totalmentedesacuerdo""}"
"","EQ_49","EQ","survey-multi-choice-vertical","509","403117","0.0-546.0-0.0","{""Q0"":""49. Cuando veo a un extraño en un grupo, normalmente pienso que debe hacer un esfuerzo por integrase en él.""}","1122","{""Q0"":"" Un pocode acuerdo""}"
"","EQ_50","EQ","survey-multi-choice-vertical","510","404182","0.0-547.0-0.0","{""Q0"":""50. Normalmente las películas no me afectan emocionalmente.""}","1058","{""Q0"":"" Un pocode desacuerdo""}"
"","EQ_51","EQ","survey-multi-choice-vertical","511","405237","0.0-548.0-0.0","{""Q0"":""51. En el día a día me gusta se organizado y suelo hacerme listas de las tareas que tengo que hacer.""}","1048","{""Q0"":"" Totalmentede acuerdo""}"
"","EQ_52","EQ","survey-multi-choice-vertical","512","406092","0.0-549.0-0.0","{""Q0"":""52. Puedo “sintonizarme” rápidamente y de manera intuitiva con los sentimientos de otras personas.""}","847","{""Q0"":"" Totalmentedesacuerdo""}"
"","EQ_53","EQ","survey-multi-choice-vertical","513","407006","0.0-550.0-0.0","{""Q0"":""53. No me gusta correr riesgos.""}","908","{""Q0"":"" Totalmentede acuerdo""}"
"","EQ_54","EQ","survey-multi-choice-vertical","514","407812","0.0-551.0-0.0","{""Q0"":""54. Me doy cuenta con facilidad de lo que otra persona quiere hablar.""}","798","{""Q0"":"" Totalmentedesacuerdo""}"
"","EQ_55","EQ","survey-multi-choice-vertical","515","408576","0.0-552.0-0.0","{""Q0"":""55. Detecto cuando alguien está ocultando sus verdaderos sentimientos.""}","753","{""Q0"":"" Totalmentede acuerdo""}"
"","EQ_56","EQ","survey-multi-choice-vertical","516","409360","0.0-553.0-0.0","{""Q0"":""56. Antes de tomar una decisión, siempre valoro los pros y los contras.""}","774","{""Q0"":"" Totalmentede acuerdo""}"
"","EQ_57","EQ","survey-multi-choice-vertical","517","410361","0.0-554.0-0.0","{""Q0"":""57. Nunca reflexiono de manera consciente acerca de las reglas sociales.""}","993","{""Q0"":"" Totalmentede acuerdo""}"
"","EQ_58","EQ","survey-multi-choice-vertical","518","411455","0.0-555.0-0.0","{""Q0"":""58. Se me da bien predecir lo que una persona va a hacer.""}","1087","{""Q0"":"" Totalmentedesacuerdo""}"
"","EQ_59","EQ","survey-multi-choice-vertical","519","412385","0.0-556.0-0.0","{""Q0"":""59. Suelo implicarme emocionalmente en los problemas de mis amigos.""}","920","{""Q0"":"" Totalmentedesacuerdo""}"
"","EQ_60","EQ","survey-multi-choice-vertical","520","413266","0.0-557.0-0.0","{""Q0"":""60. Normalmente soy capaz de apreciar el punto de vista de otra persona aunque yo no lo comparta.""}","872","{""Q0"":"" Totalmentede acuerdo""}"
