"view_history","rt","trialid","procedure","trial_type","trial_index","time_elapsed","internal_node_id","stimulus","response"
"[{""page_index"":0,""viewing_time"":546}]","546","Instructions_01","SRBQP","instructions","1516","1102608","0.0-1611.0-0.0","",""
"","1105","SRBQP_001","SRBQP","survey-multi-choice-vertical","1517","1103729","0.0-1612.0-0.0","{""Q0"":""Mis creencias me han ayudado a sobrellevar el estrés ocasionado por la pandemia.""}","{""Q0"":"" 1 Completamente en desacuerdo""}"
"","1018","SRBQP_002","SRBQP","survey-multi-choice-vertical","1518","1104768","0.0-1613.0-0.0","{""Q0"":""Mis creencias me han ayudado a sobrellevar momentos de ansiedad durante la pandemia.""}","{""Q0"":"" 3 En alguna medida en desacuerdo""}"
"","952","SRBQP_003","SRBQP","survey-multi-choice-vertical","1519","1105737","0.0-1614.0-0.0","{""Q0"":""Mis creencias me han ayudado a sobrellevar momentos de tristeza y depresión durante la pandemia.""}","{""Q0"":"" 3 En alguna medida en desacuerdo""}"
"","1054","SRBQP_004","SRBQP","survey-multi-choice-vertical","1520","1106806","0.0-1615.0-0.0","{""Q0"":""Mis creencias se hicieron más fuertes durante la pandemia.""}","{""Q0"":"" 7 Completamente de acuerdo""}"
"","951","SRBQP_005","SRBQP","survey-multi-choice-vertical","1521","1107771","0.0-1616.0-0.0","{""Q0"":""En general, me considero una persona sin creencias.""}","{""Q0"":"" 3 En alguna medida en desacuerdo""}"
