"view_history","rt","trialid","procedure","trial_type","trial_index","time_elapsed","internal_node_id","stimulus","slider_start","response"
"[{""page_index"":0,""viewing_time"":559}]","559","Instructions_01","REI40","instructions","1233","900659","0.0-1261.0-0.0","","",""
"","629.3000000007451","REI40_01","REI40","html-slider-response","1234","901292","0.0-1262.0-0.0","<div class='justified'>No soy tan bueno/a resolviendo problemas complicados.</div></br>","3","5"
"","590.7000000011176","REI40_02","REI40","html-slider-response","1235","901887","0.0-1263.0-0.0","<div class='justified'>Si me basara en mis corazonadas, me equivocaría seguido.</div></br>","3","4"
"","568.8999999985099","REI40_03","REI40","html-slider-response","1236","902462","0.0-1264.0-0.0","<div class='justified'>Prefiero los problemas complejos antes que los simples.</div></br>","3","1"
"","612.4000000003725","REI40_04","REI40","html-slider-response","1237","903079","0.0-1265.0-0.0","<div class='justified'>Generalmente, no dependo de mis sentimientos para tomar decisiones.</div></br>","3","4"
"","538.4000000003725","REI40_05","REI40","html-slider-response","1238","903622","0.0-1266.0-0.0","<div class='justified'>No tengo problema en pensar las cosas con claridad.</div></br>","3","3"
"","531.4000000003725","REI40_06","REI40","html-slider-response","1239","904156","0.0-1267.0-0.0","<div class='justified'>Cuando se trata de confiar en la gente, usualmente me baso en mis corazonadas.</div></br>","3","4"
"","589.9000000003725","REI40_07","REI40","html-slider-response","1240","904749","0.0-1268.0-0.0","<div class='justified'>Pensar no es para mi una actividad agradable.</div></br>","3","4"
"","618.4000000003725","REI40_08","REI40","html-slider-response","1241","905372","0.0-1269.0-0.0","<div class='justified'>Me gusta confiar en mis primeras impresiones.</div></br>","3","2"
"","556.3999999985099","REI40_09","REI40","html-slider-response","1242","905932","0.0-1270.0-0.0","<div class='justified'>No soy una persona que piense de manera muy analítica.</div></br>","3","1"
"","594.9000000003725","REI40_10","REI40","html-slider-response","1243","906531","0.0-1271.0-0.0","<div class='justified'>Yo confío en mis corazonadas.</div></br>","3","3"
"","789.6999999992549","REI40_11","REI40","html-slider-response","1244","907324","0.0-1272.0-0.0","<div class='justified'>Disfruto resolviendo problemas que requieren pensar mucho.</div></br>","3","4"
"","571.0999999996275","REI40_12","REI40","html-slider-response","1245","907900","0.0-1273.0-0.0","<div class='justified'>Creo que es una tontería tomar decisiones basadas en los sentimientos.</div></br>","3","1"
"","525.4000000003725","REI40_13","REI40","html-slider-response","1246","908430","0.0-1274.0-0.0","<div class='justified'>Sospecho que mis corazonadas a veces son inadecuadas y otras veces adecuadas.</div></br>","3","5"
"","705","REI40_14","REI40","html-slider-response","1247","909139","0.0-1275.0-0.0","<div class='justified'>Usualmente tengo razones claras y explicables para mis decisiones.</div></br>","3","4"
"","591.3999999985099","REI40_15","REI40","html-slider-response","1248","909735","0.0-1276.0-0.0","<div class='justified'>Para mí es suficiente conocer la respuesta sin tener que entender el razonamiento detrás.</div></br>","3","1"
"","658.5","REI40_16","REI40","html-slider-response","1249","910398","0.0-1277.0-0.0","<div class='justified'>No quisiera depender de alguien que se describa a sí mismo como intuitivo.</div></br>","3","5"
"","552.7999999988824","REI40_17","REI40","html-slider-response","1250","910956","0.0-1278.0-0.0","<div class='justified'>generalmente usar la lógica me sirve para resolver mis problemas.</div></br>","3","5"
"","591.3000000007451","REI40_18","REI40","html-slider-response","1251","911552","0.0-1279.0-0.0","<div class='justified'>Disfruto de los desafíos intelectuales.</div></br>","3","5"
"","562.3000000007451","REI40_19","REI40","html-slider-response","1252","912119","0.0-1280.0-0.0","<div class='justified'>Generalmente, puedo sentir cuando una persona está equivocada o no a pesar de no poder explicar cómo lo sé.</div></br>","3","2"
"","551.9000000003725","REI40_20","REI40","html-slider-response","1253","912674","0.0-1281.0-0.0","<div class='justified'>Frecuentemente sigo mi instinto cuando decido qué hacer.</div></br>","3","3"
"","542.9000000003725","REI40_21","REI40","html-slider-response","1254","913221","0.0-1282.0-0.0","<div class='justified'>Probablemente, mis juicios apresurados no son tan buenos como los de la mayoría de la gente.</div></br>","3","1"
"","593.3000000007451","REI40_22","REI40","html-slider-response","1255","913819","0.0-1283.0-0.0","<div class='justified'>Razonar las cosas cuidadosamente, no es uno de mis puntos fuertes.</div></br>","3","3"
"","585.8000000007451","REI40_23","REI40","html-slider-response","1256","914409","0.0-1284.0-0.0","<div class='justified'>No me gustan las situaciones en las cuales tengo que confiar en mi intuición.</div></br>","3","2"
"","591.7999999988824","REI40_24","REI40","html-slider-response","1257","915005","0.0-1285.0-0.0","<div class='justified'>Trato de evitar situaciones que requieren pensar en profundidad sobre algo.</div></br>","3","3"
"","612.8999999985099","REI40_25","REI40","html-slider-response","1258","915624","0.0-1286.0-0.0","<div class='justified'>Confío en mis sentimientos iniciales sobre la gente.</div></br>","3","2"
"","580.2000000011176","REI40_26","REI40","html-slider-response","1259","916208","0.0-1287.0-0.0","<div class='justified'>Pienso de manera lógica.</div></br>","3","3"
"","538.0999999996275","REI40_27","REI40","html-slider-response","1260","916749","0.0-1288.0-0.0","<div class='justified'>Pienso que no es una buena idea confiar en las propias intuiciones para tomar decisiones importantes.</div></br>","3","5"
"","601.8000000007451","REI40_28","REI40","html-slider-response","1261","917354","0.0-1289.0-0.0","<div class='justified'>No me gusta tener que pensar mucho.</div></br>","3","2"
"","539.3999999985099","REI40_29","REI40","html-slider-response","1262","917897","0.0-1290.0-0.0","<div class='justified'>No tengo muy buena intuición.</div></br>","3","2"
"","522.6999999992549","REI40_30","REI40","html-slider-response","1263","918423","0.0-1291.0-0.0","<div class='justified'>No soy muy bueno resolviendo problemas que requieren un análisis lógico minucioso.</div></br>","3","4"
"","577.9000000003725","REI40_31","REI40","html-slider-response","1264","919005","0.0-1292.0-0.0","<div class='justified'>Creo que hay veces en que uno debería confiar en su intuición.</div></br>","3","1"
"","587.0999999996275","REI40_32","REI40","html-slider-response","1265","919598","0.0-1293.0-0.0","<div class='justified'>Disfruto pensando en términos abstractos.</div></br>","3","3"
"","606.5","REI40_33","REI40","html-slider-response","1266","920208","0.0-1294.0-0.0","<div class='justified'>Generalmente mis intuiciones me sirven para resolver mis problemas.</div></br>","3","4"
"","623.4000000003725","REI40_34","REI40","html-slider-response","1267","920837","0.0-1295.0-0.0","<div class='justified'>No razono bajo presión.</div></br>","3","5"
"","583.9000000003725","REI40_35","REI40","html-slider-response","1268","921424","0.0-1296.0-0.0","<div class='justified'>Tiendo a usar mi corazón como guía para mis acciones.</div></br>","3","3"
"","723.5999999996275","REI40_36","REI40","html-slider-response","1269","922153","0.0-1297.0-0.0","<div class='justified'>Pensar mucho y por un tiempo prolongado sobre algo me da poca satisfacción.</div></br>","3","1"
"","598.6999999992549","REI40_37","REI40","html-slider-response","1270","922759","0.0-1298.0-0.0","<div class='justified'>Casi nunca me equivoco cuando escucho mis sentimientos más profundos para encontrar una respuesta.</div></br>","3","4"
"","602.5","REI40_38","REI40","html-slider-response","1271","923367","0.0-1299.0-0.0","<div class='justified'>Soy mucho mejor que la mayoría de la gente para resolver las cosas de forma lógica.</div></br>","3","5"
"","594","REI40_39","REI40","html-slider-response","1272","923967","0.0-1300.0-0.0","<div class='justified'>La intuición puede ser una forma útil para resolver problemas.</div></br>","3","5"
"","575.5999999996275","REI40_40","REI40","html-slider-response","1273","924547","0.0-1301.0-0.0","<div class='justified'>Me gustaría mucho aprender nuevas formas de pensar.</div></br>","3","1"
