"view_history","rt","trialid","procedure","trial_type","trial_index","time_elapsed","internal_node_id","stimulus","response","question_order","slider_start"
"[{""page_index"":0,""viewing_time"":510}]","510","Instructions_01","COVIDCONTROL","instructions","135","99619","0.0-152.0-0.0","","","",""
"","1111.7000000011176","COVIDCONTROL_01","COVIDCONTROL","survey-multi-select","136","100738","0.0-153.0-0.0","{""Q0"":""Quién más vive en su casa además de usted actualmente? (puede marcar más de una alternativa)""}","{""Q0"":[""&nbsp;Hijo/a(s)"",""&nbsp;Hermano/a(s)/otro familiar menor de 60 años""]}","[0]",""
"","765","COVIDCONTROL_02","COVIDCONTROL","survey-multi-choice-vertical","137","101508","0.0-154.0-0.0","{""Q0"":""Si tuviera que elegir aquella situación que más lo(a) representa durante la pandemia del COVID-19, ¿cuál sería?""}","{""Q0"":"" Mi trabajo requiere que me traslade a otros sitios (médicos, delivery, transporte público, etc), mientras otros deben quedarse en casa de forma obligaroria/voluntaria.""}","",""
"","758","COVIDCONTROL_03","COVIDCONTROL","survey-multi-choice-vertical","138","102271","0.0-155.0-0.0","{""Q0"":""De forma general, ¿cómo describiría su estado de salud en este último tiempo? Usted diría que es:""}","{""Q0"":"" Ni bueno ni malo""}","",""
"","1552","COVIDCONTROL_04","COVIDCONTROL","survey-multi-select","139","103827","0.0-156.0-0.0","{""Q0"":""A su alrededor, ¿ha habido diagnósticos de COVID-19? (Marque todas las alternativas que se ajusten a su realidad)""}","{""Q0"":[""&nbsp;No"",""&nbsp;En mi país"",""&nbsp;En mi provincia o región"",""&nbsp;En mi ciudad"",""&nbsp;En mi trabajo, o en el colegio o jardín infantil donde asisten los niños que viven en mi casa"",""&nbsp;Dentro de mis conocidos"",""&nbsp;Dentro de mis amigos cercanos"",""&nbsp;Dentro de mi familia"",""&nbsp;En mi hogar"",""&nbsp;Yo tengo/tuve COVID-19""]}","[0]",""
"","728","COVIDCONTROL_05","COVIDCONTROL","survey-multi-choice-vertical","140","104561","0.0-157.0-0.0","{""Q0"":""Qué tan en riesgo cree que se encuentra de: Infectarse con COVID-19""}","{""Q0"":"" Muy bajo riesgo""}","",""
"","737","COVIDCONTROL_06","COVIDCONTROL","survey-multi-choice-vertical","141","105301","0.0-158.0-0.0","{""Q0"":""Qué tan en riesgo cree que se encuentra de: Experimentar una versión severa de la infección COVID-19""}","{""Q0"":"" Ni bajo ni alto riesgo""}","",""
"","724","COVIDCONTROL_07","COVIDCONTROL","survey-multi-choice-vertical","142","106030","0.0-159.0-0.0","{""Q0"":""Qué tan en riesgo cree que se encuentra de: Morir de COVID-19""}","{""Q0"":"" Muy bajo riesgo""}","",""
"","782","COVIDCONTROL_08","COVIDCONTROL","survey-multi-choice-vertical","143","106816","0.0-160.0-0.0","{""Q0"":""Qué tan en riesgo cree que se encuentran su familiares o amigos cercanos de: Infectarse con COVID-19""}","{""Q0"":"" Alto riesgo""}","",""
"","760","COVIDCONTROL_09","COVIDCONTROL","survey-multi-choice-vertical","144","107580","0.0-161.0-0.0","{""Q0"":""Qué tan en riesgo cree que se encuentran su familiares o amigos cercanos de: Experimentar una versión severa de la infección COVID-19""}","{""Q0"":"" Muy bajo riesgo""}","",""
"","729","COVIDCONTROL_10","COVIDCONTROL","survey-multi-choice-vertical","145","108315","0.0-162.0-0.0","{""Q0"":""Qué tan en riesgo cree que se encuentran su familiares o amigos cercanos de: Morir de COVID-19""}","{""Q0"":"" Ni bajo ni alto riesgo""}","",""
"","681","COVIDCONTROL_11","COVIDCONTROL","survey-multi-choice-vertical","146","109000","0.0-163.0-0.0","{""Q0"":""Cuando compara la situación financiera de su hogar antes y después de la pandemia por COVID-19, ¿considera que ahora es mejor, peor o que se ha mantenido igual que antes?""}","{""Q0"":"" Mejor""}","",""
"","744","COVIDCONTROL_12","COVIDCONTROL","survey-multi-choice-vertical","147","109750","0.0-164.0-0.0","{""Q0"":""¿Cuál de las siguientes frases describe mejor su situación laboral durante la pandemia por COVID-19?""}","{""Q0"":"" Perdí mi trabajo de forma permanente, pero obtuve otro""}","",""
"","587.5","COVIDCONTROL_13","COVIDCONTROL","html-slider-response","148","110341","0.0-165.0-0.0","<div class=""justified"">¿En qué medida considera que las consecuencias de la pandemia han afectado su calidad de vida?</div></br>","6","","5"
