"view_history","rt","trialid","procedure","trial_type","trial_index","time_elapsed","internal_node_id","stimulus","response"
"[{""page_index"":0,""viewing_time"":550}]","551","Instructions_01","sProQOL","instructions","1799","1310739","0.0-1875.0-0.0","",""
"","1010","sProQOL_01","sProQOL","survey-multi-choice-vertical","1800","1311764","0.0-1876.0-0.0","{""Q0"":""1. Creo que he sido afectado negativamente por las experiencias traumáticas de aquellos a quienes he ayudado.""}","{""Q0"":"" Rara Vez""}"
"","971","sProQOL_02","sProQOL","survey-multi-choice-vertical","1801","1312751","0.0-1877.0-0.0","{""Q0"":""2. Me siento “atrapado” por mi trabajo.""}","{""Q0"":"" Casi siempre""}"
"","926","sProQOL_03","sProQOL","survey-multi-choice-vertical","1802","1313697","0.0-1878.0-0.0","{""Q0"":""3. Me gusta trabajar ayudando a la gente.""}","{""Q0"":"" Siempre""}"
"","1001","sProQOL_04","sProQOL","survey-multi-choice-vertical","1803","1314718","0.0-1879.0-0.0","{""Q0"":""4. Me siento deprimido como resultado de mi trabajo""}","{""Q0"":"" Casi siempre""}"
"","1072","sProQOL_05","sProQOL","survey-multi-choice-vertical","1804","1315818","0.0-1880.0-0.0","{""Q0"":""5. Mi trabajo me hace sentirme satisfecho.""}","{""Q0"":"" Rara Vez""}"
"","907","sProQOL_06","sProQOL","survey-multi-choice-vertical","1805","1316743","0.0-1881.0-0.0","{""Q0"":""6. Por causa de mi trabajo me siento agotado.""}","{""Q0"":"" Algunas veces""}"
"","1005","sProQOL_07","sProQOL","survey-multi-choice-vertical","1806","1317763","0.0-1882.0-0.0","{""Q0"":""7. Me siento abrumado por la cantidad y tipo de trabajo que tengo que afrontar.""}","{""Q0"":"" Con alguna frecuencia""}"
"","917","sProQOL_08","sProQOL","survey-multi-choice-vertical","1807","1318696","0.0-1883.0-0.0","{""Q0"":""8. Como resultado de mi trabajo, tengo pensamientos molestos, repentinos, indeseados.""}","{""Q0"":"" Siempre""}"
"","998","sProQOL_09","sProQOL","survey-multi-choice-vertical","1808","1319721","0.0-1884.0-0.0","{""Q0"":""9. Estoy feliz por haber elegido hacer este trabajo.""}","{""Q0"":"" Nunca""}"
