"view_history","rt","trialid","procedure","trial_type","trial_index","time_elapsed","internal_node_id","stimulus","slider_start","response"
"[{""page_index"":0,""viewing_time"":474}]","474","Instructions_001","MAIA","instructions","860","645782","0.0-879.0-0.0","","",""
"","627.4000000003725","MAIA_001","MAIA","html-slider-response","861","646413","0.0-880.0-0.0","<div class='justified'>Cuando estoy tenso(a) noto dónde se ubica la tensión en mi cuerpo.</div>","2","1"
"","572.1000000014901","MAIA_002","MAIA","html-slider-response","862","646990","0.0-881.0-0.0","<div class='justified'>Me doy cuenta cuando me siento incómodo(a) en mi cuerpo.</div>","2","1"
"","592.4000000003725","MAIA_003","MAIA","html-slider-response","863","647586","0.0-882.0-0.0","<div class='justified'>Cuando estoy cómodo(a) lo noto en partes específicas de mi cuerpo.</div>","2","1"
"","617.4000000003725","MAIA_004","MAIA","html-slider-response","864","648208","0.0-883.0-0.0","<div class='justified'>Noto cambios en mi respiración, tales como cuando se hace más lenta o más rápida.</div>","2","4"
"","609.4000000003725","MAIA_005","MAIA","html-slider-response","865","648821","0.0-884.0-0.0","<div class='justified'>Noto la tensión física o el malestar solamente cuando se vuelve muy severo.</div>","2","0"
"","620.0999999996275","MAIA_006","MAIA","html-slider-response","866","649446","0.0-885.0-0.0","<div class='justified'>No me doy cuenta de las sensaciones de malestar.</div>","2","4"
"","524.3000000007451","MAIA_007","MAIA","html-slider-response","867","649975","0.0-886.0-0.0","<div class='justified'>Cuando siento dolor o malestar intento ignorarlo y continuar con lo que estaba haciendo.</div>","2","1"
"","590","MAIA_008","MAIA","html-slider-response","868","650569","0.0-887.0-0.0","<div class='justified'>Cuando siento dolor físico me enojo.</div>","2","4"
"","562.5999999996275","MAIA_009","MAIA","html-slider-response","869","651135","0.0-888.0-0.0","<div class='justified'>Si siento algún malestar me empieza a preocupar que algo no ande bien.</div>","2","3"
"","661.5","MAIA_010","MAIA","html-slider-response","870","651800","0.0-889.0-0.0","<div class='justified'>Puedo sentir alguna sensación física desagradable sin preocuparme por ella.</div>","2","5"
"","607.9000000003725","MAIA_011","MAIA","html-slider-response","871","652412","0.0-890.0-0.0","<div class='justified'>Puedo prestar atención a mi respiración sin ser distraído (a) por lo que pasa a mi alrededor.</div>","2","5"
"","565.5","MAIA_012","MAIA","html-slider-response","872","652981","0.0-891.0-0.0","<div class='justified'>Puedo tener conciencia de mis sensaciones corporales internas aun cuando hay muchas cosas sucediendo a mi alrededor.</div>","2","1"
"","559.7000000011176","MAIA_013","MAIA","html-slider-response","873","653544","0.0-892.0-0.0","<div class='justified'>Cuando estoy conversando con alguien puedo prestarle atención a mi postura.</div>","2","0"
"","565.5","MAIA_014","MAIA","html-slider-response","874","654113","0.0-893.0-0.0","<div class='justified'>Puedo volver a concentrarme en mi cuerpo si estoy distraído(a).</div>","2","3"
"","543","MAIA_015","MAIA","html-slider-response","875","654661","0.0-894.0-0.0","<div class='justified'>Puedo redirigir mi atención desde mis pensamientos a mis sensaciones corporales.</div>","2","1"
"","604.3999999985099","MAIA_016","MAIA","html-slider-response","876","655270","0.0-895.0-0.0","<div class='justified'>Puedo prestar atención a todo mi cuerpo incluso cuando una parte de mi siente dolor o malestar.</div>","2","4"
"","546.3999999985099","MAIA_017","MAIA","html-slider-response","877","655821","0.0-896.0-0.0","<div class='justified'>Soy capaz de concentrarme conscientemente en mi cuerpo de manera global.</div>","2","3"
"","557.8999999985099","MAIA_018","MAIA","html-slider-response","878","656382","0.0-897.0-0.0","<div class='justified'>Noto cómo mi cuerpo cambia cuando estoy enojado(a).</div>","2","2"
"","550.1999999992549","MAIA_019","MAIA","html-slider-response","879","656936","0.0-898.0-0.0","<div class='justified'>Cuando algo anda mal en mi vida puedo sentirlo en mi cuerpo.</div>","2","0"
"","523.0999999996275","MAIA_020","MAIA","html-slider-response","880","657462","0.0-899.0-0.0","<div class='justified'>Noto que mi cuerpo se siente diferente después de una experiencia apacible.</div>","2","4"
"","551.5999999996275","MAIA_021","MAIA","html-slider-response","881","658017","0.0-900.0-0.0","<div class='justified'>Noto que puedo respirar libre y fácilmente cuando me siento cómodo(a).</div>","2","1"
"","595.9000000003725","MAIA_022","MAIA","html-slider-response","882","658617","0.0-901.0-0.0","<div class='justified'>Noto cómo mi cuerpo cambia cuando me siento contento(a) / feliz.</div>","2","3"
"","567.5999999996275","MAIA_023","MAIA","html-slider-response","883","659188","0.0-902.0-0.0","<div class='justified'>Cuando me siento sobrepasado(a) puedo encontrar un lugar tranquilo dentro de mi.</div>","2","1"
"","585","MAIA_024","MAIA","html-slider-response","884","659777","0.0-903.0-0.0","<div class='justified'>Cuando dirijo la atención hacia mi cuerpo siento calma.</div>","2","4"
"","559.5","MAIA_025","MAIA","html-slider-response","885","660340","0.0-904.0-0.0","<div class='justified'>Puedo utilizar mi respiración para reducir la tensión.</div>","2","3"
"","594.0999999996275","MAIA_026","MAIA","html-slider-response","886","660940","0.0-905.0-0.0","<div class='justified'>Cuando estoy atrapado(a) en mis pensamientos puedo calmar mi mente concentrándome en mi cuerpo/respiración.</div>","2","1"
"","625.0999999996275","MAIA_027","MAIA","html-slider-response","887","661570","0.0-906.0-0.0","<div class='justified'>Estoy a la escucha de la información que envía mi cuerpo sobre mi estado emocional.</div>","2","2"
"","608.6999999992549","MAIA_028","MAIA","html-slider-response","888","662182","0.0-907.0-0.0","<div class='justified'>Cuando estoy alterado(a), me tomo el tiempo      para explorar cómo se siente mi cuerpo.</div>","2","5"
"","642","MAIA_029","MAIA","html-slider-response","889","662828","0.0-908.0-0.0","<div class='justified'>Escucho a mi cuerpo para saber qué hacer.</div>","2","1"
"","587.1999999992549","MAIA_030","MAIA","html-slider-response","890","663423","0.0-909.0-0.0","<div class='justified'>En mi cuerpo, estoy en casa.</div>","2","3"
"","672.6999999992549","MAIA_031","MAIA","html-slider-response","891","664106","0.0-910.0-0.0","<div class='justified'>Siento que mi cuerpo es un lugar seguro.</div>","2","0"
"","598.7999999988824","MAIA_032","MAIA","html-slider-response","892","664712","0.0-911.0-0.0","<div class='justified'>Confío en mis sensaciones corporales.</div>","2","0"
