"view_history","rt","trialid","procedure","trial_type","trial_index","time_elapsed","internal_node_id","stimulus","response","question_order"
"[{""page_index"":0,""viewing_time"":845}]","845","Instructions_01","SPM2Adultos","instructions","340","425453","0.0-406.0-0.0","","",""
"","1122.1999999999534","SPM2Adultos_001","SPM2Adultos","survey-multi-choice","341","426579","0.0-407.0-0.0","{""Q0"":""La luz del sol o luces brillantes me fastidian.""}","{""Q0"":"" Siempre""}","[0]"
"","1174.6000000000931","SPM2Adultos_002","SPM2Adultos","survey-multi-choice","342","427756","0.0-408.0-0.0","{""Q0"":""Yo tengo problemas para encontrar objetos en un estante.""}","{""Q0"":"" Ocasionalmente""}","[0]"
"","1045.3000000000466","SPM2Adultos_003","SPM2Adultos","survey-multi-choice","343","428805","0.0-409.0-0.0","{""Q0"":""Las luces que parpadean me fastidian.""}","{""Q0"":"" Siempre""}","[0]"
"","1071","SPM2Adultos_004","SPM2Adultos","survey-multi-choice","344","429879","0.0-410.0-0.0","{""Q0"":""Yo tengo problemas para seguir objetos que se mueven con la vista.""}","{""Q0"":"" Frecuentemente""}","[0]"
"","1067.1999999999534","SPM2Adultos_005","SPM2Adultos","survey-multi-choice","345","430949","0.0-411.0-0.0","{""Q0"":""Yo me tropiezo con las cosas o con la gente porque no me doy cuenta de que están a mi paso (en mi camino).""}","{""Q0"":"" Siempre""}","[0]"
"","1057.5","SPM2Adultos_006","SPM2Adultos","survey-multi-choice","346","432010","0.0-412.0-0.0","{""Q0"":""Yo tengo problemas para percibir los letreros de las calles o las señales de tránsito cuando estoy en un lugar nuevo.""}","{""Q0"":"" Nunca""}","[0]"
"","1097.3000000000466","SPM2Adultos_007","SPM2Adultos","survey-multi-choice","347","433111","0.0-413.0-0.0","{""Q0"":""Yo tengo dificultad para juzgar (medir) la velocidad de autos que se acercan.""}","{""Q0"":"" Siempre""}","[0]"
"","1016.3999999999069","SPM2Adultos_008","SPM2Adultos","survey-multi-choice","348","434131","0.0-414.0-0.0","{""Q0"":""Yo tengo dificultad para encontrar lo que busco en un mapa o en la guía de un centro comercial.""}","{""Q0"":"" Frecuentemente""}","[0]"
"","1026","SPM2Adultos_009","SPM2Adultos","survey-multi-choice","349","435161","0.0-415.0-0.0","{""Q0"":""Yo me distraigo por objetos que se mueven y que puedo ver con el rabillo del ojo.""}","{""Q0"":"" Ocasionalmente""}","[0]"
"","1128.4000000001397","SPM2Adultos_010","SPM2Adultos","survey-multi-choice","350","436293","0.0-416.0-0.0","{""Q0"":""Yo pierdo mi lugar cuando muevo la vista de un sitio a otro, por ejemplo leyendo de una línea de texto a la siguiente.""}","{""Q0"":"" Nunca""}","[0]"
"","1076.5","SPM2Adultos_011","SPM2Adultos","survey-multi-choice","351","437373","0.0-417.0-0.0","{""Q0"":""Me fastidian los sonidos fuertes como el de una aspiradora.""}","{""Q0"":"" Ocasionalmente""}","[0]"
"","1086.7000000001863","SPM2Adultos_012","SPM2Adultos","survey-multi-choice","352","438463","0.0-418.0-0.0","{""Q0"":""Yo necesito estar en un sitio muy silencioso para poder trabajar o dormir.""}","{""Q0"":"" Ocasionalmente""}","[0]"
"","1108.5999999998603","SPM2Adultos_013","SPM2Adultos","survey-multi-choice","353","439575","0.0-419.0-0.0","{""Q0"":""Yo me distraigo fácilmente con ruidos sutiles en el ambiente como el ruido del aire acondicionado o del refrigerador.""}","{""Q0"":"" Ocasionalmente""}","[0]"
"","1095.9000000001397","SPM2Adultos_014","SPM2Adultos","survey-multi-choice","354","440674","0.0-420.0-0.0","{""Q0"":""Los sonidos fuertes o inesperados me hacen sobresaltar fácilmente.""}","{""Q0"":"" Siempre""}","[0]"
"","1073.1000000000931","SPM2Adultos_015","SPM2Adultos","survey-multi-choice","355","441750","0.0-421.0-0.0","{""Q0"":""Yo noto sonidos que los demás no notan.""}","{""Q0"":"" Nunca""}","[0]"
"","1213.6000000000931","SPM2Adultos_016","SPM2Adultos","survey-multi-choice","356","442967","0.0-422.0-0.0","{""Q0"":""Yo tengo dificultad para determinar de dónde provienen los sonidos o las voces.""}","{""Q0"":"" Siempre""}","[0]"
"","1098.5999999998603","SPM2Adultos_017","SPM2Adultos","survey-multi-choice","357","444068","0.0-423.0-0.0","{""Q0"":""Los sonidos agudos, como de silbatos o aparatos para hacer bulla en las fiestas, me molestan.""}","{""Q0"":"" Frecuentemente""}","[0]"
"","1077.6000000000931","SPM2Adultos_018","SPM2Adultos","survey-multi-choice","358","445149","0.0-424.0-0.0","{""Q0"":""Yo evito los lugares donde hay música o ruido fuerte.""}","{""Q0"":"" Siempre""}","[0]"
"","1038.5","SPM2Adultos_019","SPM2Adultos","survey-multi-choice","359","446190","0.0-425.0-0.0","{""Q0"":""Yo tengo dificultad para enfocarme en una película cuando hay ruidos cerca como el de gente abriendo envases de comida.""}","{""Q0"":"" Nunca""}","[0]"
"","1243","SPM2Adultos_020","SPM2Adultos","survey-multi-choice","360","447436","0.0-426.0-0.0","{""Q0"":""Yo tengo dificultad para oír a la gente cuando me están hablando en un sitio bullicioso como un restaurante.""}","{""Q0"":"" Nunca""}","[0]"
"","1262.8999999999069","SPM2Adultos_021","SPM2Adultos","survey-multi-choice","361","448703","0.0-427.0-0.0","{""Q0"":""Yo tengo dificultad para encontrar cosas en un bolsillo, una bolsa, o una mochila sin mirar.""}","{""Q0"":"" Frecuentemente""}","[0]"
"","1163.1999999999534","SPM2Adultos_022","SPM2Adultos","survey-multi-choice","362","449870","0.0-428.0-0.0","{""Q0"":""No me gusta que la gente me toque o que esté demasiado cerca de mí""}","{""Q0"":"" Frecuentemente""}","[0]"
"","1054.5","SPM2Adultos_023","SPM2Adultos","survey-multi-choice","363","450927","0.0-429.0-0.0","{""Q0"":""La sensación de ciertas ropas me disgusta.""}","{""Q0"":"" Nunca""}","[0]"
"","1088.3999999999069","SPM2Adultos_024","SPM2Adultos","survey-multi-choice","364","452018","0.0-430.0-0.0","{""Q0"":""Me disgusta tener cosas pegajosas o sucias en mis manos.""}","{""Q0"":"" Siempre""}","[0]"
"","1492","SPM2Adultos_025","SPM2Adultos","survey-multi-choice","365","453513","0.0-431.0-0.0","{""Q0"":""Otros tienen que decirme cuando necesito limpiarme algo de la cara porque yo no me doy cuenta de eso.""}","{""Q0"":"" Frecuentemente""}","[0]"
"","1012.6000000000931","SPM2Adultos_026","SPM2Adultos","survey-multi-choice","366","454529","0.0-432.0-0.0","{""Q0"":""La comida tiene que estar exactamente a la temperatura correcta para que yo me la coma.""}","{""Q0"":"" Frecuentemente""}","[0]"
"","1009","SPM2Adultos_027","SPM2Adultos","survey-multi-choice","367","455541","0.0-433.0-0.0","{""Q0"":""Yo evito ciertas comidas debido a sus texturas.""}","{""Q0"":"" Nunca""}","[0]"
"","1135.5","SPM2Adultos_028","SPM2Adultos","survey-multi-choice","368","456680","0.0-434.0-0.0","{""Q0"":""Se me caen las cosas porque no las siento deslizarse entre mis dedos.""}","{""Q0"":"" Ocasionalmente""}","[0]"
"","1024.3999999999069","SPM2Adultos_029","SPM2Adultos","survey-multi-choice","369","457708","0.0-435.0-0.0","{""Q0"":""Yo tengo problemas con cierres que no puedo ver (como para abotonar mi cuello sin un espejo).""}","{""Q0"":"" Nunca""}","[0]"
"","1140.6999999999534","SPM2Adultos_030","SPM2Adultos","survey-multi-choice","370","458852","0.0-436.0-0.0","{""Q0"":""Me es difícil sentir cuando la ropa se me ha enrollado en el cuerpo.""}","{""Q0"":"" Frecuentemente""}","[0]"
"","1146.8999999999069","SPM2Adultos_031","SPM2Adultos","survey-multi-choice","371","460002","0.0-437.0-0.0","{""Q0"":""Yo evito probar comidas nuevas.""}","{""Q0"":"" Frecuentemente""}","[0]"
"","1009.6999999999534","SPM2Adultos_032","SPM2Adultos","survey-multi-choice","372","461016","0.0-438.0-0.0","{""Q0"":""Yo noto fragancias u olores que otros no notan.""}","{""Q0"":"" Siempre""}","[0]"
"","1019.3000000000466","SPM2Adultos_033","SPM2Adultos","survey-multi-choice","373","462041","0.0-439.0-0.0","{""Q0"":""No me gusta comer en restaurantes debido a los diferentes olores y sabores.""}","{""Q0"":"" Frecuentemente""}","[0]"
"","1114.8999999999069","SPM2Adultos_034","SPM2Adultos","survey-multi-choice","374","463160","0.0-440.0-0.0","{""Q0"":""Me fastidian olores que a los demás no les molestan.""}","{""Q0"":"" Ocasionalmente""}","[0]"
"","1050.3000000000466","SPM2Adultos_035","SPM2Adultos","survey-multi-choice","375","464213","0.0-441.0-0.0","{""Q0"":""Yo evito estar con grupos de gente en sitios encerrados, como en los ascensores o en habitaciones atestadas (saturadas), debido al olor.""}","{""Q0"":"" Frecuentemente""}","[0]"
"","1133.1999999999534","SPM2Adultos_036","SPM2Adultos","survey-multi-choice","376","465349","0.0-442.0-0.0","{""Q0"":""Cuando me encuentro con algo nuevo, me gusta olerlo""}","{""Q0"":"" Frecuentemente""}","[0]"
"","1215.6000000000931","SPM2Adultos_037","SPM2Adultos","survey-multi-choice","377","466571","0.0-443.0-0.0","{""Q0"":""Los sabores de ciertas comidas me disgustan.""}","{""Q0"":"" Frecuentemente""}","[0]"
"","1202.1999999999534","SPM2Adultos_038","SPM2Adultos","survey-multi-choice","378","467778","0.0-444.0-0.0","{""Q0"":""Yo detecto sabores amargos o ácidos aunque sean muy leves.""}","{""Q0"":"" Ocasionalmente""}","[0]"
"","1111.5","SPM2Adultos_039","SPM2Adultos","survey-multi-choice","379","468892","0.0-445.0-0.0","{""Q0"":""Me gusta olfatear u oler a la gente.""}","{""Q0"":"" Frecuentemente""}","[0]"
"","1119.6999999999534","SPM2Adultos_040","SPM2Adultos","survey-multi-choice","380","470016","0.0-446.0-0.0","{""Q0"":""Yo insisto en comer la misma marca de un cierto alimento debido al sabor.""}","{""Q0"":"" Frecuentemente""}","[0]"
"","1045.2999999998137","SPM2Adultos_041","SPM2Adultos","survey-multi-choice","381","471064","0.0-447.0-0.0","{""Q0"":""Yo tiro la pelota con demasiada o con muy poca fuerza para embocarla.""}","{""Q0"":"" Nunca""}","[0]"
"","1035.8000000000466","SPM2Adultos_042","SPM2Adultos","survey-multi-choice","382","472104","0.0-448.0-0.0","{""Q0"":""Yo tiendo a derramar o botar las cosas que llevo en una azafate (bandeja).""}","{""Q0"":"" Ocasionalmente""}","[0]"
"","1046.5","SPM2Adultos_043","SPM2Adultos","survey-multi-choice","383","473154","0.0-449.0-0.0","{""Q0"":""Yo manejo los recipientes tan bruscamente o tan fuerte que se abollan, se rompen, o derraman.""}","{""Q0"":"" Siempre""}","[0]"
"","1096.8999999999069","SPM2Adultos_044","SPM2Adultos","survey-multi-choice","384","474254","0.0-450.0-0.0","{""Q0"":""Yo agarro las cosas de un modo tan suelto que se me caen de la mano.""}","{""Q0"":"" Nunca""}","[0]"
"","1060.3000000000466","SPM2Adultos_045","SPM2Adultos","survey-multi-choice","385","475320","0.0-451.0-0.0","{""Q0"":""Yo rompo las cosas al presionarlas, jalarlas, o empujarlas demasiado fuerte.""}","{""Q0"":"" Frecuentemente""}","[0]"
"","1035.1999999999534","SPM2Adultos_046","SPM2Adultos","survey-multi-choice","386","476358","0.0-452.0-0.0","{""Q0"":""Yo vuelco (derramo) las cosas por accidente.""}","{""Q0"":"" Frecuentemente""}","[0]"
"","1078","SPM2Adultos_047","SPM2Adultos","survey-multi-choice","387","477440","0.0-453.0-0.0","{""Q0"":""Yo tiendo a usar demasiada presión para la tarea que estoy haciendo, por ejemplo rompo las puntas de los lápices al escribir.""}","{""Q0"":"" Nunca""}","[0]"
"","969.8999999999069","SPM2Adultos_048","SPM2Adultos","survey-multi-choice","388","478414","0.0-454.0-0.0","{""Q0"":""Me gusta chocar mi cuerpo contra cosas.""}","{""Q0"":"" Siempre""}","[0]"
"","991.1000000000931","SPM2Adultos_049","SPM2Adultos","survey-multi-choice","389","479407","0.0-455.0-0.0","{""Q0"":""Los demás se quejan de que yo empujo, pateo, abrazo, o pego demasiado fuerte.""}","{""Q0"":"" Nunca""}","[0]"
"","949.5999999998603","SPM2Adultos_050","SPM2Adultos","survey-multi-choice","390","480361","0.0-456.0-0.0","{""Q0"":""Yo tiro las puertas al cerrarlas (portazos) o las empujo al abrirlas con demasiada fuerza.""}","{""Q0"":"" Nunca""}","[0]"
"","949.4000000001397","SPM2Adultos_051","SPM2Adultos","survey-multi-choice","391","481313","0.0-457.0-0.0","{""Q0"":""No me gustan las actividades que me hagan echar la cabeza hacia atrás como para mirar algo que esté encima o para enjuagar mi cabello.""}","{""Q0"":"" Nunca""}","[0]"
"","1047.8000000000466","SPM2Adultos_052","SPM2Adultos","survey-multi-choice","392","482364","0.0-458.0-0.0","{""Q0"":""No me gusta subir en ascensores o en escaleras mecánicas porque el movimiento me pone incómodo/a.""}","{""Q0"":"" Siempre""}","[0]"
"","986.1000000000931","SPM2Adultos_053","SPM2Adultos","survey-multi-choice","393","483353","0.0-459.0-0.0","{""Q0"":""Yo evito caminar sobre superficies desiguales que requieren equilibrio como la tierra o el pasto.""}","{""Q0"":"" Siempre""}","[0]"
"","973.7000000001863","SPM2Adultos_054","SPM2Adultos","survey-multi-choice","394","484329","0.0-460.0-0.0","{""Q0"":""Yo me tropiezo o pierdo el equilibrio.""}","{""Q0"":"" Nunca""}","[0]"
"","1056.3000000000466","SPM2Adultos_055","SPM2Adultos","survey-multi-choice","395","485389","0.0-461.0-0.0","{""Q0"":""Yo me siento incomódo/a en escaleras (subir y bajar).""}","{""Q0"":"" Ocasionalmente""}","[0]"
"","1000.4000000001397","SPM2Adultos_056","SPM2Adultos","survey-multi-choice","396","486391","0.0-462.0-0.0","{""Q0"":""Cuando me siento en el suelo tengo que apoyarme en algo.""}","{""Q0"":"" Siempre""}","[0]"
"","995","SPM2Adultos_057","SPM2Adultos","survey-multi-choice","397","487389","0.0-463.0-0.0","{""Q0"":""Yo me mareo cuando giro mi cabeza de un lado a otro como al mirar en ambos sentidos antes de cruzar una calle.""}","{""Q0"":"" Siempre""}","[0]"
"","1051.8999999999069","SPM2Adultos_058","SPM2Adultos","survey-multi-choice","398","488443","0.0-464.0-0.0","{""Q0"":""Yo me pongo incómodo/a cuando tengo que sentarme en un asiento sin respaldo.""}","{""Q0"":"" Frecuentemente""}","[0]"
"","996.8000000000466","SPM2Adultos_059","SPM2Adultos","survey-multi-choice","399","489442","0.0-465.0-0.0","{""Q0"":""Yo me mezo o me doy vueltas en la silla cuando estoy sentada/o en un escritorio o una mesa.""}","{""Q0"":"" Ocasionalmente""}","[0]"
"","991.8000000000466","SPM2Adultos_060","SPM2Adultos","survey-multi-choice","400","490437","0.0-466.0-0.0","{""Q0"":""Yo me desplomo (me echo) o sujeto mi cabeza con las manos cuando estoy sentada/o en un escritorio.""}","{""Q0"":"" Ocasionalmente""}","[0]"
"","1034.1000000000931","SPM2Adultos_061","SPM2Adultos","survey-multi-choice","401","491474","0.0-467.0-0.0","{""Q0"":""Yo necesito más práctica que los demás para adquirir una habilidad nueva.""}","{""Q0"":"" Siempre""}","[0]"
"","1035.8000000000466","SPM2Adultos_062","SPM2Adultos","survey-multi-choice","402","492513","0.0-468.0-0.0","{""Q0"":""Yo tengo dificultad para planificar cómo cargar con varias cosas al mismo tiempo.""}","{""Q0"":"" Nunca""}","[0]"
"","978.5","SPM2Adultos_063","SPM2Adultos","survey-multi-choice","403","493494","0.0-469.0-0.0","{""Q0"":""Me es difícil mantener las cosas organizadas.""}","{""Q0"":"" Frecuentemente""}","[0]"
"","999","SPM2Adultos_064","SPM2Adultos","survey-multi-choice","404","494497","0.0-470.0-0.0","{""Q0"":""Yo necesito decir los pasos de una tarea dentro de mi mismo mientras la estoy haciendo.""}","{""Q0"":"" Siempre""}","[0]"
"","1188.3000000000466","SPM2Adultos_065","SPM2Adultos","survey-multi-choice","405","495688","0.0-471.0-0.0","{""Q0"":""Yo tengo dificultad para completar las tareas que requieren muchos pasos que tienen que ser hechos en el orden correcto.""}","{""Q0"":"" Frecuentemente""}","[0]"
"","1123.5999999998603","SPM2Adultos_066","SPM2Adultos","survey-multi-choice","406","496814","0.0-472.0-0.0","{""Q0"":""Yo tengo dificultad para seguir los pasos de una tarea nueva, como los de una receta o de un manual de reparaciones.""}","{""Q0"":"" Frecuentemente""}","[0]"
"","981.4000000001397","SPM2Adultos_067","SPM2Adultos","survey-multi-choice","407","497797","0.0-473.0-0.0","{""Q0"":""Yo tengo problemas para generar ideas para nuevas actividades.""}","{""Q0"":"" Frecuentemente""}","[0]"
"","1012.5","SPM2Adultos_068","SPM2Adultos","survey-multi-choice","408","498813","0.0-474.0-0.0","{""Q0"":""Yo tengo problemas siguiendo un diagrama para construir algo por ejemplo para armar muebles.""}","{""Q0"":"" Siempre""}","[0]"
"","1058.6999999999534","SPM2Adultos_069","SPM2Adultos","survey-multi-choice","409","499875","0.0-475.0-0.0","{""Q0"":""Yo tengo dificultad usando mi imaginación para crear nuevos juegos o actividades cuando juego con niños.""}","{""Q0"":"" Ocasionalmente""}","[0]"
"","1028.8000000000466","SPM2Adultos_070","SPM2Adultos","survey-multi-choice","410","500907","0.0-476.0-0.0","{""Q0"":""Yo tengo dificultad para generar ideas durante juegos como charadas (pasatiempos).""}","{""Q0"":"" Siempre""}","[0]"
"","1016.5","SPM2Adultos_071","SPM2Adultos","survey-multi-choice","411","501928","0.0-477.0-0.0","{""Q0"":""Yo me llevo bien con los demás.""}","{""Q0"":"" Ocasionalmente""}","[0]"
"","1438.6999999999534","SPM2Adultos_072","SPM2Adultos","survey-multi-choice","412","503372","0.0-478.0-0.0","{""Q0"":""Yo disfruto estando con mis amigos.""}","{""Q0"":"" Frecuentemente""}","[0]"
"","1037.8999999999069","SPM2Adultos_073","SPM2Adultos","survey-multi-choice","413","504412","0.0-479.0-0.0","{""Q0"":""Yo evito actividades sociales con gente que no conozco.""}","{""Q0"":"" Frecuentemente""}","[0]"
"","1194.3999999999069","SPM2Adultos_074","SPM2Adultos","survey-multi-choice","414","505609","0.0-480.0-0.0","{""Q0"":""Yo disfruto participando en reuniones familiares.""}","{""Q0"":"" Ocasionalmente""}","[0]"
"","1439","SPM2Adultos_075","SPM2Adultos","survey-multi-choice","415","507051","0.0-481.0-0.0","{""Q0"":""Yo me uno a actividades con otros sin perturbar la actividad que está en progreso.""}","{""Q0"":"" Nunca""}","[0]"
"","1050.1999999999534","SPM2Adultos_076","SPM2Adultos","survey-multi-choice","416","508105","0.0-482.0-0.0","{""Q0"":""Me es difícil hacer contacto visual con la gente cuando les hablo.""}","{""Q0"":"" Nunca""}","[0]"
"","1106.0999999998603","SPM2Adultos_077","SPM2Adultos","survey-multi-choice","417","509214","0.0-483.0-0.0","{""Q0"":""Yo me quedo (atascado) pegado en un sólo tema cuando hablo con otros.""}","{""Q0"":"" Nunca""}","[0]"
"","1287","SPM2Adultos_078","SPM2Adultos","survey-multi-choice","418","510505","0.0-484.0-0.0","{""Q0"":""Los demás me dicen que parezco estar ignorando a la gente, cuando en realidad yo ni siquiera me había dado cuenta de que estaban ahí""}","{""Q0"":"" Ocasionalmente""}","[0]"
"","1181.1999999999534","SPM2Adultos_079","SPM2Adultos","survey-multi-choice","419","511691","0.0-485.0-0.0","{""Q0"":""La gente me dice que yo hablo con voz demasiado suave o demasiado alta.""}","{""Q0"":"" Frecuentemente""}","[0]"
"","1075.8000000000466","SPM2Adultos_080","SPM2Adultos","survey-multi-choice","420","512773","0.0-486.0-0.0","{""Q0"":""Me gusta trabajar como parte de un equipo.""}","{""Q0"":"" Siempre""}","[0]"
