"view_history","rt","trialid","procedure","trial_type","trial_index","time_elapsed","internal_node_id","stimulus","response","question_order"
"[{""page_index"":0,""viewing_time"":729}]","730","Instructions_001","CSI","instructions","395","456287","0.0-471.0-0.0","","",""
"","1221.3000000000466","CSI_001","CSI","survey-multi-choice","396","457512","0.0-472.0-0.0","{""Q0"":""¿Usted ha sentido estrés y tensión frecuentemente?""}","{""Q0"":"" Hace más de un año""}","[0]"
"","1159.1000000000931","CSI_002","CSI","survey-multi-choice","397","458674","0.0-473.0-0.0","{""Q0"":""¿Usted ha sentido angustia y/o ansiedad frecuentemente?""}","{""Q0"":"" Al menos durante todo el último año""}","[0]"
"","1162.1000000000931","CSI_003","CSI","survey-multi-choice","398","459839","0.0-474.0-0.0","{""Q0"":""¿Usted ha sentido agobio y/o desánimo frecuentemente?""}","{""Q0"":"" Hace más de un año""}","[0]"
"","1166.1000000000931","CSI_004","CSI","survey-multi-choice","399","461009","0.0-475.0-0.0","{""Q0"":""¿Usted ha experimentado problemas de sueño frecuentemente?""}","{""Q0"":"" No aplica""}","[0]"
"","1168","CSI_005","CSI","survey-multi-choice","400","462179","0.0-476.0-0.0","{""Q0"":""¿Usted ha experimentado problemas de concentración y memoria frecuentemente?""}","{""Q0"":"" No aplica""}","[0]"
"","1277.0999999998603","CSI_006","CSI","survey-multi-choice","401","463460","0.0-477.0-0.0","{""Q0"":""¿Usted ha sentido irritabilidad frecuentemente?""}","{""Q0"":"" Al menos durante todo el último año""}","[0]"
"","1186.5","CSI_007","CSI","survey-multi-choice","402","464649","0.0-478.0-0.0","{""Q0"":""¿Usted ha experimentado fatiga persistente?""}","{""Q0"":"" Hace más de un año""}","[0]"
