"view_history","rt","trialid","procedure","trial_type","trial_index","time_elapsed","internal_node_id","stimulus","response","question_order"
"[{""page_index"":0,""viewing_time"":686}]","686","ERSQ_000","ERSQ","instructions","483","552133","0.0-588.0-0.0","","",""
"","1246.8000000000466","ERSQ_001","ERSQ","survey-multi-choice","484","553384","0.0-589.0-0.0","{""Q0"":""Fui capaz de poner atención de manera consciente a mis sentimientos.""}","{""Q0"":"" Frecuentemente""}","[0]"
"","1055.6999999999534","ERSQ_002","ERSQ","survey-multi-choice","485","554444","0.0-590.0-0.0","{""Q0"":""Pude generar conscientemente sentimientos positivos.""}","{""Q0"":"" Casi siempre""}","[0]"
"","1098.8000000000466","ERSQ_003","ERSQ","survey-multi-choice","486","555546","0.0-591.0-0.0","{""Q0"":""Entendí mis reacciones emocionales.""}","{""Q0"":"" Pocas veces""}","[0]"
"","1076.6000000000931","ERSQ_004","ERSQ","survey-multi-choice","487","556626","0.0-592.0-0.0","{""Q0"":""Pude superar mis sentimientos negativos.""}","{""Q0"":"" Pocas veces""}","[0]"
"","1072.1999999999534","ERSQ_005","ERSQ","survey-multi-choice","488","557702","0.0-593.0-0.0","{""Q0"":""Fui capaz de aceptar mis sentimientos negativos""}","{""Q0"":"" Pocas veces""}","[0]"
"","1071.2000000001863","ERSQ_006","ERSQ","survey-multi-choice","489","558776","0.0-594.0-0.0","{""Q0"":""Pude darles un nombre a mis sentimientos.""}","{""Q0"":"" No del todo""}","[0]"
"","1100.6999999999534","ERSQ_007","ERSQ","survey-multi-choice","490","559881","0.0-595.0-0.0","{""Q0"":""Tuve una clara percepción de los efectos físicos que tienen mis sentimientos.""}","{""Q0"":"" Pocas veces""}","[0]"
"","1095.8000000000466","ERSQ_008","ERSQ","survey-multi-choice","491","560979","0.0-596.0-0.0","{""Q0"":""Hice lo que yo quería hacer incluso si tenía que enfrentar sentimientos negativos como consecuencia de ello.""}","{""Q0"":"" Casi siempre""}","[0]"
"","1093.4000000001397","ERSQ_009","ERSQ","survey-multi-choice","492","562076","0.0-597.0-0.0","{""Q0"":""Traté de tranquilizarme a mí mismo durante situaciones de angustia.""}","{""Q0"":"" No del todo""}","[0]"
"","1071.9000000001397","ERSQ_010","ERSQ","survey-multi-choice","493","563150","0.0-598.0-0.0","{""Q0"":""Fui capaz de influir en mis sentimientos negativos.""}","{""Q0"":"" No del todo""}","[0]"
"","1071.5","ERSQ_011","ERSQ","survey-multi-choice","494","564224","0.0-599.0-0.0","{""Q0"":""Supe lo que mis sentimientos significaban para mí.""}","{""Q0"":"" Pocas veces""}","[0]"
"","1056.5","ERSQ_012","ERSQ","survey-multi-choice","495","565284","0.0-600.0-0.0","{""Q0"":""Pude enfocarme en mis emociones negativas cuando era necesario.""}","{""Q0"":"" Algunas veces""}","[0]"
"","1112.2999999998137","ERSQ_013","ERSQ","survey-multi-choice","496","566399","0.0-601.0-0.0","{""Q0"":""Supe identificar las emociones que estaba sintiendo en ese momento.""}","{""Q0"":"" Casi siempre""}","[0]"
"","1102.5","ERSQ_014","ERSQ","survey-multi-choice","497","567506","0.0-602.0-0.0","{""Q0"":""Me di cuenta conscientemente cuando mi cuerpo reaccionó de una forma específica ante situaciones emocionales.""}","{""Q0"":"" No del todo""}","[0]"
"","1097.2000000001863","ERSQ_015","ERSQ","survey-multi-choice","498","568607","0.0-603.0-0.0","{""Q0"":""Traté de animarme durante situaciones de angustia emocional.""}","{""Q0"":"" Casi siempre""}","[0]"
"","1085.8999999999069","ERSQ_016","ERSQ","survey-multi-choice","499","569697","0.0-604.0-0.0","{""Q0"":""Hice lo que yo quería hacer a pesar de mis sentimientos negativos.""}","{""Q0"":"" Pocas veces""}","[0]"
"","1084.9000000001397","ERSQ_017","ERSQ","survey-multi-choice","500","570785","0.0-605.0-0.0","{""Q0"":""Estuve bien con mis sentimientos incluso cuando eran negativos.""}","{""Q0"":"" Pocas veces""}","[0]"
"","1053.6999999999534","ERSQ_018","ERSQ","survey-multi-choice","501","571842","0.0-606.0-0.0","{""Q0"":""Estaba seguro de que podría tolerar incluso sentimientos intensamente negativos.""}","{""Q0"":"" Pocas veces""}","[0]"
"","1068.1999999999534","ERSQ_019","ERSQ","survey-multi-choice","502","572914","0.0-607.0-0.0","{""Q0"":""Fui capaz de experimentar conscientemente mis sentimientos.""}","{""Q0"":"" Frecuentemente""}","[0]"
"","1070.8000000000466","ERSQ_020","ERSQ","survey-multi-choice","503","573989","0.0-608.0-0.0","{""Q0"":""Fui consciente del por qué me sentía de la manera en que me sentía.""}","{""Q0"":"" Algunas veces""}","[0]"
"","1266.5","ERSQ_021","ERSQ","survey-multi-choice","504","575260","0.0-609.0-0.0","{""Q0"":""Supe que era capaz de influir en mis sentimientos.""}","{""Q0"":"" Frecuentemente""}","[0]"
"","1226.3999999999069","ERSQ_022","ERSQ","survey-multi-choice","505","576491","0.0-610.0-0.0","{""Q0"":""Perseguí metas que eran importantes para mí, incluso al pensar que al hacerlo desencadenaría o intensificaría sentimientos negativos.""}","{""Q0"":"" Casi siempre""}","[0]"
"","1054.6000000000931","ERSQ_023","ERSQ","survey-multi-choice","506","577549","0.0-611.0-0.0","{""Q0"":""Fui capaz de experimentar mis sentimientos negativos sin tratar inmediatamente de luchar contra ellos.""}","{""Q0"":"" Frecuentemente""}","[0]"
"","1105.5","ERSQ_024","ERSQ","survey-multi-choice","507","578658","0.0-612.0-0.0","{""Q0"":""Mis sensaciones físicas fueron un buen indicador de cómo me estaba sintiendo.""}","{""Q0"":"" Casi siempre""}","[0]"
"","1091.3000000000466","ERSQ_025","ERSQ","survey-multi-choice","508","579752","0.0-613.0-0.0","{""Q0"":""Tuve la suficiente claridad con respecto a las emociones que estaba experimentando.""}","{""Q0"":"" No del todo""}","[0]"
"","1059.3999999999069","ERSQ_026","ERSQ","survey-multi-choice","509","580814","0.0-614.0-0.0","{""Q0"":""Pude tolerar mis sentimientos negativos.""}","{""Q0"":"" Casi siempre""}","[0]"
"","1055.4000000001397","ERSQ_027","ERSQ","survey-multi-choice","510","581873","0.0-615.0-0.0","{""Q0"":""Me ayudé a mí mismo durante situaciones de angustia emocional.""}","{""Q0"":"" Frecuentemente""}","[0]"
