"view_history","rt","trialid","procedure","trial_type","trial_index","time_elapsed","internal_node_id","stimulus","response","question_order"
"[{""page_index"":0,""viewing_time"":700}]","700","Instructions_001","CTS2","instructions","29","30940","0.0-31.0-0.0","","",""
"","1736.7999999999302","CTS2_001","CTS2","survey-multi-choice","30","32681","0.0-32.0-0.0","{""Q0"":""Esa pareja me demostraba que le importaba aunque estuviéramos en desacuerdo.""}","{""Q0"":"" 11 a 20 veces durante la relación""}","[0]"
"","1602.6999999999534","CTS2_002","CTS2","survey-multi-choice","31","34287","0.0-33.0-0.0","{""Q0"":""Esa pareja me explicaba sus puntos de desacuerdo.""}","{""Q0"":"" Una vez durante la relación""}","[0]"
"","1617.1000000000931","CTS2_003","CTS2","survey-multi-choice","32","35906","0.0-34.0-0.0","{""Q0"":""Esa pareja me insultaba.""}","{""Q0"":"" Dos veces durante la relación""}","[0]"
"","1444.4000000000233","CTS2_004","CTS2","survey-multi-choice","33","37353","0.0-35.0-0.0","{""Q0"":""Esa pareja me lanzaba cosas para hacerme daño.""}","{""Q0"":"" Una vez durante la relación""}","[0]"
"","1435.7999999999302","CTS2_005","CTS2","survey-multi-choice","34","38792","0.0-36.0-0.0","{""Q0"":""Esa pareja me torció el brazo o tiró del pelo.""}","{""Q0"":"" Más de 20 veces durante la relación""}","[0]"
"","1516.0999999999767","CTS2_006","CTS2","survey-multi-choice","35","40310","0.0-37.0-0.0","{""Q0"":""Tuve un esguince, hematoma, o pequeño corte a causa de una pelea con esa pareja.""}","{""Q0"":"" No en esta relación, pero si ha ocurrido en otra""}","[0]"
"","1478.2999999999302","CTS2_007","CTS2","survey-multi-choice","36","41792","0.0-38.0-0.0","{""Q0"":""Esa pareja mostró respeto por mis sentimientos acerca de un problema.""}","{""Q0"":"" 6 a 10 veces durante la relación""}","[0]"
"","1625.8000000000466","CTS2_008","CTS2","survey-multi-choice","37","43421","0.0-39.0-0.0","{""Q0"":""Esa pareja me hizo tener sexo sin condón.""}","{""Q0"":"" No en esta relación, pero si ha ocurrido en otra""}","[0]"
"","1515.4000000000233","CTS2_009","CTS2","survey-multi-choice","38","44939","0.0-40.0-0.0","{""Q0"":""Esa pareja me apartó o empujó.""}","{""Q0"":"" 11 a 20 veces durante la relación""}","[0]"
"","1490.7000000000698","CTS2_010","CTS2","survey-multi-choice","39","46432","0.0-41.0-0.0","{""Q0"":""Esa pareja me forzó (o golpeó, sujetó o usó un arma) para obligarme a tener sexo oral o anal.""}","{""Q0"":"" 3 a 5 veces durante la relación""}","[0]"
"","1427.6999999999534","CTS2_011","CTS2","survey-multi-choice","40","47862","0.0-42.0-0.0","{""Q0"":""Esa pareja usó un cuchillo o un arma para hacerme daño.""}","{""Q0"":"" Más de 20 veces durante la relación""}","[0]"
"","1650.4000000000233","CTS2_012","CTS2","survey-multi-choice","41","49515","0.0-43.0-0.0","{""Q0"":""Me desmayé al ser golpeada en la cabeza por esa pareja en una pelea.""}","{""Q0"":"" 6 a 10 veces durante la relación""}","[0]"
"","1499.8000000000466","CTS2_013","CTS2","survey-multi-choice","42","51017","0.0-44.0-0.0","{""Q0"":""Esa pareja me dijo, fea o gorda.""}","{""Q0"":"" 11 a 20 veces durante la relación""}","[0]"
"","1391","CTS2_014","CTS2","survey-multi-choice","43","52410","0.0-45.0-0.0","{""Q0"":""Esa pareja me pegó un puñetazo o con algo que podría haberme hecho daño.""}","{""Q0"":"" 6 a 10 veces durante la relación""}","[0]"
"","1498.7999999999302","CTS2_015","CTS2","survey-multi-choice","44","53911","0.0-46.0-0.0","{""Q0"":""Esa pareja ha destruido algo mío.""}","{""Q0"":"" Una vez durante la relación""}","[0]"
"","1500.3000000000466","CTS2_016","CTS2","survey-multi-choice","45","55414","0.0-47.0-0.0","{""Q0"":""Fui al doctor a causa de una pelea con esa pareja.""}","{""Q0"":"" Esto nunca ha ocurrido""}","[0]"
"","1355.3000000000466","CTS2_017","CTS2","survey-multi-choice","46","56772","0.0-48.0-0.0","{""Q0"":""Esa pareja me estranguló.""}","{""Q0"":"" 11 a 20 veces durante la relación""}","[0]"
"","1440.2999999999302","CTS2_018","CTS2","survey-multi-choice","47","58215","0.0-49.0-0.0","{""Q0"":""Esa pareja me gritaba.""}","{""Q0"":"" Dos veces durante la relación""}","[0]"
"","1447.9000000000233","CTS2_019","CTS2","survey-multi-choice","48","59665","0.0-50.0-0.0","{""Q0"":""Esa pareja me golpeó contra la pared.""}","{""Q0"":"" Esto nunca ha ocurrido""}","[0]"
"","1454.1999999999534","CTS2_020","CTS2","survey-multi-choice","49","61123","0.0-51.0-0.0","{""Q0"":""Esa pareja estaba segura que podríamos resolver un problema.""}","{""Q0"":"" Dos veces durante la relación""}","[0]"
"","1393.1000000000931","CTS2_021","CTS2","survey-multi-choice","50","62518","0.0-52.0-0.0","{""Q0"":""Necesité ver a un doctor a causa de una pelea con esa pareja, pero no lo he hecho.""}","{""Q0"":"" 6 a 10 veces durante la relación""}","[0]"
"","1396.5","CTS2_022","CTS2","survey-multi-choice","51","63917","0.0-53.0-0.0","{""Q0"":""Esa pareja me dio una paliza.""}","{""Q0"":"" 6 a 10 veces durante la relación""}","[0]"
"","1513.3000000000466","CTS2_023","CTS2","survey-multi-choice","52","65433","0.0-54.0-0.0","{""Q0"":""Esa pareja me jaloneó, o agarró con fuerza.""}","{""Q0"":"" 3 a 5 veces durante la relación""}","[0]"
"","1402.3000000000466","CTS2_024","CTS2","survey-multi-choice","53","66838","0.0-55.0-0.0","{""Q0"":""Esa pareja usó la fuerza (como golpear, sujetar, o usar un arma) para hacer que yo tuviera sexo.""}","{""Q0"":"" Una vez durante la relación""}","[0]"
"","1982.5","CTS2_025","CTS2","survey-multi-choice","54","68825","0.0-56.0-0.0","{""Q0"":""Esa pareja ha salido furioso de la habitación o la casa durante una pelea.""}","{""Q0"":"" Una vez durante la relación""}","[0]"
"","1570.1999999999534","CTS2_026","CTS2","survey-multi-choice","55","70400","0.0-57.0-0.0","{""Q0"":""Esa pareja insistió en tener sexo aun cuando yo no quería (pero sin usar fuerza física).""}","{""Q0"":"" Esto nunca ha ocurrido""}","[0]"
"","1575.3000000000466","CTS2_027","CTS2","survey-multi-choice","56","71980","0.0-58.0-0.0","{""Q0"":""Esa pareja me abofeteó.""}","{""Q0"":"" Una vez durante la relación""}","[0]"
"","1765.8000000000466","CTS2_028","CTS2","survey-multi-choice","57","73749","0.0-59.0-0.0","{""Q0"":""Me rompí un hueso durante una pelea con esa pareja.""}","{""Q0"":"" Más de 20 veces durante la relación""}","[0]"
"","1738.2000000000698","CTS2_029","CTS2","survey-multi-choice","58","75492","0.0-60.0-0.0","{""Q0"":""Esa pareja usó amenazas para hacer que yo tuviera sexo oral o anal con él.""}","{""Q0"":"" 11 a 20 veces durante la relación""}","[0]"
"","1571.9000000000233","CTS2_030","CTS2","survey-multi-choice","59","77067","0.0-61.0-0.0","{""Q0"":""Esa pareja sugirió un arreglo frente a un desacuerdo.""}","{""Q0"":"" Dos veces durante la relación""}","[0]"
"","1662.4000000000233","CTS2_031","CTS2","survey-multi-choice","60","78733","0.0-62.0-0.0","{""Q0"":""Esa pareja me quemó a propósito.""}","{""Q0"":"" 11 a 20 veces durante la relación""}","[0]"
"","1770.2000000000698","CTS2_032","CTS2","survey-multi-choice","61","80506","0.0-63.0-0.0","{""Q0"":""Esa pareja me insistió para tener sexo oral o anal (pero no ha usado fuerza física).""}","{""Q0"":"" Una vez durante la relación""}","[0]"
"","1254.0999999999767","CTS2_033","CTS2","survey-multi-choice","62","81763","0.0-64.0-0.0","{""Q0"":""Esa pareja me dijo que soy una pésima amante.""}","{""Q0"":"" No en esta relación, pero si ha ocurrido en otra""}","[0]"
"","1280","CTS2_034","CTS2","survey-multi-choice","63","83045","0.0-65.0-0.0","{""Q0"":""Esa pareja hizo algo solo para fastidiarme.""}","{""Q0"":"" Una vez durante la relación""}","[0]"
"","1272","CTS2_035","CTS2","survey-multi-choice","64","84319","0.0-66.0-0.0","{""Q0"":""Esa pareja amenazó con golpearme o tirarme algo.""}","{""Q0"":"" No en esta relación, pero si ha ocurrido en otra""}","[0]"
"","1263.2999999999302","CTS2_036","CTS2","survey-multi-choice","65","85585","0.0-67.0-0.0","{""Q0"":""Sentí un dolor físico que duró hasta el día siguiente a causa de una pelea con esa pareja.""}","{""Q0"":"" Más de 20 veces durante la relación""}","[0]"
"","1245.5","CTS2_037","CTS2","survey-multi-choice","66","86833","0.0-68.0-0.0","{""Q0"":""Esa pareja me ha dado patadas.""}","{""Q0"":"" 3 a 5 veces durante la relación""}","[0]"
"","1489","CTS2_038","CTS2","survey-multi-choice","67","88324","0.0-69.0-0.0","{""Q0"":""Esa pareja usó amenazas para tener sexo conmigo.""}","{""Q0"":"" Dos veces durante la relación""}","[0]"
"","1600.1999999999534","CTS2_039","CTS2","survey-multi-choice","68","89927","0.0-70.0-0.0","{""Q0"":""Accedí a probar una solución que sugirió esa pareja frente a un problema.""}","{""Q0"":"" No en esta relación, pero si ha ocurrido en otra""}","[0]"
