"view_history","rt","trialid","procedure","trial_type","trial_index","time_elapsed","internal_node_id","stimulus","response"
"[{""page_index"":0,""viewing_time"":461}]","461","Instructions_01","bRCOPE","instructions","1652","1202789","0.0-1756.0-0.0","",""
"","1019","bRCOPE_01","bRCOPE","survey-multi-choice-horizontal","1653","1203825","0.0-1757.0-0.0","{""Q0"":""1. Supongo que mi Iglesia por momentos me abandona.""}","{""Q0"":""Nunca""}"
"","845","bRCOPE_02","bRCOPE","survey-multi-choice-horizontal","1654","1204681","0.0-1758.0-0.0","{""Q0"":""2. Trato de comprender que Dios me fortalece a través de ciertas situaciones.""}","{""Q0"":""Casi\n Nunca""}"
"","876","bRCOPE_03","bRCOPE","survey-multi-choice-horizontal","1655","1205568","0.0-1759.0-0.0","{""Q0"":""3. Pongo en entredicho el poder de Dios.""}","{""Q0"":""A veces""}"
"","815","bRCOPE_04","bRCOPE","survey-multi-choice-horizontal","1656","1206403","0.0-1760.0-0.0","{""Q0"":""4. Junto con Dios, intento llevar a cabo mis planes.""}","{""Q0"":""Siempre""}"
"","861","bRCOPE_05","bRCOPE","survey-multi-choice-horizontal","1657","1207276","0.0-1761.0-0.0","{""Q0"":""5. Busco la ayuda de Dios, para olvidar mi enojo.""}","{""Q0"":""Casi\n Siempre""}"
"","808","bRCOPE_06","bRCOPE","survey-multi-choice-horizontal","1658","1208102","0.0-1762.0-0.0","{""Q0"":""6. Busco el amor y el cuidado de Dios.""}","{""Q0"":""Casi\n Nunca""}"
"","830","bRCOPE_07","bRCOPE","survey-multi-choice-horizontal","1659","1208943","0.0-1763.0-0.0","{""Q0"":""7. Pido perdón por mis pecados.""}","{""Q0"":""A veces""}"
"","973","bRCOPE_08","bRCOPE","survey-multi-choice-horizontal","1660","1209930","0.0-1764.0-0.0","{""Q0"":""8. Me siento castigado por Dios por mi falta de devoción.""}","{""Q0"":""Nunca""}"
"","893","bRCOPE_09","bRCOPE","survey-multi-choice-horizontal","1661","1210834","0.0-1765.0-0.0","{""Q0"":""9. Pongo en duda el amor que Dios siente por mí.""}","{""Q0"":""Casi\n Siempre""}"
"","953","bRCOPE_10","bRCOPE","survey-multi-choice-horizontal","1662","1211806","0.0-1766.0-0.0","{""Q0"":""10. Me enfoco en mi religión para dejar de preocuparme por mis problemas.""}","{""Q0"":""Casi\n Siempre""}"
"","902","bRCOPE_11","bRCOPE","survey-multi-choice-horizontal","1663","1212721","0.0-1767.0-0.0","{""Q0"":""11. Me pregunto qué pude haber hecho para que Dios me castigue de esa manera.""}","{""Q0"":""Casi\n Siempre""}"
"","884","bRCOPE_12","bRCOPE","survey-multi-choice-horizontal","1664","1213624","0.0-1768.0-0.0","{""Q0"":""12. Me he preguntado si Dios me ha abandonado.""}","{""Q0"":""Casi\n Siempre""}"
"","834","bRCOPE_13","bRCOPE","survey-multi-choice-horizontal","1665","1214469","0.0-1769.0-0.0","{""Q0"":""13. Me siento convencido que el demonio hace que las cosas pasen.""}","{""Q0"":""Nunca""}"
"","1181","bRCOPE_14","bRCOPE","survey-multi-choice-horizontal","1666","1215662","0.0-1770.0-0.0","{""Q0"":""14. Busco la cercanía de Dios.""}","{""Q0"":""Siempre""}"
