"view_history","rt","trialid","procedure","trial_type","trial_index","time_elapsed","internal_node_id","stimulus","response"
"[{""page_index"":0,""viewing_time"":568}]","569","Instructions_01","SRBQP","instructions","1544","1128574","0.0-1611.0-0.0","",""
"","995","SRBQP_001","SRBQP","survey-multi-choice-vertical","1545","1129584","0.0-1612.0-0.0","{""Q0"":""Mis creencias me han ayudado a sobrellevar el estrés ocasionado por la pandemia.""}","{""Q0"":"" 3 En alguna medida en desacuerdo""}"
"","1041","SRBQP_002","SRBQP","survey-multi-choice-vertical","1546","1130643","0.0-1613.0-0.0","{""Q0"":""Mis creencias me han ayudado a sobrellevar momentos de ansiedad durante la pandemia.""}","{""Q0"":"" 2 En desacuerdo""}"
"","987","SRBQP_003","SRBQP","survey-multi-choice-vertical","1547","1131645","0.0-1614.0-0.0","{""Q0"":""Mis creencias me han ayudado a sobrellevar momentos de tristeza y depresión durante la pandemia.""}","{""Q0"":"" 3 En alguna medida en desacuerdo""}"
"","1071","SRBQP_004","SRBQP","survey-multi-choice-vertical","1548","1132741","0.0-1615.0-0.0","{""Q0"":""Mis creencias se hicieron más fuertes durante la pandemia.""}","{""Q0"":"" 1 Completamente en desacuerdo""}"
"","1048","SRBQP_005","SRBQP","survey-multi-choice-vertical","1549","1133805","0.0-1616.0-0.0","{""Q0"":""En general, me considero una persona sin creencias.""}","{""Q0"":"" 2 En desacuerdo""}"
