"view_history","rt","trialid","procedure","trial_type","trial_index","time_elapsed","internal_node_id","stimulus","response"
"[{""page_index"":0,""viewing_time"":530}]","531","Instructions_01","SDG","instructions","1370","987948","0.0-1406.0-0.0","",""
"","721","SDG_01","SDG","survey-text","1371","988675","0.0-1407.0-0.0","{""Q0"":""Rut Completo (sin puntos ni guión y con dígito verificador, en caso que termine en k, reemplace por un 0):""}","{""Q0"":""742014094""}"
"","1103","SDG_02","SDG","survey-multi-choice-vertical","1372","989792","0.0-1408.0-0.0","{""Q0"":""¿Cuál es su actual situación de pareja?""}","{""Q0"":"" Casado (a)""}"
"","1351","SDG_03","SDG","survey-multi-choice-vertical","1373","991166","0.0-1409.0-0.0","{""Q0"":""¿Cuál es el grado más alto de educación que usted ha completado?""}","{""Q0"":"" Media Incompleta""}"
"","694","SDG_04","SDG","survey-multi-choice-vertical","1374","991870","0.0-1410.0-0.0","{""Q0"":""¿Tiene Nº de registro social de hogares? (Si no sabe puede consultar aquí: http://www.registrosocial.gob.cl/. Luego ingrese a \""ir a mi registro\"" e ingrese los datos que le solicitan. En caso que tenga, recuerde el porcentaje al cual corresponde, en caso contrario indique la opción \""No tengo registro\"").""}","{""Q0"":"" No tengo registro.""}"
"","1148","SDG_06","SDG","survey-multi-choice-vertical","1375","993036","0.0-1412.0-0.0","{""Q0"":""¿Cuál es su situación ocupacional actual?""}","{""Q0"":"" Está desempleado(a), pero busca trabajo""}"
