"view_history","rt","trialid","procedure","trial_type","trial_index","time_elapsed","internal_node_id","stimulus","response"
"[{""page_index"":0,""viewing_time"":507}]","508","Instructions_01","CRQ","instructions","150","110856","0.0-168.0-0.0","",""
"","1124","CRQ_01","CRQ","survey-multi-choice-vertical","151","111988","0.0-169.0-0.0","{""Q0"":""1. Escolaridad""}","{""Q0"":"" Media incompleta (< 12 años e > 9)""}"
"","689","CRQ_02","CRQ","survey-multi-choice-vertical","152","112682","0.0-170.0-0.0","{""Q0"":""2. Escolaridad de los padres""}","{""Q0"":"" Secundaria o superior""}"
"","690","CRQ_03","CRQ","survey-multi-choice-vertical","153","113377","0.0-171.0-0.0","{""Q0"":""3. Cursos de Formación""}","{""Q0"":"" Uno o dos""}"
"","771","CRQ_04","CRQ","survey-multi-choice-vertical","154","114155","0.0-172.0-0.0","{""Q0"":""4. Ocupación Laboral""}","{""Q0"":"" Directivo""}"
"","630","CRQ_05","CRQ","survey-multi-choice-vertical","155","114789","0.0-173.0-0.0","{""Q0"":""5. Formación Musical""}","{""Q0"":"" Toca poco (aficionado) o escucha música frecuentemente""}"
"","604","CRQ_06","CRQ","survey-multi-choice-vertical","156","115396","0.0-174.0-0.0","{""Q0"":""6. Idiomas""}","{""Q0"":"" Dos idiomas""}"
"","799","CRQ_07","CRQ","survey-multi-choice-vertical","157","116200","0.0-175.0-0.0","{""Q0"":""7. Actividad Lectora""}","{""Q0"":"" Ocasionalmente""}"
"","604","CRQ_08","CRQ","survey-multi-choice-vertical","158","116809","0.0-176.0-0.0","{""Q0"":""8. Juegos intelectuales (ajedrez, puzzle, crucigramas)""}","{""Q0"":"" Nunca o alguna vez""}"
"[{""page_index"":0,""viewing_time"":344}]","344","Instructions_02","CRQ","instructions","159","117155","0.0-177.0-0.0","",""
"[{""page_index"":0,""viewing_time"":310},{""page_index"":1,""viewing_time"":404}]","714","Instructions_03","CRQ","instructions","160","117871","0.0-178.0-0.0","",""
"","1750","CRQ_09","CRQ","survey-multi-choice-vertical","161","119630","0.0-179.0-0.0","{""Q0"":""Juventud"",""Q1"":""Adultez"",""Q2"":""Madurez""}","{""Q0"":""3"",""Q1"":""1"",""Q2"":""3""}"
"","1679","CRQ_10","CRQ","survey-multi-choice-vertical","162","121319","0.0-180.0-0.0","{""Q0"":""Juventud"",""Q1"":""Adultez"",""Q2"":""Madurez""}","{""Q0"":""4"",""Q1"":""3"",""Q2"":""2""}"
"","1760","CRQ_11","CRQ","survey-multi-choice-vertical","163","123086","0.0-181.0-0.0","{""Q0"":""Juventud"",""Q1"":""Adultez"",""Q2"":""Madurez""}","{""Q0"":""2"",""Q1"":""4"",""Q2"":""4""}"
"","1571","CRQ_12","CRQ","survey-multi-choice-vertical","164","124667","0.0-182.0-0.0","{""Q0"":""Juventud"",""Q1"":""Adultez"",""Q2"":""Madurez""}","{""Q0"":""0"",""Q1"":""0"",""Q2"":""3""}"
"[{""page_index"":0,""viewing_time"":294},{""page_index"":1,""viewing_time"":391}]","685","Instructions_04","CRQ","instructions","165","125354","0.0-183.0-0.0","",""
"","1537","CRQ_13","CRQ","survey-multi-choice-vertical","166","126899","0.0-184.0-0.0","{""Q0"":""Juventud"",""Q1"":""Adultez"",""Q2"":""Madurez""}","{""Q0"":""0"",""Q1"":""0"",""Q2"":""3""}"
"","1735","CRQ_14","CRQ","survey-multi-choice-vertical","167","128646","0.0-185.0-0.0","{""Q0"":""Juventud"",""Q1"":""Adultez"",""Q2"":""Madurez""}","{""Q0"":""2"",""Q1"":""0"",""Q2"":""1""}"
"","1664","CRQ_15","CRQ","survey-multi-choice-vertical","168","130318","0.0-186.0-0.0","{""Q0"":""Juventud"",""Q1"":""Adultez"",""Q2"":""Madurez""}","{""Q0"":""1"",""Q1"":""4"",""Q2"":""0""}"
"","1570","CRQ_16","CRQ","survey-multi-choice-vertical","169","131895","0.0-187.0-0.0","{""Q0"":""Juventud"",""Q1"":""Adultez"",""Q2"":""Madurez""}","{""Q0"":""0"",""Q1"":""2"",""Q2"":""0""}"
"[{""page_index"":0,""viewing_time"":382},{""page_index"":1,""viewing_time"":420}]","802","Instructions_05","CRQ","instructions","170","132699","0.0-188.0-0.0","",""
"","1637","CRQ_17","CRQ","survey-multi-choice-vertical","171","134343","0.0-189.0-0.0","{""Q0"":""Juventud"",""Q1"":""Adultez"",""Q2"":""Madurez""}","{""Q0"":""0"",""Q1"":""2"",""Q2"":""0""}"
"","1526","CRQ_18","CRQ","survey-multi-choice-vertical","172","135877","0.0-190.0-0.0","{""Q0"":""Juventud"",""Q1"":""Adultez"",""Q2"":""Madurez""}","{""Q0"":""2"",""Q1"":""1"",""Q2"":""2""}"
"","1772","CRQ_19","CRQ","survey-multi-choice-vertical","173","137658","0.0-191.0-0.0","{""Q0"":""Juventud"",""Q1"":""Adultez"",""Q2"":""Madurez""}","{""Q0"":""1"",""Q1"":""0"",""Q2"":""1""}"
"","1560","CRQ_20","CRQ","survey-multi-choice-vertical","174","139226","0.0-192.0-0.0","{""Q0"":""Juventud"",""Q1"":""Adultez"",""Q2"":""Madurez""}","{""Q0"":""3"",""Q1"":""0"",""Q2"":""3""}"
"","1479","CRQ_21","CRQ","survey-multi-choice-vertical","175","140713","0.0-193.0-0.0","{""Q0"":""Juventud"",""Q1"":""Adultez"",""Q2"":""Madurez""}","{""Q0"":""0"",""Q1"":""2"",""Q2"":""3""}"
"","1502","CRQ_22","CRQ","survey-multi-choice-vertical","176","142223","0.0-194.0-0.0","{""Q0"":""Juventud"",""Q1"":""Adultez"",""Q2"":""Madurez""}","{""Q0"":""4"",""Q1"":""0"",""Q2"":""3""}"
"","1623","CRQ_23","CRQ","survey-multi-choice-vertical","177","143854","0.0-195.0-0.0","{""Q0"":""Juventud"",""Q1"":""Adultez"",""Q2"":""Madurez""}","{""Q0"":""2"",""Q1"":""2"",""Q2"":""0""}"
"","1484","CRQ_24","CRQ","survey-multi-choice-vertical","178","145350","0.0-196.0-0.0","{""Q0"":""Juventud"",""Q1"":""Adultez"",""Q2"":""Madurez""}","{""Q0"":""0"",""Q1"":""2"",""Q2"":""1""}"
"","1553","CRQ_25","CRQ","survey-multi-choice-vertical","179","146911","0.0-197.0-0.0","{""Q0"":""Juventud"",""Q1"":""Adultez"",""Q2"":""Madurez""}","{""Q0"":""1"",""Q1"":""1"",""Q2"":""4""}"
"","1546","CRQ_26","CRQ","survey-multi-choice-vertical","180","148466","0.0-198.0-0.0","{""Q0"":""Juventud"",""Q1"":""Adultez"",""Q2"":""Madurez""}","{""Q0"":""0"",""Q1"":""4"",""Q2"":""2""}"
"","1580","CRQ_27","CRQ","survey-multi-choice-vertical","181","150054","0.0-199.0-0.0","{""Q0"":""Juventud"",""Q1"":""Adultez"",""Q2"":""Madurez""}","{""Q0"":""2"",""Q1"":""4"",""Q2"":""1""}"
"","1502","CRQ_28","CRQ","survey-multi-choice-vertical","182","151566","0.0-200.0-0.0","{""Q0"":""Juventud"",""Q1"":""Adultez"",""Q2"":""Madurez""}","{""Q0"":""2"",""Q1"":""4"",""Q2"":""1""}"
"","1582","CRQ_29","CRQ","survey-multi-choice-vertical","183","153161","0.0-201.0-0.0","{""Q0"":""Juventud"",""Q1"":""Adultez"",""Q2"":""Madurez""}","{""Q0"":""3"",""Q1"":""1"",""Q2"":""3""}"
"[{""page_index"":0,""viewing_time"":337},{""page_index"":1,""viewing_time"":438}]","775","Instructions_06","CRQ","instructions","184","153939","0.0-202.0-0.0","",""
"","1527","CRQ_30","CRQ","survey-multi-choice-vertical","185","155478","0.0-203.0-0.0","{""Q0"":""Juventud"",""Q1"":""Adultez"",""Q2"":""Madurez""}","{""Q0"":""3"",""Q1"":""4"",""Q2"":""4""}"
"","1689","CRQ_31","CRQ","survey-multi-choice-vertical","186","157174","0.0-204.0-0.0","{""Q0"":""Juventud"",""Q1"":""Adultez"",""Q2"":""Madurez""}","{""Q0"":""1"",""Q1"":""0"",""Q2"":""0""}"
"","1720","CRQ_32","CRQ","survey-multi-choice-vertical","187","158903","0.0-205.0-0.0","{""Q0"":""Juventud"",""Q1"":""Adultez"",""Q2"":""Madurez""}","{""Q0"":""2"",""Q1"":""2"",""Q2"":""3""}"
