"view_history","rt","trialid","procedure","trial_type","trial_index","time_elapsed","internal_node_id","stimulus","response"
"[{""page_index"":0,""viewing_time"":968}]","968","Instructions","Bank","instructions","49","36580","0.0-64.0-0.0","",""
"","851","Bank_01","Bank","survey-text","50","37438","0.0-65.0-0.0","{""Q0"":""Indique su nombre completo""}","{""Q0"":""ClV2he26OG""}"
"","714","Bank_02","Bank","survey-text","51","38161","0.0-66.0-0.0","{""Q0"":""Indique su rut , sin puntos ni guión y con dígito verificador""}","{""Q0"":""456690924""}"
"","1010.7000000011176","Bank_03","Bank","survey-html-form","52","39176","0.0-67.0-0.0","{""Q0"":""Seleccione su Banco""}","{""Q0"":""BANCOESTADO""}"
"","709.6000000014901","Bank_04","Bank","survey-html-form","53","39893","0.0-68.0-0.0","{""Q0"":""Elija el tipo de cuenta""}","{""Q0"":""Cuenta de ahorro""}"
"","684","Bank_05","Bank","survey-text","54","40587","0.0-69.0-0.0","{""Q0"":""Indique número de cuenta""}","{""Q0"":""32""}"
"","979","Bank_06","Bank","survey-html-form","55","41574","0.0-70.0-0.0","{""Q0"":""Indique su correo electrónico""}","{""Q0"":""hH5Rt2@gmail.com""}"
