"view_history","rt","trialid","procedure","trial_type","trial_index","time_elapsed","internal_node_id","stimulus","response"
"[{""page_index"":0,""viewing_time"":1104}]","1105","Instructions","Bank","instructions","49","37974","0.0-64.0-0.0","",""
"","813","Bank_01","Bank","survey-text","50","38797","0.0-65.0-0.0","{""Q0"":""Indique su nombre completo""}","{""Q0"":""JjL6D9hVvSgsbTklU9NKfBTmA47KJqj""}"
"","731","Bank_02","Bank","survey-text","51","39538","0.0-66.0-0.0","{""Q0"":""Indique su rut , sin puntos ni guión y con dígito verificador""}","{""Q0"":""967383218""}"
"","973.6999999992549","Bank_03","Bank","survey-html-form","52","40515","0.0-67.0-0.0","{""Q0"":""Seleccione su Banco""}","{""Q0"":""SCOTIABANK""}"
"","729","Bank_04","Bank","survey-html-form","53","41249","0.0-68.0-0.0","{""Q0"":""Elija el tipo de cuenta""}","{""Q0"":""bi48WIzgWyoS7qXgA0A2r""}"
"","684","Bank_05","Bank","survey-text","54","41937","0.0-69.0-0.0","{""Q0"":""Indique número de cuenta""}","{""Q0"":""66""}"
"","866","Bank_06","Bank","survey-html-form","55","42806","0.0-70.0-0.0","{""Q0"":""Indique su correo electrónico""}","{""Q0"":""PfNQqNuGC@gmail.com""}"
