"view_history","rt","trialid","procedure","trial_type","trial_index","time_elapsed","internal_node_id","stimulus","response","question_order"
"[{""page_index"":0,""viewing_time"":963}]","964","LASSI38_000","LASSI38","instructions","143","160052","0.0-211.0-0.0","","",""
"","1415.0999999999767","LASSI38_001","LASSI38","survey-multi-choice","144","161470","0.0-212.0-0.0","{""Q0"":""Me preocupa más conseguir un buen trabajo que terminar mis estudios""}","{""Q0"":"" Algo o un poco característico mío""}","[0]"
"","1383.9000000000233","LASSI38_002","LASSI38","survey-multi-choice","145","162858","0.0-213.0-0.0","{""Q0"":""Tengo muy claro lo que debo hacer para no fracasar en mis estudios""}","{""Q0"":"" No es una característica mía""}","[0]"
"","1265.3000000000466","LASSI38_003","LASSI38","survey-multi-choice","146","164127","0.0-214.0-0.0","{""Q0"":""La escuela no me prepara para la vida adulta""}","{""Q0"":"" No es una característica mía""}","[0]"
"","1152.5999999999767","LASSI38_004","LASSI38","survey-multi-choice","147","165283","0.0-215.0-0.0","{""Q0"":""Llevo al día mis tareas escolares o deberes""}","{""Q0"":"" Con frecuencia es una característica mía""}","[0]"
"","1204.2999999999302","LASSI38_005","LASSI38","survey-multi-choice","148","166490","0.0-216.0-0.0","{""Q0"":""Me he propuesto conseguir buenos resultados al acabar mis estudios""}","{""Q0"":"" Con frecuencia es una característica mía""}","[0]"
"","1308.5","LASSI38_006","LASSI38","survey-multi-choice","149","167801","0.0-217.0-0.0","{""Q0"":""Cuando lo que tengo que hacer es difícil, lo dejo y hago sólo lo más fácil""}","{""Q0"":"" No es una característica mía""}","[0]"
"","1281.1000000000931","LASSI38_007","LASSI38","survey-multi-choice","150","169084","0.0-218.0-0.0","{""Q0"":""Antes de ponerme a estudiar planifico cómo lo voy a hacer (cuánto tiempo, qué y en qué orden, dónde, etc.)""}","{""Q0"":"" No es una característica muy común en mí""}","[0]"
"","1233.8000000000466","LASSI38_008","LASSI38","survey-multi-choice","151","170321","0.0-219.0-0.0","{""Q0"":""Cuando me planifico el tiempo para estudiar, casi nunca respeto mi plan""}","{""Q0"":"" Con frecuencia es una característica mía""}","[0]"
"","1280.8999999999069","LASSI38_009","LASSI38","survey-multi-choice","152","171605","0.0-220.0-0.0","{""Q0"":""Sólo estudio cuando tengo evaluaciones""}","{""Q0"":"" Algo muy característico mío""}","[0]"
"","1147.0999999999767","LASSI38_010","LASSI38","survey-multi-choice","153","172754","0.0-221.0-0.0","{""Q0"":""Cuando tengo que hacer deberes de clase siempre lo suelo dejar para más tarde""}","{""Q0"":"" Algo muy característico mío""}","[0]"
"","1201.4000000000233","LASSI38_011","LASSI38","survey-multi-choice","154","173959","0.0-222.0-0.0","{""Q0"":""Acabo estudiando con prisas para casi todos los exámenes""}","{""Q0"":"" Con frecuencia es una característica mía""}","[0]"
"","1221.5999999999767","LASSI38_012","LASSI38","survey-multi-choice","155","175183","0.0-223.0-0.0","{""Q0"":""Hago mal las evaluaciones porque no sé organizarme el tiempo de estudio ni de trabajo""}","{""Q0"":"" No es una característica muy común en mí""}","[0]"
"","1250.3999999999069","LASSI38_013","LASSI38","survey-multi-choice","156","176436","0.0-224.0-0.0","{""Q0"":""Normalmente cuando empiezo a hacer un examen estoy seguro/a de que no tendré ningún problema para aprobar""}","{""Q0"":"" Algo o un poco característico mío""}","[0]"
"","1095.2000000000698","LASSI38_014","LASSI38","survey-multi-choice","157","177534","0.0-225.0-0.0","{""Q0"":""Siento pánico cuando tengo que realizar un examen importante y me pongo tan nervioso que no respondo todo lo que sé""}","{""Q0"":"" Con frecuencia es una característica mía""}","[0]"
"","1164.0999999999767","LASSI38_015","LASSI38","survey-multi-choice","158","178701","0.0-226.0-0.0","{""Q0"":""Me distraigo fácilmente cuando estoy estudiando o haciendo los deberes, sin ningún motivo""}","{""Q0"":"" Algo muy característico mío""}","[0]"
"","1082.2999999999302","LASSI38_016","LASSI38","survey-multi-choice","159","179786","0.0-227.0-0.0","{""Q0"":""Procuro aprender las palabras nuevas que van surgiendo cuando estudio""}","{""Q0"":"" Algo o un poco característico mío""}","[0]"
"","1086.4000000000233","LASSI38_017","LASSI38","survey-multi-choice","160","180875","0.0-228.0-0.0","{""Q0"":""Cuando estudio resumo los temas utilizando mis propias palabras""}","{""Q0"":"" Algo o un poco característico mío""}","[0]"
"","1323.0999999999767","LASSI38_018","LASSI38","survey-multi-choice","161","182203","0.0-229.0-0.0","{""Q0"":""Trato de obtener más información sobre lo que estudio para comprenderlo bien""}","{""Q0"":"" Algo muy característico mío""}","[0]"
"","1366.4000000000233","LASSI38_019","LASSI38","survey-multi-choice","162","183574","0.0-230.0-0.0","{""Q0"":""Intento relacionar lo que estoy estudiando con lo que ya sé y con mis propias experiencias""}","{""Q0"":"" Algo muy característico mío""}","[0]"
"","1240.7000000000698","LASSI38_020","LASSI38","survey-multi-choice","163","184817","0.0-231.0-0.0","{""Q0"":""Intento relacionar varias ideas del tema que estoy estudiando""}","{""Q0"":"" No es una característica muy común en mí""}","[0]"
"","1337.1999999999534","LASSI38_021","LASSI38","survey-multi-choice","164","186158","0.0-232.0-0.0","{""Q0"":""Cuando estudio distingo perfectamente las ideas principales de las secundarias""}","{""Q0"":"" No es una característica muy común en mí""}","[0]"
"","1292.9000000000233","LASSI38_022","LASSI38","survey-multi-choice","165","187454","0.0-233.0-0.0","{""Q0"":""Me resulta difícil saber cuáles son las ideas principales que debo recordar de un texto""}","{""Q0"":"" No es una característica mía""}","[0]"
"","1376.3000000000466","LASSI38_023","LASSI38","survey-multi-choice","166","188834","0.0-234.0-0.0","{""Q0"":""Cuando realizo algún trabajo escolar, a menudo me pierdo en los detalles y no recuerdo las ideas principales""}","{""Q0"":"" Con frecuencia es una característica mía""}","[0]"
"","1259.3000000000466","LASSI38_024","LASSI38","survey-multi-choice","167","190095","0.0-235.0-0.0","{""Q0"":""Antes de ponerme a estudiar un tema selecciono las ideas principales""}","{""Q0"":"" No es una característica mía""}","[0]"
"","1173.7999999999302","LASSI38_025","LASSI38","survey-multi-choice","168","191272","0.0-236.0-0.0","{""Q0"":""Cuando estudio utilizo algunas ayudas como subrayar en diferentes colores, o emplear letras en mayúscula para distinguir lo importante de lo que no lo es""}","{""Q0"":"" Algo o un poco característico mío""}","[0]"
"","1165.5999999999767","LASSI38_026","LASSI38","survey-multi-choice","169","192440","0.0-237.0-0.0","{""Q0"":""Cuando estudio trato de aprender tantas cosas como puedo de memoria""}","{""Q0"":"" Algo o un poco característico mío""}","[0]"
"","1347.8999999999069","LASSI38_027","LASSI38","survey-multi-choice","170","193792","0.0-238.0-0.0","{""Q0"":""Estudio de forma distinta según sea la asignatura""}","{""Q0"":"" No es una característica mía""}","[0]"
"","1487.7000000000698","LASSI38_028","LASSI38","survey-multi-choice","171","195284","0.0-239.0-0.0","{""Q0"":""Hago resúmenes o esquemas para entender mejor lo que estoy estudiando""}","{""Q0"":"" No es una característica mía""}","[0]"
"","1642.6999999999534","LASSI38_029","LASSI38","survey-multi-choice","172","196931","0.0-240.0-0.0","{""Q0"":""Suelo organizar los apuntes y otros materiales de clase en esquemas, tablas, diagramas o mapas conceptuales""}","{""Q0"":"" Algo muy característico mío""}","[0]"
"","1435.0999999999767","LASSI38_030","LASSI38","survey-multi-choice","173","198370","0.0-241.0-0.0","{""Q0"":""Utilizo los títulos de los apartados de un tema para encontrar la información que busco""}","{""Q0"":"" No es una característica muy común en mí""}","[0]"
"","1180.5","LASSI38_031","LASSI38","survey-multi-choice","174","199553","0.0-242.0-0.0","{""Q0"":""Cada día después de clase echo un vistazo a mis apuntes para comprobar si he comprendido los contenidos y corregir los errores""}","{""Q0"":"" Algo o un poco característico mío""}","[0]"
"","1224.8000000000466","LASSI38_032","LASSI38","survey-multi-choice","175","200781","0.0-243.0-0.0","{""Q0"":""Cuando estoy estudiando paro con frecuencia para pensar en lo que he leído, y luego lo vuelvo a leer""}","{""Q0"":"" No es una característica mía""}","[0]"
"","1338.6000000000931","LASSI38_033","LASSI38","survey-multi-choice","176","202124","0.0-244.0-0.0","{""Q0"":""Sólo estudio lo que me gusta""}","{""Q0"":"" No es una característica mía""}","[0]"
"","1248.5","LASSI38_034","LASSI38","survey-multi-choice","177","203377","0.0-245.0-0.0","{""Q0"":""Compruebo que sé lo que he estudiado""}","{""Q0"":"" No es una característica mía""}","[0]"
"","1503.8999999999069","LASSI38_035","LASSI38","survey-multi-choice","178","204886","0.0-246.0-0.0","{""Q0"":""Tengo problemas para planificar el estudio de un tema, no sé que pasos seguir""}","{""Q0"":"" Algo o un poco característico mío""}","[0]"
"","1333.9000000000233","LASSI38_036","LASSI38","survey-multi-choice","179","206225","0.0-247.0-0.0","{""Q0"":""Tengo problemas para entender las preguntas de los exámenes""}","{""Q0"":"" No es una característica muy común en mí""}","[0]"
"","1391.6999999999534","LASSI38_037","LASSI38","survey-multi-choice","180","207620","0.0-248.0-0.0","{""Q0"":""Cuando hago un examen me doy cuenta de lo que he estudiado mal""}","{""Q0"":"" Algo muy característico mío""}","[0]"
"","1303.0999999999767","LASSI38_038","LASSI38","survey-multi-choice","181","208926","0.0-249.0-0.0","{""Q0"":""No sé como estudiar algunas asignaturas""}","{""Q0"":"" Algo muy característico mío""}","[0]"
