"view_history","rt","trialid","procedure","trial_type","trial_index","time_elapsed","internal_node_id","stimulus","response","question_order"
"[{""page_index"":0,""viewing_time"":513}]","513","Instructions_001","SDQ20","instructions","1377","996156","0.0-1417.0-0.0","","",""
"","942.4000000003725","SDQ20_001","SDQ20","survey-multi-choice","1378","997103","0.0-1418.0-0.0","{""Q0"":""Tengo problemas al orinar.""}","{""Q0"":"" Frecuentemente""}","[0]"
"","652.5","SDQ20_002","SDQ20","survey-multi-choice","1379","997761","0.0-1419.0-0.0-0.0","{""Q0"":""¿Se conoce la causa física?""}","{""Q0"":"" No""}","[0]"
"","838","SDQ20_004","SDQ20","survey-multi-choice","1380","998605","0.0-1421.0-0.0","{""Q0"":""Me desagradan sabores que habitualmente me gustan (mujeres, en momentos que NO SEAN EMBARAZO O MENSTRUACIÓN).""}","{""Q0"":"" De vez en cuando""}","[0]"
"","625.7999999988824","SDQ20_005","SDQ20","survey-multi-choice","1381","999237","0.0-1422.0-0.0-0.0","{""Q0"":""¿Se conoce la causa física?""}","{""Q0"":"" Si""}","[0]"
"","767","SDQ20_006","SDQ20","survey-text","1382","1000009","0.0-1423.0-0.0-0.0","{""Q0"":""Sobre todo por:""}","{""Q0"":""zQ7iVm3WWCdtLHQ0FmArhJGZrqS4pep6bZmGCyh0i8SUpvbYf3R1bhxIoJUjf6L8RTqqflsOYKKVbW5B4jaYyleN5n1F4um""}",""
"","847.5","SDQ20_007","SDQ20","survey-multi-choice","1383","1000862","0.0-1424.0-0.0","{""Q0"":""Oigo los sonidos cercanos como si vinieran de lejos.""}","{""Q0"":"" Nunca""}","[0]"
"","842.8999999985099","SDQ20_010","SDQ20","survey-multi-choice","1384","1001711","0.0-1427.0-0.0","{""Q0"":""Tengo dolor al orinar.""}","{""Q0"":"" Casi todo o todo el tiempo""}","[0]"
"","597.8000000007451","SDQ20_011","SDQ20","survey-multi-choice","1385","1002314","0.0-1428.0-0.0-0.0","{""Q0"":""¿Se conoce la causa física?""}","{""Q0"":"" No""}","[0]"
"","784.6999999992549","SDQ20_013","SDQ20","survey-multi-choice","1386","1003105","0.0-1430.0-0.0","{""Q0"":""Siento mi cuerpo o parte de él entumecido.""}","{""Q0"":"" Nunca""}","[0]"
"","842.5","SDQ20_016","SDQ20","survey-multi-choice","1387","1003954","0.0-1433.0-0.0","{""Q0"":""Veo a las personas o cosas más grandes de lo habitual.""}","{""Q0"":"" Pocas veces""}","[0]"
"","609","SDQ20_017","SDQ20","survey-multi-choice","1388","1004569","0.0-1434.0-0.0-0.0","{""Q0"":""¿Se conoce la causa física?""}","{""Q0"":"" No""}","[0]"
"","823.2999999988824","SDQ20_019","SDQ20","survey-multi-choice","1389","1005397","0.0-1436.0-0.0","{""Q0"":""Tengo ataques que parecen convulsiones epilépticas.""}","{""Q0"":"" Frecuentemente""}","[0]"
"","627.2999999988824","SDQ20_020","SDQ20","survey-multi-choice","1390","1006029","0.0-1437.0-0.0-0.0","{""Q0"":""¿Se conoce la causa física?""}","{""Q0"":"" Si""}","[0]"
"","688","SDQ20_021","SDQ20","survey-text","1391","1006724","0.0-1438.0-0.0-0.0","{""Q0"":""Sobre todo por:""}","{""Q0"":""SHslPYqqti6hulvc1YoUJamyzuMLAQg6aHvkERC0G6BBW1MVtpu5PV0IycJ41XusDAyhmNS0B9UY44kzEKngZcYMvB""}",""
"","781.0999999996275","SDQ20_022","SDQ20","survey-multi-choice","1392","1007510","0.0-1439.0-0.0","{""Q0"":""Mi cuerpo o parte de él es insensible al dolor.""}","{""Q0"":"" Pocas veces""}","[0]"
"","618.3000000007451","SDQ20_023","SDQ20","survey-multi-choice","1393","1008133","0.0-1440.0-0.0-0.0","{""Q0"":""¿Se conoce la causa física?""}","{""Q0"":"" Si""}","[0]"
"","620","SDQ20_024","SDQ20","survey-text","1394","1008760","0.0-1441.0-0.0-0.0","{""Q0"":""Sobre todo por:""}","{""Q0"":""FNYblR3A5OX58NuFTxWTZed5h14QMnPn2cr643ltUMqP7""}",""
"","817.7999999988824","SDQ20_025","SDQ20","survey-multi-choice","1395","1009584","0.0-1442.0-0.0","{""Q0"":""Me desagradan olores que habitualmente me agradan.""}","{""Q0"":"" Nunca""}","[0]"
"","855.6000000014901","SDQ20_028","SDQ20","survey-multi-choice","1396","1010447","0.0-1445.0-0.0","{""Q0"":""Me duelen los genitales (en otros momentos que no sea el coito).""}","{""Q0"":"" Pocas veces""}","[0]"
"","619.3000000007451","SDQ20_029","SDQ20","survey-multi-choice","1397","1011075","0.0-1446.0-0.0-0.0","{""Q0"":""¿Se conoce la causa física?""}","{""Q0"":"" No""}","[0]"
"","823.6999999992549","SDQ20_031","SDQ20","survey-multi-choice","1398","1011906","0.0-1448.0-0.0","{""Q0"":""No puedo oír por momentos (como si estuviera sordo).""}","{""Q0"":"" Pocas veces""}","[0]"
"","633.5999999996275","SDQ20_032","SDQ20","survey-multi-choice","1399","1012545","0.0-1449.0-0.0-0.0","{""Q0"":""¿Se conoce la causa física?""}","{""Q0"":"" No""}","[0]"
"","904.6999999992549","SDQ20_034","SDQ20","survey-multi-choice","1400","1013454","0.0-1451.0-0.0","{""Q0"":""No puedo ver por momentos (como si estuviera ciego).""}","{""Q0"":"" Nunca""}","[0]"
"","932.2000000011176","SDQ20_037","SDQ20","survey-multi-choice","1401","1014391","0.0-1454.0-0.0","{""Q0"":""Veo las cosas alrededor de mi diferentes de lo habitual (por ejemplo: como viéndolas por un túnel o viendo solo parte de un objeto).""}","{""Q0"":"" Pocas veces""}","[0]"
"","864.5999999996275","SDQ20_038","SDQ20","survey-multi-choice","1402","1015261","0.0-1455.0-0.0-0.0","{""Q0"":""¿Se conoce la causa física?""}","{""Q0"":"" No""}","[0]"
"","805.1000000014901","SDQ20_040","SDQ20","survey-multi-choice","1403","1016071","0.0-1457.0-0.0","{""Q0"":""Puedo oler mucho MEJOR o PEOR que habitualmente (aunque no tenga catarro).""}","{""Q0"":"" Nunca""}","[0]"
"","786.4000000003725","SDQ20_043","SDQ20","survey-multi-choice","1404","1016862","0.0-1460.0-0.0","{""Q0"":""Es como si mi cuerpo, o parte de él, hubiera desaparecido.""}","{""Q0"":"" De vez en cuando""}","[0]"
"","607.1999999992549","SDQ20_044","SDQ20","survey-multi-choice","1405","1017473","0.0-1461.0-0.0-0.0","{""Q0"":""¿Se conoce la causa física?""}","{""Q0"":"" Si""}","[0]"
"","684","SDQ20_045","SDQ20","survey-text","1406","1018162","0.0-1462.0-0.0-0.0","{""Q0"":""Sobre todo por:""}","{""Q0"":""TWE6xd07bDTjrmUZCHSaB8OmzgWDfpO91tECyxn7hmRjslj6qxYXjCIIf""}",""
"","806.5","SDQ20_046","SDQ20","survey-multi-choice","1407","1018973","0.0-1463.0-0.0","{""Q0"":""No puedo tragar o trago con gran esfuerzo.""}","{""Q0"":"" Pocas veces""}","[0]"
"","732","SDQ20_047","SDQ20","survey-multi-choice","1408","1019711","0.0-1464.0-0.0-0.0","{""Q0"":""¿Se conoce la causa física?""}","{""Q0"":"" No""}","[0]"
"","801.7999999988824","SDQ20_049","SDQ20","survey-multi-choice","1409","1020520","0.0-1466.0-0.0","{""Q0"":""No puedo dormir a lo largo de la noche y estoy activo al día siguiente.""}","{""Q0"":"" De vez en cuando""}","[0]"
"","616.7000000011176","SDQ20_050","SDQ20","survey-multi-choice","1410","1021140","0.0-1467.0-0.0-0.0","{""Q0"":""¿Se conoce la causa física?""}","{""Q0"":"" Si""}","[0]"
"","613","SDQ20_051","SDQ20","survey-text","1411","1021760","0.0-1468.0-0.0-0.0","{""Q0"":""Sobre todo por:""}","{""Q0"":""Y2eQ7cF0m6BrZ0T5jA37NoXlAgL0raVJzr7vpM6m4""}",""
"","807.5999999996275","SDQ20_052","SDQ20","survey-multi-choice","1412","1022571","0.0-1469.0-0.0","{""Q0"":""No puedo hablar (o solo con gran esfuerzo), o solo puedo susurrar.""}","{""Q0"":"" Nunca""}","[0]"
"","838.3999999985099","SDQ20_055","SDQ20","survey-multi-choice","1413","1023416","0.0-1472.0-0.0","{""Q0"":""Me quedo paralizado por momentos.""}","{""Q0"":"" Pocas veces""}","[0]"
"","706.4000000003725","SDQ20_056","SDQ20","survey-multi-choice","1414","1024128","0.0-1473.0-0.0-0.0","{""Q0"":""¿Se conoce la causa física?""}","{""Q0"":"" No""}","[0]"
"","846.9000000003725","SDQ20_058","SDQ20","survey-multi-choice","1415","1024981","0.0-1475.0-0.0","{""Q0"":""Me quedo rígida por momentos.""}","{""Q0"":"" Nunca""}","[0]"
