"view_history","rt","trialid","procedure","trial_type","trial_index","time_elapsed","internal_node_id","stimulus","response"
"[{""page_index"":0,""viewing_time"":645}]","645","Instructions_01","UCLA","instructions","1662","1215891","0.0-1734.0-0.0","",""
"","1000","UCLA_001","UCLA","survey-multi-choice-vertical","1663","1216904","0.0-1735.0-0.0","{""Q0"":""1. ¿Con qué frecuencia sientes que te falta compañía?""}","{""Q0"":""Raramente""}"
"","855","UCLA_002","UCLA","survey-multi-choice-vertical","1664","1217771","0.0-1736.0-0.0","{""Q0"":""2. ¿Con qué frecuencia te sientes dejado fuera?""}","{""Q0"":""A veces""}"
"","917","UCLA_003","UCLA","survey-multi-choice-vertical","1665","1218704","0.0-1737.0-0.0","{""Q0"":""3. ¿Con qué frecuencia te sientes aislado de los demás?""}","{""Q0"":""Siempre""}"
"","785","UCLA_004","UCLA","survey-multi-choice-vertical","1666","1219499","0.0-1738.0-0.0","{""Q0"":""4. ¿Con qué frecuencia te sientes solo?""}","{""Q0"":""Siempre""}"
"","810","UCLA_005","UCLA","survey-multi-choice-vertical","1667","1220318","0.0-1739.0-0.0","{""Q0"":""5. ¿Con qué frecuencia sientes que ya no eres cercano a nadie?""}","{""Q0"":""Raramente""}"
"","781","UCLA_006","UCLA","survey-multi-choice-vertical","1668","1221111","0.0-1740.0-0.0","{""Q0"":""6. ¿Con qué frecuencia sientes que nadie te conoce muy bien?""}","{""Q0"":""Raramente""}"
"","1082","UCLA_007","UCLA","survey-multi-choice-vertical","1669","1222203","0.0-1741.0-0.0","{""Q0"":""7. ¿Con qué frecuencia sientes que la gente está a tu alrededor, pero no contigo?""}","{""Q0"":""A veces""}"
"","907","UCLA_008","UCLA","survey-multi-choice-vertical","1670","1223122","0.0-1742.0-0.0","{""Q0"":""8. ¿Con qué frecuencia siente que estás \""en sintonía\"" con las personas que te rodean?""}","{""Q0"":""Raramente""}"
