"view_history","rt","trialid","procedure","trial_type","trial_index","time_elapsed","internal_node_id","stimulus","response","question_order"
"[{""page_index"":0,""viewing_time"":837}]","837","Instructions_001","PSQQ","instructions","244","287943","0.0-315.0-0.0","","",""
"","1170.4000000000233","PSQQ_001","PSQQ","survey-html-form","245","289119","0.0-316.0-0.0","{""Q0"":""Durante el último mes, ¿cuál ha sido, normalmente, su hora de acostarse? (responder en formato de 24 horas)""}","{""hours"":""15"",""minutes"":""20""}",""
"","1425.7999999999302","PSQQ_002","PSQQ","survey-multi-choice","246","290548","0.0-317.0-0.0","{""Q0"":""¿Cuánto tiempo habrá tardado en dormirse, normalmente, las noches del último mes?""}","{""Q0"":"" Entre 31-60 min""}","[0]"
"","1312.8999999999069","PSQQ_003","PSQQ","survey-html-form","247","291864","0.0-318.0-0.0","{""Q0"":""Durante el último mes, ¿a qué hora se ha levantado habitualmente por la mañana? (responder en formato de 24 horas)""}","{""hours"":""11"",""minutes"":""30""}",""
"","975","PSQQ_004","PSQQ","survey-text","248","292844","0.0-319.0-0.0","{""Q0"":""¿Cuántas horas calcula que habrá dormido verdaderamente cada noche durante el último mes?""}","{""Q0"":""8""}",""
"","1194.4000000000233","PSQQ_005","PSQQ","survey-multi-choice","249","294042","0.0-320.0-0.0","{""Q0"":""No poder concliliar el sueño en la primera media hora:""}","{""Q0"":"" Una o dos veces a la semana""}","[0]"
"","1310","PSQQ_006","PSQQ","survey-multi-choice","250","295355","0.0-321.0-0.0","{""Q0"":""Despertarse durante la noche o de madrugada:""}","{""Q0"":"" Menos de una vez a la semana""}","[0]"
"","1106.2999999999302","PSQQ_007","PSQQ","survey-multi-choice","251","296464","0.0-322.0-0.0","{""Q0"":""Tener que levantarse para ir al baño:""}","{""Q0"":"" Una o dos veces a la semana""}","[0]"
"","1079.3000000000466","PSQQ_008","PSQQ","survey-multi-choice","252","297547","0.0-323.0-0.0","{""Q0"":""No poder respirar bien:""}","{""Q0"":"" Menos de una vez a la semana""}","[0]"
"","1104.1999999999534","PSQQ_009","PSQQ","survey-multi-choice","253","298656","0.0-324.0-0.0","{""Q0"":""Toser o roncar ruidosamente:""}","{""Q0"":"" Tres o más veces a la semana""}","[0]"
"","1147.0999999999767","PSQQ_010","PSQQ","survey-multi-choice","254","299808","0.0-325.0-0.0","{""Q0"":""Sentir frío:""}","{""Q0"":"" Una o dos veces a la semana""}","[0]"
"","1127.5","PSQQ_011","PSQQ","survey-multi-choice","255","300938","0.0-326.0-0.0","{""Q0"":""Sentir demasiado calor:""}","{""Q0"":"" Tres o más veces a la semana""}","[0]"
"","1200.9000000000233","PSQQ_012","PSQQ","survey-multi-choice","256","302142","0.0-327.0-0.0","{""Q0"":""Tener pesadillas o malos sueños:""}","{""Q0"":"" Menos de una vez a la semana""}","[0]"
"","1080.2000000000698","PSQQ_013","PSQQ","survey-multi-choice","257","303225","0.0-328.0-0.0","{""Q0"":""Sufrir dolores:""}","{""Q0"":"" Ninguna vez en el último mes""}","[0]"
"","924.0999999999767","PSQQ_014","PSQQ","survey-multi-choice","258","304152","0.0-329.0-0.0","{""Q0"":""¿Existe alguna otra razón por la cual no pueda dormir?""}","{""Q0"":"" Sí""}","[0]"
"","963","PSQQ_015","PSQQ","survey-text","259","305120","0.0-330.0-0.0-0.0","{""Q0"":""Por favor, explique la razón:""}","{""Q0"":""5GLL1gB""}",""
"","1074.7000000000698","PSQQ_016","PSQQ","survey-multi-choice","260","306197","0.0-331.0-0.0-0.0","{""Q0"":""Durante el último mes, cuántas veces ha tenido usted problemas para dormir por la razón que mencionó.""}","{""Q0"":"" Ninguna vez en el último mes""}","[0]"
"","1051.1999999999534","PSQQ_017","PSQQ","survey-multi-choice","261","307251","0.0-332.0-0.0","{""Q0"":""Durante el último mes, ¿cómo valoraría en conjunto, la calidad de su sueño?""}","{""Q0"":"" Muy mala""}","[0]"
"","1163","PSQQ_018","PSQQ","survey-multi-choice","262","308416","0.0-333.0-0.0","{""Q0"":""Durante el último mes, ¿cuántas veces habrá tomado medicinas (por su cuenta o recetadas por el médico) para dormir?""}","{""Q0"":"" Ninguna vez en el último mes""}","[0]"
"","1072.2000000000698","PSQQ_019","PSQQ","survey-multi-choice","263","309491","0.0-334.0-0.0","{""Q0"":""Durante el último mes, ¿cuántas veces ha sentido somnolencia mientras conducía, comía o desarrollaba alguna otra actividad?""}","{""Q0"":"" Tres o más veces a la semana""}","[0]"
"","1067.0999999999767","PSQQ_020","PSQQ","survey-multi-choice","264","310562","0.0-335.0-0.0","{""Q0"":""Durante el último mes, ¿ha representado para usted mucho problema el tener ánimos para realizar alguna de las actividades detalladas en la pregunta anterior?""}","{""Q0"":"" Ningún problema""}","[0]"
"","1215.8000000000466","PSQQ_021","PSQQ","survey-multi-choice","265","311781","0.0-336.0-0.0","{""Q0"":""¿Cómo durmió usted el día de ayer?""}","{""Q0"":"" Muy mal""}","[0]"
"","861","PSQQ_022","PSQQ","survey-text","266","312645","0.0-337.0-0.0","{""Q0"":""¿Qué edad sientes que tienes con respecto a tu edad real: mayor edad, la misma edad o menor edad? Indica la edad que percibes tener:""}","{""Q0"":""27""}",""
