"view_history","rt","trialid","procedure","trial_type","trial_index","time_elapsed","internal_node_id","stimulus","slider_start","response"
"[{""page_index"":0,""viewing_time"":430}]","431","APrioriDiagnostic_000","APrioriDiagnostic","instructions","23","18672","0.0-32.0-0.0","","",""
"","735.0999999996275","APrioriDiagnostic_001","APrioriDiagnostic","html-slider-response","24","19410","0.0-33.0-0.0","Going through diagnostic tests always has more advantages than disadvantages.","50","48"
"","710","APrioriDiagnostic_002","APrioriDiagnostic","html-slider-response","25","20123","0.0-34.0-0.0","Going through diagnostic tests cannot hurt anyone.","50","7"
"","866","APrioriDiagnostic_003","APrioriDiagnostic","html-slider-response","26","20992","0.0-35.0-0.0","In my opinion, it is always better to get diagnostic tests.","50","69"
"","569.5999999996275","APrioriDiagnostic_004","APrioriDiagnostic","html-slider-response","27","21566","0.0-36.0-0.0","If one has the opportunity, one should always go through diagnostic tests.","50","46"
"","540.4000000003725","APrioriDiagnostic_005","APrioriDiagnostic","html-slider-response","28","22109","0.0-37.0-0.0","Foregoing diagnostic tests is irresponsible.","50","82"
