"view_history","rt","trialid","procedure","trial_type","trial_index","time_elapsed","internal_node_id","stimulus","response"
"[{""page_index"":0,""viewing_time"":482}]","482","Instructions_01","AIM","instructions","17","13086","0.0-19.0-0.0","",""
"","1862","AIM_01","AIM","survey-multi-choice-vertical","18","14953","0.0-20.0-0.0","{""Q0"":""¿Cuál es el nivel educacional alcanzado (último año aprobado) por el principal sostenedor del hogar?""}","{""Q0"":"" Universitaria completa (carreras de 4 o más años); oficial de FFAA y Carabineros.""}"
"","1288","AIM_02","AIM","survey-multi-choice-vertical","19","16246","0.0-21.0-0.0","{""Q0"":""¿Cuál de las siguientes ocupaciones corresponde al trabajo del principal sostenedor del hogar? [Si el principal sostenedor del hogar está cesante o es jubilado, debe ser la última ocupación remunerada que tuvo. Si el principal sostenedor tiene más de 1 trabajo, debe registrarse el de mayor ingreso.]""}","{""Q0"":"" Trabajadores de los servicios y vendedores de comercio y mercados.""}"
"","675","AIM_03","AIM","survey-text","20","16927","0.0-22.0-0.0","{""Q0"":""Ahora, hablando de su hogar: Incluyéndose usted, ¿cuántas personas viven en su hogar en la actualidad? No considere el servicio doméstico, aunque sea puertas adentro.""}","{""Q0"":""41""}"
"","1083","AIM_10","AIM","survey-multi-choice-vertical","21","18016","0.0-29.0-0.0-0.0","{""Q0"":""Por favor, piense en ingreso total de su hogar en un mes promedio, considerando el aporte de todos sus miembros y otros ingresos adicionales como rentas de propiedades, jubilaciones o pensiones. ¿en cuál de estos tramos está el ingreso total mensual de su hogar?""}","{""Q0"":"" NS/NR""}"
