"view_history","rt","trialid","procedure","trial_type","trial_index","time_elapsed","internal_node_id","stimulus","response","question_order"
"[{""page_index"":0,""viewing_time"":409}]","410","Instructions_01","DEBRIEF39","instructions","370","297729","0.0-400.0-0.0","","",""
"","1279.0999999996275","DEBRIEF39_01","DEBRIEF39","survey-multi-select","371","299013","0.0-401.0-0.0","{""Q0"":""Esta tarea es muy sencilla, y su única finalidad es excluir robots del estudio. Por favor, selecciona únicamente el número once (menos uno) del siguiente listado""}","{""Q0"":[""1"",""5"",""10"",""11"",""25"",""80""]}","[0]"
"","743","DEBRIEF39_02","DEBRIEF39","survey-multi-choice-vertical","372","299761","0.0-402.0-0.0","{""Q0"":""Por último, es vital para nuestro estudio que solo incluyamos respuestas de personas que dedicaron toda su atención. De lo contrario, se podría perder el esfuerzo de los investigadores y de otros participantes.Indica cuánto esfuerzo pusiste en este estudio. Puse _____ esfuerzo en este estudio""}","{""Q0"":"" algo""}",""
"","571","DEBRIEF39_03","DEBRIEF39","survey-text","373","300337","0.0-403.0-0.0","{""Q0"":""¡Gracias por tu tiempo y esfuerzo!Si tienes algún comentario o sugerencia con respecto al estudio que acabas de terminar, puedes escribirlo aquí.""}","{""Q0"":""SdsP60OuRbr1V9PSIm8xh3IBOJUk74VgAVTPt4fUE6RLyNDJ6pjp0Rmi0maiZ""}",""
