"view_history","rt","trialid","procedure","trial_type","trial_index","time_elapsed","internal_node_id","stimulus","response"
"[{""page_index"":0,""viewing_time"":519}]","519","Instructions_01","SRA","instructions","1522","1109832","0.0-1588.0-0.0","",""
"","1089","SRA_01","SRA","survey-multi-choice-vertical","1523","1110932","0.0-1589.0-0.0","{""Q0"":""1. He ayudado a sacar el coche de un extraño de la nieve.""}","{""Q0"":"" Más de una vez""}"
"","824","SRA_02","SRA","survey-multi-choice-vertical","1524","1111766","0.0-1590.0-0.0","{""Q0"":""2. Le he dado instrucciones a un extraño.""}","{""Q0"":"" Más de una vez""}"
"","827","SRA_03","SRA","survey-multi-choice-vertical","1525","1112604","0.0-1591.0-0.0","{""Q0"":""3. He hecho cambios por un extraño.""}","{""Q0"":"" Nunca""}"
"","865","SRA_04","SRA","survey-multi-choice-vertical","1526","1113479","0.0-1592.0-0.0","{""Q0"":""4. He dado dinero a una organización benéfica.""}","{""Q0"":"" Más de una vez""}"
"","866","SRA_05","SRA","survey-multi-choice-vertical","1527","1114357","0.0-1593.0-0.0","{""Q0"":""5. Le di dinero a un extraño que lo necesitaba (o me lo pidió).""}","{""Q0"":"" Muy a menudo""}"
"","791","SRA_06","SRA","survey-multi-choice-vertical","1528","1115162","0.0-1594.0-0.0","{""Q0"":""6. He donado artículos o ropa a una organización benéfica.""}","{""Q0"":"" Una vez""}"
"","822","SRA_07","SRA","survey-multi-choice-vertical","1529","1116003","0.0-1595.0-0.0","{""Q0"":""7. He realizado trabajo voluntario para una organización benéfica.""}","{""Q0"":"" A menudo""}"
"","864","SRA_08","SRA","survey-multi-choice-vertical","1530","1116877","0.0-1596.0-0.0","{""Q0"":""8. He donado sangre.""}","{""Q0"":"" Una vez""}"
"","861","SRA_09","SRA","survey-multi-choice-vertical","1531","1117749","0.0-1597.0-0.0","{""Q0"":""9. He ayudado a llevar las pertenencias de un extraño (libros, paquetes, etc.).""}","{""Q0"":"" A menudo""}"
"","854","SRA_10","SRA","survey-multi-choice-vertical","1532","1118622","0.0-1598.0-0.0","{""Q0"":""10. He retrasado un ascensor y mantuve la puerta abierta para un extraño.""}","{""Q0"":"" A menudo""}"
"","886","SRA_11","SRA","survey-multi-choice-vertical","1533","1119519","0.0-1599.0-0.0","{""Q0"":""11. Permití que alguien se adelantara a mí en una fila (por ejemplo: en un banco, en el supermercado, etc).""}","{""Q0"":"" Una vez""}"
"","813","SRA_12","SRA","survey-multi-choice-vertical","1534","1120343","0.0-1600.0-0.0","{""Q0"":""12. He dado a un extraño un aventón en mi auto.""}","{""Q0"":"" Una vez""}"
"","933","SRA_13","SRA","survey-multi-choice-vertical","1535","1121298","0.0-1601.0-0.0","{""Q0"":""13. He señalado el error de un empleado (por ejemplo: en un banco, en el supermercado, etc) al cobrar menos por un artículo.""}","{""Q0"":"" Muy a menudo""}"
"","897","SRA_14","SRA","survey-multi-choice-vertical","1536","1122206","0.0-1602.0-0.0","{""Q0"":""14. Dejé que un vecino a quien no conocía demasiado bien, tomara prestado un artículo de algún valor para mí (por ejemplo: un plato, herramientas, etc).""}","{""Q0"":"" Una vez""}"
"","903","SRA_15","SRA","survey-multi-choice-vertical","1537","1123121","0.0-1603.0-0.0","{""Q0"":""15. He comprado tarjetas de Navidad \""benéficas\"" deliberadamente porque sabía que era una buena causa.""}","{""Q0"":"" Una vez""}"
"","889","SRA_16","SRA","survey-multi-choice-vertical","1538","1124027","0.0-1604.0-0.0","{""Q0"":""16. He ayudado a un compañero de clase que no conocía muy bien con una tarea cuando mi conocimiento era mayor que el de él o ella.""}","{""Q0"":"" Más de una vez""}"
"","863","SRA_17","SRA","survey-multi-choice-vertical","1539","1124902","0.0-1605.0-0.0","{""Q0"":""17. Antes de que me pidieran, he cuidado voluntariamente las mascotas o los niños de un vecino sin ser pagado por ello.""}","{""Q0"":"" Nunca""}"
"","1181","SRA_18","SRA","survey-multi-choice-vertical","1540","1126096","0.0-1606.0-0.0","{""Q0"":""18. Me he ofrecido a ayudar a un extraño discapacitado o anciano a cruzar la calle.""}","{""Q0"":"" Una vez""}"
"","908","SRA_19","SRA","survey-multi-choice-vertical","1541","1127022","0.0-1607.0-0.0","{""Q0"":""19. Le ofrecí mi asiento en un autobús o tren a un extraño que estaba parado.""}","{""Q0"":"" Una vez""}"
"","959","SRA_20","SRA","survey-multi-choice-vertical","1542","1127993","0.0-1608.0-0.0","{""Q0"":""20. He ayudado a un conocido a mudarse de hogar.""}","{""Q0"":"" Muy a menudo""}"
