"view_history","rt","trialid","procedure","trial_type","trial_index","time_elapsed","internal_node_id","stimulus","slider_start","response"
"[{""page_index"":0,""viewing_time"":438}]","439","Instructions_01","PERMA","instructions","1089","800565","0.0-1131.0-0.0","","",""
"","685.1999999992549","PERMA_01","PERMA","html-slider-response","1090","801253","0.0-1132.0-0.0","<div class='justified'>1. En general ¿Con qué frecuencia sientes que estás progresando en alcanzar tus objetivos?</div><br>","4.5","5"
"","587.3999999985099","PERMA_02","PERMA","html-slider-response","1091","801845","0.0-1133.0-0.0","<div class='justified'>2. En general, ¿Con qué frecuencia te sientes absorto(a) (con atención plena) en lo que estás haciendo?</div><br>","4.5","8"
"","558.5999999996275","PERMA_03","PERMA","html-slider-response","1092","802410","0.0-1134.0-0.0","<div class='justified'>3. En general, ¿Con qué frecuencia te sientes contento(a)?</div><br>","4.5","7"
"","575.3000000007451","PERMA_04","PERMA","html-slider-response","1093","802989","0.0-1135.0-0.0","<div class='justified'>4. En general, ¿Con qué frecuencia te sientes ansioso(a)?</div><br>","4.5","8"
"","533.5999999996275","PERMA_05","PERMA","html-slider-response","1094","803526","0.0-1136.0-0.0","<div class='justified'>5. ¿Con qué frecuencia alcanzas las metas que te has fijado?</div><br>","4.5","1"
"","550.4000000003725","PERMA_06","PERMA","html-slider-response","1095","804080","0.0-1137.0-0.0","<div class='justified'>6. En general, ¿Cómo dirías que es tu salud?</div><br>","4.5","5"
"","530.8000000007451","PERMA_07","PERMA","html-slider-response","1096","804616","0.0-1138.0-0.0","<div class='justified'>7. En general, ¿En qué medida sientes que llevas una vida con propósito y sentido?</div><br>","4.5","10"
"","530.1999999992549","PERMA_08","PERMA","html-slider-response","1097","805151","0.0-1139.0-0.0","<div class='justified'>8. ¿En qué medida recibes ayuda y apoyo de otros cuando lo necesitas?</div><br>","4.5","8"
"","527.6999999992549","PERMA_09","PERMA","html-slider-response","1098","805682","0.0-1140.0-0.0","<div class='justified'>9. En general, ¿En qué medida sientes que lo que haces en tu vida es valioso?</div><br>","4.5","7"
"","526.5","PERMA_10","PERMA","html-slider-response","1099","806212","0.0-1141.0-0.0","<div class='justified'>10. En general, ¿Hasta qué punto te sientes emocionado(a) e interesado(a) por las cosas?</div><br>","4.5","3"
"","550.4000000003725","PERMA_11","PERMA","html-slider-response","1100","806766","0.0-1142.0-0.0","<div class='justified'>11. ¿Qué tan solo te sientes en tu vida diaria?</div><br>","4.5","9"
"","543.2000000011176","PERMA_12","PERMA","html-slider-response","1101","807313","0.0-1143.0-0.0","<div class='justified'>12. ¿Qué tan satisfecho(a) estás con tu estado (salud) físico actual?</div><br>","4.5","10"
"","558","PERMA_13","PERMA","html-slider-response","1102","807875","0.0-1144.0-0.0","<div class='justified'>13. En general, ¿Con qué frecuencia te sientes positivo(a)?</div><br>","4.5","1"
"","566.0999999996275","PERMA_14","PERMA","html-slider-response","1103","808444","0.0-1145.0-0.0","<div class='justified'>14.  En general, ¿Con qué frecuencia te sientes enojado(a)?</div><br>","4.5","9"
"","556","PERMA_15","PERMA","html-slider-response","1104","809004","0.0-1146.0-0.0","<div class='justified'>15. ¿Con qué frecuencia eres capaz de manejar tus responsabilidades?</div><br>","4.5","6"
"","559","PERMA_16","PERMA","html-slider-response","1105","809566","0.0-1147.0-0.0","<div class='justified'>16. En general, ¿Con qué frecuencia te sientes  triste?</div><br>","4.5","4"
"","799","PERMA_17","PERMA","html-slider-response","1106","810369","0.0-1148.0-0.0","<div class='justified'>17. ¿Con qué frecuencia pierdes la noción del tiempo haciendo algo que disfrutas?</div><br>","4.5","10"
"","550.8000000007451","PERMA_18","PERMA","html-slider-response","1107","810925","0.0-1149.0-0.0","<div class='justified'>18. En comparación con otras personas de tu misma edad y sexo, ¿Cómo está tu salud?</div><br>","4.5","8"
"","571.2000000011176","PERMA_19","PERMA","html-slider-response","1108","811500","0.0-1150.0-0.0","<div class='justified'>19. ¿Hasta qué punto te sientes querido(a)?</div><br>","4.5","2"
"","541.6000000014901","PERMA_20","PERMA","html-slider-response","1109","812045","0.0-1151.0-0.0","<div class='justified'>20. En general, ¿Hasta qué punto sientes que tienes un propósito en la vida?</div><br>","4.5","8"
"","506.90000000037253","PERMA_21","PERMA","html-slider-response","1110","812556","0.0-1152.0-0.0","<div class='justified'>21. ¿Qué tan satisfecho(a) estás con tus relaciones personales?</div><br>","4.5","6"
"","542","PERMA_22","PERMA","html-slider-response","1111","813101","0.0-1153.0-0.0","<div class='justified'>22. En general, ¿Hasta qué punto te sientes completo(a)?</div><br>","4.5","7"
"","612.5999999996275","PERMA_23","PERMA","html-slider-response","1112","813717","0.0-1154.0-0.0","<div class='justified'>23. Tomando todas las cosas juntas, ¿Qué tan feliz dirías que eres?</div><br>","4.5","10"
