"view_history","rt","trialid","procedure","trial_type","trial_index","time_elapsed","internal_node_id","stimulus","response","question_order"
"[{""page_index"":0,""viewing_time"":515}]","515","Instructions_01","SPM2","instructions","1412","1021123","0.0-1505.0-0.0","","",""
"","829","SPM2_001","SPM2","survey-multi-choice","1413","1021957","0.0-1506.0-0.0","{""Q0"":""Yo me abrumo o me distraigo en las tiendas por todas las cosas que se ven en las vitrinas.""}","{""Q0"":"" Frecuentemente""}","[0]"
"","717.9000000003725","SPM2_002","SPM2","survey-multi-choice","1414","1022679","0.0-1507.0-0.0","{""Q0"":""La luz brillante me fastidia.""}","{""Q0"":"" Nunca""}","[0]"
"","775.7999999988824","SPM2_003","SPM2","survey-multi-choice","1415","1023459","0.0-1508.0-0.0","{""Q0"":""Yo me tropiezo con las cosas o con la gente porque no me doy cuenta de que están a mi paso (en mi camino).""}","{""Q0"":"" Ocasionalmente""}","[0]"
"","824.5999999996275","SPM2_004","SPM2","survey-multi-choice","1416","1024288","0.0-1509.0-0.0","{""Q0"":""Las luces que parpadean me fastidian.""}","{""Q0"":"" Nunca""}","[0]"
"","851.3000000007451","SPM2_005","SPM2","survey-multi-choice","1417","1025147","0.0-1510.0-0.0","{""Q0"":""Yo me distraigo por cosas que veo cerca de mí como objetos en la pared o gente moviéndose alrededor.""}","{""Q0"":"" Siempre""}","[0]"
"","1035","SPM2_006","SPM2","survey-multi-choice","1418","1026190","0.0-1511.0-0.0","{""Q0"":""Yo tengo problemas para encontrar objetos en un estante.""}","{""Q0"":"" Ocasionalmente""}","[0]"
"","854.5","SPM2_007","SPM2","survey-multi-choice","1419","1027049","0.0-1512.0-0.0","{""Q0"":""Yo tengo problemas para percibir los letreros de las calles o las señales de tránsito cuando estoy en un lugar nuevo.""}","{""Q0"":"" Nunca""}","[0]"
"","791.3999999985099","SPM2_008","SPM2","survey-multi-choice","1420","1027846","0.0-1513.0-0.0","{""Q0"":""Yo pierdo mi lugar cuando muevo la vista de un sitio a otro, por ejemplo copiando lo de la pizarra al escritorio o leyendo de una línea de texto a la siguiente.""}","{""Q0"":"" Nunca""}","[0]"
"","787.0999999996275","SPM2_009","SPM2","survey-multi-choice","1421","1028637","0.0-1514.0-0.0","{""Q0"":""Yo tengo dificultad para juzgar (medir) la velocidad de autos que se acercan.""}","{""Q0"":"" Siempre""}","[0]"
"","735.5999999996275","SPM2_010","SPM2","survey-multi-choice","1422","1029378","0.0-1515.0-0.0","{""Q0"":""Yo tengo dificultad para entender información en forma visual como diagramas y mapas.""}","{""Q0"":"" Ocasionalmente""}","[0]"
"","764.0999999996275","SPM2_011","SPM2","survey-multi-choice","1423","1030146","0.0-1516.0-0.0","{""Q0"":""Los sonidos fuertes, como el de una aspiradora o de una máquina de cortar el césped, me molestan tanto que quiero irme del sitio o taparme los oídos.""}","{""Q0"":"" Nunca""}","[0]"
"","736.9000000003725","SPM2_012","SPM2","survey-multi-choice","1424","1030889","0.0-1517.0-0.0","{""Q0"":""Me gusta hacer ciertos sonidos repetidamente como tararear, cantar, o gritar.""}","{""Q0"":"" Frecuentemente""}","[0]"
"","778.3999999985099","SPM2_013","SPM2","survey-multi-choice","1425","1031672","0.0-1518.0-0.0","{""Q0"":""Yo evito los lugares donde hay música o ruido fuerte.""}","{""Q0"":"" Ocasionalmente""}","[0]"
"","745.5","SPM2_014","SPM2","survey-multi-choice","1426","1032423","0.0-1519.0-0.0","{""Q0"":""Yo tengo dificultad para determinar de donde provienen los sonidos o las voces.""}","{""Q0"":"" Nunca""}","[0]"
"","746.2000000011176","SPM2_015","SPM2","survey-multi-choice","1427","1033174","0.0-1520.0-0.0","{""Q0"":""Yo tengo dificultad para enfocarme en una película cuando hay ruidos cerca como el de gente abriendo envases de comida.""}","{""Q0"":"" Siempre""}","[0]"
"","777.5999999996275","SPM2_016","SPM2","survey-multi-choice","1428","1033956","0.0-1521.0-0.0","{""Q0"":""Los sonidos agudos, como de silbatos o aparatos para hacer bulla en las fiestas, me molestan.""}","{""Q0"":"" Nunca""}","[0]"
"","759.7000000011176","SPM2_017","SPM2","survey-multi-choice","1429","1034721","0.0-1522.0-0.0","{""Q0"":""Yo noto sonidos que los demás no notan.""}","{""Q0"":"" Siempre""}","[0]"
"","784.0999999996275","SPM2_018","SPM2","survey-multi-choice","1430","1035509","0.0-1523.0-0.0","{""Q0"":""La gente me dice que yo no les oigo cuando llaman mi nombre.""}","{""Q0"":"" Frecuentemente""}","[0]"
"","748.6999999992549","SPM2_019","SPM2","survey-multi-choice","1431","1036264","0.0-1524.0-0.0","{""Q0"":""Yo me distraigo fácilmente con ruidos sutiles en el ambiente como el ruido del aire acondicionado o del refrigerador.""}","{""Q0"":"" Ocasionalmente""}","[0]"
"","775.7999999988824","SPM2_020","SPM2","survey-multi-choice","1432","1037044","0.0-1525.0-0.0","{""Q0"":""Los sonidos fuertes o inesperados me hacen sobresaltar fácilmente.""}","{""Q0"":"" Siempre""}","[0]"
"","772.8000000007451","SPM2_021","SPM2","survey-multi-choice","1433","1037822","0.0-1526.0-0.0","{""Q0"":""Las comidas que tienen ciertas texturas me disgustan.""}","{""Q0"":"" Frecuentemente""}","[0]"
"","755.3999999985099","SPM2_022","SPM2","survey-multi-choice","1434","1038582","0.0-1527.0-0.0","{""Q0"":""Yo tengo dificultad para encontrar cosas en un bolsillo, una bolsa, o una mochila sin mirar.""}","{""Q0"":"" Frecuentemente""}","[0]"
"","736.5","SPM2_023","SPM2","survey-multi-choice","1435","1039323","0.0-1528.0-0.0","{""Q0"":""La sensación de ciertas ropas me disgusta.""}","{""Q0"":"" Ocasionalmente""}","[0]"
"","777.6999999992549","SPM2_024","SPM2","survey-multi-choice","1436","1040106","0.0-1529.0-0.0","{""Q0"":""Otros tienen que decirme cuando necesito limpiarme algo de la cara porque yo no me doy cuenta de eso.""}","{""Q0"":"" Frecuentemente""}","[0]"
"","727.5999999996275","SPM2_025","SPM2","survey-multi-choice","1437","1040839","0.0-1530.0-0.0","{""Q0"":""No me gusta la sensación de cortarme las uñas de las manos o pies.""}","{""Q0"":"" Ocasionalmente""}","[0]"
"","767.5999999996275","SPM2_026","SPM2","survey-multi-choice","1438","1041611","0.0-1531.0-0.0","{""Q0"":""Las sensaciones que tengo al cepillarme los dientes me hacen tener arcadas.""}","{""Q0"":"" Nunca""}","[0]"
"","781.9000000003725","SPM2_027","SPM2","survey-multi-choice","1439","1042397","0.0-1532.0-0.0","{""Q0"":""La comida tiene que estar exactamente a la temperatura correcta para que yo me la coma.""}","{""Q0"":"" Siempre""}","[0]"
"","737.3000000007451","SPM2_028","SPM2","survey-multi-choice","1440","1043138","0.0-1533.0-0.0","{""Q0"":""Yo tengo dificultad para sentir cuando mi ropa, por ejemplo mi camisa, se ha enrollado en mi cuerpo.""}","{""Q0"":"" Siempre""}","[0]"
"","763","SPM2_029","SPM2","survey-multi-choice","1441","1043906","0.0-1534.0-0.0","{""Q0"":""Yo toso porque tengo problemas para sentir la comida o los líquidos deslizarse por mi garganta.""}","{""Q0"":"" Frecuentemente""}","[0]"
"","847.4000000003725","SPM2_030","SPM2","survey-multi-choice","1442","1044761","0.0-1535.0-0.0","{""Q0"":""Yo tengo dificultad para darme cuenta que algo está demasiado caliente y me quemo por accidente.""}","{""Q0"":"" Siempre""}","[0]"
"","784.5","SPM2_031","SPM2","survey-multi-choice","1443","1045553","0.0-1536.0-0.0","{""Q0"":""No me gusta probar comidas nuevas.""}","{""Q0"":"" Ocasionalmente""}","[0]"
"","862","SPM2_032","SPM2","survey-multi-choice","1444","1046420","0.0-1537.0-0.0","{""Q0"":""Los sabores de ciertas comidas me disgustan.""}","{""Q0"":"" Nunca""}","[0]"
"","793.9000000003725","SPM2_033","SPM2","survey-multi-choice","1445","1047219","0.0-1538.0-0.0","{""Q0"":""Cuando me encuentro con algo nuevo, me gusta olerlo.""}","{""Q0"":"" Ocasionalmente""}","[0]"
"","774.0999999996275","SPM2_034","SPM2","survey-multi-choice","1446","1047999","0.0-1539.0-0.0","{""Q0"":""Yo noto fragancias u olores que otros no notan.""}","{""Q0"":"" Siempre""}","[0]"
"","811.0999999996275","SPM2_035","SPM2","survey-multi-choice","1447","1048815","0.0-1540.0-0.0","{""Q0"":""Yo evito estar con grupos de gente en sitios encerrados, como en los ascensores o en habitaciones atestadas (saturadas), debido al olor.""}","{""Q0"":"" Siempre""}","[0]"
"","975.5999999996275","SPM2_036","SPM2","survey-multi-choice","1448","1049795","0.0-1541.0-0.0","{""Q0"":""No me gusta comer en restaurantes debido a los diferentes olores y sabores.""}","{""Q0"":"" Siempre""}","[0]"
"","787.6000000014901","SPM2_037","SPM2","survey-multi-choice","1449","1050586","0.0-1542.0-0.0","{""Q0"":""Yo evito las comidas que tengan un sabor o un olor muy fuerte.""}","{""Q0"":"" Nunca""}","[0]"
"","833.3000000007451","SPM2_038","SPM2","survey-multi-choice","1450","1051425","0.0-1543.0-0.0","{""Q0"":""Pensar en los olores de comida que no me gustan me hace tener arcadas.""}","{""Q0"":"" Nunca""}","[0]"
"","768","SPM2_039","SPM2","survey-multi-choice","1451","1052202","0.0-1544.0-0.0","{""Q0"":""Los olores de ciertas comidas me molestan o me disgustan.""}","{""Q0"":"" Nunca""}","[0]"
"","757.4000000003725","SPM2_040","SPM2","survey-multi-choice","1452","1052969","0.0-1545.0-0.0","{""Q0"":""Me fastidian olores que a los demás no les molestan.""}","{""Q0"":"" Siempre""}","[0]"
"","746.4000000003725","SPM2_041","SPM2","survey-multi-choice","1453","1053719","0.0-1546.0-0.0","{""Q0"":""Yo tiendo a usar demasiada presión para la tarea que estoy haciendo, por ejemplo rompo las puntas de los lápices al escribir.""}","{""Q0"":"" Nunca""}","[0]"
"","738.4000000003725","SPM2_042","SPM2","survey-multi-choice","1454","1054462","0.0-1547.0-0.0","{""Q0"":""Yo muerdo cosas como los lápices o la ropa repetidamente.""}","{""Q0"":"" Ocasionalmente""}","[0]"
"","753.0999999996275","SPM2_043","SPM2","survey-multi-choice","1455","1055219","0.0-1548.0-0.0","{""Q0"":""Yo tiro la pelota con demasiada o con muy poca fuerza para embocarla.""}","{""Q0"":"" Frecuentemente""}","[0]"
"","795","SPM2_044","SPM2","survey-multi-choice","1456","1056019","0.0-1549.0-0.0","{""Q0"":""Yo tiendo a derramar o botar las cosas que llevo en una azafate (bandeja).""}","{""Q0"":"" Frecuentemente""}","[0]"
"","807.8000000007451","SPM2_045","SPM2","survey-multi-choice","1457","1056832","0.0-1550.0-0.0","{""Q0"":""Yo manejo los recipientes tan bruscamente o tan fuerte que se abollan, se rompen, o derraman.""}","{""Q0"":"" Frecuentemente""}","[0]"
"","759.7000000011176","SPM2_046","SPM2","survey-multi-choice","1458","1057596","0.0-1551.0-0.0","{""Q0"":""Yo agarro las cosas de un modo tan suelto que se me caen de la mano.""}","{""Q0"":"" Siempre""}","[0]"
"","751.4000000003725","SPM2_047","SPM2","survey-multi-choice","1459","1058352","0.0-1552.0-0.0","{""Q0"":""Los demás se quejan de que yo empujo, pateo, abrazo, o pego demasiado fuerte.""}","{""Q0"":"" Nunca""}","[0]"
"","724.0999999996275","SPM2_048","SPM2","survey-multi-choice","1460","1059082","0.0-1553.0-0.0","{""Q0"":""Yo rompo las cosas al presionarlas, jalarlas, o empujarlas demasiado fuerte.""}","{""Q0"":"" Nunca""}","[0]"
"","729","SPM2_049","SPM2","survey-multi-choice","1461","1059815","0.0-1554.0-0.0","{""Q0"":""Me gusta chocar mi cuerpo contra cosas.""}","{""Q0"":"" Nunca""}","[0]"
"","887.0999999996275","SPM2_050","SPM2","survey-multi-choice","1462","1060706","0.0-1555.0-0.0","{""Q0"":""Yo vuelco (derramo) las cosas por accidente.""}","{""Q0"":"" Siempre""}","[0]"
"","771.2000000011176","SPM2_051","SPM2","survey-multi-choice","1463","1061482","0.0-1556.0-0.0","{""Q0"":""No me gustan las actividades que me hagan echar la cabeza hacia atrás como para mirar algo que este encima o para enjuagarme el cabello.""}","{""Q0"":"" Ocasionalmente""}","[0]"
"","811.8999999985099","SPM2_052","SPM2","survey-multi-choice","1464","1062301","0.0-1557.0-0.0","{""Q0"":""Yo evito caminar sobre superficies desiguales que requieren equilibrio como la tierra o el pasto.""}","{""Q0"":"" Frecuentemente""}","[0]"
"","735.3000000007451","SPM2_053","SPM2","survey-multi-choice","1465","1063041","0.0-1558.0-0.0","{""Q0"":""Yo me tropiezo, me caigo, o pierdo el equilibrio al correr o hacer deportes.""}","{""Q0"":"" Frecuentemente""}","[0]"
"","736.3000000007451","SPM2_054","SPM2","survey-multi-choice","1466","1063782","0.0-1559.0-0.0","{""Q0"":""Yo tengo dificultad manteniendo el equilibrio al montar bicicleta o patinar.""}","{""Q0"":"" Nunca""}","[0]"
"","709.5999999996275","SPM2_055","SPM2","survey-multi-choice","1467","1064496","0.0-1560.0-0.0","{""Q0"":""Yo me siento incómodo(a) en escaleras o en escaleras de mano (mecánicas).""}","{""Q0"":"" Frecuentemente""}","[0]"
"","714.4000000003725","SPM2_056","SPM2","survey-multi-choice","1468","1065217","0.0-1561.0-0.0","{""Q0"":""Cuando pierdo el equilibrio, tengo problemas para sujetarme a tiempo para no caer.""}","{""Q0"":"" Siempre""}","[0]"
"","713.5","SPM2_057","SPM2","survey-multi-choice","1469","1065936","0.0-1562.0-0.0","{""Q0"":""Yo pierdo el equilibrio o me caigo de mi silla al sentarme al escritorio o una mesa.""}","{""Q0"":"" Nunca""}","[0]"
"","733.1999999992549","SPM2_058","SPM2","survey-multi-choice","1470","1066673","0.0-1563.0-0.0","{""Q0"":""Yo me mareo cuando giro mi cabeza de un lado a otro como al mirar en ambos sentidos antes de cruzar una calle.""}","{""Q0"":"" Nunca""}","[0]"
"","739.1999999992549","SPM2_059","SPM2","survey-multi-choice","1471","1067417","0.0-1564.0-0.0","{""Q0"":""Yo tengo dificultad para mirar algo mientras mi cabeza está en movimiento como por ejemplo al correr para agarrar una pelota.""}","{""Q0"":"" Frecuentemente""}","[0]"
"","733.9000000003725","SPM2_060","SPM2","survey-multi-choice","1472","1068156","0.0-1565.0-0.0","{""Q0"":""Me incomoda cuando tengo que sentarme en un asiento sin respaldo.""}","{""Q0"":"" Siempre""}","[0]"
"","738.5999999996275","SPM2_061","SPM2","survey-multi-choice","1473","1068900","0.0-1566.0-0.0","{""Q0"":""Yo necesito más práctica que los demás para adquirir una habilidad nueva.""}","{""Q0"":"" Siempre""}","[0]"
"","772.1999999992549","SPM2_062","SPM2","survey-multi-choice","1474","1069676","0.0-1567.0-0.0","{""Q0"":""Yo tengo dificultad para que mis dos manos funcionen (coordinen) en conjunto cuando tengo que hacer tareas tales como abrir un envase o envolver un regalo.""}","{""Q0"":"" Nunca""}","[0]"
"","822.0999999996275","SPM2_063","SPM2","survey-multi-choice","1475","1070502","0.0-1568.0-0.0","{""Q0"":""Yo tengo dificultad para seguir los pasos de una tarea nueva, como los de una receta o de un manual de reparaciones.""}","{""Q0"":"" Ocasionalmente""}","[0]"
"","769.1999999992549","SPM2_064","SPM2","survey-multi-choice","1476","1071275","0.0-1569.0-0.0","{""Q0"":""Yo tengo problemas para generar ideas para nuevas actividades o juegos.""}","{""Q0"":"" Ocasionalmente""}","[0]"
"","1022.7000000011176","SPM2_065","SPM2","survey-multi-choice","1477","1072304","0.0-1570.0-0.0","{""Q0"":""Yo prefiero repetir actividades una y otra vez de la misma forma en vez de cambiar algo.""}","{""Q0"":"" Nunca""}","[0]"
"","760.2000000011176","SPM2_066","SPM2","survey-multi-choice","1478","1073068","0.0-1571.0-0.0","{""Q0"":""Cuando participo en deportes me es dificil patear o agarrar la pelota exactamente en el momento preciso.""}","{""Q0"":"" Ocasionalmente""}","[0]"
"","833","SPM2_067","SPM2","survey-multi-choice","1479","1073906","0.0-1572.0-0.0","{""Q0"":""Yo tengo dificultad para planificar como cargar con varias cosas al mismo tiempo.""}","{""Q0"":"" Frecuentemente""}","[0]"
"","736.4000000003725","SPM2_068","SPM2","survey-multi-choice","1480","1074648","0.0-1573.0-0.0","{""Q0"":""Yo tengo problemas para completar en el orden correcto los pasos de rutinas familiares, como vestirme o preparar el desayuno.""}","{""Q0"":"" Frecuentemente""}","[0]"
"","775.7000000011176","SPM2_069","SPM2","survey-multi-choice","1481","1075428","0.0-1574.0-0.0","{""Q0"":""Me es difícil mantener un cuaderno, o una mochila organizados.""}","{""Q0"":"" Frecuentemente""}","[0]"
"","751.3000000007451","SPM2_070","SPM2","survey-multi-choice","1482","1076185","0.0-1575.0-0.0","{""Q0"":""Yo necesito decir los pasos de una tarea dentro de mi mismo mientras la estoy haciendo.""}","{""Q0"":"" Siempre""}","[0]"
"","769.9000000003725","SPM2_071","SPM2","survey-multi-choice","1483","1076959","0.0-1576.0-0.0","{""Q0"":""Yo me llevo bien fácilmente con mis compañeros de clase sin hacer dramas o discutir.""}","{""Q0"":"" Siempre""}","[0]"
"","763.8000000007451","SPM2_072","SPM2","survey-multi-choice","1484","1077727","0.0-1577.0-0.0","{""Q0"":""Yo me llevo bien con los adultos que son parte de mi vida.""}","{""Q0"":"" Frecuentemente""}","[0]"
"","753.0999999996275","SPM2_073","SPM2","survey-multi-choice","1485","1078485","0.0-1578.0-0.0","{""Q0"":""Yo disfruto estando con mis amigos.""}","{""Q0"":"" Ocasionalmente""}","[0]"
"","720","SPM2_074","SPM2","survey-multi-choice","1486","1079209","0.0-1579.0-0.0","{""Q0"":""Yo disfruto participando en reuniones familiares como en días feriados o para las fiestas.""}","{""Q0"":"" Siempre""}","[0]"
"","775","SPM2_075","SPM2","survey-multi-choice","1487","1079988","0.0-1580.0-0.0","{""Q0"":""Me es difícil hacer contacto visual con la gente cuando les hablo.""}","{""Q0"":"" Siempre""}","[0]"
"","711.3000000007451","SPM2_076","SPM2","survey-multi-choice","1488","1080704","0.0-1581.0-0.0","{""Q0"":""La gente me dice que yo me paro o me siento demasiado cerca de ellos.""}","{""Q0"":"" Frecuentemente""}","[0]"
"","746.5","SPM2_077","SPM2","survey-multi-choice","1489","1081455","0.0-1582.0-0.0","{""Q0"":""Yo me uno a actividades con otros sin perturbar la actividad que está en progreso.""}","{""Q0"":"" Nunca""}","[0]"
"","771.8000000007451","SPM2_078","SPM2","survey-multi-choice","1490","1082230","0.0-1583.0-0.0","{""Q0"":""Yo me quedo (atascado) pegado en un mismo tema cuando hablo con otros.""}","{""Q0"":"" Siempre""}","[0]"
"","767.0999999996275","SPM2_079","SPM2","survey-multi-choice","1491","1083002","0.0-1584.0-0.0","{""Q0"":""Los demás me dicen que parezco estar ignorando a la gente, cuando en realidad yo ni siquiera me había dado cuenta de que estaban ahí.""}","{""Q0"":"" Ocasionalmente""}","[0]"
"","752.5999999996275","SPM2_080","SPM2","survey-multi-choice","1492","1083760","0.0-1585.0-0.0","{""Q0"":""La gente me dice que yo hablo con voz demasiado suave o demasiado alta.""}","{""Q0"":"" Nunca""}","[0]"
