"view_history","rt","trialid","procedure","trial_type","trial_index","time_elapsed","internal_node_id","stimulus","response"
"[{""page_index"":0,""viewing_time"":490}]","490","Instructions_01","SRA","instructions","1522","1108462","0.0-1588.0-0.0","",""
"","1015","SRA_01","SRA","survey-multi-choice-vertical","1523","1109500","0.0-1589.0-0.0","{""Q0"":""1. He ayudado a sacar el coche de un extraño de la nieve.""}","{""Q0"":"" Más de una vez""}"
"","998","SRA_02","SRA","survey-multi-choice-vertical","1524","1110511","0.0-1590.0-0.0","{""Q0"":""2. Le he dado instrucciones a un extraño.""}","{""Q0"":"" Más de una vez""}"
"","876","SRA_03","SRA","survey-multi-choice-vertical","1525","1111398","0.0-1591.0-0.0","{""Q0"":""3. He hecho cambios por un extraño.""}","{""Q0"":"" Nunca""}"
"","852","SRA_04","SRA","survey-multi-choice-vertical","1526","1112263","0.0-1592.0-0.0","{""Q0"":""4. He dado dinero a una organización benéfica.""}","{""Q0"":"" Más de una vez""}"
"","854","SRA_05","SRA","survey-multi-choice-vertical","1527","1113130","0.0-1593.0-0.0","{""Q0"":""5. Le di dinero a un extraño que lo necesitaba (o me lo pidió).""}","{""Q0"":"" Muy a menudo""}"
"","898","SRA_06","SRA","survey-multi-choice-vertical","1528","1114043","0.0-1594.0-0.0","{""Q0"":""6. He donado artículos o ropa a una organización benéfica.""}","{""Q0"":"" Una vez""}"
"","854","SRA_07","SRA","survey-multi-choice-vertical","1529","1114909","0.0-1595.0-0.0","{""Q0"":""7. He realizado trabajo voluntario para una organización benéfica.""}","{""Q0"":"" A menudo""}"
"","833","SRA_08","SRA","survey-multi-choice-vertical","1530","1115760","0.0-1596.0-0.0","{""Q0"":""8. He donado sangre.""}","{""Q0"":"" Una vez""}"
"","819","SRA_09","SRA","survey-multi-choice-vertical","1531","1116593","0.0-1597.0-0.0","{""Q0"":""9. He ayudado a llevar las pertenencias de un extraño (libros, paquetes, etc.).""}","{""Q0"":"" A menudo""}"
"","849","SRA_10","SRA","survey-multi-choice-vertical","1532","1117453","0.0-1598.0-0.0","{""Q0"":""10. He retrasado un ascensor y mantuve la puerta abierta para un extraño.""}","{""Q0"":"" A menudo""}"
"","897","SRA_11","SRA","survey-multi-choice-vertical","1533","1118364","0.0-1599.0-0.0","{""Q0"":""11. Permití que alguien se adelantara a mí en una fila (por ejemplo: en un banco, en el supermercado, etc).""}","{""Q0"":"" Una vez""}"
"","875","SRA_12","SRA","survey-multi-choice-vertical","1534","1119252","0.0-1600.0-0.0","{""Q0"":""12. He dado a un extraño un aventón en mi auto.""}","{""Q0"":"" Una vez""}"
"","849","SRA_13","SRA","survey-multi-choice-vertical","1535","1120113","0.0-1601.0-0.0","{""Q0"":""13. He señalado el error de un empleado (por ejemplo: en un banco, en el supermercado, etc) al cobrar menos por un artículo.""}","{""Q0"":"" Muy a menudo""}"
"","927","SRA_14","SRA","survey-multi-choice-vertical","1536","1121051","0.0-1602.0-0.0","{""Q0"":""14. Dejé que un vecino a quien no conocía demasiado bien, tomara prestado un artículo de algún valor para mí (por ejemplo: un plato, herramientas, etc).""}","{""Q0"":"" Una vez""}"
"","808","SRA_15","SRA","survey-multi-choice-vertical","1537","1121879","0.0-1603.0-0.0","{""Q0"":""15. He comprado tarjetas de Navidad \""benéficas\"" deliberadamente porque sabía que era una buena causa.""}","{""Q0"":"" Una vez""}"
"","889","SRA_16","SRA","survey-multi-choice-vertical","1538","1122783","0.0-1604.0-0.0","{""Q0"":""16. He ayudado a un compañero de clase que no conocía muy bien con una tarea cuando mi conocimiento era mayor que el de él o ella.""}","{""Q0"":"" Más de una vez""}"
"","877","SRA_17","SRA","survey-multi-choice-vertical","1539","1123672","0.0-1605.0-0.0","{""Q0"":""17. Antes de que me pidieran, he cuidado voluntariamente las mascotas o los niños de un vecino sin ser pagado por ello.""}","{""Q0"":"" Nunca""}"
"","903","SRA_18","SRA","survey-multi-choice-vertical","1540","1124595","0.0-1606.0-0.0","{""Q0"":""18. Me he ofrecido a ayudar a un extraño discapacitado o anciano a cruzar la calle.""}","{""Q0"":"" Una vez""}"
"","961","SRA_19","SRA","survey-multi-choice-vertical","1541","1125566","0.0-1607.0-0.0","{""Q0"":""19. Le ofrecí mi asiento en un autobús o tren a un extraño que estaba parado.""}","{""Q0"":"" Una vez""}"
"","807","SRA_20","SRA","survey-multi-choice-vertical","1542","1126389","0.0-1608.0-0.0","{""Q0"":""20. He ayudado a un conocido a mudarse de hogar.""}","{""Q0"":"" Muy a menudo""}"
