"view_history","rt","trialid","procedure","trial_type","trial_index","time_elapsed","internal_node_id","stimulus","response","question_order"
"[{""page_index"":0,""viewing_time"":671}]","671","Instructions_001","SWBS","instructions","566","636445","0.0-645.0-0.0","","",""
"","1211.5","SWBS_001","SWBS","survey-multi-choice","567","637659","0.0-646.0-0.0","{""Q0"":""Siento que soy parte importante de mi comunidad.""}","{""Q0"":"" Totalmente de acuerdo""}","[0]"
"","1191","SWBS_002","SWBS","survey-multi-choice","568","638855","0.0-647.0-0.0","{""Q0"":""Creo que la gente me valora como persona.""}","{""Q0"":"" Totalmente de acuerdo""}","[0]"
"","1075.8999999999069","SWBS_003","SWBS","survey-multi-choice","569","639936","0.0-648.0-0.0","{""Q0"":""Si tengo algo que decir, creo que la mayoría de la gente me escucharía.""}","{""Q0"":"" Un poco en desacuerdo""}","[0]"
"","1094.6000000000931","SWBS_004","SWBS","survey-multi-choice","570","641033","0.0-649.0-0.0","{""Q0"":""Me siento cercana/o a otra gente.""}","{""Q0"":"" Totalmente de acuerdo""}","[0]"
"","1078.7999999998137","SWBS_005","SWBS","survey-multi-choice","571","642114","0.0-650.0-0.0","{""Q0"":""Si tuviera algo que decir, pienso que la gente no se lo tomaría en serio.""}","{""Q0"":"" Ni de acuerdo ni en desacuerdo""}","[0]"
"","1110.1000000000931","SWBS_006","SWBS","survey-multi-choice","572","643227","0.0-651.0-0.0","{""Q0"":""No me siento pertenecer a ningún grupo social.""}","{""Q0"":"" Un poco en desacuerdo""}","[0]"
"","1066","SWBS_007","SWBS","survey-multi-choice","573","644296","0.0-652.0-0.0","{""Q0"":""La sociedad en la que vivo es una fuente de bienestar.""}","{""Q0"":"" Un poco de acuerdo""}","[0]"
"","1154.9000000001397","SWBS_008","SWBS","survey-multi-choice","574","645454","0.0-653.0-0.0","{""Q0"":""Creo que la gente no es de fiar.""}","{""Q0"":"" Totalmente en desacuerdo""}","[0]"
"","1259.3999999999069","SWBS_009","SWBS","survey-multi-choice","575","646710","0.0-654.0-0.0","{""Q0"":""Creo que las personas sólo piensan en sí mismas.""}","{""Q0"":"" Ni de acuerdo ni en desacuerdo""}","[0]"
"","1133.0999999998603","SWBS_010","SWBS","survey-multi-choice","576","647848","0.0-655.0-0.0","{""Q0"":""Creo que no se debe confiar en la gente.""}","{""Q0"":"" Totalmente de acuerdo""}","[0]"
"","1089","SWBS_011","SWBS","survey-multi-choice","577","648940","0.0-656.0-0.0","{""Q0"":""Creo que la gente es egoísta.""}","{""Q0"":"" Un poco de acuerdo""}","[0]"
"","1083.6999999999534","SWBS_012","SWBS","survey-multi-choice","578","650027","0.0-657.0-0.0","{""Q0"":""Hoy en día, la gente es cada vez más deshonesta.""}","{""Q0"":"" Ni de acuerdo ni en desacuerdo""}","[0]"
"","1147.3999999999069","SWBS_013","SWBS","survey-multi-choice","579","651178","0.0-658.0-0.0","{""Q0"":""Las personas no se preocupan de los problemas de otros.""}","{""Q0"":"" Un poco de acuerdo""}","[0]"
"","1150.5","SWBS_014","SWBS","survey-multi-choice","580","652332","0.0-659.0-0.0","{""Q0"":""Creo que las personas son amables.""}","{""Q0"":"" Ni de acuerdo ni en desacuerdo""}","[0]"
"","1146","SWBS_015","SWBS","survey-multi-choice","581","653482","0.0-660.0-0.0","{""Q0"":""Las personas no esperan nada a cambio cuando hacen un favor.""}","{""Q0"":"" Totalmente en desacuerdo""}","[0]"
"","1174.8999999999069","SWBS_016","SWBS","survey-multi-choice","582","654659","0.0-661.0-0.0","{""Q0"":""Creo que puedo aportar algo al mundo.""}","{""Q0"":"" Un poco en desacuerdo""}","[0]"
"","1138.8000000000466","SWBS_017","SWBS","survey-multi-choice","583","655801","0.0-662.0-0.0","{""Q0"":""No tengo nada importante que ofrecer a la sociedad.""}","{""Q0"":"" Un poco de acuerdo""}","[0]"
"","1089.1999999999534","SWBS_018","SWBS","survey-multi-choice","584","656893","0.0-663.0-0.0","{""Q0"":""Mis actividades diarias no aportan nada que valga la pena a la sociedad.""}","{""Q0"":"" Un poco de acuerdo""}","[0]"
"","1131","SWBS_019","SWBS","survey-multi-choice","585","658027","0.0-664.0-0.0","{""Q0"":""No tengo ni el tiempo ni la energía para aportar algo a la sociedad.""}","{""Q0"":"" Un poco de acuerdo""}","[0]"
"","1131.8000000000466","SWBS_020","SWBS","survey-multi-choice","586","659162","0.0-665.0-0.0","{""Q0"":""Pienso que lo que hago es importante para la sociedad.""}","{""Q0"":"" Un poco en desacuerdo""}","[0]"
"","1145.1999999999534","SWBS_021","SWBS","survey-multi-choice","587","660311","0.0-666.0-0.0","{""Q0"":""Lo que hago tiene alguna influencia sobre otras personas.""}","{""Q0"":"" Totalmente en desacuerdo""}","[0]"
"","1196.7999999998137","SWBS_022","SWBS","survey-multi-choice","588","661512","0.0-667.0-0.0","{""Q0"":""Para mí el progreso social es algo que no existe.""}","{""Q0"":"" Un poco de acuerdo""}","[0]"
"","1122.3000000000466","SWBS_023","SWBS","survey-multi-choice","589","662638","0.0-668.0-0.0","{""Q0"":""La sociedad no ofrece incentivos para gente como yo.""}","{""Q0"":"" Totalmente de acuerdo""}","[0]"
"","1147.6999999999534","SWBS_024","SWBS","survey-multi-choice","590","663790","0.0-669.0-0.0","{""Q0"":""Veo que la sociedad está en continuo desarrollo.""}","{""Q0"":"" Un poco de acuerdo""}","[0]"
"","1092.1000000000931","SWBS_025","SWBS","survey-multi-choice","591","664885","0.0-670.0-0.0","{""Q0"":""No creo que instituciones como la justicia o el gobierno mejoren mi vida.""}","{""Q0"":"" Totalmente de acuerdo""}","[0]"
"","1132.8000000000466","SWBS_026","SWBS","survey-multi-choice","592","666020","0.0-671.0-0.0","{""Q0"":""La sociedad ya no progresa.""}","{""Q0"":"" Un poco de acuerdo""}","[0]"
"","1192.2999999998137","SWBS_027","SWBS","survey-multi-choice","593","667217","0.0-672.0-0.0","{""Q0"":""El mundo es cada vez un lugar mejor para la gente.""}","{""Q0"":"" Totalmente de acuerdo""}","[0]"
"","1128.3999999999069","SWBS_028","SWBS","survey-multi-choice","594","668349","0.0-673.0-0.0","{""Q0"":""No entiendo lo que está pasando en el mundo.""}","{""Q0"":"" Totalmente de acuerdo""}","[0]"
"","1147.5","SWBS_029","SWBS","survey-multi-choice","595","669500","0.0-674.0-0.0","{""Q0"":""El mundo es demasiado complejo para mí.""}","{""Q0"":"" Totalmente de acuerdo""}","[0]"
"","1475.6999999999534","SWBS_030","SWBS","survey-multi-choice","596","670979","0.0-675.0-0.0","{""Q0"":""No merece la pena esforzarse en intentar comprender el mundo en el que vivo.""}","{""Q0"":"" Totalmente de acuerdo""}","[0]"
"","1066.1999999999534","SWBS_031","SWBS","survey-multi-choice","597","672049","0.0-676.0-0.0","{""Q0"":""Muchas culturas son tan extrañas que no puedo comprenderlas.""}","{""Q0"":"" Totalmente en desacuerdo""}","[0]"
"","1088.1999999999534","SWBS_032","SWBS","survey-multi-choice","598","673141","0.0-677.0-0.0","{""Q0"":""Los científicos son los únicos que pueden entender cómo funciona el mundo.""}","{""Q0"":"" Totalmente en desacuerdo""}","[0]"
"","1034.1999999999534","SWBS_033","SWBS","survey-multi-choice","599","674178","0.0-678.0-0.0","{""Q0"":""Me resulta fácil predecir lo que puede suceder en el futuro.""}","{""Q0"":"" Un poco de acuerdo""}","[0]"
