"view_history","rt","trialid","procedure","trial_type","trial_index","time_elapsed","internal_node_id","stimulus","response"
"[{""page_index"":0,""viewing_time"":502}]","503","Instructions_01","UCLA","instructions","1634","1189515","0.0-1734.0-0.0","",""
"","874","UCLA_001","UCLA","survey-multi-choice-vertical","1635","1190410","0.0-1735.0-0.0","{""Q0"":""1. ¿Con qué frecuencia sientes que te falta compañía?""}","{""Q0"":""A veces""}"
"","843","UCLA_002","UCLA","survey-multi-choice-vertical","1636","1191264","0.0-1736.0-0.0","{""Q0"":""2. ¿Con qué frecuencia te sientes dejado fuera?""}","{""Q0"":""Siempre""}"
"","833","UCLA_003","UCLA","survey-multi-choice-vertical","1637","1192107","0.0-1737.0-0.0","{""Q0"":""3. ¿Con qué frecuencia te sientes aislado de los demás?""}","{""Q0"":""Raramente""}"
"","1014","UCLA_004","UCLA","survey-multi-choice-vertical","1638","1193130","0.0-1738.0-0.0","{""Q0"":""4. ¿Con qué frecuencia te sientes solo?""}","{""Q0"":""Raramente""}"
"","809","UCLA_005","UCLA","survey-multi-choice-vertical","1639","1193949","0.0-1739.0-0.0","{""Q0"":""5. ¿Con qué frecuencia sientes que ya no eres cercano a nadie?""}","{""Q0"":""Nunca""}"
"","811","UCLA_006","UCLA","survey-multi-choice-vertical","1640","1194770","0.0-1740.0-0.0","{""Q0"":""6. ¿Con qué frecuencia sientes que nadie te conoce muy bien?""}","{""Q0"":""Siempre""}"
"","802","UCLA_007","UCLA","survey-multi-choice-vertical","1641","1195583","0.0-1741.0-0.0","{""Q0"":""7. ¿Con qué frecuencia sientes que la gente está a tu alrededor, pero no contigo?""}","{""Q0"":""Raramente""}"
"","858","UCLA_008","UCLA","survey-multi-choice-vertical","1642","1196455","0.0-1742.0-0.0","{""Q0"":""8. ¿Con qué frecuencia siente que estás \""en sintonía\"" con las personas que te rodean?""}","{""Q0"":""Raramente""}"
