"view_history","rt","trialid","procedure","trial_type","trial_index","time_elapsed","internal_node_id","stimulus","response"
"[{""page_index"":0,""viewing_time"":539}]","539","Instructions_01","IRS","instructions","829","624151","0.0-822.0-0.0","",""
"","1144","IRS_001","IRS","survey-multi-choice-vertical","830","625303","0.0-823.0-0.0","{""Q0"":""Es importante para mí personalmente ser escéptico sobre las afirmaciones que no están respaldadas por evidencia.""}","{""Q0"":"" 4 Ni acuerdo ni desacuerdo""}"
"","952","IRS_002","IRS","survey-multi-choice-vertical","831","626265","0.0-824.0-0.0","{""Q0"":""Es importante para mí personalmente ser racional y sensato incluso en discusiones acaloradas.""}","{""Q0"":"" 3 En alguna medida en desacuerdo""}"
"","1011","IRS_003","IRS","survey-multi-choice-vertical","832","627285","0.0-825.0-0.0","{""Q0"":""Para mí es importante examinar personalmente las creencias tradicionales utilizando la lógica y la evidencia.""}","{""Q0"":"" 2 En desacuerdo""}"
"","911","IRS_004","IRS","survey-multi-choice-vertical","833","628206","0.0-826.0-0.0","{""Q0"":""Es importante para mí personalmente que pueda justificar mis creencias utilizando argumentos y pruebas racionales.""}","{""Q0"":"" 1 Completamente en desacuerdo""}"
"","931","IRS_005","IRS","survey-multi-choice-vertical","834","629147","0.0-827.0-0.0","{""Q0"":""Es importante para mí personalmente examinar críticamente mis creencias arraigadas.""}","{""Q0"":"" 6 De acuerdo""}"
"","929","IRS_006","IRS","survey-multi-choice-vertical","835","630085","0.0-828.0-0.0","{""Q0"":""Para mí es importante ser una persona racional.""}","{""Q0"":"" 4 Ni acuerdo ni desacuerdo""}"
"[{""page_index"":0,""viewing_time"":393}]","393","Instructions_001","IRS","instructions","836","630480","0.0-829.0-0.0","",""
