"view_history","rt","trialid","procedure","trial_type","trial_index","time_elapsed","internal_node_id","stimulus","response","question_order"
"[{""page_index"":0,""viewing_time"":1049}]","1049","Instructions_01","ASSIST","instructions","178","196982","0.0-250.0-0.0","","",""
"","1954.7000000000698","ASSIST_001","ASSIST","survey-multi-select","179","198942","0.0-251.0-0.0","{""Q0"":""Alguna vez en su vida, ¿Ha consumido alguna de las siguientes sustancias sin receta o indicación médica? (en caso de no haber consumido ninguna no seleccione nada).""}","{""Q0"":[""&nbsp;Marihuana"",""&nbsp;Opiáceos""]}","[0]"
"","1271.7999999999302","ASSIST_015","ASSIST","survey-multi-choice","180","200219","0.0-253.0-0.0-0.2-0.2-0.2","{""Q0"":""En los últimos tres meses ¿Con qué frecuencia ha consumido Marihuana?""}","{""Q0"":"" 1 o 2 veces""}","[0]"
"","1210.8999999999069","ASSIST_016","ASSIST","survey-multi-choice","181","201434","0.0-253.0-0.0-0.2-1.2-0.2","{""Q0"":""En los últimos tres meses, ¿Con qué frecuencia ha tenido fuertes deseos o ansias de consumir Marihuana?""}","{""Q0"":"" Nunca""}","[0]"
"","1376.7999999999302","ASSIST_017","ASSIST","survey-multi-choice","182","202815","0.0-253.0-0.0-0.2-2.2-0.2","{""Q0"":""En los últimos tres meses, ¿con que frecuencia ha tenido problemas de salud, sociales, legales o económicos debido al consumo de Marihuana?""}","{""Q0"":"" Semanalmente""}","[0]"
"","1241.1000000000931","ASSIST_018","ASSIST","survey-multi-choice","183","204059","0.0-253.0-0.0-0.2-3.2-0.2","{""Q0"":""En los últimos tres meses, ¿con que frecuencia ha tenido problemas para cumplir con sus obligaciones habituales a causa del consumo de Marihuana?""}","{""Q0"":"" Nunca""}","[0]"
"","1175.2000000000698","ASSIST_019","ASSIST","survey-multi-choice","184","205239","0.0-253.0-0.0-0.2-4.2-0.2","{""Q0"":""¿Alguna vez amigos, familiares o alguien más le han mostrado preocupación por su consumo de Marihuana?""}","{""Q0"":"" Sí, pero no en los últimos 3 meses""}","[0]"
"","1164.8000000000466","ASSIST_020","ASSIST","survey-multi-choice","185","206408","0.0-253.0-0.0-0.2-5.2-0.2","{""Q0"":""¿Alguna vez ha intentado controlar, reducir o dejar de consumir Marihuana?""}","{""Q0"":"" Sí, pero no en los últimos 3 meses""}","[0]"
"","1715","ASSIST_039","ASSIST","survey-multi-choice","186","208126","0.0-253.0-0.0-0.6-0.6-0.6","{""Q0"":""En los últimos tres meses ¿Con qué frecuencia ha consumido Opiáceos?""}","{""Q0"":"" Nunca""}","[0]"
"","1331.9000000000233","ASSIST_040","ASSIST","survey-multi-choice","187","209462","0.0-253.0-0.0-0.6-1.6-0.6","{""Q0"":""En los últimos tres meses, ¿Con qué frecuencia ha tenido fuertes deseos o ansias de consumir Opiáceos?""}","{""Q0"":"" Nunca""}","[0]"
"","1538.5","ASSIST_041","ASSIST","survey-multi-choice","188","211003","0.0-253.0-0.0-0.6-2.6-0.6","{""Q0"":""En los últimos tres meses, ¿con que frecuencia ha tenido problemas de salud, sociales, legales o económicos debido al consumo de Opiáceos?""}","{""Q0"":"" Diariamente o casi a diario""}","[0]"
"","1419.3000000000466","ASSIST_042","ASSIST","survey-multi-choice","189","212425","0.0-253.0-0.0-0.6-3.6-0.6","{""Q0"":""En los últimos tres meses, ¿con que frecuencia ha tenido problemas para cumplir con sus obligaciones habituales a causa del consumo de Opiáceos?""}","{""Q0"":"" 1 o 2 veces""}","[0]"
"","1066.5","ASSIST_043","ASSIST","survey-multi-choice","190","213495","0.0-253.0-0.0-0.6-4.6-0.6","{""Q0"":""¿Alguna vez amigos, familiares o alguien más le han mostrado preocupación por su consumo de Opiáceos?""}","{""Q0"":"" Sí, pero no en los últimos 3 meses""}","[0]"
"","993.4000000000233","ASSIST_044","ASSIST","survey-multi-choice","191","214492","0.0-253.0-0.0-0.6-5.6-0.6","{""Q0"":""¿Alguna vez ha intentado controlar, reducir o dejar de consumir Opiáceos?""}","{""Q0"":"" No, nunca""}","[0]"
"","940.1999999999534","ASSIST_051","ASSIST","survey-multi-choice","192","215435","0.0-254.0-0.0","{""Q0"":""¿Alguna vez ha consumido alguna droga por vía inyectada?""}","{""Q0"":"" No, nunca""}","[0]"
