"view_history","rt","trialid","procedure","trial_type","trial_index","time_elapsed","internal_node_id","stimulus","button_pressed","condition_within","slider_start","response"
"[{""page_index"":0,""viewing_time"":566},{""page_index"":1,""viewing_time"":501}]","1067","Instructions_01","HRPVBpost","instructions","669","527497","0.0-686.0-0.0","","","","",""
"[{""page_index"":0,""viewing_time"":734}]","734","Instructions_02","HRPVBpost","instructions","670","528238","0.0-687.0-0.0","","","","",""
"","424.09999999962747","HRPVBpost_03_00","HRPVBpost","html-button-response","671","528666","0.0-688.0-0.0-0.0","Hospitalización en cuidados intensivos neonatales","0","Hospitalización en cuidados intensivos neonatales","",""
"","593.6999999992549","HRPVBpost_03_02","HRPVBpost","html-slider-response","672","529263","0.0-688.0-0.0-1.0","vaginal","","Hospitalización en cuidados intensivos neonatales; vaginal","50","53.8"
"","585.3000000007451","HRPVBpost_03_01","HRPVBpost","html-slider-response","673","529852","0.0-688.0-0.0-2.0","cesarea","","Hospitalización en cuidados intensivos neonatales; cesarea","50","53.5"
"","409.2000000011176","HRPVBpost_04_00","HRPVBpost","html-button-response","674","530264","0.0-688.0-0.0-0.1","Dificultades para inicio temprano de lactancia materna","0","Dificultades para inicio temprano de lactancia materna","",""
"","562","HRPVBpost_04_01","HRPVBpost","html-slider-response","675","530829","0.0-688.0-0.0-1.1","cesarea","","Dificultades para inicio temprano de lactancia materna; cesarea","50","45.1"
"","631.8000000007451","HRPVBpost_04_02","HRPVBpost","html-slider-response","676","531465","0.0-688.0-0.0-2.1","vaginal","","Dificultades para inicio temprano de lactancia materna; vaginal","50","53.4"
"","441.6000000014901","HRPVBpost_01_00","HRPVBpost","html-button-response","677","531911","0.0-688.0-0.0-0.2","Problemas respiratorios del recién nacido","0","Problemas respiratorios del recién nacido","",""
"","541.6999999992549","HRPVBpost_01_01","HRPVBpost","html-slider-response","678","532456","0.0-688.0-0.0-1.2","cesarea","","Problemas respiratorios del recién nacido; cesarea","50","47.1"
"","662.6999999992549","HRPVBpost_01_02","HRPVBpost","html-slider-response","679","533121","0.0-688.0-0.0-2.2","vaginal","","Problemas respiratorios del recién nacido; vaginal","50","52.8"
"","403.40000000037253","HRPVBpost_02_00","HRPVBpost","html-button-response","680","533529","0.0-688.0-0.0-0.3","Lesión en el cerebro del bebe por falta de oxígeno","0","Lesión en el cerebro del bebe por falta de oxígeno","",""
"","606.8999999985099","HRPVBpost_02_02","HRPVBpost","html-slider-response","681","534141","0.0-688.0-0.0-1.3","vaginal","","Lesión en el cerebro del bebe por falta de oxígeno; vaginal","50","51.7"
"","552.4000000003725","HRPVBpost_02_01","HRPVBpost","html-slider-response","682","534697","0.0-688.0-0.0-2.3","cesarea","","Lesión en el cerebro del bebe por falta de oxígeno; cesarea","50","47.3"
"[{""page_index"":0,""viewing_time"":340}]","340","Instructions_02","HRPVBpost","instructions","683","535039","0.0-689.0-0.0","","","","",""
"","375.6000000014901","HRPVBpost_08_00","HRPVBpost","html-button-response","684","535418","0.0-690.0-0.0-0.0","Infección de la herida","0","Infección de la herida","",""
"","605.9000000003725","HRPVBpost_08_01","HRPVBpost","html-slider-response","685","536029","0.0-690.0-0.0-1.0","cesarea","","Infección de la herida; cesarea","50","46"
"","665.5999999996275","HRPVBpost_08_02","HRPVBpost","html-slider-response","686","536698","0.0-690.0-0.0-2.0","vaginal","","Infección de la herida; vaginal","50","47.9"
"","435.5","HRPVBpost_09_00","HRPVBpost","html-button-response","687","537137","0.0-690.0-0.0-0.1","Lesión de la vagina","0","Lesión de la vagina","",""
"","640.6999999992549","HRPVBpost_09_02","HRPVBpost","html-slider-response","688","537783","0.0-690.0-0.0-1.1","vaginal","","Lesión de la vagina; vaginal","50","49.9"
"","607.3000000007451","HRPVBpost_09_01","HRPVBpost","html-slider-response","689","538395","0.0-690.0-0.0-2.1","cesarea","","Lesión de la vagina; cesarea","50","50.9"
"","437.09999999962747","HRPVBpost_05_00","HRPVBpost","html-button-response","690","538836","0.0-690.0-0.0-0.2","Complicaciones de la anestesia","0","Complicaciones de la anestesia","",""
"","629.4000000003725","HRPVBpost_05_02","HRPVBpost","html-slider-response","691","539469","0.0-690.0-0.0-1.2","vaginal","","Complicaciones de la anestesia; vaginal","50","54.5"
"","552.9000000003725","HRPVBpost_05_01","HRPVBpost","html-slider-response","692","540026","0.0-690.0-0.0-2.2","cesarea","","Complicaciones de la anestesia; cesarea","50","52.9"
"","404.7000000011176","HRPVBpost_06_00","HRPVBpost","html-button-response","693","540434","0.0-690.0-0.0-0.3","Paro cardíaco","0","Paro cardíaco","",""
"","645.8999999985099","HRPVBpost_06_02","HRPVBpost","html-slider-response","694","541084","0.0-690.0-0.0-1.3","vaginal","","Paro cardíaco; vaginal","50","54.2"
"","582.2000000011176","HRPVBpost_06_01","HRPVBpost","html-slider-response","695","541673","0.0-690.0-0.0-2.3","cesarea","","Paro cardíaco; cesarea","50","47"
"","487.8999999985099","HRPVBpost_11_00","HRPVBpost","html-button-response","696","542167","0.0-690.0-0.0-0.4","Depresión post parto","0","Depresión post parto","",""
"","714.4000000003725","HRPVBpost_11_01","HRPVBpost","html-slider-response","697","542887","0.0-690.0-0.0-1.4","cesarea","","Depresión post parto; cesarea","50","45.5"
"","736.2999999988824","HRPVBpost_11_02","HRPVBpost","html-slider-response","698","543628","0.0-690.0-0.0-2.4","vaginal","","Depresión post parto; vaginal","50","51.9"
"","599.0999999996275","HRPVBpost_10_00","HRPVBpost","html-button-response","699","544232","0.0-690.0-0.0-0.5","Hospitalización de la madre en cuidados intensivos","0","Hospitalización de la madre en cuidados intensivos","",""
"","659.4000000003725","HRPVBpost_10_02","HRPVBpost","html-slider-response","700","544899","0.0-690.0-0.0-1.5","vaginal","","Hospitalización de la madre en cuidados intensivos; vaginal","50","46.8"
"","669.2999999988824","HRPVBpost_10_01","HRPVBpost","html-slider-response","701","545573","0.0-690.0-0.0-2.5","cesarea","","Hospitalización de la madre en cuidados intensivos; cesarea","50","49.9"
"","441.80000000074506","HRPVBpost_07_00","HRPVBpost","html-button-response","702","546020","0.0-690.0-0.0-0.6","Histerectomía (extracción del útero)","0","Histerectomía (extracción del útero)","",""
"","612","HRPVBpost_07_01","HRPVBpost","html-slider-response","703","546637","0.0-690.0-0.0-1.6","cesarea","","Histerectomía (extracción del útero); cesarea","50","45.8"
"","598.6999999992549","HRPVBpost_07_02","HRPVBpost","html-slider-response","704","547239","0.0-690.0-0.0-2.6","vaginal","","Histerectomía (extracción del útero); vaginal","50","54"
