"view_history","rt","trialid","procedure","trial_type","trial_index","time_elapsed","internal_node_id","stimulus","response","question_order"
"[{""page_index"":0,""viewing_time"":637}]","638","Instructions_01","SPM2Adultos","instructions","573","644828","0.0-644.0-0.0","","",""
"","1062.8999999999069","SPM2Adultos_001","SPM2Adultos","survey-multi-choice","574","645887","0.0-645.0-0.0","{""Q0"":""La luz del sol o luces brillantes me fastidian.""}","{""Q0"":"" Nunca""}","[0]"
"","1023.6999999999534","SPM2Adultos_002","SPM2Adultos","survey-multi-choice","575","646914","0.0-646.0-0.0","{""Q0"":""Yo tengo problemas para encontrar objetos en un estante.""}","{""Q0"":"" Frecuentemente""}","[0]"
"","1069.6000000000931","SPM2Adultos_003","SPM2Adultos","survey-multi-choice","576","647986","0.0-647.0-0.0","{""Q0"":""Las luces que parpadean me fastidian.""}","{""Q0"":"" Nunca""}","[0]"
"","991.3000000000466","SPM2Adultos_004","SPM2Adultos","survey-multi-choice","577","648980","0.0-648.0-0.0","{""Q0"":""Yo tengo problemas para seguir objetos que se mueven con la vista.""}","{""Q0"":"" Nunca""}","[0]"
"","968.8000000000466","SPM2Adultos_005","SPM2Adultos","survey-multi-choice","578","649952","0.0-649.0-0.0","{""Q0"":""Yo me tropiezo con las cosas o con la gente porque no me doy cuenta de que están a mi paso (en mi camino).""}","{""Q0"":"" Siempre""}","[0]"
"","1028.3999999999069","SPM2Adultos_006","SPM2Adultos","survey-multi-choice","579","650984","0.0-650.0-0.0","{""Q0"":""Yo tengo problemas para percibir los letreros de las calles o las señales de tránsito cuando estoy en un lugar nuevo.""}","{""Q0"":"" Siempre""}","[0]"
"","987.7000000001863","SPM2Adultos_007","SPM2Adultos","survey-multi-choice","580","651974","0.0-651.0-0.0","{""Q0"":""Yo tengo dificultad para juzgar (medir) la velocidad de autos que se acercan.""}","{""Q0"":"" Nunca""}","[0]"
"","1075.6999999999534","SPM2Adultos_008","SPM2Adultos","survey-multi-choice","581","653056","0.0-652.0-0.0","{""Q0"":""Yo tengo dificultad para encontrar lo que busco en un mapa o en la guía de un centro comercial.""}","{""Q0"":"" Siempre""}","[0]"
"","1014.3000000000466","SPM2Adultos_009","SPM2Adultos","survey-multi-choice","582","654073","0.0-653.0-0.0","{""Q0"":""Yo me distraigo por objetos que se mueven y que puedo ver con el rabillo del ojo.""}","{""Q0"":"" Frecuentemente""}","[0]"
"","1027.1999999999534","SPM2Adultos_010","SPM2Adultos","survey-multi-choice","583","655104","0.0-654.0-0.0","{""Q0"":""Yo pierdo mi lugar cuando muevo la vista de un sitio a otro, por ejemplo leyendo de una línea de texto a la siguiente.""}","{""Q0"":"" Ocasionalmente""}","[0]"
"","1003.3000000000466","SPM2Adultos_011","SPM2Adultos","survey-multi-choice","584","656111","0.0-655.0-0.0","{""Q0"":""Me fastidian los sonidos fuertes como el de una aspiradora.""}","{""Q0"":"" Frecuentemente""}","[0]"
"","972.3999999999069","SPM2Adultos_012","SPM2Adultos","survey-multi-choice","585","657086","0.0-656.0-0.0","{""Q0"":""Yo necesito estar en un sitio muy silencioso para poder trabajar o dormir.""}","{""Q0"":"" Nunca""}","[0]"
"","1034.0999999998603","SPM2Adultos_013","SPM2Adultos","survey-multi-choice","586","658122","0.0-657.0-0.0","{""Q0"":""Yo me distraigo fácilmente con ruidos sutiles en el ambiente como el ruido del aire acondicionado o del refrigerador.""}","{""Q0"":"" Siempre""}","[0]"
"","991.0999999998603","SPM2Adultos_014","SPM2Adultos","survey-multi-choice","587","659116","0.0-658.0-0.0","{""Q0"":""Los sonidos fuertes o inesperados me hacen sobresaltar fácilmente.""}","{""Q0"":"" Ocasionalmente""}","[0]"
"","1044.8000000000466","SPM2Adultos_015","SPM2Adultos","survey-multi-choice","588","660164","0.0-659.0-0.0","{""Q0"":""Yo noto sonidos que los demás no notan.""}","{""Q0"":"" Ocasionalmente""}","[0]"
"","1088.6999999999534","SPM2Adultos_016","SPM2Adultos","survey-multi-choice","589","661257","0.0-660.0-0.0","{""Q0"":""Yo tengo dificultad para determinar de dónde provienen los sonidos o las voces.""}","{""Q0"":"" Siempre""}","[0]"
"","1018.8999999999069","SPM2Adultos_017","SPM2Adultos","survey-multi-choice","590","662279","0.0-661.0-0.0","{""Q0"":""Los sonidos agudos, como de silbatos o aparatos para hacer bulla en las fiestas, me molestan.""}","{""Q0"":"" Frecuentemente""}","[0]"
"","1024.1999999999534","SPM2Adultos_018","SPM2Adultos","survey-multi-choice","591","663307","0.0-662.0-0.0","{""Q0"":""Yo evito los lugares donde hay música o ruido fuerte.""}","{""Q0"":"" Siempre""}","[0]"
"","1097.8999999999069","SPM2Adultos_019","SPM2Adultos","survey-multi-choice","592","664409","0.0-663.0-0.0","{""Q0"":""Yo tengo dificultad para enfocarme en una película cuando hay ruidos cerca como el de gente abriendo envases de comida.""}","{""Q0"":"" Nunca""}","[0]"
"","1094.1000000000931","SPM2Adultos_020","SPM2Adultos","survey-multi-choice","593","665506","0.0-664.0-0.0","{""Q0"":""Yo tengo dificultad para oír a la gente cuando me están hablando en un sitio bullicioso como un restaurante.""}","{""Q0"":"" Ocasionalmente""}","[0]"
"","1004.1999999999534","SPM2Adultos_021","SPM2Adultos","survey-multi-choice","594","666513","0.0-665.0-0.0","{""Q0"":""Yo tengo dificultad para encontrar cosas en un bolsillo, una bolsa, o una mochila sin mirar.""}","{""Q0"":"" Frecuentemente""}","[0]"
"","1033.5","SPM2Adultos_022","SPM2Adultos","survey-multi-choice","595","667550","0.0-666.0-0.0","{""Q0"":""No me gusta que la gente me toque o que esté demasiado cerca de mí""}","{""Q0"":"" Nunca""}","[0]"
"","1085.6000000000931","SPM2Adultos_023","SPM2Adultos","survey-multi-choice","596","668638","0.0-667.0-0.0","{""Q0"":""La sensación de ciertas ropas me disgusta.""}","{""Q0"":"" Siempre""}","[0]"
"","1048.4000000001397","SPM2Adultos_024","SPM2Adultos","survey-multi-choice","597","669690","0.0-668.0-0.0","{""Q0"":""Me disgusta tener cosas pegajosas o sucias en mis manos.""}","{""Q0"":"" Ocasionalmente""}","[0]"
"","1127.3000000000466","SPM2Adultos_025","SPM2Adultos","survey-multi-choice","598","670820","0.0-669.0-0.0","{""Q0"":""Otros tienen que decirme cuando necesito limpiarme algo de la cara porque yo no me doy cuenta de eso.""}","{""Q0"":"" Frecuentemente""}","[0]"
"","1092.3999999999069","SPM2Adultos_026","SPM2Adultos","survey-multi-choice","599","671916","0.0-670.0-0.0","{""Q0"":""La comida tiene que estar exactamente a la temperatura correcta para que yo me la coma.""}","{""Q0"":"" Frecuentemente""}","[0]"
"","1019.7000000001863","SPM2Adultos_027","SPM2Adultos","survey-multi-choice","600","672938","0.0-671.0-0.0","{""Q0"":""Yo evito ciertas comidas debido a sus texturas.""}","{""Q0"":"" Frecuentemente""}","[0]"
"","1055","SPM2Adultos_028","SPM2Adultos","survey-multi-choice","601","673996","0.0-672.0-0.0","{""Q0"":""Se me caen las cosas porque no las siento deslizarse entre mis dedos.""}","{""Q0"":"" Ocasionalmente""}","[0]"
"","1059.4000000001397","SPM2Adultos_029","SPM2Adultos","survey-multi-choice","602","675067","0.0-673.0-0.0","{""Q0"":""Yo tengo problemas con cierres que no puedo ver (como para abotonar mi cuello sin un espejo).""}","{""Q0"":"" Nunca""}","[0]"
"","1151","SPM2Adultos_030","SPM2Adultos","survey-multi-choice","603","676223","0.0-674.0-0.0","{""Q0"":""Me es difícil sentir cuando la ropa se me ha enrollado en el cuerpo.""}","{""Q0"":"" Siempre""}","[0]"
"","1039.5","SPM2Adultos_031","SPM2Adultos","survey-multi-choice","604","677265","0.0-675.0-0.0","{""Q0"":""Yo evito probar comidas nuevas.""}","{""Q0"":"" Nunca""}","[0]"
"","1134.6999999999534","SPM2Adultos_032","SPM2Adultos","survey-multi-choice","605","678404","0.0-676.0-0.0","{""Q0"":""Yo noto fragancias u olores que otros no notan.""}","{""Q0"":"" Nunca""}","[0]"
"","996.1000000000931","SPM2Adultos_033","SPM2Adultos","survey-multi-choice","606","679402","0.0-677.0-0.0","{""Q0"":""No me gusta comer en restaurantes debido a los diferentes olores y sabores.""}","{""Q0"":"" Frecuentemente""}","[0]"
"","995.7999999998137","SPM2Adultos_034","SPM2Adultos","survey-multi-choice","607","680402","0.0-678.0-0.0","{""Q0"":""Me fastidian olores que a los demás no les molestan.""}","{""Q0"":"" Ocasionalmente""}","[0]"
"","1036.9000000001397","SPM2Adultos_035","SPM2Adultos","survey-multi-choice","608","681443","0.0-679.0-0.0","{""Q0"":""Yo evito estar con grupos de gente en sitios encerrados, como en los ascensores o en habitaciones atestadas (saturadas), debido al olor.""}","{""Q0"":"" Nunca""}","[0]"
"","1013.2000000001863","SPM2Adultos_036","SPM2Adultos","survey-multi-choice","609","682458","0.0-680.0-0.0","{""Q0"":""Cuando me encuentro con algo nuevo, me gusta olerlo""}","{""Q0"":"" Frecuentemente""}","[0]"
"","978.8000000000466","SPM2Adultos_037","SPM2Adultos","survey-multi-choice","610","683441","0.0-681.0-0.0","{""Q0"":""Los sabores de ciertas comidas me disgustan.""}","{""Q0"":"" Ocasionalmente""}","[0]"
"","1070.3000000000466","SPM2Adultos_038","SPM2Adultos","survey-multi-choice","611","684513","0.0-682.0-0.0","{""Q0"":""Yo detecto sabores amargos o ácidos aunque sean muy leves.""}","{""Q0"":"" Siempre""}","[0]"
"","1566.3000000000466","SPM2Adultos_039","SPM2Adultos","survey-multi-choice","612","686082","0.0-683.0-0.0","{""Q0"":""Me gusta olfatear u oler a la gente.""}","{""Q0"":"" Frecuentemente""}","[0]"
"","1015.3999999999069","SPM2Adultos_040","SPM2Adultos","survey-multi-choice","613","687100","0.0-684.0-0.0","{""Q0"":""Yo insisto en comer la misma marca de un cierto alimento debido al sabor.""}","{""Q0"":"" Ocasionalmente""}","[0]"
"","1010","SPM2Adultos_041","SPM2Adultos","survey-multi-choice","614","688114","0.0-685.0-0.0","{""Q0"":""Yo tiro la pelota con demasiada o con muy poca fuerza para embocarla.""}","{""Q0"":"" Siempre""}","[0]"
"","986.1999999999534","SPM2Adultos_042","SPM2Adultos","survey-multi-choice","615","689103","0.0-686.0-0.0","{""Q0"":""Yo tiendo a derramar o botar las cosas que llevo en una azafate (bandeja).""}","{""Q0"":"" Siempre""}","[0]"
"","980.5","SPM2Adultos_043","SPM2Adultos","survey-multi-choice","616","690087","0.0-687.0-0.0","{""Q0"":""Yo manejo los recipientes tan bruscamente o tan fuerte que se abollan, se rompen, o derraman.""}","{""Q0"":"" Siempre""}","[0]"
"","984.3000000000466","SPM2Adultos_044","SPM2Adultos","survey-multi-choice","617","691074","0.0-688.0-0.0","{""Q0"":""Yo agarro las cosas de un modo tan suelto que se me caen de la mano.""}","{""Q0"":"" Frecuentemente""}","[0]"
"","1041.7999999998137","SPM2Adultos_045","SPM2Adultos","survey-multi-choice","618","692119","0.0-689.0-0.0","{""Q0"":""Yo rompo las cosas al presionarlas, jalarlas, o empujarlas demasiado fuerte.""}","{""Q0"":"" Ocasionalmente""}","[0]"
"","973.8999999999069","SPM2Adultos_046","SPM2Adultos","survey-multi-choice","619","693096","0.0-690.0-0.0","{""Q0"":""Yo vuelco (derramo) las cosas por accidente.""}","{""Q0"":"" Siempre""}","[0]"
"","989.3000000000466","SPM2Adultos_047","SPM2Adultos","survey-multi-choice","620","694089","0.0-691.0-0.0","{""Q0"":""Yo tiendo a usar demasiada presión para la tarea que estoy haciendo, por ejemplo rompo las puntas de los lápices al escribir.""}","{""Q0"":"" Nunca""}","[0]"
"","1084.2000000001863","SPM2Adultos_048","SPM2Adultos","survey-multi-choice","621","695176","0.0-692.0-0.0","{""Q0"":""Me gusta chocar mi cuerpo contra cosas.""}","{""Q0"":"" Nunca""}","[0]"
"","1041.1000000000931","SPM2Adultos_049","SPM2Adultos","survey-multi-choice","622","696221","0.0-693.0-0.0","{""Q0"":""Los demás se quejan de que yo empujo, pateo, abrazo, o pego demasiado fuerte.""}","{""Q0"":"" Nunca""}","[0]"
"","1054.6000000000931","SPM2Adultos_050","SPM2Adultos","survey-multi-choice","623","697279","0.0-694.0-0.0","{""Q0"":""Yo tiro las puertas al cerrarlas (portazos) o las empujo al abrirlas con demasiada fuerza.""}","{""Q0"":"" Nunca""}","[0]"
"","1087.8999999999069","SPM2Adultos_051","SPM2Adultos","survey-multi-choice","624","698371","0.0-695.0-0.0","{""Q0"":""No me gustan las actividades que me hagan echar la cabeza hacia atrás como para mirar algo que esté encima o para enjuagar mi cabello.""}","{""Q0"":"" Ocasionalmente""}","[0]"
"","1040.5999999998603","SPM2Adultos_052","SPM2Adultos","survey-multi-choice","625","699416","0.0-696.0-0.0","{""Q0"":""No me gusta subir en ascensores o en escaleras mecánicas porque el movimiento me pone incómodo/a.""}","{""Q0"":"" Ocasionalmente""}","[0]"
"","1018.4000000001397","SPM2Adultos_053","SPM2Adultos","survey-multi-choice","626","700438","0.0-697.0-0.0","{""Q0"":""Yo evito caminar sobre superficies desiguales que requieren equilibrio como la tierra o el pasto.""}","{""Q0"":"" Ocasionalmente""}","[0]"
"","992.1000000000931","SPM2Adultos_054","SPM2Adultos","survey-multi-choice","627","701432","0.0-698.0-0.0","{""Q0"":""Yo me tropiezo o pierdo el equilibrio.""}","{""Q0"":"" Frecuentemente""}","[0]"
"","1257.8000000000466","SPM2Adultos_055","SPM2Adultos","survey-multi-choice","628","702693","0.0-699.0-0.0","{""Q0"":""Yo me siento incomódo/a en escaleras (subir y bajar).""}","{""Q0"":"" Ocasionalmente""}","[0]"
"","1040.7999999998137","SPM2Adultos_056","SPM2Adultos","survey-multi-choice","629","703738","0.0-700.0-0.0","{""Q0"":""Cuando me siento en el suelo tengo que apoyarme en algo.""}","{""Q0"":"" Ocasionalmente""}","[0]"
"","1013.0999999998603","SPM2Adultos_057","SPM2Adultos","survey-multi-choice","630","704754","0.0-701.0-0.0","{""Q0"":""Yo me mareo cuando giro mi cabeza de un lado a otro como al mirar en ambos sentidos antes de cruzar una calle.""}","{""Q0"":"" Nunca""}","[0]"
"","1005.2000000001863","SPM2Adultos_058","SPM2Adultos","survey-multi-choice","631","705763","0.0-702.0-0.0","{""Q0"":""Yo me pongo incómodo/a cuando tengo que sentarme en un asiento sin respaldo.""}","{""Q0"":"" Frecuentemente""}","[0]"
"","949.5","SPM2Adultos_059","SPM2Adultos","survey-multi-choice","632","706715","0.0-703.0-0.0","{""Q0"":""Yo me mezo o me doy vueltas en la silla cuando estoy sentada/o en un escritorio o una mesa.""}","{""Q0"":"" Nunca""}","[0]"
"","1036.6000000000931","SPM2Adultos_060","SPM2Adultos","survey-multi-choice","633","707756","0.0-704.0-0.0","{""Q0"":""Yo me desplomo (me echo) o sujeto mi cabeza con las manos cuando estoy sentada/o en un escritorio.""}","{""Q0"":"" Ocasionalmente""}","[0]"
"","983.6999999999534","SPM2Adultos_061","SPM2Adultos","survey-multi-choice","634","708743","0.0-705.0-0.0","{""Q0"":""Yo necesito más práctica que los demás para adquirir una habilidad nueva.""}","{""Q0"":"" Frecuentemente""}","[0]"
"","953.4000000001397","SPM2Adultos_062","SPM2Adultos","survey-multi-choice","635","709701","0.0-706.0-0.0","{""Q0"":""Yo tengo dificultad para planificar cómo cargar con varias cosas al mismo tiempo.""}","{""Q0"":"" Ocasionalmente""}","[0]"
"","960.5999999998603","SPM2Adultos_063","SPM2Adultos","survey-multi-choice","636","710664","0.0-707.0-0.0","{""Q0"":""Me es difícil mantener las cosas organizadas.""}","{""Q0"":"" Siempre""}","[0]"
"","1085","SPM2Adultos_064","SPM2Adultos","survey-multi-choice","637","711752","0.0-708.0-0.0","{""Q0"":""Yo necesito decir los pasos de una tarea dentro de mi mismo mientras la estoy haciendo.""}","{""Q0"":"" Nunca""}","[0]"
"","994.6999999999534","SPM2Adultos_065","SPM2Adultos","survey-multi-choice","638","712750","0.0-709.0-0.0","{""Q0"":""Yo tengo dificultad para completar las tareas que requieren muchos pasos que tienen que ser hechos en el orden correcto.""}","{""Q0"":"" Siempre""}","[0]"
"","1020.0999999998603","SPM2Adultos_066","SPM2Adultos","survey-multi-choice","639","713774","0.0-710.0-0.0","{""Q0"":""Yo tengo dificultad para seguir los pasos de una tarea nueva, como los de una receta o de un manual de reparaciones.""}","{""Q0"":"" Ocasionalmente""}","[0]"
"","1168","SPM2Adultos_067","SPM2Adultos","survey-multi-choice","640","714946","0.0-711.0-0.0","{""Q0"":""Yo tengo problemas para generar ideas para nuevas actividades.""}","{""Q0"":"" Frecuentemente""}","[0]"
"","1057.9000000001397","SPM2Adultos_068","SPM2Adultos","survey-multi-choice","641","716009","0.0-712.0-0.0","{""Q0"":""Yo tengo problemas siguiendo un diagrama para construir algo por ejemplo para armar muebles.""}","{""Q0"":"" Frecuentemente""}","[0]"
"","990.1999999999534","SPM2Adultos_069","SPM2Adultos","survey-multi-choice","642","717002","0.0-713.0-0.0","{""Q0"":""Yo tengo dificultad usando mi imaginación para crear nuevos juegos o actividades cuando juego con niños.""}","{""Q0"":"" Nunca""}","[0]"
"","1050.5","SPM2Adultos_070","SPM2Adultos","survey-multi-choice","643","718056","0.0-714.0-0.0","{""Q0"":""Yo tengo dificultad para generar ideas durante juegos como charadas (pasatiempos).""}","{""Q0"":"" Ocasionalmente""}","[0]"
"","1005.5","SPM2Adultos_071","SPM2Adultos","survey-multi-choice","644","719065","0.0-715.0-0.0","{""Q0"":""Yo me llevo bien con los demás.""}","{""Q0"":"" Frecuentemente""}","[0]"
"","951.6000000000931","SPM2Adultos_072","SPM2Adultos","survey-multi-choice","645","720019","0.0-716.0-0.0","{""Q0"":""Yo disfruto estando con mis amigos.""}","{""Q0"":"" Frecuentemente""}","[0]"
"","1119.1999999999534","SPM2Adultos_073","SPM2Adultos","survey-multi-choice","646","721144","0.0-717.0-0.0","{""Q0"":""Yo evito actividades sociales con gente que no conozco.""}","{""Q0"":"" Frecuentemente""}","[0]"
"","1056","SPM2Adultos_074","SPM2Adultos","survey-multi-choice","647","722204","0.0-718.0-0.0","{""Q0"":""Yo disfruto participando en reuniones familiares.""}","{""Q0"":"" Nunca""}","[0]"
"","1065.3999999999069","SPM2Adultos_075","SPM2Adultos","survey-multi-choice","648","723272","0.0-719.0-0.0","{""Q0"":""Yo me uno a actividades con otros sin perturbar la actividad que está en progreso.""}","{""Q0"":"" Ocasionalmente""}","[0]"
"","1002.5999999998603","SPM2Adultos_076","SPM2Adultos","survey-multi-choice","649","724279","0.0-720.0-0.0","{""Q0"":""Me es difícil hacer contacto visual con la gente cuando les hablo.""}","{""Q0"":"" Ocasionalmente""}","[0]"
"","952.4000000001397","SPM2Adultos_077","SPM2Adultos","survey-multi-choice","650","725235","0.0-721.0-0.0","{""Q0"":""Yo me quedo (atascado) pegado en un sólo tema cuando hablo con otros.""}","{""Q0"":"" Nunca""}","[0]"
"","934.5999999998603","SPM2Adultos_078","SPM2Adultos","survey-multi-choice","651","726173","0.0-722.0-0.0","{""Q0"":""Los demás me dicen que parezco estar ignorando a la gente, cuando en realidad yo ni siquiera me había dado cuenta de que estaban ahí""}","{""Q0"":"" Frecuentemente""}","[0]"
"","990.2999999998137","SPM2Adultos_079","SPM2Adultos","survey-multi-choice","652","727167","0.0-723.0-0.0","{""Q0"":""La gente me dice que yo hablo con voz demasiado suave o demasiado alta.""}","{""Q0"":"" Nunca""}","[0]"
"","1020.8999999999069","SPM2Adultos_080","SPM2Adultos","survey-multi-choice","653","728191","0.0-724.0-0.0","{""Q0"":""Me gusta trabajar como parte de un equipo.""}","{""Q0"":"" Siempre""}","[0]"
