"view_history","rt","trialid","procedure","trial_type","trial_index","time_elapsed","internal_node_id","stimulus","slider_start","response"
"[{""page_index"":0,""viewing_time"":594}]","595","Instructions_001","MAIAY","instructions","914","683364","0.0-914.0-0.0","","",""
"","583.4000000003725","MAIAY_001","MAIAY","html-slider-response","915","683951","0.0-915.0-0.0","<div class='justified'>Cuando estoy nervioso(a), puedo notar de donde provienen las sensaciones de mi cuerpo.</div><br>","2","3"
"","587.2000000011176","MAIAY_002","MAIAY","html-slider-response","916","684542","0.0-916.0-0.0","<div class='justified'>Puedo notar cuando estoy incómodo(a) en mi cuerpo.</div><br>","2","1"
"","638","MAIAY_003","MAIAY","html-slider-response","917","685185","0.0-917.0-0.0","<div class='justified'>Puedo notar donde me siento cómodo(a) en mi cuerpo.</div><br>","2","2"
"","529.6999999992549","MAIAY_004","MAIAY","html-slider-response","918","685719","0.0-918.0-0.0","<div class='justified'>Puedo notar cuando cambia mi respiración, como cuando se hace más lenta o más rápida.</div><br>","2","5"
"","589.7000000011176","MAIAY_005","MAIAY","html-slider-response","919","686312","0.0-919.0-0.0","<div class='justified'>Ignoro sensaciones de malestar en mi cuerpo hasta que se vuelven muy fuertes.</div><br>","2","1"
"","562.1999999992549","MAIAY_006","MAIAY","html-slider-response","920","686877","0.0-920.0-0.0","<div class='justified'>Intento distraerme cuando me siento incómodo(a) o siento dolor.</div><br>","2","3"
"","521","MAIAY_007","MAIAY","html-slider-response","921","687401","0.0-921.0-0.0","<div class='justified'>Cuando me siento incómodo(a) o siento dolor, trato de superarlo.</div><br>","2","0"
"","549.5","MAIAY_008","MAIAY","html-slider-response","922","687954","0.0-922.0-0.0","<div class='justified'>Cuando siento dolor en mi cuerpo, me enojo.</div><br>","2","0"
"","580.3999999985099","MAIAY_009","MAIAY","html-slider-response","923","688538","0.0-923.0-0.0","<div class='justified'>Me preocupo si siento dolor o me siento incómodo(a).</div><br>","2","5"
"","532.5","MAIAY_010","MAIAY","html-slider-response","924","689075","0.0-924.0-0.0","<div class='justified'>Puedo notar si tengo algún malestar en mi cuerpo, pero no me preocupa.</div><br>","2","4"
"","544.8000000007451","MAIAY_011","MAIAY","html-slider-response","925","689623","0.0-925.0-0.0","<div class='justified'>Puedo enfocarme en cómo respiro sin pensar en nada más.</div><br>","2","1"
"","581.0999999996275","MAIAY_012","MAIAY","html-slider-response","926","690207","0.0-926.0-0.0","<div class='justified'>Puedo enfocarme en las sensaciones de mi cuerpo, aún cuando hay mucho pasando a mi alrededor.</div><br>","2","4"
"","535.5","MAIAY_013","MAIAY","html-slider-response","927","690746","0.0-927.0-0.0","<div class='justified'>Cuando estoy hablando con alguien, puedo enfocarme en cómo estoy parado(a) o sentado(a).</div><br>","2","5"
"","561.8999999985099","MAIAY_014","MAIAY","html-slider-response","928","691312","0.0-928.0-0.0","<div class='justified'>Aún cuando estoy distraído(a) puedo volver a pensar en cómo se siente mi cuerpo.</div><br>","2","2"
"","536.3000000007451","MAIAY_015","MAIAY","html-slider-response","929","691851","0.0-929.0-0.0","<div class='justified'>Puedo volver mi atención de estar pensando en otras cosas a sentir mi cuerpo.</div><br>","2","3"
"","572.1999999992549","MAIAY_016","MAIAY","html-slider-response","930","692427","0.0-930.0-0.0","<div class='justified'>Puedo prestarle atención a todo mi cuerpo incluso cuando siento dolor en alguna parte.</div><br>","2","3"
"","566","MAIAY_017","MAIAY","html-slider-response","931","692997","0.0-931.0-0.0","<div class='justified'>Puedo enfocarme en todo mi cuerpo cuando lo intento.</div><br>","2","4"
"","568.1999999992549","MAIAY_018","MAIAY","html-slider-response","932","693569","0.0-932.0-0.0","<div class='justified'>Puedo sentir cómo cambia mi cuerpo cuando estoy enojado(a).</div><br>","2","5"
"","605","MAIAY_019","MAIAY","html-slider-response","933","694178","0.0-933.0-0.0","<div class='justified'>Cuando algo anda mal en mi vida puedo sentirlo en mi cuerpo.</div><br>","2","3"
"","548.1999999992549","MAIAY_020","MAIAY","html-slider-response","934","694730","0.0-934.0-0.0","<div class='justified'>Después de un momento de calma, noto que mi cuerpo se siente diferente.</div><br>","2","2"
"","609.7999999988824","MAIAY_021","MAIAY","html-slider-response","935","695346","0.0-935.0-0.0","<div class='justified'>Siento cómo mi respiración se vuelve fácil y libre cuando estoy cómodo(a).</div><br>","2","5"
"","544.8000000007451","MAIAY_022","MAIAY","html-slider-response","936","695895","0.0-936.0-0.0","<div class='justified'>Siento cómo mi cuerpo cambia cuando me siento feliz.</div><br>","2","2"
"","577.7000000011176","MAIAY_023","MAIAY","html-slider-response","937","696477","0.0-937.0-0.0","<div class='justified'>Puedo sentir calma aún cuando hay muchas cosas pasando a mi alrededor.</div><br>","2","2"
"","563","MAIAY_024","MAIAY","html-slider-response","938","697045","0.0-938.0-0.0","<div class='justified'>Cuando me enfoco en cómo se siente mi cuerpo, me calmo.</div><br>","2","4"
"","582.7999999988824","MAIAY_025","MAIAY","html-slider-response","939","697631","0.0-939.0-0.0","<div class='justified'>Puedo usar mi respiración para ayudar a calmarme y relajarme.</div><br>","2","0"
"","620.3000000007451","MAIAY_026","MAIAY","html-slider-response","940","698256","0.0-940.0-0.0","<div class='justified'>Cuando estoy pensando demasiado, puedo calmar mi mente al enfocarme en mi cuerpo/respiración.</div><br>","2","0"
"","592.0999999996275","MAIAY_027","MAIAY","html-slider-response","941","698851","0.0-941.0-0.0","<div class='justified'>Busco señales en mi cuerpo acerca de mis emociones.</div><br>","2","1"
"","639.1999999992549","MAIAY_028","MAIAY","html-slider-response","942","699494","0.0-942.0-0.0","<div class='justified'>Cuando estoy enojado(a), me tomo el tiempo de revisar cómo se siente mi cuerpo.</div><br>","2","2"
"","537.1999999992549","MAIAY_029","MAIAY","html-slider-response","943","700034","0.0-943.0-0.0","<div class='justified'>Escucho a mi cuerpo para ayudarme a elegir qué hacer.</div><br>","2","5"
"","614.3000000007451","MAIAY_030","MAIAY","html-slider-response","944","700652","0.0-944.0-0.0","<div class='justified'>Me siento bien en mi cuerpo.</div><br>","2","4"
"","557.7999999988824","MAIAY_031","MAIAY","html-slider-response","945","701214","0.0-945.0-0.0","<div class='justified'>Siento que mi cuerpo es un lugar seguro.</div><br>","2","1"
"","520.3000000007451","MAIAY_032","MAIAY","html-slider-response","946","701739","0.0-946.0-0.0","<div class='justified'>Confío en cómo se siente mi cuerpo.</div><br>","2","0"
