"success","trialid","procedure","trial_type","trial_index","time_elapsed","internal_node_id","stimulus","rt","response","question_order"
"true","Instructions_01","DEMOGR","fullscreen","375","301740","0.0-406.0-0.0","","","",""
"","DEMOGR_01","DEMOGR","survey-text","376","304300","0.0-407.0-0.0","{""Q0"":""Indica tu edad""}","2555","{""Q0"":""21""}",""
"","DEMOGR_02","DEMOGR","survey-multi-choice-vertical","377","304922","0.0-408.0-0.0","{""Q0"":""Indica tu género""}","617","{""Q0"":"" Femenino""}",""
"","DEMOGR_03","DEMOGR","survey-html-form","378","305472","0.0-409.0-0.0","{""Q0"":""Indica tu correo electrónico personal(enviaremos la giftcard a este email cuando finalices las tareas)""}","547","{""Q0"":""tWwY9@gmail.com""}",""
"","DEMOGR_05","DEMOGR","survey-multi-choice-vertical","379","306025","0.0-410.0-0.0","{""Q0"":""¿Tienes algún tipo de daltonismo?""}","547","{""Q0"":"" Si""}",""
"","DEMOGR_06","DEMOGR","survey-html-form","380","314199","0.0-411.0-0.0","{""Q0"":""Elige del desplegable tu comuna de residencia.""}","8163.799999998882","{""Q0"":""Vicuña""}",""
"","DEMOGR_07","DEMOGR","survey-multi-choice-vertical","381","315622","0.0-412.0-0.0","{""Q0"":""Indica tú nivel de estudios""}","1403","{""Q0"":"" Centro de Formación Técnica o en Instituto Profesional incompleta""}",""
"","DEMOGR_08","DEMOGR","survey-multi-choice-vertical","382","316474","0.0-413.0-0.0","{""Q0"":""¿Qué estas estudiando?""}","845","{""Q0"":"" Ciencias de la salud""}",""
"","DEMOGR_10","DEMOGR","survey-multi-choice-vertical","383","317345","0.0-415.0-0.0","{""Q0"":""Año completado de tus estudios""}","863","{""Q0"":"" Iniciada""}",""
"","DEMOGR_11","DEMOGR","survey-html-form","384","319371","0.0-416.0-0.0","{""Q0"":""Elige del desplegable la institución educativa a la que asistes. En caso de que no aparezca, introduce el nombre.""}","2021","{""Q0"":""Universidad de Arte y Cs. Sociales (UARCIS)""}",""
"","DEMOGR_12","DEMOGR","survey-multi-choice-vertical","385","320757","0.0-417.0-0.0","{""Q0"":""Indica el nivel de estudios de tu madre""}","1372","{""Q0"":"" Magíster o Doctorado completa""}",""
"","DEMOGR_13","DEMOGR","survey-multi-choice-vertical","386","322076","0.0-418.0-0.0","{""Q0"":""Indica el nivel de estudios de tu padre""}","1302","{""Q0"":"" Media completa""}",""
"","DEMOGR_14","DEMOGR","survey-multi-choice-vertical","387","322885","0.0-419.0-0.0","{""Q0"":""¿Qué tipo de seguro de salud tienes?""}","803","{""Q0"":"" FONASA B""}",""
"","DEMOGR_15","DEMOGR","survey-multi-choice-horizontal","388","323550","0.0-420.0-0.0","{""Q0"":""¿Alguna vez has estado embarazada?""}","661","{""Q0"":"" No""}",""
"","DEMOGR_16","DEMOGR","survey-multi-choice-horizontal","389","324125","0.0-421.0-0.0","{""Q0"":""¿Alguna vez has tenido un parto vaginal o cesarea?""}","570","{""Q0"":"" Si""}",""
"","DEMOGR_17","DEMOGR","survey-multi-choice-horizontal","390","324801","0.0-422.0-0.0","{""Q0"":""¿Quieres tener hijos en el futuro?""}","671","{""Q0"":"" No""}",""
"","DEMOGR_18","DEMOGR","survey-text","391","325446","0.0-423.0-0.0","{""Q0"":""¿Cuántos hijos(as) te gustaría tener? (0, 1, 2, 3...)""}","639","{""Q0"":""77""}",""
"","DEMOGR_19","DEMOGR","survey-multi-select","392","326387","0.0-424.0-0.0","{""Q0"":""Indica si alguna de las siguientes personas o grupos ha tenido una cesarea (puedes marcar más de una opción):""}","935.0999999996275","{""Q0"":[""&nbsp;Madre"",""&nbsp;Amigas cercanas""]}","[0]"
