"view_history","rt","trialid","procedure","trial_type","trial_index","time_elapsed","internal_node_id","stimulus","response"
"[{""page_index"":0,""viewing_time"":520}]","520","Instructions_01","SRSav","instructions","1523","1108298","0.0-1619.0-0.0","",""
"","1019","SRSav_01","SRSav","survey-multi-choice-vertical","1524","1109330","0.0-1620.0-0.0","{""Q0"":""1. ¿Con qué frecuencia asiste a los servicios de la iglesia?""}","{""Q0"":""Nunca""}"
"","1083","SRSav_02","SRSav","survey-multi-choice-vertical","1525","1110431","0.0-1621.0-0.0","{""Q0"":""2. ¿Con qué frecuencia participas en otras actividades religiosas? (actividades grupales, es decir, clases de escuela dominical para adultos, grupos de estudio bíblico, grupos de oración, etc.)""}","{""Q0"":""Varias veces al mes""}"
"[{""page_index"":0,""viewing_time"":496}]","497","Instructions_02","SRSav","instructions","1526","1110932","0.0-1622.0-0.0","",""
"","1259","SRSav_03","SRSav","survey-multi-choice-vertical","1527","1112211","0.0-1623.0-0.0","{""Q0"":""3. ¿Con qué frecuencia rezas en privado?""}","{""Q0"":""Tres o más veces al día""}"
"","937","SRSav_04","SRSav","survey-multi-choice-vertical","1528","1113166","0.0-1624.0-0.0","{""Q0"":""4. ¿Con qué frecuencia lees la Biblia u otros religiosos? literatura (revistas, periódicos, libros) en casa?""}","{""Q0"":""Para nada""}"
"","924","SRSav_05","SRSav","survey-multi-choice-vertical","1529","1114111","0.0-1625.0-0.0","{""Q0"":""5. ¿Con qué frecuencia escuchas o ves programas religiosos en radio o televisión?""}","{""Q0"":""Varias veces a la semana""}"
"[{""page_index"":0,""viewing_time"":413}]","414","Instructions_03","SRSav","instructions","1530","1114528","0.0-1626.0-0.0","",""
"","838","SRSav_06","SRSav","survey-multi-choice-vertical","1531","1115382","0.0-1627.0-0.0","{""Q0"":""6. Mi fe involucra toda mi vida.""}","{""Q0"":""Tiende a ser verdad""}"
"","905","SRSav_07","SRSav","survey-multi-choice-vertical","1532","1116302","0.0-1628.0-0.0","{""Q0"":""7. En mi vida, experimento la presencia de lo divino (es decir, de Dios).""}","{""Q0"":""Inseguro""}"
"","846","SRSav_08","SRSav","survey-multi-choice-vertical","1533","1117159","0.0-1629.0-0.0","{""Q0"":""8. Aunque soy una persona religiosa, me niego a dejar que consideraciones religiosas influyan en mis asuntos cotidianos.""}","{""Q0"":""Tiende a no ser cierto""}"
"","880","SRSav_09","SRSav","survey-multi-choice-vertical","1534","1118050","0.0-1630.0-0.0","{""Q0"":""9. Nada es tan importante para mí como servir a Dios como mejor se hacerlo.""}","{""Q0"":""Definitivamente cierto de mí""}"
"","891","SRSav_10","SRSav","survey-multi-choice-vertical","1535","1118953","0.0-1631.0-0.0","{""Q0"":""10. Mi fe a veces restringe mis acciones.""}","{""Q0"":""Inseguro""}"
"","810","SRSav_11","SRSav","survey-multi-choice-vertical","1536","1119775","0.0-1632.0-0.0","{""Q0"":""11. Mis creencias religiosas son lo que realmente se encuentra detrás de todo mi enfoque de vida.""}","{""Q0"":""Tiende a ser verdad""}"
"","865","SRSav_12","SRSav","survey-multi-choice-vertical","1537","1120658","0.0-1633.0-0.0","{""Q0"":""12. Me esfuerzo por llevar mi religión a todos los demás aspectos de mi vida.""}","{""Q0"":""Tiende a no ser cierto""}"
"","844","SRSav_13","SRSav","survey-multi-choice-vertical","1538","1121514","0.0-1634.0-0.0","{""Q0"":""13. Uno debe buscar la guía de Dios al tomar decisiones importantes.""}","{""Q0"":""Inseguro""}"
"","850","SRSav_14","SRSav","survey-multi-choice-vertical","1539","1122375","0.0-1635.0-0.0","{""Q0"":""14. Aunque creo en la religión, siento que hay muchas cosas más importantes en la vida.""}","{""Q0"":""Definitivamente en desacuerdo""}"
"","805","SRSav_15","SRSav","survey-multi-choice-vertical","1540","1123190","0.0-1636.0-0.0","{""Q0"":""15. No importa tanto lo que yo crea siempre y cuando lleve una vida moral.""}","{""Q0"":""Definitivamente de acuerdo""}"
