"view_history","rt","trialid","procedure","trial_type","trial_index","time_elapsed","internal_node_id","stimulus","response","question_order"
"[{""page_index"":0,""viewing_time"":742}]","742","ExperimentsIssues_000","ExperimentsIssues","instructions","386","442215","0.0-455.0-0.0","","",""
"","1209.3000000000466","ExperimentsIssues_001","ExperimentsIssues","survey-multi-choice","387","443427","0.0-456.0-0.0","{""Q0"":""From what you have heard, how often there are issues in experimental protocols? Issues can range from spelling errors in the protocol to errors in the experimental design that prevent from doing desired analysis.""}","{""Q0"":"" Rarely""}","[0]"
"","2052.2000000001863","ExperimentsIssues_002","ExperimentsIssues","survey-multi-select","388","445491","0.0-457.0-0.0-0.0","{""Q0"":""Which of the following issues happened to your friend. In a experimental protocol or survey where data was collected in the lab or online""}","{""Q0"":[""&nbsp;Important content errors"",""&nbsp;Data not what we expected"",""&nbsp;Match between hypotheses and data not clear"",""&nbsp;My friends do not have errors in their protocols""]}","[0]"
"","1248.3000000000466","ExperimentsIssues_005","ExperimentsIssues","survey-multi-choice","389","446745","0.0-460.0-0.0","{""Q0"":""<div class=\""justified\"">What is your level of experience?</div>""}","{""Q0"":"" Senior academic""}","[0]"
