"view_history","rt","trialid","procedure","trial_type","trial_index","time_elapsed","internal_node_id","stimulus","response"
"[{""page_index"":0,""viewing_time"":685}]","685","fauxPasEv_001","fauxPasEv","instructions","1696","1242770","0.0-1773.0-0.0","",""
"","1046","fauxPasEv_002","fauxPasEv","survey-multi-choice-vertical","1697","1243849","0.0-1774.0-0.0","{""Q0"":""¿Alguien dijo algo que no debió decir o dijo algo inconveniente?""}","{""Q0"":"" No""}"
"","831.8000000007451","fauxPasEv_008","fauxPasEv","survey-html-form","1698","1244690","0.0-1776.0-0.0","{""Q0"":null}","{""Q0"":""rRO5FSCDDZMX6LONauskrjwVQUU7eXiE4jkJ4qCwWJ6Oq3HEUB9Br""}"
"","681","fauxPasEv_009","fauxPasEv","survey-multi-choice-vertical","1699","1245379","0.0-1777.0-0.0","{""Q0"":""¿Vivi y María se conocían?""}","{""Q0"":"" No""}"
"[{""page_index"":0,""viewing_time"":471}]","471","fauxPasEv_010","fauxPasEv","instructions","1700","1245853","0.0-1778.0-0.0","",""
"","657","fauxPasEv_011","fauxPasEv","survey-multi-choice-vertical","1701","1246520","0.0-1779.0-0.0","{""Q0"":""¿Alguien dijo algo que no debió decir o dijo algo inconveniente?""}","{""Q0"":"" No""}"
"","768","fauxPasEv_017","fauxPasEv","survey-multi-choice-vertical","1702","1247302","0.0-1781.0-0.0","{""Q0"":""En la historia, ¿Para quién era la fiesta sorpresa?""}","{""Q0"":"" El marido de Elena""}"
"","723","fauxPasEv_018","fauxPasEv","survey-multi-choice-vertical","1703","1248034","0.0-1782.0-0.0","{""Q0"":""¿A quién se le volcó algo en el vestido?""}","{""Q0"":"" Sara""}"
"[{""page_index"":0,""viewing_time"":505}]","505","fauxPasEv_019","fauxPasEv","instructions","1704","1248543","0.0-1783.0-0.0","",""
"","716","fauxPasEv_020","fauxPasEv","survey-multi-choice-vertical","1705","1249268","0.0-1784.0-0.0","{""Q0"":""¿Alguien dijo algo que no debió decir o dijo algo inconveniente?""}","{""Q0"":"" Si""}"
"","685","fauxPasEv_021","fauxPasEv","survey-multi-choice-vertical","1706","1249963","0.0-1785.0-0.0-0.0","{""Q0"":""¿Quién dijo algo que no debió decir o dijo algo inconveniente?""}","{""Q0"":"" El vendedor""}"
"","672.4000000003725","fauxPasEv_022","fauxPasEv","survey-html-form","1707","1250640","0.0-1785.0-0.0-1.0","{""Q0"":null}","{""Q0"":""fSOfIaOTesf""}"
"","721.5999999996275","fauxPasEv_023","fauxPasEv","survey-html-form","1708","1251366","0.0-1785.0-0.0-2.0","{""Q0"":null}","{""Q0"":""vMHF1Fovg6tTEga755REoL21uW32q0wQNJNmyLOaUhsHECI2Vr6qvqnHo0BqRbohcErY1KOxzA0G9RouLIzaaih""}"
"","708","fauxPasEv_024","fauxPasEv","survey-multi-choice-vertical","1709","1252081","0.0-1785.0-0.0-3.0","{""Q0"":""Cuándo se probó la camisa, ¿Sabía Javier que no había de su tamaño?""}","{""Q0"":"" Si""}"
"","772","fauxPasEv_025","fauxPasEv","survey-html-form","1710","1252861","0.0-1785.0-0.0-4.0","{""Q0"":null}","{""Q0"":""cueGORKN9leB6p9xQC055OZVUIHp6uLx6VKX2mCdLsl3zIfRieeFsmn""}"
"","746.5","fauxPasEv_026","fauxPasEv","survey-html-form","1711","1253618","0.0-1786.0-0.0","{""Q0"":null}","{""Q0"":""Xfz6iS8pQrABv8lDD2QUMd1Ne4EuCaFJiBscjgzNaiUIKvRbSpTXchgqRcLJYXWOAcJE""}"
"","737.9000000003725","fauxPasEv_027","fauxPasEv","survey-html-form","1712","1254360","0.0-1787.0-0.0","{""Q0"":null}","{""Q0"":""uyBwr0auZ7CrW059fMwQxfAqsUgBM57afBSrPBuxcQ18FAM2i9hGsnUt5ZldrySX41uwOZgJV7kFq""}"
"[{""page_index"":0,""viewing_time"":460}]","460","fauxPasEv_028","fauxPasEv","instructions","1713","1254823","0.0-1788.0-0.0","",""
"","692","fauxPasEv_029","fauxPasEv","survey-multi-choice-vertical","1714","1255524","0.0-1789.0-0.0","{""Q0"":""¿Alguien dijo algo que no debió decir o dijo algo inconveniente?""}","{""Q0"":"" Si""}"
"","674","fauxPasEv_030","fauxPasEv","survey-multi-choice-vertical","1715","1256209","0.0-1790.0-0.0-0.0","{""Q0"":""¿Quién dijo algo que no debió decir o dijo algo inconveniente?""}","{""Q0"":"" Alicia""}"
"","785.8000000007451","fauxPasEv_031","fauxPasEv","survey-html-form","1716","1256998","0.0-1790.0-0.0-1.0","{""Q0"":null}","{""Q0"":""ZYeruR0knldmIMPsfVcU1yw3x7BNTzfDI57CJAaxUu5lNKW1eiftcFlKoKWkg67yAEzVAbouZLn""}"
"","714.5","fauxPasEv_032","fauxPasEv","survey-html-form","1717","1257716","0.0-1790.0-0.0-2.0","{""Q0"":null}","{""Q0"":""5HGzcfPuVRCzgzW9VBfTvGg5ZS4DZmEdfZsgwRd9KpeBLME5M1f5ZC1pYQstDmaj3CfASZD""}"
"","681","fauxPasEv_033","fauxPasEv","survey-multi-choice-vertical","1718","1258404","0.0-1790.0-0.0-3.0","{""Q0"":""¿Alicia sabía quién había comprado las cortinas?""}","{""Q0"":"" Si""}"
"","816.1999999992549","fauxPasEv_034","fauxPasEv","survey-html-form","1719","1259225","0.0-1790.0-0.0-4.0","{""Q0"":null}","{""Q0"":""zP1CRFumoyj7Gmf2GLctG7QH9bzvucSgRyUsAjWjXSLA3tUp2q6iPJqIx3Sjd4W4a26EFLNoVz91TFA8Cx3IKOLPfdKRKGBs7rg""}"
"","931.6000000014901","fauxPasEv_035","fauxPasEv","survey-html-form","1720","1260161","0.0-1791.0-0.0","{""Q0"":null}","{""Q0"":""SA3bPWUywA7j0lLtKgvlKPez2epH6u2wyQFFico3kXXu""}"
"","719","fauxPasEv_036","fauxPasEv","survey-html-form","1721","1260884","0.0-1792.0-0.0","{""Q0"":null}","{""Q0"":""U2OBsijaKQkUS9jVPz7PSPTEEhEzOLsIca""}"
"[{""page_index"":0,""viewing_time"":541}]","541","fauxPasEv_037","fauxPasEv","instructions","1722","1261429","0.0-1793.0-0.0","",""
"","662","fauxPasEv_038","fauxPasEv","survey-multi-choice-vertical","1723","1262103","0.0-1794.0-0.0","{""Q0"":""¿Alguien dijo algo que no debió decir o dijo algo inconveniente?""}","{""Q0"":"" Si""}"
"","673","fauxPasEv_039","fauxPasEv","survey-multi-choice-vertical","1724","1262784","0.0-1795.0-0.0-0.0","{""Q0"":""¿Quién dijo algo que no debió decir o algo inconveniente?""}","{""Q0"":"" Roberto""}"
"","727.7999999988824","fauxPasEv_040","fauxPasEv","survey-html-form","1725","1263517","0.0-1795.0-0.0-1.0","{""Q0"":null}","{""Q0"":""zQAHmt8f7kUscE6FuqRLttIUFIfJ2ua0UfRdriK1mjfLvTBJssGWqWyQCxcXM""}"
"","631.9000000003725","fauxPasEv_041","fauxPasEv","survey-html-form","1726","1264153","0.0-1795.0-0.0-2.0","{""Q0"":null}","{""Q0"":""LSk3w""}"
"","646","fauxPasEv_042","fauxPasEv","survey-multi-choice-vertical","1727","1264807","0.0-1795.0-0.0-3.0","{""Q0"":""Mientras le estaba cortando, ¿Roberto se dio cuenta que el peluquero le estaba cortando muy corto?""}","{""Q0"":"" Si""}"
"","721.5999999996275","fauxPasEv_043","fauxPasEv","survey-html-form","1728","1265533","0.0-1795.0-0.0-4.0","{""Q0"":null}","{""Q0"":""fTc3NMpQ1PKcx60OMF5wxL6juyIMrDddLSDqzmUmkquW3i6RJ6eJFLNr3NxdweQQ73UWB3yjrryovKpT6UxWC""}"
"","749.4000000003725","fauxPasEv_044","fauxPasEv","survey-html-form","1729","1266288","0.0-1796.0-0.0","{""Q0"":null}","{""Q0"":""3lNDhmkaLGBzaPilVNdrCqCSaDfQDBq9VEMQ7ZpPVQAdqlnLSH8kJyq""}"
"","746.8000000007451","fauxPasEv_045","fauxPasEv","survey-html-form","1730","1267039","0.0-1797.0-0.0","{""Q0"":null}","{""Q0"":""4fpmU3UU0ZrzczbmFX58P62zk1PJbrG1gKVCG2LQTzHZJFQWfBPaNNfO3rQ2aq22ioxaFCVQuc2wmfGlLsADTUIiY9""}"
"[{""page_index"":0,""viewing_time"":492}]","493","fauxPasEv_046","fauxPasEv","instructions","1731","1267534","0.0-1798.0-0.0","",""
"","736","fauxPasEv_047","fauxPasEv","survey-multi-choice-vertical","1732","1268278","0.0-1799.0-0.0","{""Q0"":""¿Alguien dijo algo que no debió decir o dijo algo inconveniente?""}","{""Q0"":"" No""}"
"","952","fauxPasEv_053","fauxPasEv","survey-html-form","1733","1269237","0.0-1801.0-0.0","{""Q0"":null}","{""Q0"":""QOecDLNzy6HhDYfX5CE0ZICT4KxrllpNEuvIn4qCiR4G6Qd1C20tFWtKs8f7""}"
"","725.3000000007451","fauxPasEv_054","fauxPasEv","survey-html-form","1734","1269967","0.0-1802.0-0.0","{""Q0"":null}","{""Q0"":""oBMGIrga6moqm5RgZprQXYD52eXJ2cP53b""}"
"[{""page_index"":0,""viewing_time"":499}]","499","fauxPasEv_055","fauxPasEv","instructions","1735","1270469","0.0-1803.0-0.0","",""
"","704","fauxPasEv_056","fauxPasEv","survey-multi-choice-vertical","1736","1271180","0.0-1804.0-0.0","{""Q0"":""¿Alguien dijo algo que no debió decir o dijo algo inconveniente?""}","{""Q0"":"" Si""}"
"","914","fauxPasEv_057","fauxPasEv","survey-multi-choice-vertical","1737","1272110","0.0-1805.0-0.0-0.0","{""Q0"":""¿Quién dijo algo que no debió decir o algo inconveniente?""}","{""Q0"":"" La vecina María""}"
"","703.6999999992549","fauxPasEv_058","fauxPasEv","survey-html-form","1738","1272818","0.0-1805.0-0.0-1.0","{""Q0"":null}","{""Q0"":""Gp3ueIYpdTAa7DdfW9ppCntyW4JzB2sDV2e""}"
"","742.4000000003725","fauxPasEv_059","fauxPasEv","survey-html-form","1739","1273564","0.0-1805.0-0.0-2.0","{""Q0"":null}","{""Q0"":""beBVGyv3uViLCmT5nkbEZ4A4Py37mYHlABdyiseuz797BUUvMAcZd8pjtguZKoA""}"
"","648","fauxPasEv_060","fauxPasEv","survey-multi-choice-vertical","1740","1274224","0.0-1805.0-0.0-3.0","{""Q0"":""¿María sabía que Susy era una niña?""}","{""Q0"":"" No""}"
"","702.8999999985099","fauxPasEv_061","fauxPasEv","survey-html-form","1741","1274934","0.0-1805.0-0.0-4.0","{""Q0"":null}","{""Q0"":""m2H41RhWCeCvmi8X21l956CuuR3n8sVzTTxkSuykh0oknF4J""}"
"","724.0999999996275","fauxPasEv_062","fauxPasEv","survey-html-form","1742","1275664","0.0-1806.0-0.0","{""Q0"":null}","{""Q0"":""MdRBlk""}"
"","836.5999999996275","fauxPasEv_063","fauxPasEv","survey-html-form","1743","1276506","0.0-1807.0-0.0","{""Q0"":null}","{""Q0"":""9pXCejEr7mdJK7lqhtxV5g2y3Kr4kYFrgsedgTCSuMvlFBWOJyzGkApHbUbOe0WmhfYnpnNaNhevfHKN""}"
"[{""page_index"":0,""viewing_time"":520}]","520","fauxPasEv_064","fauxPasEv","instructions","1744","1277030","0.0-1808.0-0.0","",""
"","707","fauxPasEv_065","fauxPasEv","survey-multi-choice-vertical","1745","1277749","0.0-1809.0-0.0","{""Q0"":""¿Alguien dijo algo que no debió decir o dijo algo inconveniente?""}","{""Q0"":"" Si""}"
"","784","fauxPasEv_066","fauxPasEv","survey-multi-choice-vertical","1746","1278544","0.0-1810.0-0.0-0.0","{""Q0"":""¿Quién dijo algo que no debió decir o algo inconveniente?""}","{""Q0"":"" Sultan""}"
"","967.3000000007451","fauxPasEv_067","fauxPasEv","survey-html-form","1747","1279516","0.0-1810.0-0.0-1.0","{""Q0"":null}","{""Q0"":""UDsCFssrIZytXLqF8TtgFvgfcfr4Pc50FKdSKPHPfa4qrGXmDUAyox6b8yHuGuz7A0EUZf0oa""}"
"","909.8000000007451","fauxPasEv_068","fauxPasEv","survey-html-form","1748","1280431","0.0-1810.0-0.0-2.0","{""Q0"":null}","{""Q0"":""eJu18GXFzGTEHInS4nvYe0P2tjcyqc5CSjON""}"
"","671","fauxPasEv_069","fauxPasEv","survey-multi-choice-vertical","1749","1281114","0.0-1810.0-0.0-3.0","{""Q0"":""Cuándo la invitó, ¿Sabía Paula que Julieta no iba a poder volver caminando con ella?""}","{""Q0"":"" No""}"
"","1939.2999999988824","fauxPasEv_070","fauxPasEv","survey-html-form","1750","1283062","0.0-1810.0-0.0-4.0","{""Q0"":null}","{""Q0"":""Tds9ED5zn9nT6xd2qmSqM""}"
"","786.8000000007451","fauxPasEv_071","fauxPasEv","survey-html-form","1751","1283861","0.0-1811.0-0.0","{""Q0"":null}","{""Q0"":""CV2T1ioOfiEZLqY3cWvfrktUXPMUt6X38E8OcxezK9FKpdNLBM3u9Z0TE1CyTEfZzk6""}"
"","679","fauxPasEv_072","fauxPasEv","survey-html-form","1752","1284544","0.0-1812.0-0.0","{""Q0"":null}","{""Q0"":""K4u1I8n6zy0TkpRtAzRIwTV5""}"
"[{""page_index"":0,""viewing_time"":498}]","498","fauxPasEv_073","fauxPasEv","instructions","1753","1285045","0.0-1813.0-0.0","",""
"","982","fauxPasEv_074","fauxPasEv","survey-multi-choice-vertical","1754","1286036","0.0-1814.0-0.0","{""Q0"":""¿Alguien dijo algo que no debió decir o dijo algo inconveniente?""}","{""Q0"":"" Si""}"
"","768","fauxPasEv_075","fauxPasEv","survey-multi-choice-vertical","1755","1286811","0.0-1815.0-0.0-0.0","{""Q0"":""¿Quién dijo algo que no debió decir o algo inconveniente?""}","{""Q0"":"" Juanita""}"
"","709.7999999988824","fauxPasEv_076","fauxPasEv","survey-html-form","1756","1287525","0.0-1815.0-0.0-1.0","{""Q0"":null}","{""Q0"":""CV2T1ioOfiEZLqY3cWvfrktUXPMUt6X38E8OcxezK9FKpdNLBM3u9Z0TE1CyTEfZzk6""}"
"","704.5","fauxPasEv_077","fauxPasEv","survey-html-form","1757","1288235","0.0-1815.0-0.0-2.0","{""Q0"":null}","{""Q0"":""K4u1I8n6zy0TkpRtAzRIwTV5""}"
"","815","fauxPasEv_078","fauxPasEv","survey-multi-choice-vertical","1758","1289061","0.0-1815.0-0.0-3.0","{""Q0"":""Cuando él corrió hacia ella primero en la entrada, ¿Sabía el novio de Juanita que ella no había ganado el rol?""}","{""Q0"":"" Si""}"
"","761.4000000003725","fauxPasEv_079","fauxPasEv","survey-html-form","1759","1289827","0.0-1815.0-0.0-4.0","{""Q0"":null}","{""Q0"":""wI7FDqGwJtvzW46KThkXgFOwfGUMmDB5vpF26rKjhB0Lc6KB1VJPEzGSTNM87LcpI09Hgwlb8UABoNi6Xv3ohAg""}"
"","725.2999999988824","fauxPasEv_080","fauxPasEv","survey-html-form","1760","1290556","0.0-1816.0-0.0","{""Q0"":null}","{""Q0"":""pIvMN9dZEttWfl8a4Uj4ASgIKbeI7gqD3OTG3naZXp29m""}"
"","636.9000000003725","fauxPasEv_081","fauxPasEv","survey-html-form","1761","1291197","0.0-1817.0-0.0","{""Q0"":null}","{""Q0"":""BVQ27OyZeMq65eubLOXFAsL""}"
"[{""page_index"":0,""viewing_time"":443}]","444","fauxPasEv_082","fauxPasEv","instructions","1762","1291644","0.0-1818.0-0.0","",""
"","663","fauxPasEv_083","fauxPasEv","survey-multi-choice-vertical","1763","1292320","0.0-1819.0-0.0","{""Q0"":""¿Alguien dijo algo que no debió decir o dijo algo inconveniente?""}","{""Q0"":"" No""}"
"","761.6999999992549","fauxPasEv_089","fauxPasEv","survey-html-form","1764","1293088","0.0-1821.0-0.0","{""Q0"":null}","{""Q0"":""Q29qWYxPERgxkpJOj4jzBQK0XNPjWYHVkNqavf8YzLkcaDYWIupoftn3IAIqxLSbutJrzouqO""}"
"","733.7000000011176","fauxPasEv_090","fauxPasEv","survey-html-form","1765","1293826","0.0-1822.0-0.0","{""Q0"":null}","{""Q0"":""ZESPh2xuoJNnpjxtjnNNjubXyE8v4ZSFTW6d3cORFV1EiAZftBNYvUQFYzfxhgDa6VDwd1dKmQ6xjkXdjlJehPU3Umw""}"
"[{""page_index"":0,""viewing_time"":488}]","489","fauxPasEv_091","fauxPasEv","instructions","1766","1294317","0.0-1823.0-0.0","",""
"","707","fauxPasEv_092","fauxPasEv","survey-multi-choice-vertical","1767","1295035","0.0-1824.0-0.0","{""Q0"":""¿Alguien dijo algo que no debió decir o dijo algo inconveniente?""}","{""Q0"":"" No""}"
"","722.5","fauxPasEv_098","fauxPasEv","survey-html-form","1768","1295763","0.0-1826.0-0.0","{""Q0"":null}","{""Q0"":""x""}"
"","791.2000000011176","fauxPasEv_099","fauxPasEv","survey-html-form","1769","1296558","0.0-1827.0-0.0","{""Q0"":null}","{""Q0"":""oxiKTWIF1t8fyUAkjjvbd76E0JZ6CsfExSg43C4YoPS6Vsqs0bhcRzU10mZz2NKaN7fZFKf05GvCrdayjySP""}"
"[{""page_index"":0,""viewing_time"":468}]","468","fauxPasEv_100","fauxPasEv","instructions","1770","1297030","0.0-1828.0-0.0","",""
"","760","fauxPasEv_101","fauxPasEv","survey-multi-choice-vertical","1771","1297803","0.0-1829.0-0.0","{""Q0"":""¿Alguien dijo algo que no debió decir o dijo algo inconveniente?""}","{""Q0"":"" Si""}"
"","791","fauxPasEv_102","fauxPasEv","survey-multi-choice-vertical","1772","1298604","0.0-1830.0-0.0-0.0","{""Q0"":""¿Quién dijo algo que no debió decir o algo inconveniente?""}","{""Q0"":"" Pedro""}"
"","669.9000000003725","fauxPasEv_103","fauxPasEv","survey-html-form","1773","1299277","0.0-1830.0-0.0-1.0","{""Q0"":null}","{""Q0"":""bZE""}"
"","718","fauxPasEv_104","fauxPasEv","survey-html-form","1774","1299999","0.0-1830.0-0.0-2.0","{""Q0"":null}","{""Q0"":""NMGRK0EXCpbKRde69o72DPXboOgXJaC6IvIqEhsq4f""}"
"","699","fauxPasEv_105","fauxPasEv","survey-multi-choice-vertical","1775","1300706","0.0-1830.0-0.0-3.0","{""Q0"":""Cuando José estaba hablando con Pedro, ¿Sabía que Miguel estaba en uno de los baños?""}","{""Q0"":"" Si""}"
"","627.7999999988824","fauxPasEv_106","fauxPasEv","survey-html-form","1776","1301339","0.0-1830.0-0.0-4.0","{""Q0"":null}","{""Q0"":""kT4cNumo""}"
"","855.4000000003725","fauxPasEv_107","fauxPasEv","survey-html-form","1777","1302202","0.0-1831.0-0.0","{""Q0"":null}","{""Q0"":""Og6YDVOFh6urw3qtU1ZnRxMhDXZRKHcnOCpchO1KdYXOmAuPVHn1fgI9t6zTdAFdOyzAbQHea""}"
"","1192.2000000011176","fauxPasEv_108","fauxPasEv","survey-html-form","1778","1303405","0.0-1832.0-0.0","{""Q0"":null}","{""Q0"":""TCl1rIo4afS3JW6LjTtdZurvu1ozgiKov1FgYtXcRkGEhjOS6yaTJabEkQy4L9LfSmjbfH6W7LPuXtWS""}"
"[{""page_index"":0,""viewing_time"":463}]","464","fauxPasEv_109","fauxPasEv","instructions","1779","1303871","0.0-1833.0-0.0","",""
"","652","fauxPasEv_110","fauxPasEv","survey-multi-choice-vertical","1780","1304531","0.0-1834.0-0.0","{""Q0"":""¿Alguien dijo algo que no debió decir o dijo algo inconveniente?""}","{""Q0"":"" Si""}"
"","722","fauxPasEv_111","fauxPasEv","survey-multi-choice-vertical","1781","1305266","0.0-1835.0-0.0-0.0","{""Q0"":""¿Quién dijo algo que no debió decir o algo inconveniente?""}","{""Q0"":"" Sergio, el primo de Karina""}"
"","646.6000000014901","fauxPasEv_112","fauxPasEv","survey-html-form","1782","1305917","0.0-1835.0-0.0-1.0","{""Q0"":null}","{""Q0"":""F0ZbnBom0O""}"
"","735.1999999992549","fauxPasEv_113","fauxPasEv","survey-html-form","1783","1306658","0.0-1835.0-0.0-2.0","{""Q0"":null}","{""Q0"":""gjzuekPElmPolkd0n8cHG6L9fItAElUYEL91yRuotAPgmenDoweJnpCoTRFuBmBAIbOBvieRiOGR3FZQ3K5lxJQONG""}"
"","648","fauxPasEv_114","fauxPasEv","survey-multi-choice-vertical","1784","1307315","0.0-1835.0-0.0-3.0","{""Q0"":""Cuándo olió la tarta, ¿Sergio sabía que era de manzana?""}","{""Q0"":"" No""}"
"","706.1000000014901","fauxPasEv_115","fauxPasEv","survey-html-form","1785","1308024","0.0-1835.0-0.0-4.0","{""Q0"":null}","{""Q0"":""O47qmC6orCQatwEHDKjxi6IEkQEm5JTYhIOeQRQP""}"
"","771.1000000014901","fauxPasEv_116","fauxPasEv","survey-html-form","1786","1308800","0.0-1836.0-0.0","{""Q0"":null}","{""Q0"":""lyq9beo4l4f0iNbkE6ygHOirbDP3ufKtFemfNGMZEExKQYfD8gwnB""}"
"","773.7999999988824","fauxPasEv_117","fauxPasEv","survey-html-form","1787","1309580","0.0-1837.0-0.0","{""Q0"":null}","{""Q0"":""fZTSBozgfyjBceqns1aKMOXaAKGCLKdOSogIvhPn7Urzbu8sP9MLBhRq1nYf8airwGfOF3ksQ""}"
"[{""page_index"":0,""viewing_time"":466}]","466","fauxPasEv_118","fauxPasEv","instructions","1788","1310049","0.0-1838.0-0.0","",""
"","684","fauxPasEv_119","fauxPasEv","survey-multi-choice-vertical","1789","1310745","0.0-1839.0-0.0","{""Q0"":""¿Alguien dijo algo que no debió decir o dijo algo inconveniente?""}","{""Q0"":"" Si""}"
"","688","fauxPasEv_120","fauxPasEv","survey-multi-choice-vertical","1790","1311441","0.0-1840.0-0.0-0.0","{""Q0"":""¿Quién dijo algo que no debió decir o algo inconveniente?""}","{""Q0"":"" Ana""}"
"","721","fauxPasEv_121","fauxPasEv","survey-html-form","1791","1312167","0.0-1840.0-0.0-1.0","{""Q0"":null}","{""Q0"":""qOYX6jljOGARSd55khD80MoSpTsQ0QVv81TfHtSfbrE2n8swIbsmPyD8W48i""}"
"","721.9000000003725","fauxPasEv_122","fauxPasEv","survey-html-form","1792","1312893","0.0-1840.0-0.0-2.0","{""Q0"":null}","{""Q0"":""o2zmdADm7jIXss79IS89N10K4Zd""}"
"","694","fauxPasEv_123","fauxPasEv","survey-multi-choice-vertical","1793","1313599","0.0-1840.0-0.0-3.0","{""Q0"":""¿Ana recordaba que Josefina le había dado esa fuente?""}","{""Q0"":"" Si""}"
"","716","fauxPasEv_124","fauxPasEv","survey-html-form","1794","1314320","0.0-1840.0-0.0-4.0","{""Q0"":null}","{""Q0"":""mpg0V2ejBHclJdFT4OYn05xHnMgMUS""}"
"","692.6999999992549","fauxPasEv_125","fauxPasEv","survey-html-form","1795","1315017","0.0-1841.0-0.0","{""Q0"":null}","{""Q0"":""YE""}"
"","733.3000000007451","fauxPasEv_126","fauxPasEv","survey-html-form","1796","1315754","0.0-1842.0-0.0","{""Q0"":null}","{""Q0"":""j87zLhRGnHnhMl0R99s7Oe7TsNYSObvQV3z8T5OFw6mPwdgbS7nZhdufaDH1UoH2xuZADnpbH5w""}"
"[{""page_index"":0,""viewing_time"":467}]","467","fauxPasEv_127","fauxPasEv","instructions","1797","1316224","0.0-1843.0-0.0","",""
"","698","fauxPasEv_128","fauxPasEv","survey-multi-choice-vertical","1798","1316930","0.0-1844.0-0.0","{""Q0"":""¿Alguien dijo algo que no debió decir o dijo algo inconveniente?""}","{""Q0"":"" No""}"
"","683","fauxPasEv_134","fauxPasEv","survey-multi-choice-vertical","1799","1317623","0.0-1846.0-0.0","{""Q0"":""En la historia, ¿Quién ganó el concurso?""}","{""Q0"":"" Cristina""}"
"","680","fauxPasEv_135","fauxPasEv","survey-multi-choice-vertical","1800","1318310","0.0-1847.0-0.0","{""Q0"":""¿Ganó algo la historia de Cristina?""}","{""Q0"":"" No""}"
"[{""page_index"":0,""viewing_time"":532}]","532","fauxPasEv_136","fauxPasEv","instructions","1801","1318846","0.0-1848.0-0.0","",""
"","815","fauxPasEv_137","fauxPasEv","survey-multi-choice-vertical","1802","1319669","0.0-1849.0-0.0","{""Q0"":""¿Alguien dijo algo que no debió decir o dijo algo inconveniente?""}","{""Q0"":"" No""}"
"","699","fauxPasEv_143","fauxPasEv","survey-html-form","1803","1320373","0.0-1851.0-0.0","{""Q0"":null}","{""Q0"":""LrPV9qzXQ4aWmTodmZKHEXAGUdxFjhqN4h2NVJXSL""}"
"","721.0999999996275","fauxPasEv_144","fauxPasEv","survey-html-form","1804","1321098","0.0-1852.0-0.0","{""Q0"":null}","{""Q0"":""jpqP9cM7ztZJYFrni8ajgS06lYuE3PpC""}"
"[{""page_index"":0,""viewing_time"":768}]","768","fauxPasEv_145","fauxPasEv","instructions","1805","1321868","0.0-1853.0-0.0","",""
"","595","fauxPasEv_146","fauxPasEv","survey-multi-choice-vertical","1806","1322472","0.0-1854.0-0.0","{""Q0"":""¿Alguien dijo algo que no debió decir o dijo algo inconveniente?""}","{""Q0"":"" Si""}"
"","738","fauxPasEv_147","fauxPasEv","survey-multi-choice-vertical","1807","1323220","0.0-1855.0-0.0-0.0","{""Q0"":""¿Quién dijo algo que no debió decir o algo inconveniente?""}","{""Q0"":"" La mujer joven""}"
"","705.8999999985099","fauxPasEv_148","fauxPasEv","survey-html-form","1808","1323930","0.0-1855.0-0.0-1.0","{""Q0"":null}","{""Q0"":""SvEaKyTAP0SjmZMcOERXnD2Iyl61JwWZ7Tka59VBshNlBEj2jTmd63TSXiLdYsuQp2a5Ni5hvBSGS""}"
"","694.7999999988824","fauxPasEv_149","fauxPasEv","survey-html-form","1809","1324628","0.0-1855.0-0.0-2.0","{""Q0"":null}","{""Q0"":""rFsik3j6f3XbJyQrYJktLTKWkJ5Z5IdY7HpD""}"
"","745","fauxPasEv_150","fauxPasEv","survey-multi-choice-vertical","1810","1325386","0.0-1855.0-0.0-3.0","{""Q0"":""Cuando Leonor subió al colectivo, ¿Sabía Pablo cuánto tiempo ella había estado esperando?""}","{""Q0"":"" No""}"
"","626.0999999996275","fauxPasEv_151","fauxPasEv","survey-html-form","1811","1326015","0.0-1855.0-0.0-4.0","{""Q0"":null}","{""Q0"":""e4fffbGGxYs3s1DZoRB7L1wDeY3gPPWBHHja24cmLC23l93884g6Ou1T6I""}"
"","723.4000000003725","fauxPasEv_152","fauxPasEv","survey-html-form","1812","1326744","0.0-1856.0-0.0","{""Q0"":null}","{""Q0"":""g0FtEXdmtV6rmrz8M6P5jQkI9Ei5Rl3dttKGytQpB7AYbgSjVUCI1DHoyJVrk73tUdeqB0j6q8TPdBl""}"
"","633.9000000003725","fauxPasEv_153","fauxPasEv","survey-html-form","1813","1327382","0.0-1857.0-0.0","{""Q0"":null}","{""Q0"":""YTcF9LqhHSABSiFJUfcU2oXHlM4tb""}"
"[{""page_index"":0,""viewing_time"":443}]","444","fauxPasEv_154","fauxPasEv","instructions","1814","1327829","0.0-1858.0-0.0","",""
"","700","fauxPasEv_155","fauxPasEv","survey-multi-choice-vertical","1815","1328540","0.0-1859.0-0.0","{""Q0"":""¿Alguien dijo algo que no debió decir o dijo algo inconveniente?""}","{""Q0"":"" No""}"
"","672.7999999988824","fauxPasEv_161","fauxPasEv","survey-html-form","1816","1329217","0.0-1861.0-0.0","{""Q0"":null}","{""Q0"":""01K""}"
"","712.5999999996275","fauxPasEv_162","fauxPasEv","survey-html-form","1817","1329932","0.0-1862.0-0.0","{""Q0"":null}","{""Q0"":""4zMGTLYIQmabbRQaGjFIX90wByp31zQVZnpM5M6fHBR1lnwtEU""}"
"[{""page_index"":0,""viewing_time"":408}]","408","fauxPasEv_163","fauxPasEv","instructions","1818","1330343","0.0-1863.0-0.0","",""
"","633","fauxPasEv_164","fauxPasEv","survey-multi-choice-vertical","1819","1330984","0.0-1864.0-0.0","{""Q0"":""¿Alguien dijo algo que no debió decir o dijo algo inconveniente?""}","{""Q0"":"" Si""}"
"","680","fauxPasEv_165","fauxPasEv","survey-multi-choice-vertical","1820","1331672","0.0-1865.0-0.0-0.0","{""Q0"":""¿Quién dijo algo que no debió decir o algo inconveniente?""}","{""Q0"":"" Ricardo""}"
"","683.8000000007451","fauxPasEv_166","fauxPasEv","survey-html-form","1821","1332360","0.0-1865.0-0.0-1.0","{""Q0"":null}","{""Q0"":""0Y6R6xWEuJjQtQJiSx5t9HjCudjJV3qKFJ0ruOohWu0ZDkPH5rNW794Wrhe4c""}"
"","768.5999999996275","fauxPasEv_167","fauxPasEv","survey-html-form","1822","1333132","0.0-1865.0-0.0-2.0","{""Q0"":null}","{""Q0"":""aMoisBtWmdsCnIWPO5perTHRAPu2ifNAZaxAlEvwvRMqYNwZ2AwC1pnlU4C3WYhHN0z1wtsQhrRCEg""}"
"","731","fauxPasEv_168","fauxPasEv","survey-multi-choice-vertical","1823","1333870","0.0-1865.0-0.0-3.0","{""Q0"":""¿Sabía Ricardo cómo iba a reaccionar su vecino Tomás?""}","{""Q0"":"" No""}"
"","717.9000000003725","fauxPasEv_169","fauxPasEv","survey-html-form","1824","1334592","0.0-1865.0-0.0-4.0","{""Q0"":null}","{""Q0"":""vezbl5uVMypkBNo3yJCcDK9nn9JtdSIoYknRIM31zmZssE7EXF4lNBQhWMTDoVv9""}"
"","721.3999999985099","fauxPasEv_170","fauxPasEv","survey-html-form","1825","1335317","0.0-1866.0-0.0","{""Q0"":null}","{""Q0"":""RI7NlyCQSPcUeDPelELTEXR45bJ1H7pO1DYrfeOuc1BKFRv4W1220TTKJoB5dFcc4w8iyoIbOCJFgXI9jG0yDDvWC0cCi2qr9jr""}"
"","717.2000000011176","fauxPasEv_171","fauxPasEv","survey-html-form","1826","1336037","0.0-1867.0-0.0","{""Q0"":null}","{""Q0"":""o5t5hZea""}"
"[{""page_index"":0,""viewing_time"":624}]","625","fauxPasEv_172","fauxPasEv","instructions","1827","1336665","0.0-1868.0-0.0","",""
"","726","fauxPasEv_173","fauxPasEv","survey-multi-choice-vertical","1828","1337408","0.0-1869.0-0.0","{""Q0"":""¿Alguien dijo algo que no debió decir o dijo algo inconveniente?""}","{""Q0"":"" Si""}"
"","641","fauxPasEv_174","fauxPasEv","survey-multi-choice-vertical","1829","1338056","0.0-1870.0-0.0-0.0","{""Q0"":""¿Quién dijo algo que no debió decir o algo inconveniente?""}","{""Q0"":"" El carnicero""}"
"","930.8000000007451","fauxPasEv_175","fauxPasEv","survey-html-form","1830","1338990","0.0-1870.0-0.0-1.0","{""Q0"":null}","{""Q0"":""z2DhUMVuXBRelXef2FsEKbzMNcf1GQEeZI2phY17FJs""}"
"","693.5999999996275","fauxPasEv_176","fauxPasEv","survey-html-form","1831","1339687","0.0-1870.0-0.0-2.0","{""Q0"":null}","{""Q0"":""t2PGLF097QZZoLG4vuFwuqA1je8fEA3jZAn""}"
"","644","fauxPasEv_177","fauxPasEv","survey-multi-choice-vertical","1832","1340339","0.0-1870.0-0.0-3.0","{""Q0"":""Cuándo empezó a envolver el pollo para Luisa, ¿Sabía el carnicero que ella quería un pollo sin menudos?""}","{""Q0"":"" Si""}"
"","671.3000000007451","fauxPasEv_178","fauxPasEv","survey-html-form","1833","1341015","0.0-1870.0-0.0-4.0","{""Q0"":null}","{""Q0"":""5wU0YCPsCHaIv""}"
"","688.5999999996275","fauxPasEv_179","fauxPasEv","survey-html-form","1834","1341707","0.0-1871.0-0.0","{""Q0"":null}","{""Q0"":""za8FQcLhl3WMcEPEufqF7BoobD4xSOHgFe1JUhNOgqj7YQqAd31KOcV6o4FF07dbHjdAXq7dfrybLTNBqBOIYB6XTujtYXEKu""}"
"","753.7999999988824","fauxPasEv_180","fauxPasEv","survey-html-form","1835","1342465","0.0-1872.0-0.0","{""Q0"":null}","{""Q0"":""P2tPGHjJrVpU4UQAsc2DHzhApatIqBR5X3Q10fF4xP0HqKQ1r2uE47ZBj4ssr3MXuDIDe3FsxFIUwsqmfd05xmuuLht9WiH3pee""}"
