"view_history","rt","trialid","procedure","trial_type","trial_index","time_elapsed","internal_node_id","stimulus","response","question_order"
"[{""page_index"":0,""viewing_time"":765}]","765","Instructions_001","WAST","instructions","611","703795","0.0-682.0-0.0","","",""
"","972","WAST_000","WAST","survey-multi-choice","612","704771","0.0-683.0-0.0","{""Q0"":""Indique su sexo""}","{""Q0"":"" Femenino""}","[0]"
"","944.8000000000466","WAST_001","WAST","survey-multi-choice","613","705720","0.0-684.0-0.0-0.0","{""Q0"":""En general, ¿cómo describiría su relación con su pareja?""}","{""Q0"":"" Estresante""}","[0]"
"","921","WAST_002","WAST","survey-multi-choice","614","706643","0.0-685.0-0.0-0.0","{""Q0"":""Usted y su pareja resuelven sus discusiones con:""}","{""Q0"":"" Algo de dificultad""}","[0]"
"","911.8000000000466","WAST_003","WAST","survey-multi-choice","615","707558","0.0-686.0-0.0-0.0","{""Q0"":""Al terminar las discusiones, ¿usted se siente decaída o mal con usted misma?""}","{""Q0"":"" Nunca""}","[0]"
"","932.7000000001863","WAST_004","WAST","survey-multi-choice","616","708495","0.0-687.0-0.0-0.0","{""Q0"":""Las discusiones terminan en golpes, patadas o empujones""}","{""Q0"":"" A veces""}","[0]"
"","927.5999999998603","WAST_005","WAST","survey-multi-choice","617","709426","0.0-688.0-0.0-0.0","{""Q0"":""Hay situaciones en las cuales ha sentido miedo de las reacciones de su pareja""}","{""Q0"":"" Muchas veces""}","[0]"
"","880.4000000001397","WAST_006","WAST","survey-multi-choice","618","710309","0.0-689.0-0.0-0.0","{""Q0"":""Su pareja, ¿controla el dinero que usted gasta, o la obliga a realizar trabajo en exceso?""}","{""Q0"":"" Muchas veces""}","[0]"
"","901.3000000000466","WAST_007","WAST","survey-multi-choice","619","711214","0.0-690.0-0.0-0.0","{""Q0"":""Su pareja la insulta, garabatea, grita, humilla y descalifica verbalmente""}","{""Q0"":"" A veces""}","[0]"
"","920.0999999998603","WAST_008","WAST","survey-multi-choice","620","712138","0.0-691.0-0.0-0.0","{""Q0"":""¿Se ha sentido obligada a tener relaciones sexuales con su pareja para evitar problemas?""}","{""Q0"":"" Nunca""}","[0]"
