"view_history","rt","trialid","procedure","trial_type","trial_index","time_elapsed","internal_node_id","stimulus","response"
"[{""page_index"":0,""viewing_time"":505}]","505","Instructions_01","SDG","instructions","1342","965267","0.0-1406.0-0.0","",""
"","717","SDG_01","SDG","survey-text","1343","965991","0.0-1407.0-0.0","{""Q0"":""Rut Completo (sin puntos ni guión y con dígito verificador, en caso que termine en k, reemplace por un 0):""}","{""Q0"":""722578673""}"
"","1156","SDG_02","SDG","survey-multi-choice-vertical","1344","967162","0.0-1408.0-0.0","{""Q0"":""¿Cuál es su actual situación de pareja?""}","{""Q0"":"" Conviviente""}"
"","1327","SDG_03","SDG","survey-multi-choice-vertical","1345","968508","0.0-1409.0-0.0","{""Q0"":""¿Cuál es el grado más alto de educación que usted ha completado?""}","{""Q0"":"" Sin Estudios""}"
"","634","SDG_04","SDG","survey-multi-choice-vertical","1346","969148","0.0-1410.0-0.0","{""Q0"":""¿Tiene Nº de registro social de hogares? (Si no sabe puede consultar aquí: http://www.registrosocial.gob.cl/. Luego ingrese a \""ir a mi registro\"" e ingrese los datos que le solicitan. En caso que tenga, recuerde el porcentaje al cual corresponde, en caso contrario indique la opción \""No tengo registro\"").""}","{""Q0"":"" Si tengo registro.""}"
"","675","SDG_05","SDG","survey-text","1347","969829","0.0-1411.0-0.0-0.0","{""Q0"":""Ingrese el porcentaje al que corresponde en el registro social de hogares:""}","{""Q0"":""14""}"
"","1140","SDG_06","SDG","survey-multi-choice-vertical","1348","970988","0.0-1412.0-0.0","{""Q0"":""¿Cuál es su situación ocupacional actual?""}","{""Q0"":"" Es ama de casa""}"
