"view_history","rt","trialid","procedure","trial_type","trial_index","time_elapsed","internal_node_id","stimulus","response"
"[{""page_index"":0,""viewing_time"":747}]","747","Instructions","RMET","instructions","404","465403","0.0-482.0-0.0","",""
"","1164","RMET_000","RMET","survey-multi-choice-CSCN-RMET","405","466576","0.0-483.0-0.0","{""Q0"":""""}","{""Q0"":"" CELOSO""}"
"[{""page_index"":0,""viewing_time"":672}]","673","Instructions_002","RMET","instructions","406","467252","0.0-485.0-0.0-0.0","",""
"","1046","RMET_001","RMET","survey-multi-choice-CSCN-RMET","407","468304","0.0-486.0-0.0","{""Q0"":""""}","{""Q0"":""IRRITADO""}"
"","1070","RMET_002","RMET","survey-multi-choice-CSCN-RMET","408","469381","0.0-487.0-0.0","{""Q0"":""""}","{""Q0"":""ARROGANTE""}"
"","1099","RMET_003","RMET","survey-multi-choice-CSCN-RMET","409","470486","0.0-488.0-0.0","{""Q0"":""""}","{""Q0"":""BROMISTA""}"
"","1071","RMET_004","RMET","survey-multi-choice-CSCN-RMET","410","471564","0.0-489.0-0.0","{""Q0"":""""}","{""Q0"":""RELAJADO""}"
"","1251","RMET_005","RMET","survey-multi-choice-CSCN-RMET","411","472823","0.0-490.0-0.0","{""Q0"":""""}","{""Q0"":""PREOCUPADO""}"
"","1025","RMET_006","RMET","survey-multi-choice-CSCN-RMET","412","473856","0.0-491.0-0.0","{""Q0"":""""}","{""Q0"":""IMPACIENTE""}"
"","1154","RMET_007","RMET","survey-multi-choice-CSCN-RMET","413","475018","0.0-492.0-0.0","{""Q0"":""""}","{""Q0"":""ARREPENTIDO""}"
"","1050","RMET_008","RMET","survey-multi-choice-CSCN-RMET","414","476077","0.0-493.0-0.0","{""Q0"":""""}","{""Q0"":""ALIVIADO""}"
"","1076","RMET_009","RMET","survey-multi-choice-CSCN-RMET","415","477157","0.0-494.0-0.0","{""Q0"":""""}","{""Q0"":""ENFADADA""}"
"","971","RMET_010","RMET","survey-multi-choice-CSCN-RMET","416","478134","0.0-495.0-0.0","{""Q0"":""""}","{""Q0"":""ABURRIDO""}"
"","1007","RMET_011","RMET","survey-multi-choice-CSCN-RMET","417","479153","0.0-496.0-0.0","{""Q0"":""""}","{""Q0"":""ARREPENTIDO""}"
"","1089","RMET_012","RMET","survey-multi-choice-CSCN-RMET","418","480248","0.0-497.0-0.0","{""Q0"":""""}","{""Q0"":""DECAÍDO""}"
"","994","RMET_013","RMET","survey-multi-choice-CSCN-RMET","419","481249","0.0-498.0-0.0","{""Q0"":""""}","{""Q0"":""AMENAZANTE""}"
"","1036","RMET_014","RMET","survey-multi-choice-CSCN-RMET","420","482292","0.0-499.0-0.0","{""Q0"":""""}","{""Q0"":""DECEPCIONADO""}"
"","1068","RMET_015","RMET","survey-multi-choice-CSCN-RMET","421","483366","0.0-500.0-0.0","{""Q0"":""""}","{""Q0"":""ALENTADORA""}"
"","1042","RMET_016","RMET","survey-multi-choice-CSCN-RMET","422","484416","0.0-501.0-0.0","{""Q0"":""""}","{""Q0"":""ALENTADOR""}"
"","1007","RMET_017","RMET","survey-multi-choice-CSCN-RMET","423","485428","0.0-502.0-0.0","{""Q0"":""""}","{""Q0"":""JUGUETONA""}"
"","1087","RMET_018","RMET","survey-multi-choice-CSCN-RMET","424","486521","0.0-503.0-0.0","{""Q0"":""""}","{""Q0"":""ENTRETENIDA""}"
"","1031","RMET_019","RMET","survey-multi-choice-CSCN-RMET","425","487557","0.0-504.0-0.0","{""Q0"":""""}","{""Q0"":""SARCÁSTICA""}"
"","1042","RMET_020","RMET","survey-multi-choice-CSCN-RMET","426","488604","0.0-505.0-0.0","{""Q0"":""""}","{""Q0"":""CULPABLE""}"
"","1020","RMET_021","RMET","survey-multi-choice-CSCN-RMET","427","489629","0.0-506.0-0.0","{""Q0"":""""}","{""Q0"":""ABOCHORNADA""}"
"","1054","RMET_022","RMET","survey-multi-choice-CSCN-RMET","428","490692","0.0-507.0-0.0","{""Q0"":""""}","{""Q0"":""AGRADECIDA""}"
"","1025","RMET_023","RMET","survey-multi-choice-CSCN-RMET","429","491722","0.0-508.0-0.0","{""Q0"":""""}","{""Q0"":""CURIOSO""}"
"","1134","RMET_024","RMET","survey-multi-choice-CSCN-RMET","430","492866","0.0-509.0-0.0","{""Q0"":""""}","{""Q0"":""ABSTRAÍDO""}"
"","1134","RMET_025","RMET","survey-multi-choice-CSCN-RMET","431","494009","0.0-510.0-0.0","{""Q0"":""""}","{""Q0"":""ABATIDA""}"
"","1115","RMET_026","RMET","survey-multi-choice-CSCN-RMET","432","495134","0.0-511.0-0.0","{""Q0"":""""}","{""Q0"":""HOSTIL""}"
"","1078","RMET_027","RMET","survey-multi-choice-CSCN-RMET","433","496219","0.0-512.0-0.0","{""Q0"":""""}","{""Q0"":""BROMISTA""}"
"","1104","RMET_028","RMET","survey-multi-choice-CSCN-RMET","434","497331","0.0-513.0-0.0","{""Q0"":""""}","{""Q0"":""SATISFECHA""}"
"","1033","RMET_029","RMET","survey-multi-choice-CSCN-RMET","435","498369","0.0-514.0-0.0","{""Q0"":""""}","{""Q0"":""IMPACIENTE""}"
"","1081","RMET_030","RMET","survey-multi-choice-CSCN-RMET","436","499458","0.0-515.0-0.0","{""Q0"":""""}","{""Q0"":""AGRADECIDA""}"
"","1486","RMET_031","RMET","survey-multi-choice-CSCN-RMET","437","500950","0.0-516.0-0.0","{""Q0"":""""}","{""Q0"":""AVERGONZADA""}"
"","1096","RMET_032","RMET","survey-multi-choice-CSCN-RMET","438","502053","0.0-517.0-0.0","{""Q0"":""""}","{""Q0"":""ALARMADO""}"
"","1260","RMET_033","RMET","survey-multi-choice-CSCN-RMET","439","503323","0.0-518.0-0.0","{""Q0"":""""}","{""Q0"":""PREOCUPADO""}"
"","1444","RMET_034","RMET","survey-multi-choice-CSCN-RMET","440","504773","0.0-519.0-0.0","{""Q0"":""""}","{""Q0"":""ASUSTADA""}"
"","1064","RMET_035","RMET","survey-multi-choice-CSCN-RMET","441","505853","0.0-520.0-0.0","{""Q0"":""""}","{""Q0"":""NERVIOSA""}"
"","1046","RMET_036","RMET","survey-multi-choice-CSCN-RMET","442","506906","0.0-521.0-0.0","{""Q0"":""""}","{""Q0"":""INDECISO""}"
