"view_history","rt","trialid","procedure","trial_type","trial_index","time_elapsed","internal_node_id","stimulus","slider_start","response"
"[{""page_index"":0,""viewing_time"":470}]","470","Instructions_01","OTRASRELIG","instructions","1074","787741","0.0-1088.0-0.0","","",""
"","649","OTRASRELIG_01","OTRASRELIG","html-slider-response","1075","788395","0.0-1089.0-0.0","<div class=""justified"">¿Qué tan importante considera que es Dios en su vida? </div></br>","3","8"
"","673","OTRASRELIG_02","OTRASRELIG","survey-multi-choice-vertical","1076","789076","0.0-1090.0-0.0","{""Q0"":""¿Cree usted en Dios?""}","","{""Q0"":"" Sí""}"
"","651","OTRASRELIG_03","OTRASRELIG","survey-multi-choice-vertical","1077","789734","0.0-1091.0-0.0","{""Q0"":""¿Cree usted en la vida después de la muerte?""}","","{""Q0"":"" Sí""}"
"","611","OTRASRELIG_04","OTRASRELIG","survey-multi-choice-vertical","1078","790349","0.0-1092.0-0.0","{""Q0"":""¿Cree usted en el Infierno?""}","","{""Q0"":"" Sí""}"
"","600","OTRASRELIG_05","OTRASRELIG","survey-multi-choice-vertical","1079","790954","0.0-1093.0-0.0","{""Q0"":""¿Cree usted en el Cielo?""}","","{""Q0"":"" Sí""}"
"","790","OTRASRELIG_06","OTRASRELIG","survey-multi-choice-vertical","1080","791753","0.0-1094.0-0.0","{""Q0"":""Fui criado(a)""}","","{""Q0"":"" Religioso(a), de otra afiliación.""}"
"","665","OTRASRELIG_07","OTRASRELIG","survey-text","1081","792422","0.0-1095.0-0.0-0.0","{""Q0"":""¿Cuál es su religión?""}","","{""Q0"":""3yT4uTFpW58Z0bTvjXPvFUSNyAt5thx3UKKU6JFfdaKwUO993neewq8Pe6l1qzmWOdhPNVOWpWadjaz0RHcqEFxg5Ibb6""}"
"","857","OTRASRELIG_08","OTRASRELIG","survey-multi-choice-vertical","1082","793289","0.0-1096.0-0.0","{""Q0"":""¿Cuál de los siguientes corresponde a su preferencia y/o afiliación religiosa?""}","","{""Q0"":"" Judío(a)""}"
"","886","OTRASRELIG_10","OTRASRELIG","survey-multi-choice-vertical","1083","794193","0.0-1098.0-0.0","{""Q0"":""¿Su familia y/o amigos pertenecen a su mismo grupo religioso?""}","","{""Q0"":"" Solo algunos""}"
"","931","OTRASRELIG_11","OTRASRELIG","survey-multi-choice-vertical","1084","795137","0.0-1099.0-0.0","{""Q0"":""Sin considerar matrimonios y funerales, y sin considerar el periodo de pandemia, ¿qué tan seguido asiste a servicios religiosos?""}","","{""Q0"":"" Nunca, o practicamente nunca""}"
