"view_history","rt","trialid","procedure","trial_type","trial_index","time_elapsed","internal_node_id","stimulus","slider_start","response","question_order"
"[{""page_index"":0,""viewing_time"":645}]","645","Instructions_01","GBS","instructions","612","492359","0.0-657.0-0.0","","","",""
"","776.8000000007451","GBS_01","GBS","html-slider-response","613","493140","0.0-658.0-0.0","<div class='justified'>1.- En general, considerando creencias religiosas, yo me considero más bien</div></br>","0","-1",""
"","688.2000000011176","GBS_02","GBS","html-slider-response","614","493835","0.0-659.0-0.0","<div class='justified'>2.- En general, considerando eventos paranormales, extrasensoriales, extraños, mágicos o espirituales, yo creo:</div></br>","0","-4",""
"","623.3000000007451","GBS_03","GBS","html-slider-response","615","494463","0.0-660.0-0.0","<div class='justified'>3.- En general, considerando las supersticiones, yo me considero más bien</div></br>","0","-2",""
"","1006","GBS_04","GBS","survey-multi-choice","616","495473","0.0-661.0-0.0","{""Q0"":""<div class=\""justified\"">4.- Finalmente, si usted tuviese que clasificarse en una sola categoría que le definiera en términos de sus creencias/no creencias, ¿cuál escogería? (quizás considere que hay más de una, pero solo escoja la que más le represente).</div>""}","","{""Q0"":"" Agnóstico (no puedo afirmar la existencia o inexistencia de Dios o alguna deidad, esencia o ser superior; la verdad, no lo sé)""}","[0]"
