"view_history","rt","trialid","procedure","trial_type","trial_index","time_elapsed","internal_node_id","stimulus","response"
"[{""page_index"":0,""viewing_time"":532}]","533","Instructions_01","bRCOPE","instructions","1680","1229265","0.0-1756.0-0.0","",""
"","980","bRCOPE_01","bRCOPE","survey-multi-choice-horizontal","1681","1230258","0.0-1757.0-0.0","{""Q0"":""1. Supongo que mi Iglesia por momentos me abandona.""}","{""Q0"":""Nunca""}"
"","931","bRCOPE_02","bRCOPE","survey-multi-choice-horizontal","1682","1231201","0.0-1758.0-0.0","{""Q0"":""2. Trato de comprender que Dios me fortalece a través de ciertas situaciones.""}","{""Q0"":""Casi\n Nunca""}"
"","880","bRCOPE_03","bRCOPE","survey-multi-choice-horizontal","1683","1232093","0.0-1759.0-0.0","{""Q0"":""3. Pongo en entredicho el poder de Dios.""}","{""Q0"":""Siempre""}"
"","906","bRCOPE_04","bRCOPE","survey-multi-choice-horizontal","1684","1233013","0.0-1760.0-0.0","{""Q0"":""4. Junto con Dios, intento llevar a cabo mis planes.""}","{""Q0"":""Siempre""}"
"","899","bRCOPE_05","bRCOPE","survey-multi-choice-horizontal","1685","1233927","0.0-1761.0-0.0","{""Q0"":""5. Busco la ayuda de Dios, para olvidar mi enojo.""}","{""Q0"":""Casi\n Siempre""}"
"","890","bRCOPE_06","bRCOPE","survey-multi-choice-horizontal","1686","1234837","0.0-1762.0-0.0","{""Q0"":""6. Busco el amor y el cuidado de Dios.""}","{""Q0"":""Casi\n Nunca""}"
"","922","bRCOPE_07","bRCOPE","survey-multi-choice-horizontal","1687","1235773","0.0-1763.0-0.0","{""Q0"":""7. Pido perdón por mis pecados.""}","{""Q0"":""Nunca""}"
"","928","bRCOPE_08","bRCOPE","survey-multi-choice-horizontal","1688","1236712","0.0-1764.0-0.0","{""Q0"":""8. Me siento castigado por Dios por mi falta de devoción.""}","{""Q0"":""Siempre""}"
"","914","bRCOPE_09","bRCOPE","survey-multi-choice-horizontal","1689","1237638","0.0-1765.0-0.0","{""Q0"":""9. Pongo en duda el amor que Dios siente por mí.""}","{""Q0"":""Casi\n Siempre""}"
"","866","bRCOPE_10","bRCOPE","survey-multi-choice-horizontal","1690","1238516","0.0-1766.0-0.0","{""Q0"":""10. Me enfoco en mi religión para dejar de preocuparme por mis problemas.""}","{""Q0"":""Casi\n Siempre""}"
"","884","bRCOPE_11","bRCOPE","survey-multi-choice-horizontal","1691","1239416","0.0-1767.0-0.0","{""Q0"":""11. Me pregunto qué pude haber hecho para que Dios me castigue de esa manera.""}","{""Q0"":""Casi\n Siempre""}"
"","881","bRCOPE_12","bRCOPE","survey-multi-choice-horizontal","1692","1240308","0.0-1768.0-0.0","{""Q0"":""12. Me he preguntado si Dios me ha abandonado.""}","{""Q0"":""Casi\n Nunca""}"
"","867","bRCOPE_13","bRCOPE","survey-multi-choice-horizontal","1693","1241186","0.0-1769.0-0.0","{""Q0"":""13. Me siento convencido que el demonio hace que las cosas pasen.""}","{""Q0"":""A veces""}"
"","874","bRCOPE_14","bRCOPE","survey-multi-choice-horizontal","1694","1242073","0.0-1770.0-0.0","{""Q0"":""14. Busco la cercanía de Dios.""}","{""Q0"":""Casi\n Siempre""}"
