"view_history","rt","trialid","procedure","trial_type","trial_index","time_elapsed","internal_node_id","stimulus","button_pressed","condition_within","slider_start","response"
"[{""page_index"":0,""viewing_time"":535},{""page_index"":1,""viewing_time"":448}]","983","Instructions_01","HRPVBpost","instructions","669","523826","0.0-686.0-0.0","","","","",""
"[{""page_index"":0,""viewing_time"":412}]","412","Instructions_02","HRPVBpost","instructions","670","524240","0.0-687.0-0.0","","","","",""
"","470.90000000037253","HRPVBpost_02_00","HRPVBpost","html-button-response","671","524715","0.0-688.0-0.0-0.0","Lesión en el cerebro del bebe por falta de oxígeno","0","Lesión en el cerebro del bebe por falta de oxígeno","",""
"","575.8000000007451","HRPVBpost_02_02","HRPVBpost","html-slider-response","672","525295","0.0-688.0-0.0-1.0","vaginal","","Lesión en el cerebro del bebe por falta de oxígeno; vaginal","50","53.8"
"","688.7999999988824","HRPVBpost_02_01","HRPVBpost","html-slider-response","673","525989","0.0-688.0-0.0-2.0","cesarea","","Lesión en el cerebro del bebe por falta de oxígeno; cesarea","50","53.5"
"","532.8999999985099","HRPVBpost_04_00","HRPVBpost","html-button-response","674","526527","0.0-688.0-0.0-0.1","Dificultades para inicio temprano de lactancia materna","0","Dificultades para inicio temprano de lactancia materna","",""
"","817.7999999988824","HRPVBpost_04_02","HRPVBpost","html-slider-response","675","527350","0.0-688.0-0.0-1.1","vaginal","","Dificultades para inicio temprano de lactancia materna; vaginal","50","45.1"
"","715.2000000011176","HRPVBpost_04_01","HRPVBpost","html-slider-response","676","528071","0.0-688.0-0.0-2.1","cesarea","","Dificultades para inicio temprano de lactancia materna; cesarea","50","53.4"
"","531.2000000011176","HRPVBpost_01_00","HRPVBpost","html-button-response","677","528606","0.0-688.0-0.0-0.2","Problemas respiratorios del recién nacido","0","Problemas respiratorios del recién nacido","",""
"","595.5999999996275","HRPVBpost_01_02","HRPVBpost","html-slider-response","678","529205","0.0-688.0-0.0-1.2","vaginal","","Problemas respiratorios del recién nacido; vaginal","50","47.1"
"","633.6000000014901","HRPVBpost_01_01","HRPVBpost","html-slider-response","679","529843","0.0-688.0-0.0-2.2","cesarea","","Problemas respiratorios del recién nacido; cesarea","50","52.8"
"","416.5","HRPVBpost_03_00","HRPVBpost","html-button-response","680","530263","0.0-688.0-0.0-0.3","Hospitalización en cuidados intensivos neonatales","0","Hospitalización en cuidados intensivos neonatales","",""
"","609.7000000011176","HRPVBpost_03_02","HRPVBpost","html-slider-response","681","530876","0.0-688.0-0.0-1.3","vaginal","","Hospitalización en cuidados intensivos neonatales; vaginal","50","51.7"
"","819.0999999996275","HRPVBpost_03_01","HRPVBpost","html-slider-response","682","531698","0.0-688.0-0.0-2.3","cesarea","","Hospitalización en cuidados intensivos neonatales; cesarea","50","47.3"
"[{""page_index"":0,""viewing_time"":427}]","427","Instructions_02","HRPVBpost","instructions","683","532128","0.0-689.0-0.0","","","","",""
"","407.19999999925494","HRPVBpost_09_00","HRPVBpost","html-button-response","684","532541","0.0-690.0-0.0-0.0","Lesión de la vagina","0","Lesión de la vagina","",""
"","635","HRPVBpost_09_01","HRPVBpost","html-slider-response","685","533181","0.0-690.0-0.0-1.0","cesarea","","Lesión de la vagina; cesarea","50","46"
"","566.1000000014901","HRPVBpost_09_02","HRPVBpost","html-slider-response","686","533752","0.0-690.0-0.0-2.0","vaginal","","Lesión de la vagina; vaginal","50","47.9"
"","443.5","HRPVBpost_08_00","HRPVBpost","html-button-response","687","534199","0.0-690.0-0.0-0.1","Infección de la herida","0","Infección de la herida","",""
"","555.6999999992549","HRPVBpost_08_01","HRPVBpost","html-slider-response","688","534758","0.0-690.0-0.0-1.1","cesarea","","Infección de la herida; cesarea","50","49.9"
"","550.1999999992549","HRPVBpost_08_02","HRPVBpost","html-slider-response","689","535313","0.0-690.0-0.0-2.1","vaginal","","Infección de la herida; vaginal","50","50.9"
"","361","HRPVBpost_06_00","HRPVBpost","html-button-response","690","535677","0.0-690.0-0.0-0.2","Paro cardíaco","0","Paro cardíaco","",""
"","596.3000000007451","HRPVBpost_06_01","HRPVBpost","html-slider-response","691","536279","0.0-690.0-0.0-1.2","cesarea","","Paro cardíaco; cesarea","50","54.5"
"","671.8000000007451","HRPVBpost_06_02","HRPVBpost","html-slider-response","692","536958","0.0-690.0-0.0-2.2","vaginal","","Paro cardíaco; vaginal","50","52.9"
"","441","HRPVBpost_11_00","HRPVBpost","html-button-response","693","537403","0.0-690.0-0.0-0.3","Depresión post parto","0","Depresión post parto","",""
"","660.8000000007451","HRPVBpost_11_02","HRPVBpost","html-slider-response","694","538068","0.0-690.0-0.0-1.3","vaginal","","Depresión post parto; vaginal","50","54.2"
"","637.4000000003725","HRPVBpost_11_01","HRPVBpost","html-slider-response","695","538709","0.0-690.0-0.0-2.3","cesarea","","Depresión post parto; cesarea","50","47"
"","449.5","HRPVBpost_10_00","HRPVBpost","html-button-response","696","539164","0.0-690.0-0.0-0.4","Hospitalización de la madre en cuidados intensivos","0","Hospitalización de la madre en cuidados intensivos","",""
"","603.5999999996275","HRPVBpost_10_02","HRPVBpost","html-slider-response","697","539774","0.0-690.0-0.0-1.4","vaginal","","Hospitalización de la madre en cuidados intensivos; vaginal","50","45.5"
"","604.5999999996275","HRPVBpost_10_01","HRPVBpost","html-slider-response","698","540381","0.0-690.0-0.0-2.4","cesarea","","Hospitalización de la madre en cuidados intensivos; cesarea","50","51.9"
"","369.5","HRPVBpost_05_00","HRPVBpost","html-button-response","699","540754","0.0-690.0-0.0-0.5","Complicaciones de la anestesia","0","Complicaciones de la anestesia","",""
"","630.8000000007451","HRPVBpost_05_01","HRPVBpost","html-slider-response","700","541391","0.0-690.0-0.0-1.5","cesarea","","Complicaciones de la anestesia; cesarea","50","46.8"
"","600.6999999992549","HRPVBpost_05_02","HRPVBpost","html-slider-response","701","541996","0.0-690.0-0.0-2.5","vaginal","","Complicaciones de la anestesia; vaginal","50","49.9"
"","454.40000000037253","HRPVBpost_07_00","HRPVBpost","html-button-response","702","542454","0.0-690.0-0.0-0.6","Histerectomía (extracción del útero)","0","Histerectomía (extracción del útero)","",""
"","668.7000000011176","HRPVBpost_07_01","HRPVBpost","html-slider-response","703","543130","0.0-690.0-0.0-1.6","cesarea","","Histerectomía (extracción del útero); cesarea","50","45.8"
"","725.5","HRPVBpost_07_02","HRPVBpost","html-slider-response","704","543860","0.0-690.0-0.0-2.6","vaginal","","Histerectomía (extracción del útero); vaginal","50","54"
