"view_history","rt","trialid","procedure","trial_type","trial_index","time_elapsed","internal_node_id","stimulus","response","slider_start"
"[{""page_index"":0,""viewing_time"":529}]","529","Instructions_01","MDDF","instructions","928","684505","0.0-949.0-0.0","","",""
"","1216","MDDF_01","MDDF","survey-multi-choice-vertical","929","685732","0.0-950.0-0.0","{""Q0"":""1. A un hombre joven le gusta escuchar a sus vecinos ancianos teniendo relaciones sexuales.¿En qué medida esto le parece inadecuado o adecuado?""}","{""Q0"":""Un poco adecuado""}",""
"","659","MDDF_02","MDDF","survey-multi-choice-vertical","930","686396","0.0-951.0-0.0","{""Q0"":""1. A un hombre joven le gusta escuchar a sus vecinos ancianos teniendo relaciones sexuales.¿Usted considera que en esta situación alguien ha sufrido un daño?""}","{""Q0"":"" No""}",""
"","895","MDDF_04","MDDF","survey-multi-choice-vertical","931","687310","0.0-953.0-0.0","{""Q0"":""2. Una pareja de hermanos están de acuerdo en tener sexo protegido.¿En qué medida esto le parece inadecuado o adecuado?""}","{""Q0"":""Un poco adecuado""}",""
"","605","MDDF_05","MDDF","survey-multi-choice-vertical","932","687921","0.0-954.0-0.0","{""Q0"":""2. Una pareja de hermanos están de acuerdo en tener sexo protegido.¿Usted considera que en esta situación alguien ha sufrido un daño?""}","{""Q0"":"" No""}",""
"[{""page_index"":0,""viewing_time"":402}]","403","Instructions_02","MDDF","instructions","933","688326","0.0-956.0-0.0","","",""
"","940","MDDF_07","MDDF","survey-multi-choice-vertical","934","689276","0.0-957.0-0.0","{""Q0"":""1. Una mujer va deliberadamente a trabajar cuando tiene gripe/influenza.¿En qué medida esto le parece inadecuado o adecuado?""}","{""Q0"":""Medianamente inadecuado""}",""
"","647","MDDF_08","MDDF","survey-multi-choice-vertical","935","689928","0.0-958.0-0.0","{""Q0"":""1. Una mujer va deliberadamente a trabajar cuando tiene gripe/influenza.¿Usted considera que en esta situación alguien ha sufrido un daño?""}","{""Q0"":"" Si""}",""
"","530.6999999992549","MDDF_09","MDDF","html-slider-response","936","690463","0.0-959.0-0.0-0.0","<div class='justified'>1. Una mujer va deliberadamente a trabajar cuando tiene gripe/influenza.</p><p>Si usted considera que alguien sufrió un daño en esta situación, ¿Que tanto daño cree usted que sufrió? </p></div></br>","1","4"
"","985","MDDF_10","MDDF","survey-multi-choice-vertical","937","691461","0.0-960.0-0.0","{""Q0"":""2. El dueño de un hotel no fumigará las camas infestadas de insectos porque es muy caro.¿En qué medida esto le parece inadecuado o adecuado?""}","{""Q0"":""Medianamente adecuado""}",""
"","645","MDDF_11","MDDF","survey-multi-choice-vertical","938","692111","0.0-961.0-0.0","{""Q0"":""2. El dueño de un hotel no fumigará las camas infestadas de insectos porque es muy caro.¿Usted considera que en esta situación alguien ha sufrido un daño?""}","{""Q0"":"" Si""}",""
"","569.0999999996275","MDDF_12","MDDF","html-slider-response","939","692684","0.0-962.0-0.0-0.0","<div class='justified'>2. El dueño de un hotel no fumigará las camas infestadas de insectos porque es muy caro.</p><p>Si usted considera que alguien sufrió un daño en esta situación, ¿Que tanto daño cree usted que sufrió? </p></div></br>","3","4"
"","951","MDDF_13","MDDF","survey-multi-choice-vertical","940","693645","0.0-963.0-0.0","{""Q0"":""3. Un hombre no se molesta en lavarse las manos antes de preparar el biberón de su bebé.¿En qué medida esto le parece inadecuado o adecuado?""}","{""Q0"":""Altamente adecuado""}",""
"","666","MDDF_14","MDDF","survey-multi-choice-vertical","941","694317","0.0-964.0-0.0","{""Q0"":""3. Un hombre no se molesta en lavarse las manos antes de preparar el biberón de su bebé.¿Usted considera que en esta situación alguien ha sufrido un daño?""}","{""Q0"":"" No""}",""
"","1114","MDDF_16","MDDF","survey-multi-choice-vertical","942","695441","0.0-966.0-0.0","{""Q0"":""4. Un hombre orina intencionalmente en el piso del baño.¿En qué medida esto le parece inadecuado o adecuado?""}","{""Q0"":""Medianamente inadecuado""}",""
"","654","MDDF_17","MDDF","survey-multi-choice-vertical","943","696101","0.0-967.0-0.0","{""Q0"":""4. Un hombre orina intencionalmente en el piso del baño.¿Usted considera que en esta situación alguien ha sufrido un daño?""}","{""Q0"":"" Si""}",""
"","579.3000000007451","MDDF_18","MDDF","html-slider-response","944","696685","0.0-968.0-0.0-0.0","<div class='justified'>4. Un hombre orina intencionalmente en el piso del baño.</p><p>Si usted considera que alguien sufrió un daño en esta situación, ¿Que tanto daño cree usted que sufrió? </p></div></br>","2","4"
"","950","MDDF_19","MDDF","survey-multi-choice-vertical","945","697646","0.0-969.0-0.0","{""Q0"":""5. Alguien deja una rata muerta en la cocina de su vecino.¿En qué medida esto le parece inadecuado o adecuado?""}","{""Q0"":""Sin opinion""}",""
"","611","MDDF_20","MDDF","survey-multi-choice-vertical","946","698266","0.0-970.0-0.0","{""Q0"":""5. Alguien deja una rata muerta en la cocina de su vecino.¿Usted considera que en esta situación alguien ha sufrido un daño?""}","{""Q0"":"" No""}",""
"[{""page_index"":0,""viewing_time"":399}]","399","Instructions_03","MDDF","instructions","947","698667","0.0-972.0-0.0","","",""
"","942","MDDF_22","MDDF","survey-multi-choice-vertical","948","699626","0.0-973.0-0.0","{""Q0"":""1. Alguien toma un vaso de leche mientras se da cuenta que huele rancia.¿En qué medida esto le parece inadecuado o adecuado?""}","{""Q0"":""Medianamente adecuado""}",""
"","618","MDDF_23","MDDF","survey-multi-choice-vertical","949","700249","0.0-974.0-0.0","{""Q0"":""1. Alguien toma un vaso de leche mientras se da cuenta que huele rancia.¿Usted considera que en esta situación alguien ha sufrido un daño?""}","{""Q0"":"" No""}",""
"","983","MDDF_25","MDDF","survey-multi-choice-vertical","950","701241","0.0-976.0-0.0","{""Q0"":""2. Alguien toca accidentalmente un cadáver.¿En qué medida esto le parece inadecuado o adecuado?""}","{""Q0"":""Un poco adecuado""}",""
"","571","MDDF_26","MDDF","survey-multi-choice-vertical","951","701818","0.0-977.0-0.0","{""Q0"":""2. Alguien toca accidentalmente un cadáver.¿Usted considera que en esta situación alguien ha sufrido un daño?""}","{""Q0"":"" No""}",""
"","949","MDDF_28","MDDF","survey-multi-choice-vertical","952","702780","0.0-979.0-0.0","{""Q0"":""3. Un hombre camina descalzo por el césped y pisa caca de perro fresca.¿En qué medida esto le parece inadecuado o adecuado?""}","{""Q0"":""Sin opinion""}",""
"","629","MDDF_29","MDDF","survey-multi-choice-vertical","953","703413","0.0-980.0-0.0","{""Q0"":""3. Un hombre camina descalzo por el césped y pisa caca de perro fresca.¿Usted considera que en esta situación alguien ha sufrido un daño?""}","{""Q0"":"" No""}",""
"","1000","MDDF_31","MDDF","survey-multi-choice-vertical","954","704425","0.0-982.0-0.0","{""Q0"":""4. La mano de una persona está cubierta de sangre luego de cortarse un dedo accidentalmente.¿En qué medida esto le parece inadecuado o adecuado?""}","{""Q0"":""Altamente adecuado""}",""
"","634","MDDF_32","MDDF","survey-multi-choice-vertical","955","705065","0.0-983.0-0.0","{""Q0"":""4. La mano de una persona está cubierta de sangre luego de cortarse un dedo accidentalmente.¿Usted considera que en esta situación alguien ha sufrido un daño?""}","{""Q0"":"" No""}",""
"","980","MDDF_34","MDDF","survey-multi-choice-vertical","956","706059","0.0-985.0-0.0","{""Q0"":""5. Una mujer bebió un vaso de agua que contenía la saliva de otra persona.¿En qué medida esto le parece inadecuado o adecuado?""}","{""Q0"":""Sin opinion""}",""
"","560","MDDF_35","MDDF","survey-multi-choice-vertical","957","706625","0.0-986.0-0.0","{""Q0"":""5. Una mujer bebió un vaso de agua que contenía la saliva de otra persona.¿Usted considera que en esta situación alguien ha sufrido un daño?""}","{""Q0"":"" No""}",""
"","881","MDDF_37","MDDF","survey-multi-choice-vertical","958","707517","0.0-988.0-0.0","{""Q0"":""6. Una persona accidentalmente estornuda sobre otros pasajeros del tren.¿En qué medida esto le parece inadecuado o adecuado?""}","{""Q0"":""Altamente adecuado""}",""
"","571","MDDF_38","MDDF","survey-multi-choice-vertical","959","708093","0.0-989.0-0.0","{""Q0"":""6. Una persona accidentalmente estornuda sobre otros pasajeros del tren.¿Usted considera que en esta situación alguien ha sufrido un daño?""}","{""Q0"":"" No""}",""
"","931","MDDF_40","MDDF","survey-multi-choice-vertical","960","709037","0.0-991.0-0.0","{""Q0"":""7. Una mujer no lava sus manos después de usar el baño.¿En qué medida esto le parece inadecuado o adecuado?""}","{""Q0"":""Un poco adecuado""}",""
"","694","MDDF_41","MDDF","survey-multi-choice-vertical","961","709738","0.0-992.0-0.0","{""Q0"":""7. Una mujer no lava sus manos después de usar el baño.¿Usted considera que en esta situación alguien ha sufrido un daño?""}","{""Q0"":"" No""}",""
"[{""page_index"":0,""viewing_time"":422}]","422","Instructions_04","MDDF","instructions","962","710165","0.0-994.0-0.0","","",""
"","906","MDDF_43","MDDF","survey-multi-choice-vertical","963","711083","0.0-995.0-0.0","{""Q0"":""1. Un hombre toma el tren para ir al trabajo.¿En qué medida esto le parece inadecuado o adecuado?""}","{""Q0"":""Altamente adecuado""}",""
"","612","MDDF_44","MDDF","survey-multi-choice-vertical","964","711703","0.0-996.0-0.0","{""Q0"":""1. Un hombre toma el tren para ir al trabajo.¿Usted considera que en esta situación alguien ha sufrido un daño?""}","{""Q0"":"" Si""}",""
"","579.4000000003725","MDDF_45","MDDF","html-slider-response","965","712287","0.0-997.0-0.0-0.0","<div class='justified'>1. Un hombre toma el tren para ir al trabajo.</p><p>Si usted considera que alguien sufrió un daño en esta situación, ¿Que tanto daño cree usted que sufrió? </p></div></br>","6","4"
"","968","MDDF_46","MDDF","survey-multi-choice-vertical","966","713265","0.0-998.0-0.0","{""Q0"":""2. Una mujer va a un restaurante a cenar.¿En qué medida esto le parece inadecuado o adecuado?""}","{""Q0"":""Un poco adecuado""}",""
"","611","MDDF_47","MDDF","survey-multi-choice-vertical","967","713885","0.0-999.0-0.0","{""Q0"":""2. Una mujer va a un restaurante a cenar.¿Usted considera que en esta situación alguien ha sufrido un daño?""}","{""Q0"":"" No""}",""
"","956","MDDF_49","MDDF","survey-multi-choice-vertical","968","714855","0.0-1001.0-0.0","{""Q0"":""3. Una persona va a la tienda a comprar comestibles.¿En qué medida esto le parece inadecuado o adecuado?""}","{""Q0"":""Muy inadecuado""}",""
"","628","MDDF_50","MDDF","survey-multi-choice-vertical","969","715489","0.0-1002.0-0.0","{""Q0"":""3. Una persona va a la tienda a comprar comestibles.¿Usted considera que en esta situación alguien ha sufrido un daño?""}","{""Q0"":"" No""}",""
"","882","MDDF_52","MDDF","survey-multi-choice-vertical","970","716381","0.0-1004.0-0.0","{""Q0"":""4. Una persona toma el bus hacia la ciudad el fin de semana.¿En qué medida esto le parece inadecuado o adecuado?""}","{""Q0"":""Muy inadecuado""}",""
"","656","MDDF_53","MDDF","survey-multi-choice-vertical","971","717043","0.0-1005.0-0.0","{""Q0"":""4. Una persona toma el bus hacia la ciudad el fin de semana.¿Usted considera que en esta situación alguien ha sufrido un daño?""}","{""Q0"":"" Si""}",""
"","576.9000000003725","MDDF_54","MDDF","html-slider-response","972","717625","0.0-1006.0-0.0-0.0","<div class='justified'>4. Una persona toma el bus hacia la ciudad el fin de semana.</p><p>Si usted considera que alguien sufrió un daño en esta situación, ¿Que tanto daño cree usted que sufrió? </p></div></br>","7","4"
"","921","MDDF_55","MDDF","survey-multi-choice-vertical","973","718557","0.0-1007.0-0.0","{""Q0"":""5. Una persona tiende su cama en la mañana.¿En qué medida esto le parece inadecuado o adecuado?""}","{""Q0"":""Medianamente adecuado""}",""
"","635","MDDF_56","MDDF","survey-multi-choice-vertical","974","719198","0.0-1008.0-0.0","{""Q0"":""5. Una persona tiende su cama en la mañana.¿Usted considera que en esta situación alguien ha sufrido un daño?""}","{""Q0"":"" No""}",""
"","897","MDDF_58","MDDF","survey-multi-choice-vertical","975","720106","0.0-1010.0-0.0","{""Q0"":""6. Una persona toma el ascensor para ir al último piso de un edificio.¿En qué medida esto le parece inadecuado o adecuado?""}","{""Q0"":""Medianamente inadecuado""}",""
"","667","MDDF_59","MDDF","survey-multi-choice-vertical","976","720781","0.0-1011.0-0.0","{""Q0"":""6. Una persona toma el ascensor para ir al último piso de un edificio.¿Usted considera que en esta situación alguien ha sufrido un daño?""}","{""Q0"":"" Si""}",""
"","540.9000000003725","MDDF_60","MDDF","html-slider-response","977","721327","0.0-1012.0-0.0-0.0","<div class='justified'>6. Una persona toma el ascensor para ir al último piso de un edificio.</p><p>Si usted considera que alguien sufrió un daño en esta situación, ¿Que tanto daño cree usted que sufrió? </p></div></br>","1","4"
"","980","MDDF_61","MDDF","survey-multi-choice-vertical","978","722319","0.0-1013.0-0.0","{""Q0"":""7. Una persona come una manzana al desayuno.¿En qué medida esto le parece inadecuado o adecuado?""}","{""Q0"":""Medianamente inadecuado""}",""
"","611","MDDF_62","MDDF","survey-multi-choice-vertical","979","722935","0.0-1014.0-0.0","{""Q0"":""7. Una persona come una manzana al desayuno.¿Usted considera que en esta situación alguien ha sufrido un daño?""}","{""Q0"":"" Si""}",""
"","603.7999999988824","MDDF_63","MDDF","html-slider-response","980","723543","0.0-1015.0-0.0-0.0","<div class='justified'>7. Una persona come una manzana al desayuno.</p><p>Si usted considera que alguien sufrió un daño en esta situación, ¿Que tanto daño cree usted que sufrió? </p></div></br>","6","4"
