"view_history","rt","trialid","procedure","trial_type","trial_index","time_elapsed","internal_node_id","stimulus","slider_start","response"
"[{""page_index"":0,""viewing_time"":526}]","526","Instructions_01","IRI","instructions","798","606742","0.0-791.0-0.0","","",""
"","665.8999999985099","IRI_001","IRI","html-slider-response","799","607411","0.0-792.0-0.0","<div class='justified'>1.- Con cierta frecuencia sueño despierto y fantaseo sobre cosas que podrían pasarme.</div></br>","2","2"
"","599.6999999992549","IRI_002","IRI","html-slider-response","800","608015","0.0-793.0-0.0","<div class='justified'>2.- A menudo tengo sentimientos de compasión y preocupación hacia gente menos afortunada que yo.</div></br>","2","3"
"","572.5","IRI_003","IRI","html-slider-response","801","608592","0.0-794.0-0.0","<div class='justified'>3.- A veces encuentro difícil ver las cosas desde el punto de vista de otros.</div></br>","2","1"
"","581.9000000003725","IRI_004","IRI","html-slider-response","802","609177","0.0-795.0-0.0","<div class='justified'>4.- A veces no me dan mucha lástima otras personas cuando tienen problemas.</div></br>","2","4"
"","603.3999999985099","IRI_005","IRI","html-slider-response","803","609784","0.0-796.0-0.0","<div class='justified'>5.- Realmente me siento “metido/a” en los sentimientos de los personajes de una novela.</div></br>","2","2"
"","553.9000000003725","IRI_006","IRI","html-slider-response","804","610341","0.0-797.0-0.0","<div class='justified'>6.- En situaciones de emergencia, me siento aprensivo e incómodo.</div></br>","2","1"
"","564.5999999996275","IRI_007","IRI","html-slider-response","805","610909","0.0-798.0-0.0","<div class='justified'>7.- Generalmente soy objetivo cuando veo una película o una obra de teatro y no me suelo “meter” completamente en ella.</div></br>","2","1"
"","576.1999999992549","IRI_008","IRI","html-slider-response","806","611489","0.0-799.0-0.0","<div class='justified'>8.- En un desacuerdo con otros, trato de ver las cosas desde el punto de vista de los demás antes de tomar una decisión.</div></br>","2","0"
"","565.3999999985099","IRI_009","IRI","html-slider-response","807","612057","0.0-800.0-0.0","<div class='justified'>9.- Cuando veo que se aprovechan de alguien, siento necesidad de protegerle.</div></br>","2","1"
"","585.0999999996275","IRI_010","IRI","html-slider-response","808","612646","0.0-801.0-0.0","<div class='justified'>10.- A veces me siento indefenso/a cuando estoy en medio de una situación muy emotiva.</div></br>","2","1"
"","591.7000000011176","IRI_011","IRI","html-slider-response","809","613241","0.0-802.0-0.0","<div class='justified'>11.- A veces intento comprender mejor a mis amigos imaginando cómo ven las cosas desde su perspectiva.</div></br>","2","4"
"","508.5","IRI_012","IRI","html-slider-response","810","613753","0.0-803.0-0.0","<div class='justified'>12.- Es raro que yo me “meta” mucho en un buen libro o en una película.</div></br>","2","0"
"","567.7999999988824","IRI_013","IRI","html-slider-response","811","614326","0.0-804.0-0.0","<div class='justified'>13.- Cuando veo que alguien se hace daño, tiendo a permanecer tranquilo.</div></br>","2","0"
"","522.6000000014901","IRI_014","IRI","html-slider-response","812","614853","0.0-805.0-0.0","<div class='justified'>14.- Las desgracias de otros no suelen angustiarme mucho.</div></br>","2","3"
"","541.3000000007451","IRI_015","IRI","html-slider-response","813","615397","0.0-806.0-0.0","<div class='justified'>15.- Si estoy seguro/a que tengo la razón en algo, no pierdo mucho tiempo escuchando los argumentos de otras personas.</div></br>","2","0"
"","522.5","IRI_016","IRI","html-slider-response","814","615923","0.0-807.0-0.0","<div class='justified'>16.- Después de ver una obra de teatro o una película, me siento como si fuese uno de los protagonistas.</div></br>","2","0"
"","524.2999999988824","IRI_017","IRI","html-slider-response","815","616450","0.0-808.0-0.0","<div class='justified'>17.- Me asusta estar en una situación emocional tensa.</div></br>","2","0"
"","534.2000000011176","IRI_018","IRI","html-slider-response","816","616988","0.0-809.0-0.0","<div class='justified'>18.- Cuando veo que alguien está siendo tratado injustamente, no suelo sentir mucha pena por él.</div></br>","2","3"
"","617.5","IRI_019","IRI","html-slider-response","817","617609","0.0-810.0-0.0","<div class='justified'>19.- Generalmente soy bastante efectivo afrontando emergencias.</div></br>","2","2"
"","530.4000000003725","IRI_020","IRI","html-slider-response","818","618143","0.0-811.0-0.0","<div class='justified'>20.- A menudo me conmueven las cosas que veo que pasan.</div></br>","2","3"
"","498.7000000011176","IRI_021","IRI","html-slider-response","819","618645","0.0-812.0-0.0","<div class='justified'>21.- Creo que todas las cuestiones se pueden ver desde dos perspectivas e intento considerar ambas.</div></br>","2","1"
"","524.9000000003725","IRI_022","IRI","html-slider-response","820","619173","0.0-813.0-0.0","<div class='justified'>22.- Me describiría como una persona bastante sensible.</div></br>","2","3"
"","512","IRI_023","IRI","html-slider-response","821","619689","0.0-814.0-0.0","<div class='justified'>23.- Cuando veo una buena película, puedo ponerme muy fácilmente en el lugar del protagonista.</div></br>","2","2"
"","523.3000000007451","IRI_024","IRI","html-slider-response","822","620216","0.0-815.0-0.0","<div class='justified'>24.- Tiendo a perder el control en las emergencias.</div></br>","2","2"
"","513.3000000007451","IRI_025","IRI","html-slider-response","823","620733","0.0-816.0-0.0","<div class=""justified"">25.- Cuando estoy molesto con alguien, generalmente trato de ""ponerme en su pellejo"" durante un tiempo.</div></br>","2","4"
"","577","IRI_026","IRI","html-slider-response","824","621315","0.0-817.0-0.0","<div class='justified'>26.- Cuando estoy leyendo una novela o historia interesante, imagino cómo me sentiría si me estuviera pasando lo que ocurre en la historia.</div></br>","2","4"
"","527.8000000007451","IRI_027","IRI","html-slider-response","825","621846","0.0-818.0-0.0","<div class='justified'>27.- Cuando veo a alguien en una emergencia que necesita ayuda, pierdo el control.</div></br>","2","4"
"","587.8000000007451","IRI_028","IRI","html-slider-response","826","622438","0.0-819.0-0.0","<div class='justified'>28.- Antes de criticar a alguien, intento imaginar cómo me sentiría yo si estuviera en su lugar.</div></br>","2","1"
