"rt","stimulus","slider_start","response","trialid","procedure","trial_type","trial_index","time_elapsed","internal_node_id"
"806.7000000011176","<div class=""justified"">Yo preferiría un parto por cesárea para evitar el dolor del parto</div></br>","50","11","PSPPC_01","PSPPC","html-slider-response","1166","855636","0.0-1190.0-0.0"
"623.8000000007451","<div class=""justified"">Creo que la mujer tiene derecho a elegir una cesárea aunque no hayan indicaciones médicas para hacerla</div></br>","50","76","PSPPC_02","PSPPC","html-slider-response","1167","856264","0.0-1191.0-0.0"
"623.4000000003725","<div class=""justified"">El procedimiento quirúrgico involucrado en un parto por cesárea no me preocupa</div></br>","50","42","PSPPC_03","PSPPC","html-slider-response","1168","856891","0.0-1192.0-0.0"
"606.0999999996275","<div class=""justified"">Tener bebés por cesárea es menos vergonzoso que tenerlos por vía vaginal</div></br>","50","37","PSPPC_04","PSPPC","html-slider-response","1169","857501","0.0-1193.0-0.0"
"620","<div class=""justified"">Considero que el parto vaginal es un método obsoleto de parto</div></br>","50","54","PSPPC_05","PSPPC","html-slider-response","1170","858127","0.0-1194.0-0.0"
"648.8000000007451","<div class=""justified"">El parto requiere de atención o asistencia médica incluso en embarazos sin complicaciones</div></br>","50","41","PSPPC_06","PSPPC","html-slider-response","1171","858780","0.0-1195.0-0.0"
