"view_history","rt","trialid","procedure","trial_type","trial_index","time_elapsed","internal_node_id","stimulus","response"
"[{""page_index"":0,""viewing_time"":483}]","483","Instructions_01","MDMQ","instructions","1007","744710","0.0-1018.0-0.0","",""
"","766","MDMQ_01","MDMQ","survey-multi-choice-vertical","1008","745482","0.0-1019.0-0.0","{""Q0"":""1. Me gusta considerar todas las alternativas.""}","{""Q0"":"" No es verdad para mi""}"
"","722","MDMQ_02","MDMQ","survey-multi-choice-vertical","1009","746210","0.0-1020.0-0.0","{""Q0"":""2. Intento encontrar las desventajas de cada alternativa.""}","{""Q0"":"" Es verdad para mi""}"
"","729","MDMQ_03","MDMQ","survey-multi-choice-vertical","1010","746945","0.0-1021.0-0.0","{""Q0"":""3. Tomo en consideración cuál sería la mejor manera de llevar adelante una decisión.""}","{""Q0"":"" No es verdad para mi""}"
"","659","MDMQ_04","MDMQ","survey-multi-choice-vertical","1011","747616","0.0-1022.0-0.0","{""Q0"":""4. Cuando tomo decisiones me gusta reunir mucha información.""}","{""Q0"":"" Es verdad para mi""}"
"","676","MDMQ_05","MDMQ","survey-multi-choice-vertical","1012","748298","0.0-1023.0-0.0","{""Q0"":""5. Intento ser claro en mis objetivos antes de elegir.""}","{""Q0"":"" A veces es verdad""}"
"","690","MDMQ_06","MDMQ","survey-multi-choice-vertical","1013","748997","0.0-1024.0-0.0","{""Q0"":""6. Tomo muchas precauciones antes de elegir.""}","{""Q0"":"" A veces es verdad""}"
"","679","MDMQ_07","MDMQ","survey-multi-choice-vertical","1014","749684","0.0-1025.0-0.0","{""Q0"":""7. Siempre que afronto una decisión difícil, me siento pesimista respecto a poder encontrar una buena solución.""}","{""Q0"":"" Es verdad para mi""}"
"","725","MDMQ_08","MDMQ","survey-multi-choice-vertical","1015","750415","0.0-1026.0-0.0","{""Q0"":""8. Me siento como si estuviera bajo una tremenda presión de tiempo cuando tomo decisiones.""}","{""Q0"":"" No es verdad para mi""}"
"","682","MDMQ_09","MDMQ","survey-multi-choice-vertical","1016","751104","0.0-1027.0-0.0","{""Q0"":""9. La posibilidad de que alguna cosa de poca importancia pudiera salir mal hace que cambie abruptamente mi preferencia.""}","{""Q0"":"" No es verdad para mi""}"
"","693","MDMQ_10","MDMQ","survey-multi-choice-vertical","1017","751802","0.0-1028.0-0.0","{""Q0"":""10. No puedo pensar correctamente si tengo que tomar decisiones apresuradas.""}","{""Q0"":"" A veces es verdad""}"
"","759","MDMQ_11","MDMQ","survey-multi-choice-vertical","1018","752568","0.0-1029.0-0.0","{""Q0"":""11. Después de tomar una decisión, gasto cantidad de tiempo convenciéndome a mí mismo de que era correcta.""}","{""Q0"":"" A veces es verdad""}"
"","650","MDMQ_12","MDMQ","survey-multi-choice-vertical","1019","753230","0.0-1030.0-0.0","{""Q0"":""12. Evito tomar decisiones.""}","{""Q0"":"" No es verdad para mi""}"
"","705","MDMQ_13","MDMQ","survey-multi-choice-vertical","1020","753946","0.0-1031.0-0.0","{""Q0"":""13. No tomo decisiones a menos que no tenga más remedio.""}","{""Q0"":"" No es verdad para mi""}"
"","656","MDMQ_14","MDMQ","survey-multi-choice-vertical","1021","754607","0.0-1032.0-0.0","{""Q0"":""14. Prefiero dejarles a otros tomar las decisiones.""}","{""Q0"":"" No es verdad para mi""}"
"","678","MDMQ_15","MDMQ","survey-multi-choice-vertical","1022","755292","0.0-1033.0-0.0","{""Q0"":""15. No me gusta asumir la responsabilidad de tomar decisiones.""}","{""Q0"":"" A veces es verdad""}"
"","685","MDMQ_16","MDMQ","survey-multi-choice-vertical","1023","755985","0.0-1034.0-0.0","{""Q0"":""16. Si una decisión puede ser tomada por otra persona o por mi, dejo que la otra persona la tome.""}","{""Q0"":"" A veces es verdad""}"
"","643","MDMQ_17","MDMQ","survey-multi-choice-vertical","1024","756635","0.0-1035.0-0.0","{""Q0"":""17. Prefiero que las personas que están mejor informadas decidan por mí.""}","{""Q0"":"" A veces es verdad""}"
"","700","MDMQ_18","MDMQ","survey-multi-choice-vertical","1025","757342","0.0-1036.0-0.0","{""Q0"":""18. Pierdo cantidad de tiempo en cuestiones triviales de menor importancia antes de llegar a la decisión final.""}","{""Q0"":"" A veces es verdad""}"
"","1158","MDMQ_19","MDMQ","survey-multi-choice-vertical","1026","758513","0.0-1037.0-0.0","{""Q0"":""19. Incluso después de haber tomado una decisión, retraso ponerla en práctica.""}","{""Q0"":"" A veces es verdad""}"
"","735","MDMQ_20","MDMQ","survey-multi-choice-vertical","1027","759255","0.0-1038.0-0.0","{""Q0"":""20. Cuando tengo que tomar una decisión, espero mucho tiempo antes de empezar a pensar en ello.""}","{""Q0"":"" Es verdad para mi""}"
"","686","MDMQ_21","MDMQ","survey-multi-choice-vertical","1028","759948","0.0-1039.0-0.0","{""Q0"":""21. Retraso tomar decisiones hasta que es demasiado tarde.""}","{""Q0"":"" A veces es verdad""}"
"","659","MDMQ_22","MDMQ","survey-multi-choice-vertical","1029","760614","0.0-1040.0-0.0","{""Q0"":""22. Aplazo tomar decisiones.""}","{""Q0"":"" Es verdad para mi""}"
