"view_history","rt","trialid","procedure","trial_type","trial_index","time_elapsed","internal_node_id","stimulus","response","question_order","slider_start"
"[{""page_index"":0,""viewing_time"":689}]","689","instructions_01","SDOBHQ","instructions","70","90628","0.0-73.0-0.0","","","",""
"","999","SDOBHQ_001","SDOBHQ","survey-text","71","91631","0.0-74.0-0.0","{""Q0"":""Por favor, indique su edad actual:""}","{""Q0"":""20""}","",""
"[{""page_index"":0,""viewing_time"":586}]","586","instructions_002","SDOBHQ","instructions","72","92219","0.0-75.0-0.0","","","",""
"","975.5","SDOBHQ_002","SDOBHQ","survey-multi-choice","73","93197","0.0-76.0-0.0","{""Q0"":""¿Usted asistió a una escuela primaria privada o pública?""}","{""Q0"":"" Pública""}","[0]",""
"","882.0999999999767","SDOBHQ_003","SDOBHQ","survey-multi-choice","74","94083","0.0-77.0-0.0-0.0","{""Q0"":""¿La escuela primaria a la que asistió por la mayor cantidad de tiempo estaba ubicada en una zona rural (campo) o una zona urbana (ciudad)?""}","{""Q0"":"" Urbana o suburbana (ciudad o suburbios)""}","[0]",""
"","1168.6999999999534","SDOBHQ_004","SDOBHQ","survey-multi-choice","75","95254","0.0-78.0-0.0-0.0","{""Q0"":""En general, ¿Cómo describiría usted la calidad de la educación que recibió a lo largo de su vida?""}","{""Q0"":"" Buena""}","[0]",""
"[{""page_index"":0,""viewing_time"":642}]","642","instructions_003","SDOBHQ","instructions","76","95900","0.0-79.0-0.0","","","",""
"","857.5","SDOBHQ_005","SDOBHQ","survey-multi-choice","77","96760","0.0-80.0-0.0","{""Q0"":""Antes de cumplir 18 años, ¿Alguna vez trabajó?""}","{""Q0"":"" No""}","[0]",""
"","982","SDOBHQ_009","SDOBHQ","survey-text","78","97750","0.0-84.0-0.0","{""Q0"":""¿Cuál es el empleo que ha realizado por más tiempo, incluyendo trabajos sin pago y trabajo como amo/a de casa? Si tuvo dos o más empleos por el mismo periódo de tiempo, por favor indique UNICAMENTE el empleo que requirió el mayor grado de destreza o entrenamiento.""}","{""Q0"":""dc4Vtz6aRJL2m6sO0AQTt3cqZ8PE8Y642sKlvRf6krQEOXA5wlEhHXjpCuiFtnN31""}","",""
"","1835","SDOBHQ_010","SDOBHQ","survey-text","79","99591","0.0-85.0-0.0","{""Q0"":""Indique el número de años y/o meses que trabajó en este empleo (por ejemplo 3 años y 4 meses):""}","{""Q0"":""KTFJ1OiDrlERNtHGiChNezIqX7tBaM1Uj""}","",""
"","1087","SDOBHQ_011","SDOBHQ","survey-text","80","100682","0.0-86.0-0.0","{""Q0"":""Describa con detalle las principales tareas o actividades de este empleo:""}","{""Q0"":""oMXAcsHOlfCMMgXiXkQAlsYHUvLxhtBdz8KrmpbUmsCJKCEHaF7EbDSexfRMSRFhPKZxfcrmp5Sbvy2ZjFIjuDMR""}","",""
"","942.4000000000233","SDOBHQ_012","SDOBHQ","survey-multi-choice","81","101627","0.0-87.0-0.0","{""Q0"":""¿Alguna vez ha tenido que trabajar el turno de noche por más de un año?""}","{""Q0"":"" No""}","[0]",""
"[{""page_index"":0,""viewing_time"":631}]","631","instructions_004","SDOBHQ","instructions","82","102263","0.0-89.0-0.0","","","",""
"","868","SDOBHQ_014","SDOBHQ","survey-text","83","103135","0.0-90.0-0.0","{""Q0"":""¿Cuántos niños (incluyéndose a si mismo) vivieron en su hogar la mayor parte del tiempo cuando usted tenia de 0 a 10 años de edad?""}","{""Q0"":""44""}","",""
"","1404.4000000000233","SDOBHQ_015","SDOBHQ","survey-multi-choice","84","104543","0.0-91.0-0.0","{""Q0"":""En la casa donde usted vivió la mayor parte del tiempo los primeros 10 años de su vida, ¿Cuántos libros había aproximadamente? No cuente revistas, periódicos, ni libros escolares.""}","{""Q0"":"" Ninguno o muy pocos (0 a 10)""}","[0]",""
"","1017.2000000000698","SDOBHQ_016","SDOBHQ","survey-multi-choice","85","105563","0.0-92.0-0.0","{""Q0"":""¿Alguno de sus hermanos(as) o hijos(as) murió antes de que ellos cumplieran 18 años?""}","{""Q0"":"" Si, Sus hijos(as)""}","[0]",""
"","911","SDOBHQ_017","SDOBHQ","survey-text","86","106479","0.0-93.0-0.0-0.0","{""Q0"":""¿Cuántos hermanos(as) o hijos(as) murieron antes de los 18 años?""}","{""Q0"":""94""}","",""
"","1146.9000000000233","SDOBHQ_018","SDOBHQ","survey-multi-choice","87","107628","0.0-94.0-0.0","{""Q0"":""En los últimos 12 meses, ¿con qué frecuencia se ha contactado con sus seres queridos, con las personas que le importan y con las que se siente cercano/a? Por ejemplo, hablar con amigos por teléfono o internet, visitar amigos o familiares, ir a la iglesia u otras reuniones, tener una conversación con otra persona en su hogar.""}","{""Q0"":"" 3 a 5 veces por semana""}","[0]",""
"[{""page_index"":0,""viewing_time"":632}]","632","instructions_005","SDOBHQ","instructions","88","108262","0.0-95.0-0.0","","","",""
"","826.9000000000233","SDOBHQ_019","SDOBHQ","survey-multi-choice","89","109090","0.0-96.0-0.0","{""Q0"":""¿Creció con alguna figura materna?""}","{""Q0"":"" No""}","[0]",""
"","793.5999999999767","SDOBHQ_025","SDOBHQ","survey-multi-choice","90","109888","0.0-102.0-0.0","{""Q0"":""¿Creció con alguna figura paterna?""}","{""Q0"":"" Si""}","[0]",""
"","900.8000000000466","SDOBHQ_026","SDOBHQ","survey-multi-choice","91","110791","0.0-103.0-0.0-0.0","{""Q0"":""¿Conoce la cantidad de años de escuela que completó su padre?""}","{""Q0"":"" No""}","[0]",""
"","1990.0999999999767","SDOBHQ_028","SDOBHQ","survey-multi-select","92","112790","0.0-105.0-0.0-0.0","{""Q0"":""Marque todos los certificados, diplomas, y/o grados de educación que recibió su PADRE:""}","{""Q0"":[""&nbsp;Educación primaria (escuela primaria)"",""&nbsp;Educación secundaria alta, bachillerato, preparatoria, vocacional, media técnica o media humanista"",""&nbsp;Doctorado o equivalente (PhD, médico, abogado, etc.)""]}","[0]",""
"","944","SDOBHQ_029","SDOBHQ","survey-text","93","113739","0.0-106.0-0.0-0.0","{""Q0"":""¿Cuál fue el empleo que realizó su PADRE por más tiempo, incluyendo trabajos sin pago y trabajo como amo de casa? Si tuvo dos o más empleos por el mismo periódo de tiempo, por favor considere UNICAMENTE el empleo que requirió el mayor grado de destreza o entrenamiento.""}","{""Q0"":""MlN6fHk2G6KWqMvOBydDkoQJpcdFulSjYRJrwb3xYsmM3oKxViJ1UqIPd4ickc8gLIBsE3EhsyKITVVzIUVV3BMwSULA""}","",""
"","906","SDOBHQ_030","SDOBHQ","survey-text","94","114649","0.0-107.0-0.0-0.0","{""Q0"":""Describa con detalle las principales tareas o actividades que hizo su PADRE para este empleo:""}","{""Q0"":""iChRQLX6ltVsRwaaILUNbaFKHDUEfNwqCOgGqYA6HkgklMR9p9VQbBsU3jHUM""}","",""
"","1317.8000000000466","SDOBHQ_031","SDOBHQ","survey-multi-choice","95","115970","0.0-108.0-0.0","{""Q0"":""Durante los primeros 10 años se su vida, ¿Quien fue el principal proveedor económico en su hogar por la mayor cantidad de tiempo?""}","{""Q0"":"" Padre y Madre por igual""}","[0]",""
"","943.4000000000233","SDOBHQ_033","SDOBHQ","survey-multi-choice","96","116917","0.0-110.0-0.0","{""Q0"":""Durante los primeros 10 años de su vida, ¿Usted o alguno de sus hermanos/hermanas tuvieron que dejar la escuela para trabajar para apoyar las necesidades económicas del hogar?""}","{""Q0"":"" Si""}","[0]",""
"[{""page_index"":0,""viewing_time"":559}]","559","instructions_006","SDOBHQ","instructions","97","117478","0.0-111.0-0.0","","","",""
"","1682.0999999999767","SDOBHQ_034","SDOBHQ","survey-multi-choice","98","119162","0.0-112.0-0.0","{""Q0"":""0 a 10 años de edad"",""Q1"":""35 a 40 años de edad"",""Q2"":""En los últimos 12 meses""}","{""Q0"":"" No"",""Q1"":"" No"",""Q2"":"" Si""}","[0,1,2]",""
"","1495","SDOBHQ_035","SDOBHQ","survey-multi-choice","99","120659","0.0-113.0-0.0","{""Q0"":""0 a 10 años de edad"",""Q1"":""35 a 40 años de edad"",""Q2"":""En los últimos 12 meses""}","{""Q0"":"" Si"",""Q1"":"" Si"",""Q2"":"" No""}","[0,1,2]",""
"","1519.0999999999767","SDOBHQ_036","SDOBHQ","survey-multi-choice","100","122181","0.0-114.0-0.0","{""Q0"":""0 a 10 años de edad"",""Q1"":""35 a 40 años de edad"",""Q2"":""En los últimos 12 meses""}","{""Q0"":"" Si"",""Q1"":"" No aplica / Soy menor que este rango de edad"",""Q2"":"" Si""}","[0,1,2]",""
"","1521.9000000000233","SDOBHQ_037","SDOBHQ","survey-multi-choice","101","123706","0.0-115.0-0.0","{""Q0"":""0 a 10 años de edad"",""Q1"":""35 a 40 años de edad"",""Q2"":""En los últimos 12 meses""}","{""Q0"":"" Si"",""Q1"":"" Si"",""Q2"":"" No""}","[0,1,2]",""
"","1486.4000000000233","SDOBHQ_038","SDOBHQ","survey-multi-choice","102","125195","0.0-116.0-0.0","{""Q0"":""0 a 10 años de edad"",""Q1"":""35 a 40 años de edad"",""Q2"":""En los últimos 12 meses""}","{""Q0"":"" No"",""Q1"":"" No aplica / Soy menor que este rango de edad"",""Q2"":"" Si""}","[0,1,2]",""
"","1531.4000000000233","SDOBHQ_039","SDOBHQ","survey-multi-choice","103","126729","0.0-117.0-0.0","{""Q0"":""0 a 10 años de edad"",""Q1"":""35 a 40 años de edad"",""Q2"":""En los últimos 12 meses""}","{""Q0"":"" Si"",""Q1"":"" No"",""Q2"":"" Si""}","[0,1,2]",""
"","1730.5999999999767","SDOBHQ_040","SDOBHQ","survey-multi-choice","104","128462","0.0-118.0-0.0","{""Q0"":""0 a 10 años de edad"",""Q1"":""35 a 40 años de edad"",""Q2"":""En los últimos 12 meses""}","{""Q0"":"" No"",""Q1"":"" Si"",""Q2"":"" Si""}","[0,1,2]",""
"","1433.1999999999534","SDOBHQ_041","SDOBHQ","survey-multi-choice","105","129898","0.0-119.0-0.0","{""Q0"":""0 a 10 años de edad"",""Q1"":""35 a 40 años de edad"",""Q2"":""En los últimos 12 meses""}","{""Q0"":"" No"",""Q1"":"" Si"",""Q2"":"" No""}","[0,1,2]",""
"","1483.0999999999767","SDOBHQ_042","SDOBHQ","survey-multi-choice","106","131384","0.0-120.0-0.0","{""Q0"":""0 a 10 años de edad"",""Q1"":""35 a 40 años de edad"",""Q2"":""En los últimos 12 meses""}","{""Q0"":"" Si"",""Q1"":"" Si"",""Q2"":"" No""}","[0,1,2]",""
"","1585.5999999999767","SDOBHQ_043","SDOBHQ","survey-multi-choice","107","132972","0.0-121.0-0.0","{""Q0"":""0 a 10 años de edad"",""Q1"":""35 a 40 años de edad"",""Q2"":""En los últimos 12 meses""}","{""Q0"":"" Si"",""Q1"":"" No aplica / Soy menor que este rango de edad"",""Q2"":"" No""}","[0,1,2]",""
"","895.4000000000233","SDOBHQ_044","SDOBHQ","survey-multi-choice","108","133869","0.0-122.0-0.0","{""Q0"":""Entre los 0 a 10 años de edad, díganos si su hogar tenía <b>Televisor</b>""}","{""Q0"":"" No""}","[0]",""
"","927.8000000000466","SDOBHQ_046","SDOBHQ","survey-multi-choice","109","134799","0.0-124.0-0.0","{""Q0"":""Entre los 35 y 40 años de edad, díganos si su hogar tenía <b>Televisor</b>""}","{""Q0"":"" No aplica / Soy menor que este rango de edad""}","[0]",""
"","812.4000000000233","SDOBHQ_048","SDOBHQ","survey-multi-choice","110","135614","0.0-126.0-0.0","{""Q0"":""En los últimos 12 meses, díganos si su hogar tenía <b>Televisor</b>""}","{""Q0"":"" No""}","[0]",""
"","786.6999999999534","SDOBHQ_050","SDOBHQ","survey-multi-choice","111","136404","0.0-128.0-0.0","{""Q0"":""Entre los 0 a 10 años de edad, díganos si su hogar tenía <b>Baño (inodoro, taza de baño, letrina, fosa séptica)</b>""}","{""Q0"":"" Si""}","[0]",""
"","935","SDOBHQ_051","SDOBHQ","survey-text","112","137344","0.0-129.0-0.0-0.0","{""Q0"":""Indique la cantidad de Baños (inodoro, taza de baño, letrina, fosa séptica) que tenía:""}","{""Q0"":""59""}","",""
"","945.9000000000233","SDOBHQ_052","SDOBHQ","survey-multi-choice","113","138293","0.0-130.0-0.0","{""Q0"":""Entre los 35 y 40 años de edad, díganos si su hogar tenía <b>Baño (inodoro, taza de baño, letrina, fosa séptica)</b>""}","{""Q0"":"" No aplica / Soy menor que este rango de edad""}","[0]",""
"","919.9000000000233","SDOBHQ_054","SDOBHQ","survey-multi-choice","114","139216","0.0-132.0-0.0","{""Q0"":""En los últimos 12 meses, díganos si su hogar tenía <b>Baño (inodoro, taza de baño, letrina, fosa séptica)</b>""}","{""Q0"":"" No""}","[0]",""
"","905.2000000000698","SDOBHQ_056","SDOBHQ","survey-multi-choice","115","140125","0.0-134.0-0.0","{""Q0"":""Entre los 0 a 10 años de edad, díganos si su hogar tenía <b>Automóvil para uso personal o familiar (no considere vehículos de trabajo, como vehículos de taxi, que pudieran utilizarse como vehículo personal o familiar)</b>""}","{""Q0"":"" Si""}","[0]",""
"","796","SDOBHQ_057","SDOBHQ","survey-text","116","140925","0.0-135.0-0.0-0.0","{""Q0"":""Indique la cantidad de Automóviles para uso personal o familiar (no considere vehículos de trabajo, como vehículos de taxi, que pudieran utilizarse como vehículo personal o familiar) que tenía:""}","{""Q0"":""48""}","",""
"","893","SDOBHQ_058","SDOBHQ","survey-multi-choice","117","141820","0.0-136.0-0.0","{""Q0"":""Entre los 35 y 40 años de edad, díganos si su hogar tenía <b>Automóvil para uso personal o familiar (no considere vehículos de trabajo, como vehículos de taxi, que pudieran utilizarse como vehículo personal o familiar)</b>""}","{""Q0"":"" No""}","[0]",""
"","824.8999999999069","SDOBHQ_060","SDOBHQ","survey-multi-choice","118","142648","0.0-138.0-0.0","{""Q0"":""En los últimos 12 meses, díganos si su hogar tenía <b>Automóvil para uso personal o familiar (no considere vehículos de trabajo, como vehículos de taxi, que pudieran utilizarse como vehículo personal o familiar)</b>""}","{""Q0"":"" No""}","[0]",""
"","977.4000000000233","SDOBHQ_062","SDOBHQ","survey-multi-choice","119","143628","0.0-140.0-0.0","{""Q0"":""Entre los 0 a 10 años de edad, díganos si su hogar tenía <b>Computador(a)</b>""}","{""Q0"":"" Si""}","[0]",""
"","899","SDOBHQ_063","SDOBHQ","survey-text","120","144530","0.0-141.0-0.0-0.0","{""Q0"":""Indique la cantidad de Computadoras que tenía:""}","{""Q0"":""88""}","",""
"","944.7999999999302","SDOBHQ_064","SDOBHQ","survey-multi-choice","121","145477","0.0-142.0-0.0","{""Q0"":""Entre los 35 y 40 años de edad, díganos si su hogar tenía <b>Computador(a)</b>""}","{""Q0"":"" Si""}","[0]",""
"","816","SDOBHQ_065","SDOBHQ","survey-text","122","146296","0.0-143.0-0.0-0.0","{""Q0"":""Indique la cantidad de Computadoras que tenía:""}","{""Q0"":""25""}","",""
"","892.7000000000698","SDOBHQ_066","SDOBHQ","survey-multi-choice","123","147191","0.0-144.0-0.0","{""Q0"":""En los últimos 12 meses, díganos si su hogar tenía <b>Computador(a)</b>""}","{""Q0"":"" No""}","[0]",""
"","864.8999999999069","SDOBHQ_068","SDOBHQ","survey-multi-choice","124","148060","0.0-146.0-0.0","{""Q0"":""Entre los 0 a 10 años de edad, díganos si su hogar tenía <b>Habitaciones, cuartos, o recámaras para uso personal (habitaciones que se usan sólo para dormir)</b>""}","{""Q0"":"" Si""}","[0]",""
"","864","SDOBHQ_069","SDOBHQ","survey-text","125","148930","0.0-147.0-0.0-0.0","{""Q0"":""Indique la cantidad de Habitaciones, cuartos, o recámaras para uso personal (habitaciones que se usan sólo para dormir) que tenía:""}","{""Q0"":""72""}","",""
"","1063","SDOBHQ_070","SDOBHQ","survey-multi-choice","126","149997","0.0-148.0-0.0","{""Q0"":""Entre los 35 y 40 años de edad, díganos si su hogar tenía <b>Habitaciones, cuartos, o recámaras para uso personal (habitaciones que se usan sólo para dormir)</b>""}","{""Q0"":"" No""}","[0]",""
"","833.5","SDOBHQ_072","SDOBHQ","survey-multi-choice","127","150833","0.0-150.0-0.0","{""Q0"":""En los últimos 12 meses, díganos si su hogar tenía <b>Habitaciones, cuartos, o recámaras para uso personal (habitaciones que se usan sólo para dormir)</b>""}","{""Q0"":"" No""}","[0]",""
"[{""page_index"":0,""viewing_time"":606}]","606","instructions_007","SDOBHQ","instructions","128","151441","0.0-152.0-0.0","","","",""
"","912.5","SDOBHQ_074","SDOBHQ","survey-multi-choice","129","152356","0.0-153.0-0.0","{""Q0"":""A lo largo de su vida, ¿Alguna vez ha sido difícil para su familia cubrir los gastos de sus necesidades básicas como comida, ropa y vivienda?""}","{""Q0"":"" No""}","[0]",""
"","1074.9000000000233","SDOBHQ_076","SDOBHQ","survey-multi-choice","130","153434","0.0-155.0-0.0","{""Q0"":""A lo largo de su vida, ¿Cómo describiría usted las finanzas de su familia al llegar el fin de cada mes?""}","{""Q0"":"" No contaban con lo suficiente para cubrir lo necesario""}","[0]",""
"","1942.5","SDOBHQ_077","SDOBHQ","survey-multi-choice","131","155381","0.0-156.0-0.0","{""Q0"":""Entre los 0 y 10 años de edad"",""Q1"":""Entre los 35 y 40 años de edad"",""Q2"":""En los últimos 12 meses""}","{""Q0"":"" Contaban con lo suficiente para cubrir lo necesario"",""Q1"":"" Contaban con lo suficiente para cubrir lo necesario"",""Q2"":"" No contaban con lo suficiente para cubrir lo necesario""}","[0,1,2]",""
"","998","SDOBHQ_078","SDOBHQ","survey-multi-choice","132","156383","0.0-157.0-0.0","{""Q0"":""A lo largo de su vida, ¿Alguna vez ha sido difícil para su familia pagar por atención médica?""}","{""Q0"":"" Si""}","[0]",""
"","1837.3000000000466","SDOBHQ_079","SDOBHQ","survey-multi-choice","133","158224","0.0-158.0-0.0-0.0","{""Q0"":""Entre los 0 y 10 años de edad"",""Q1"":""Entre los 35 y 40 años de edad"",""Q2"":""En los últimos 12 meses""}","{""Q0"":"" Algo difícil"",""Q1"":"" Muy difícil"",""Q2"":"" Nada difícil""}","[0,1,2]",""
"","1184.2000000000698","SDOBHQ_080","SDOBHQ","survey-multi-choice","134","159412","0.0-159.0-0.0","{""Q0"":""A lo largo de su vida, ¿Alguna vez ha comido menos de lo que usted pensaba debía haber comido debido a que usted o su familia no tenían suficiente dinero para comprar comida?""}","{""Q0"":"" No""}","[0]",""
"","1096.7000000000698","SDOBHQ_082","SDOBHQ","survey-multi-choice","135","160512","0.0-161.0-0.0","{""Q0"":""A lo largo de su vida, ¿Alguna vez no pudo comer una comida balanceada o saludable debido a la falta de dinero u otros recursos?""}","{""Q0"":"" No""}","[0]",""
"[{""page_index"":0,""viewing_time"":662}]","663","instructions_008","SDOBHQ","instructions","136","161176","0.0-163.0-0.0","","","",""
"","1157.5999999999767","SDOBHQ_084","SDOBHQ","html-slider-response","137","162338","0.0-164.0-0.0","<div class='justified'>A nivel general ¿Dónde ubicaría usted su hogar durante toda su vida? En base a las instrucciones anteriores, marque la posición de su hogar respecto al resto de hogares de su comunidad a lo largo de su vida.</div></br>","2","","5"
"","1006.1999999999534","SDOBHQ_085","SDOBHQ","html-slider-response","138","163347","0.0-165.0-0.0","<div class='justified'>Ahora, ¿Dónde ubicaría usted su hogar específicamente en el periódo de su vida hasta los 10 años de edad? Marque la posición de su hogar en su comunidad durante dicho periódo de vida.</div></br>","10","","5"
"","795.5999999999767","SDOBHQ_086","SDOBHQ","html-slider-response","139","164145","0.0-166.0-0.0","<div class='justified'>Ahora, ¿Dónde ubicaría usted su hogar específicamente en el periódo de su vida desde los 35  hasta los 45 años de edad? Marque la posición de su hogar en su comunidad durante dicho periódo de vida.</div></br>","2","","5"
"","897.7000000000698","SDOBHQ_087","SDOBHQ","html-slider-response","140","165046","0.0-167.0-0.0","<div class='justified'>Ahora, pensando en los últimos 12 meses, marque la posición de su hogar respecto al resto de su comunidad.</div></br>","8","","5"
"[{""page_index"":0,""viewing_time"":579}]","579","instructions_009","SDOBHQ","instructions","141","165626","0.0-168.0-0.0","","","",""
"","1410","SDOBHQ_088","SDOBHQ","survey-multi-choice","142","167039","0.0-169.0-0.0","{""Q0"":""Actualmente, ¿Usted realiza algún trabajo con y/o sin pago?""}","{""Q0"":"" Si, los dos, pagado y sin pago""}","[0]",""
"","1025","SDOBHQ_089","SDOBHQ","survey-text","143","168070","0.0-170.0-0.0-0.0","{""Q0"":""¿Qué tipo de trabajo hace? Escriba una breve descripción:""}","{""Q0"":""BYnIdwGQzu4l7j5koUcYvMSirEhZVtq""}","",""
"","2331.20000000007","SDOBHQ_090","SDOBHQ","survey-multi-select","144","170410","0.0-171.0-0.0","{""Q0"":""Actualmente, ¿Cuáles son sus fuentes de ingresos? ¿De qué fuentes recibe dinero? Marque todas las opciones que correspondan.""}","{""Q0"":[""&nbsp;Dinero/beneficios por desempleo"",""&nbsp;Prestaciones de programas sociales (incluida la seguridad social)"",""&nbsp;Dinero que le envían familiares o amigos desde otro país""]}","[0]",""
"","1313.8999999999069","SDOBHQ_092","SDOBHQ","survey-multi-choice","145","171727","0.0-173.0-0.0","{""Q0"":""Aproximadamente, ¿Qué proporción de los ingresos de su hogar se gastan en el costo del alquiler o la hipoteca.""}","{""Q0"":"" Ninguno""}","[0]",""
"","1221.4000000000233","SDOBHQ_093","SDOBHQ","survey-multi-choice","146","172950","0.0-174.0-0.0","{""Q0"":""Si su hogar perdiese todas sus fuentes actuales de ingresos (salario, asistencia pública u otros ingresos), ¿Cuánto tiempo podría seguir viviendo en su hogar actual y con los mismos estándares de vida?""}","{""Q0"":"" Menos de 1 mes""}","[0]",""
"[{""page_index"":0,""viewing_time"":635}]","636","instructions_010","SDOBHQ","instructions","147","173588","0.0-175.0-0.0","","","",""
"","1211.7000000000698","SDOBHQ_094","SDOBHQ","survey-multi-select","148","174804","0.0-176.0-0.0","{""Q0"":""¿Qué tipo de seguro de salud o cobertura médica tiene usted? Seleccione todas las opciones que apliquen.""}","{""Q0"":[""&nbsp;Seguro médico público"",""&nbsp;No tengo cobertura de salud de ningún tipo""]}","[0]",""
"","915.2000000000698","SDOBHQ_095","SDOBHQ","survey-multi-choice","149","175722","0.0-177.0-0.0","{""Q0"":""En los últimos 12 meses, ¿Ha tenido la necesidad de ver a un doctor o médico pero no le fue posible por alguna razón?""}","{""Q0"":"" Si""}","[0]",""
"","1529.8000000000466","SDOBHQ_096","SDOBHQ","survey-multi-select","150","177259","0.0-178.0-0.0-0.0","{""Q0"":""¿Por qué no pudo ir a ver a un doctor o médico cuando era necesario? Puede seleccionar más de una opción.""}","{""Q0"":[""&nbsp;No había citas médicas disponibles"",""&nbsp;Dificultades con el transporte"",""&nbsp;Por motivos relacionados a algún evento sociopolítico""]}","[0]",""
"[{""page_index"":0,""viewing_time"":543}]","543","instructions_011","SDOBHQ","instructions","151","177804","0.0-180.0-0.0","","","",""
"","908.5999999999767","SDOBHQ_098","SDOBHQ","survey-multi-choice","152","178715","0.0-181.0-0.0","{""Q0"":""¿Con qué frecuencia su padre o madre, u otro adulto en su hogar, lo hicieron sentirse amado, apoyado, y cuidado?""}","{""Q0"":"" Algunas veces""}","[0]",""
"","908.5999999999767","SDOBHQ_099","SDOBHQ","survey-multi-choice","153","179626","0.0-182.0-0.0","{""Q0"":""¿Con qué frecuencia su padre o madre, u otro adulto en su hogar, expresó afecto físico hacia usted, como abrazos u otros gestos físicos de calidez y afecto?""}","{""Q0"":"" Algunas veces""}","[0]",""
"","946.4000000000233","SDOBHQ_100","SDOBHQ","survey-multi-choice","154","180575","0.0-183.0-0.0","{""Q0"":""¿Con qué frecuencia diría que hubo peleas, discusiones, o gritos entre sus padres?""}","{""Q0"":"" Frecuentemente""}","[0]",""
"","1190.5999999999767","SDOBHQ_101","SDOBHQ","survey-multi-choice","155","181769","0.0-184.0-0.0","{""Q0"":""¿Con qué frecuencia diría que hubo peleas, discusiones o gritos entre uno de sus padres y usted?""}","{""Q0"":"" Algunas veces""}","[0]",""
"","1047.8000000000466","SDOBHQ_102","SDOBHQ","survey-multi-choice","156","182820","0.0-185.0-0.0","{""Q0"":""¿Con qué frecuencia diría que hubo peleas, discusiones o gritos entre uno de sus padres y uno de sus hermanos/hermanas?""}","{""Q0"":"" Nunca""}","[0]",""
"","1090.8000000000466","SDOBHQ_103","SDOBHQ","survey-multi-choice","157","183914","0.0-186.0-0.0","{""Q0"":""¿Con qué frecuencia diría que hubo peleas, discusiones o gritos entre uno de sus hermanos/hermanas y usted?""}","{""Q0"":"" Algunas veces""}","[0]",""
"","1114.2999999999302","SDOBHQ_104","SDOBHQ","survey-multi-choice","158","185030","0.0-187.0-0.0","{""Q0"":""En su niñez, ¿Vivió con alguien que era un bebedor problemático o alcohólico, o consumía drogas ilegales""}","{""Q0"":"" Algunas veces""}","[0]",""
"","1112.6999999999534","SDOBHQ_105","SDOBHQ","survey-multi-choice","159","186145","0.0-188.0-0.0","{""Q0"":""¿Diría usted que la casa en la que creció estaba bien organizada y administrada?""}","{""Q0"":"" Frecuentemente""}","[0]",""
"","1161.4000000000233","SDOBHQ_106","SDOBHQ","survey-multi-choice","160","187309","0.0-189.0-0.0","{""Q0"":""¿Diría usted que fue descuidado/a durante su niñez, que lo/la dejaron solo/a para valerse por sí mismo/a?""}","{""Q0"":"" Algunas veces""}","[0]",""
"[{""page_index"":0,""viewing_time"":594}]","594","instructions_012","SDOBHQ","instructions","161","187905","0.0-190.0-0.0","","","",""
"","1140.7999999999302","SDOBHQ_107","SDOBHQ","survey-multi-choice","162","189048","0.0-191.0-0.0","{""Q0"":""¿Usted ha sufrido algún acto de violencia política o represión?""}","{""Q0"":"" No""}","[0]",""
"","987.4000000000233","SDOBHQ_109","SDOBHQ","survey-multi-choice","163","190040","0.0-193.0-0.0","{""Q0"":""¿Alguna vez alguien lo ha asaltado para robarle o tratar de robar sus pertenencias o cosas personales?""}","{""Q0"":"" No""}","[0]",""
"","941.2000000000698","SDOBHQ_111","SDOBHQ","survey-multi-choice","164","190985","0.0-195.0-0.0","{""Q0"":""¿Alguna vez alguien intentó o logró meterse a su casa para robar sus pertenencias?""}","{""Q0"":"" No sé""}","[0]",""
"","1034.3000000000466","SDOBHQ_113","SDOBHQ","survey-multi-choice","165","192024","0.0-197.0-0.0","{""Q0"":""¿Alguna vez estuvo presente durante un desastre “causado por el hombre” (como un choque de trenes, asalto a un banco, o un incendio) donde sintió que usted o sus seres queridos estaban en peligro de muerte o de ser lastimados?""}","{""Q0"":"" No""}","[0]",""
"","1067.4000000000233","SDOBHQ_115","SDOBHQ","survey-multi-choice","166","193097","0.0-199.0-0.0","{""Q0"":""¿Alguna vez ha estado en alguna situación en la cual sintió que podría morir o ser gravemente herido(a)?""}","{""Q0"":"" No sé""}","[0]",""
"","1113.7000000000698","SDOBHQ_117","SDOBHQ","survey-multi-choice","167","194216","0.0-201.0-0.0","{""Q0"":""Fuera de situaciones laborales o profesionales, ¿Alguna vez vio a alguien gravemente herido o muerto?""}","{""Q0"":"" No sé""}","[0]",""
"","1571.5999999999767","SDOBHQ_119","SDOBHQ","survey-multi-choice","168","195795","0.0-203.0-0.0","{""Q0"":""Fuera de situaciones laborales o profesionales, ¿Alguna vez vio cadáveres (que no haya sido en un funeral) o ha tenido que manipular cadáveres por alguna razón?""}","{""Q0"":"" No""}","[0]",""
"[{""page_index"":0,""viewing_time"":714}]","715","instructions_013","SDOBHQ","instructions","169","196513","0.0-205.0-0.0","","","",""
"","1193.5999999999767","SDOBHQ_121","SDOBHQ","survey-multi-choice","170","197711","0.0-206.0-0.0","{""Q0"":""¿Conoce usted su identidad étnica o grupo étnico? (ej. Chileno, mapuche, etc..)""}","{""Q0"":"" No sé a qué identidad étnica o grupo étnico pertenezco""}","[0]",""
"","1039.5","SDOBHQ_123","SDOBHQ","survey-multi-choice","171","198754","0.0-208.0-0.0","{""Q0"":""¿Conoce usted su raza o su grupo racial? (ej. Indígena, mixta, europea, etc)""}","{""Q0"":"" No sé a qué raza o su grupo racial pertenezco""}","[0]",""
"[{""page_index"":0,""viewing_time"":585},{""page_index"":1,""viewing_time"":767}]","1352","instructions_014","SDOBHQ","instructions","172","200109","0.0-210.0-0.0","","","",""
"","1125.5","SDOBHQ_125","SDOBHQ","survey-multi-choice","173","201239","0.0-211.0-0.0","{""Q0"":""¿Alguna vez alguien (incluyendo un familiar o una amistad) le han golpeado, empujado o jalado el pelo?""}","{""Q0"":"" No sé""}","[0]",""
"","1059","SDOBHQ_129","SDOBHQ","survey-multi-choice","174","202304","0.0-215.0-0.0","{""Q0"":""¿Alguna vez alguien (incluyendo un familiar o una amistad) le atacó utilizando una pistola, cuchillo o alguna otra arma?""}","{""Q0"":"" No sé""}","[0]",""
"","1075.0999999999767","SDOBHQ_133","SDOBHQ","survey-multi-choice","175","203384","0.0-219.0-0.0","{""Q0"":""¿Alguna vez alguien (incluyendo un familiar o una amistad) le ha humillado o se ha burlado de usted?""}","{""Q0"":"" No""}","[0]",""
"","1197","SDOBHQ_137","SDOBHQ","survey-multi-choice","176","204585","0.0-223.0-0.0","{""Q0"":""¿Alguna vez alguien (incluyendo un familiar o una amistad) le ha prohibido salir o que le visiten?""}","{""Q0"":"" Si""}","[0]",""
"","1837.0999999999767","SDOBHQ_138","SDOBHQ","survey-multi-select","177","206428","0.0-224.0-0.0-0.0","{""Q0"":""¿En qué periódo o periódos de su vida ocurrió esto?""}","{""Q0"":[""&nbsp;11 a 24 años de edad"",""&nbsp;25 a 34 años de edad""]}","[0]",""
"","2069.0999999999767","SDOBHQ_139","SDOBHQ","survey-multi-select","178","208505","0.0-225.0-0.0-0.0","{""Q0"":""¿Qué relación tenía usted con la persona o personas que le trataron así?""}","{""Q0"":[""&nbsp;Madre, Madrastra-Tutora legal"",""&nbsp;Padre, Padrastro-Tutor legal"",""&nbsp;Amigo(a)"",""&nbsp;Cuidador(a)"",""&nbsp;Alguien desconocido"",""&nbsp;Otro""]}","[0]",""
"","1296.5999999999767","SDOBHQ_141","SDOBHQ","survey-multi-choice","179","209809","0.0-227.0-0.0","{""Q0"":""¿Alguna vez alguien (incluyendo un familiar o una amistad) le dejado de proporcionar necesidades básicas como ropa, calzado, o medicamentos que necesite, pese a tener el dinero para proporcionarle estas necesidades?""}","{""Q0"":"" Si""}","[0]",""
"","2304.5","SDOBHQ_142","SDOBHQ","survey-multi-select","180","212122","0.0-228.0-0.0-0.0","{""Q0"":""¿En qué periódo o periódos de su vida ocurrió esto?""}","{""Q0"":[""&nbsp;0 a 10 años de edad"",""&nbsp;35 a 45 años de edad"",""&nbsp;En los últimos 12 meses""]}","[0]",""
"","1762.9000000000233","SDOBHQ_143","SDOBHQ","survey-multi-select","181","213890","0.0-229.0-0.0-0.0","{""Q0"":""¿Qué relación tenía usted con la persona o personas que le trataron así?""}","{""Q0"":[""&nbsp;Madre, Madrastra-Tutora legal"",""&nbsp;Hijos(as)"",""&nbsp;Otro miembro de la familia"",""&nbsp;Amigo(a)"",""&nbsp;Cuidador(a)"",""&nbsp;Alguien desconocido"",""&nbsp;Otro""]}","[0]",""
"","1077.3000000000466","SDOBHQ_145","SDOBHQ","survey-multi-choice","182","214971","0.0-231.0-0.0","{""Q0"":""¿Alguna vez alguien (incluyendo un familiar o una amistad) ha manejado su dinero sin su permiso?""}","{""Q0"":"" No sé""}","[0]",""
"","918.3999999999069","SDOBHQ_149","SDOBHQ","survey-multi-choice","183","215893","0.0-235.0-0.0","{""Q0"":""¿Alguna vez alguien (incluyendo un familiar o una amistad) le ha presionado para que deje de ser el propietario de su casa o de alguna otra propiedad?""}","{""Q0"":"" No sé""}","[0]",""
"","1009.3999999999069","SDOBHQ_153","SDOBHQ","survey-multi-choice","184","216906","0.0-239.0-0.0","{""Q0"":""¿Alguna vez alguien (incluyendo un familiar o amigos) le ha exigido tener relaciones sexuales, aunque usted no quiera?""}","{""Q0"":"" Si""}","[0]",""
"","1984.8000000000466","SDOBHQ_154","SDOBHQ","survey-multi-select","185","218896","0.0-240.0-0.0-0.0","{""Q0"":""¿En qué periódo o periódos de su vida ocurrió esto?""}","{""Q0"":[""&nbsp;0 a 10 años de edad"",""&nbsp;11 a 24 años de edad"",""&nbsp;25 a 34 años de edad"",""&nbsp;35 a 45 años de edad"",""&nbsp;46 a 65 años de edad"",""&nbsp;66 hasta hace un año"",""&nbsp;En los últimos 12 meses""]}","[0]",""
"","1494.2999999999302","SDOBHQ_155","SDOBHQ","survey-multi-select","186","220398","0.0-241.0-0.0-0.0","{""Q0"":""¿Qué relación tenía usted con la persona o personas que le trataron así?""}","{""Q0"":[""&nbsp;Amigo(a)""]}","[0]",""
"[{""page_index"":0,""viewing_time"":744},{""page_index"":1,""viewing_time"":770}]","1515","instructions_015","SDOBHQ","instructions","187","221916","0.0-243.0-0.0","","","",""
"","1125.0999999999767","SDOBHQ_157","SDOBHQ","survey-multi-choice","188","223045","0.0-244.0-0.0","{""Q0"":""¿Ha habido momentos en su vida cotidiana en que le trataron con <b>menos</b> cortesía o respeto que otras personas?""}","{""Q0"":"" Si""}","[0]",""
"","1482.2000000000698","SDOBHQ_158","SDOBHQ","survey-multi-select","189","224538","0.0-245.0-0.0-0.0","{""Q0"":""¿En qué periódo o periódos de su vida ocurrió esto?""}","{""Q0"":[""&nbsp;11 a 24 años de edad"",""&nbsp;25 a 34 años de edad"",""&nbsp;En los últimos 12 meses""]}","[0]",""
"","1171","SDOBHQ_161","SDOBHQ","survey-multi-choice","190","225714","0.0-248.0-0.0-0.0","{""Q0"":""Entre los 11 y 24 años de edad: ¿Con qué frecuencia le trataron de esta manera?""}","{""Q0"":"" Algunas veces al mes""}","[0]",""
"","1776.5","SDOBHQ_162","SDOBHQ","survey-multi-choice","191","227495","0.0-249.0-0.0-0.0","{""Q0"":""Entre los 11 y 24 años de edad: ¿Cuál o cuales cree usted que fue el principal motivo o causa de estas experiencias?""}","{""Q0"":"" Estado socioeconómico, nivel de educación""}","[0]",""
"","1505.0999999999767","SDOBHQ_163","SDOBHQ","survey-multi-choice","192","229005","0.0-250.0-0.0-0.0","{""Q0"":""Entre los 25 y 34 años de edad: ¿Con qué frecuencia le trataron de esta manera?""}","{""Q0"":"" Casi todos los días""}","[0]",""
"","1552.3000000000466","SDOBHQ_164","SDOBHQ","survey-multi-choice","193","230561","0.0-251.0-0.0-0.0","{""Q0"":""Entre los 25 y 34 años de edad: ¿Cuál o cuales cree usted que fue el principal motivo o causa de estas experiencias?""}","{""Q0"":"" Ascendencia, nacionalidad, lugar de origen""}","[0]",""
"","1112.8000000000466","SDOBHQ_171","SDOBHQ","survey-multi-choice","194","231678","0.0-258.0-0.0-0.0","{""Q0"":""En los últimos 12 meses: ¿Con qué frecuencia le trataron de esta manera?""}","{""Q0"":"" Al menos una vez a la semana""}","[0]",""
"","1541.9000000000233","SDOBHQ_172","SDOBHQ","survey-multi-choice","195","233223","0.0-259.0-0.0-0.0","{""Q0"":""En los últimos 12 meses: ¿Cuál o cuales cree usted que fue el principal motivo o causa de estas experiencias?""}","{""Q0"":"" Discapacidad física o mental""}","[0]",""
"","935.5","SDOBHQ_173","SDOBHQ","survey-multi-choice","196","234161","0.0-260.0-0.0","{""Q0"":""¿Ha habido momentos en su vida cotidiana en que le trataron con <b>más</b> cortesía o respeto que otras personas?""}","{""Q0"":"" Si""}","[0]",""
"","1336.7000000000698","SDOBHQ_174","SDOBHQ","survey-multi-select","197","235502","0.0-261.0-0.0-0.0","{""Q0"":""¿En qué periódo o periódos de su vida ocurrió esto?""}","{""Q0"":[""&nbsp;0 a 10 años de edad""]}","[0]",""
"","1106.6000000000931","SDOBHQ_175","SDOBHQ","survey-multi-choice","198","236611","0.0-262.0-0.0-0.0","{""Q0"":""Entre los 0 y los 10 años: ¿Con qué frecuencia le trataron de esta manera?""}","{""Q0"":"" Casi todos los días""}","[0]",""
"","1686.5","SDOBHQ_176","SDOBHQ","survey-multi-choice","199","238301","0.0-263.0-0.0-0.0","{""Q0"":""Entre los 0 y los 10 años: ¿Cuál o cuales cree usted que fue el principal motivo o causa de estas experiencias?""}","{""Q0"":"" Sexo u orientación sexual""}","[0]",""
