"view_history","rt","trialid","procedure","trial_type","trial_index","time_elapsed","internal_node_id","stimulus","response","question_order"
"[{""page_index"":0,""viewing_time"":658}]","658","Instructions_001","CTS2","instructions","515","584038","0.0-630.0-0.0","","",""
"","1530.9000000001397","CTS2_001","CTS2","survey-multi-choice","516","585572","0.0-631.0-0.0","{""Q0"":""Esa pareja me demostraba que le importaba aunque estuviéramos en desacuerdo.""}","{""Q0"":"" Más de 20 veces durante la relación""}","[0]"
"","1436.5999999998603","CTS2_002","CTS2","survey-multi-choice","517","587013","0.0-632.0-0.0","{""Q0"":""Esa pareja me explicaba sus puntos de desacuerdo.""}","{""Q0"":"" No en esta relación, pero si ha ocurrido en otra""}","[0]"
"","1338.6000000000931","CTS2_003","CTS2","survey-multi-choice","518","588354","0.0-633.0-0.0","{""Q0"":""Esa pareja me insultaba.""}","{""Q0"":"" 11 a 20 veces durante la relación""}","[0]"
"","1354.6000000000931","CTS2_004","CTS2","survey-multi-choice","519","589712","0.0-634.0-0.0","{""Q0"":""Esa pareja me lanzaba cosas para hacerme daño.""}","{""Q0"":"" Más de 20 veces durante la relación""}","[0]"
"","1347.7999999998137","CTS2_005","CTS2","survey-multi-choice","520","591063","0.0-635.0-0.0","{""Q0"":""Esa pareja me torció el brazo o tiró del pelo.""}","{""Q0"":"" 6 a 10 veces durante la relación""}","[0]"
"","1372.9000000001397","CTS2_006","CTS2","survey-multi-choice","521","592441","0.0-636.0-0.0","{""Q0"":""Tuve un esguince, hematoma, o pequeño corte a causa de una pelea con esa pareja.""}","{""Q0"":"" 3 a 5 veces durante la relación""}","[0]"
"","1384.1999999999534","CTS2_007","CTS2","survey-multi-choice","522","593830","0.0-637.0-0.0","{""Q0"":""Esa pareja mostró respeto por mis sentimientos acerca de un problema.""}","{""Q0"":"" 6 a 10 veces durante la relación""}","[0]"
"","1361.6000000000931","CTS2_008","CTS2","survey-multi-choice","523","595195","0.0-638.0-0.0","{""Q0"":""Esa pareja me hizo tener sexo sin condón.""}","{""Q0"":"" 3 a 5 veces durante la relación""}","[0]"
"","1473.1000000000931","CTS2_009","CTS2","survey-multi-choice","524","596671","0.0-639.0-0.0","{""Q0"":""Esa pareja me apartó o empujó.""}","{""Q0"":"" 6 a 10 veces durante la relación""}","[0]"
"","1361.7000000001863","CTS2_010","CTS2","survey-multi-choice","525","598036","0.0-640.0-0.0","{""Q0"":""Esa pareja me forzó (o golpeó, sujetó o usó un arma) para obligarme a tener sexo oral o anal.""}","{""Q0"":"" Esto nunca ha ocurrido""}","[0]"
"","1401.8999999999069","CTS2_011","CTS2","survey-multi-choice","526","599441","0.0-641.0-0.0","{""Q0"":""Esa pareja usó un cuchillo o un arma para hacerme daño.""}","{""Q0"":"" 6 a 10 veces durante la relación""}","[0]"
"","1371","CTS2_012","CTS2","survey-multi-choice","527","600815","0.0-642.0-0.0","{""Q0"":""Me desmayé al ser golpeada en la cabeza por esa pareja en una pelea.""}","{""Q0"":"" 3 a 5 veces durante la relación""}","[0]"
"","1371.5999999998603","CTS2_013","CTS2","survey-multi-choice","528","602190","0.0-643.0-0.0","{""Q0"":""Esa pareja me dijo, fea o gorda.""}","{""Q0"":"" No en esta relación, pero si ha ocurrido en otra""}","[0]"
"","1405.4000000001397","CTS2_014","CTS2","survey-multi-choice","529","603599","0.0-644.0-0.0","{""Q0"":""Esa pareja me pegó un puñetazo o con algo que podría haberme hecho daño.""}","{""Q0"":"" 6 a 10 veces durante la relación""}","[0]"
"","1368.1999999999534","CTS2_015","CTS2","survey-multi-choice","530","604970","0.0-645.0-0.0","{""Q0"":""Esa pareja ha destruido algo mío.""}","{""Q0"":"" Dos veces durante la relación""}","[0]"
"","1340.6999999999534","CTS2_016","CTS2","survey-multi-choice","531","606314","0.0-646.0-0.0","{""Q0"":""Fui al doctor a causa de una pelea con esa pareja.""}","{""Q0"":"" Una vez durante la relación""}","[0]"
"","1354.6000000000931","CTS2_017","CTS2","survey-multi-choice","532","607672","0.0-647.0-0.0","{""Q0"":""Esa pareja me estranguló.""}","{""Q0"":"" 3 a 5 veces durante la relación""}","[0]"
"","1458.6999999999534","CTS2_018","CTS2","survey-multi-choice","533","609134","0.0-648.0-0.0","{""Q0"":""Esa pareja me gritaba.""}","{""Q0"":"" Más de 20 veces durante la relación""}","[0]"
"","1350.3999999999069","CTS2_019","CTS2","survey-multi-choice","534","610487","0.0-649.0-0.0","{""Q0"":""Esa pareja me golpeó contra la pared.""}","{""Q0"":"" 11 a 20 veces durante la relación""}","[0]"
"","1330.9000000001397","CTS2_020","CTS2","survey-multi-choice","535","611822","0.0-650.0-0.0","{""Q0"":""Esa pareja estaba segura que podríamos resolver un problema.""}","{""Q0"":"" Esto nunca ha ocurrido""}","[0]"
"","1379.0999999998603","CTS2_021","CTS2","survey-multi-choice","536","613205","0.0-651.0-0.0","{""Q0"":""Necesité ver a un doctor a causa de una pelea con esa pareja, pero no lo he hecho.""}","{""Q0"":"" Dos veces durante la relación""}","[0]"
"","1416.5","CTS2_022","CTS2","survey-multi-choice","537","614624","0.0-652.0-0.0","{""Q0"":""Esa pareja me dio una paliza.""}","{""Q0"":"" 6 a 10 veces durante la relación""}","[0]"
"","1361","CTS2_023","CTS2","survey-multi-choice","538","615990","0.0-653.0-0.0","{""Q0"":""Esa pareja me jaloneó, o agarró con fuerza.""}","{""Q0"":"" Esto nunca ha ocurrido""}","[0]"
"","1380","CTS2_024","CTS2","survey-multi-choice","539","617374","0.0-654.0-0.0","{""Q0"":""Esa pareja usó la fuerza (como golpear, sujetar, o usar un arma) para hacer que yo tuviera sexo.""}","{""Q0"":"" 3 a 5 veces durante la relación""}","[0]"
"","1348.3000000000466","CTS2_025","CTS2","survey-multi-choice","540","618726","0.0-655.0-0.0","{""Q0"":""Esa pareja ha salido furioso de la habitación o la casa durante una pelea.""}","{""Q0"":"" No en esta relación, pero si ha ocurrido en otra""}","[0]"
"","1510.5","CTS2_026","CTS2","survey-multi-choice","541","620241","0.0-656.0-0.0","{""Q0"":""Esa pareja insistió en tener sexo aun cuando yo no quería (pero sin usar fuerza física).""}","{""Q0"":"" Esto nunca ha ocurrido""}","[0]"
"","1366.5","CTS2_027","CTS2","survey-multi-choice","542","621612","0.0-657.0-0.0","{""Q0"":""Esa pareja me abofeteó.""}","{""Q0"":"" No en esta relación, pero si ha ocurrido en otra""}","[0]"
"","1342.5999999998603","CTS2_028","CTS2","survey-multi-choice","543","622958","0.0-658.0-0.0","{""Q0"":""Me rompí un hueso durante una pelea con esa pareja.""}","{""Q0"":"" Dos veces durante la relación""}","[0]"
"","1420.8999999999069","CTS2_029","CTS2","survey-multi-choice","544","624381","0.0-659.0-0.0","{""Q0"":""Esa pareja usó amenazas para hacer que yo tuviera sexo oral o anal con él.""}","{""Q0"":"" Una vez durante la relación""}","[0]"
"","1356.3000000000466","CTS2_030","CTS2","survey-multi-choice","545","625741","0.0-660.0-0.0","{""Q0"":""Esa pareja sugirió un arreglo frente a un desacuerdo.""}","{""Q0"":"" Más de 20 veces durante la relación""}","[0]"
"","1406.0999999998603","CTS2_031","CTS2","survey-multi-choice","546","627152","0.0-661.0-0.0","{""Q0"":""Esa pareja me quemó a propósito.""}","{""Q0"":"" 6 a 10 veces durante la relación""}","[0]"
"","1591.6000000000931","CTS2_032","CTS2","survey-multi-choice","547","628748","0.0-662.0-0.0","{""Q0"":""Esa pareja me insistió para tener sexo oral o anal (pero no ha usado fuerza física).""}","{""Q0"":"" No en esta relación, pero si ha ocurrido en otra""}","[0]"
"","1494","CTS2_033","CTS2","survey-multi-choice","548","630245","0.0-663.0-0.0","{""Q0"":""Esa pareja me dijo que soy una pésima amante.""}","{""Q0"":"" Una vez durante la relación""}","[0]"
"","1427.6999999999534","CTS2_034","CTS2","survey-multi-choice","549","631675","0.0-664.0-0.0","{""Q0"":""Esa pareja hizo algo solo para fastidiarme.""}","{""Q0"":"" Una vez durante la relación""}","[0]"
"","1392.3999999999069","CTS2_035","CTS2","survey-multi-choice","550","633072","0.0-665.0-0.0","{""Q0"":""Esa pareja amenazó con golpearme o tirarme algo.""}","{""Q0"":"" 3 a 5 veces durante la relación""}","[0]"
"","1381.5","CTS2_036","CTS2","survey-multi-choice","551","634456","0.0-666.0-0.0","{""Q0"":""Sentí un dolor físico que duró hasta el día siguiente a causa de una pelea con esa pareja.""}","{""Q0"":"" Dos veces durante la relación""}","[0]"
"","1385.3999999999069","CTS2_037","CTS2","survey-multi-choice","552","635844","0.0-667.0-0.0","{""Q0"":""Esa pareja me ha dado patadas.""}","{""Q0"":"" 3 a 5 veces durante la relación""}","[0]"
"","1474.9000000001397","CTS2_038","CTS2","survey-multi-choice","553","637323","0.0-668.0-0.0","{""Q0"":""Esa pareja usó amenazas para tener sexo conmigo.""}","{""Q0"":"" 6 a 10 veces durante la relación""}","[0]"
"","1345.3999999999069","CTS2_039","CTS2","survey-multi-choice","554","638672","0.0-669.0-0.0","{""Q0"":""Accedí a probar una solución que sugirió esa pareja frente a un problema.""}","{""Q0"":"" Una vez durante la relación""}","[0]"
