"rt","stimulus","button_pressed","trialid","procedure","trial_type","trial_index","time_elapsed","internal_node_id","response"
"575.3999999985099","<div style=""max-width:600px;""><p>Descripcion de la tarea e instrucciones. ....</p></div>","0","Instructions_01","ESM","html-button-response","534","421128","0.0-573.0-0.0",""
"761","{""Q0"":""¿Cómo está su memoria en comparación a como estaba 10 años atrás?""}","","ESM_01","ESM","survey-multi-choice-vertical","535","421894","0.0-574.0-0.0","{""Q0"":""Igual""}"
"1136","{""Q0"":""¿Siente que le cuesta más recordar las cosas de lo que le costaba hace un año atrás?""}","","ESM_02","ESM","survey-multi-choice-vertical","536","423037","0.0-575.0-0.0","{""Q0"":""Si""}"
"820","{""Q0"":""¿Cómo está su capacidad para recordar los nombres de personas cercanas o familiares?""}","","ESM_03","ESM","survey-multi-choice-vertical","537","423865","0.0-576.0-0.0","{""Q0"":""Buena""}"
"791","{""Q0"":""¿Siente usted que su memoria está peor que antes?""}","","ESM_04","ESM","survey-multi-choice-vertical","538","424661","0.0-577.0-0.0","{""Q0"":""Si""}"
"789","{""Q0"":""¿Siente que se está olvidando donde deja las cosas?""}","","ESM_05","ESM","survey-multi-choice-vertical","539","425455","0.0-578.0-0.0","{""Q0"":""Si""}"
"736","{""Q0"":""¿Tiene más dificultades que antes de encontrar las palabras necesarias para tener una conversación?""}","","ESM_06","ESM","survey-multi-choice-vertical","540","426197","0.0-579.0-0.0","{""Q0"":""No""}"
"765","{""Q0"":""¿Cómo está su capacidad para recordar compromisos importantes?""}","","ESM_07","ESM","survey-multi-choice-vertical","541","426968","0.0-580.0-0.0","{""Q0"":""Muy Mala""}"
"751","{""Q0"":""¿Tiene dificultades para recordar cosas que han pasado recientemente?""}","","ESM_08","ESM","survey-multi-choice-vertical","542","427726","0.0-581.0-0.0","{""Q0"":""No se""}"
"699","{""Q0"":""¿Tiende a olvidar las cosas que le dijeron ayer o hace pocos días atrás?""}","","ESM_09","ESM","survey-multi-choice-vertical","543","428431","0.0-582.0-0.0","{""Q0"":""No se""}"
"657","{""Q0"":""¿Le ha pasado que comienza a hacer algo pero se le olvida lo que estaba haciendo?""}","","ESM_10","ESM","survey-multi-choice-vertical","544","429095","0.0-583.0-0.0","{""Q0"":""No se""}"
"636","{""Q0"":""¿Le ha pasado que entra a una pieza a buscar o hacer algo y se le olvida lo que era?""}","","ESM_11","ESM","survey-multi-choice-vertical","545","429740","0.0-584.0-0.0","{""Q0"":""No""}"
