"view_history","rt","trialid","procedure","trial_type","trial_index","time_elapsed","internal_node_id","stimulus","response"
"[{""page_index"":0,""viewing_time"":561}]","561","fauxPasEv_001","fauxPasEv","instructions","1668","1216236","0.0-1773.0-0.0","",""
"","899","fauxPasEv_002","fauxPasEv","survey-multi-choice-vertical","1669","1217148","0.0-1774.0-0.0","{""Q0"":""¿Alguien dijo algo que no debió decir o dijo algo inconveniente?""}","{""Q0"":"" No""}"
"","860.5","fauxPasEv_008","fauxPasEv","survey-html-form","1670","1218018","0.0-1776.0-0.0","{""Q0"":null}","{""Q0"":""ZKHuXXi0GNRIceFnNaC9wNTdKl0da7eLSlE1VVUI2EcWadUMS2P6EKylPyRzoS8gv4rsQJ4lMdIPkj76FRpv5""}"
"","653","fauxPasEv_009","fauxPasEv","survey-multi-choice-vertical","1671","1218681","0.0-1777.0-0.0","{""Q0"":""¿Vivi y María se conocían?""}","{""Q0"":"" Si""}"
"[{""page_index"":0,""viewing_time"":471}]","471","fauxPasEv_010","fauxPasEv","instructions","1672","1219157","0.0-1778.0-0.0","",""
"","682","fauxPasEv_011","fauxPasEv","survey-multi-choice-vertical","1673","1219846","0.0-1779.0-0.0","{""Q0"":""¿Alguien dijo algo que no debió decir o dijo algo inconveniente?""}","{""Q0"":"" Si""}"
"","830","fauxPasEv_012","fauxPasEv","survey-multi-choice-vertical","1674","1220688","0.0-1780.0-0.0-0.0","{""Q0"":""¿Quién dijo algo que no debió decir o dijo algo inconveniente?""}","{""Q0"":"" Elena""}"
"","675.4000000003725","fauxPasEv_013","fauxPasEv","survey-html-form","1675","1221368","0.0-1780.0-0.0-1.0","{""Q0"":null}","{""Q0"":""9Fd1Apy37YDLycrRoaD2sS6vNFqJcYTExaJwOGKVi7tXpnUq2opTBa""}"
"","665.1999999992549","fauxPasEv_014","fauxPasEv","survey-html-form","1676","1222036","0.0-1780.0-0.0-2.0","{""Q0"":null}","{""Q0"":""CtYbNLGwupVArCFbNI8v8BU8dCzVn8NzLbyOLjMKWdQtuT4SJqrG1uPwpotgrKb6Yne""}"
"","695","fauxPasEv_015","fauxPasEv","survey-multi-choice-vertical","1677","1222738","0.0-1780.0-0.0-3.0","{""Q0"":""¿Recordaba Sara que la fiesta era una fiesta sorpresa?""}","{""Q0"":"" Si""}"
"","713.9000000003725","fauxPasEv_016","fauxPasEv","survey-html-form","1678","1223457","0.0-1780.0-0.0-4.0","{""Q0"":null}","{""Q0"":""Nk23zb2DQpG446eQFCYeZb4hNDYeVfA213EF0YKlWRpAGyxOcYhgbPVa7TFKt7hUwycTDeq4X146dlGNA""}"
"","794","fauxPasEv_017","fauxPasEv","survey-multi-choice-vertical","1679","1224260","0.0-1781.0-0.0","{""Q0"":""En la historia, ¿Para quién era la fiesta sorpresa?""}","{""Q0"":"" Elena""}"
"","901","fauxPasEv_018","fauxPasEv","survey-multi-choice-vertical","1680","1225173","0.0-1782.0-0.0","{""Q0"":""¿A quién se le volcó algo en el vestido?""}","{""Q0"":"" Elena""}"
"[{""page_index"":0,""viewing_time"":495}]","495","fauxPasEv_019","fauxPasEv","instructions","1681","1225672","0.0-1783.0-0.0","",""
"","738","fauxPasEv_020","fauxPasEv","survey-multi-choice-vertical","1682","1226417","0.0-1784.0-0.0","{""Q0"":""¿Alguien dijo algo que no debió decir o dijo algo inconveniente?""}","{""Q0"":"" No""}"
"","742","fauxPasEv_026","fauxPasEv","survey-html-form","1683","1227163","0.0-1786.0-0.0","{""Q0"":null}","{""Q0"":""0NHq3jMBZrj6WJ0lXBvVBtfCM6NNBZDM1THBumvduxXTGPe2EAzpQe6pszuGZ6FfIbUSQ5B""}"
"","692.8000000007451","fauxPasEv_027","fauxPasEv","survey-html-form","1684","1227860","0.0-1787.0-0.0","{""Q0"":null}","{""Q0"":""YmVvJBebCtkTynp""}"
"[{""page_index"":0,""viewing_time"":469}]","469","fauxPasEv_028","fauxPasEv","instructions","1685","1228332","0.0-1788.0-0.0","",""
"","657","fauxPasEv_029","fauxPasEv","survey-multi-choice-vertical","1686","1228998","0.0-1789.0-0.0","{""Q0"":""¿Alguien dijo algo que no debió decir o dijo algo inconveniente?""}","{""Q0"":"" Si""}"
"","687","fauxPasEv_030","fauxPasEv","survey-multi-choice-vertical","1687","1229696","0.0-1790.0-0.0-0.0","{""Q0"":""¿Quién dijo algo que no debió decir o dijo algo inconveniente?""}","{""Q0"":"" Julia""}"
"","898.8000000007451","fauxPasEv_031","fauxPasEv","survey-html-form","1688","1230601","0.0-1790.0-0.0-1.0","{""Q0"":null}","{""Q0"":""voPrfn74ZhDb9STsqhZCOaDf1LfxsTbDTflmb3uSUHiOQt5qYR2Xr4lhpLbC9v1hn9YcHQHgD2wm9rBNBN5""}"
"","727.7000000011176","fauxPasEv_032","fauxPasEv","survey-html-form","1689","1231336","0.0-1790.0-0.0-2.0","{""Q0"":null}","{""Q0"":""fOr7lQxq7akL7Hs0Xr""}"
"","734","fauxPasEv_033","fauxPasEv","survey-multi-choice-vertical","1690","1232077","0.0-1790.0-0.0-3.0","{""Q0"":""¿Alicia sabía quién había comprado las cortinas?""}","{""Q0"":"" Si""}"
"","733.5","fauxPasEv_034","fauxPasEv","survey-html-form","1691","1232815","0.0-1790.0-0.0-4.0","{""Q0"":null}","{""Q0"":""7904Jv8fgiaF2gDTvyI9OVgBndkYbgR3h7Ha0Kcq90TIkLS3E2CdDvhIMT9t3eirTDY5T4y""}"
"","729.5","fauxPasEv_035","fauxPasEv","survey-html-form","1692","1233549","0.0-1791.0-0.0","{""Q0"":null}","{""Q0"":""DjH5Am1SnnAZwQEY8F7CEUcMRtWnzibwKI2dJOt702e4AHqoykVx7UZhAYkiaqws7GH4PiLsFvIb6NotJZ66OulN1fA""}"
"","700.5999999996275","fauxPasEv_036","fauxPasEv","survey-html-form","1693","1234255","0.0-1792.0-0.0","{""Q0"":null}","{""Q0"":""D6siD8JAB7WyQdyZDWd54D3BB77xX5vpOOj""}"
"[{""page_index"":0,""viewing_time"":643}]","643","fauxPasEv_037","fauxPasEv","instructions","1694","1234901","0.0-1793.0-0.0","",""
"","694","fauxPasEv_038","fauxPasEv","survey-multi-choice-vertical","1695","1235602","0.0-1794.0-0.0","{""Q0"":""¿Alguien dijo algo que no debió decir o dijo algo inconveniente?""}","{""Q0"":"" No""}"
"","743.0999999996275","fauxPasEv_044","fauxPasEv","survey-html-form","1696","1236350","0.0-1796.0-0.0","{""Q0"":null}","{""Q0"":""syGfIycbwlWBZhmCCNnPLMUcPoOOiviEBG0bIk19gUDDcB7EfLlLLA3U41txS2fLWpievEFZW""}"
"","668.5","fauxPasEv_045","fauxPasEv","survey-html-form","1697","1237026","0.0-1797.0-0.0","{""Q0"":null}","{""Q0"":""oUOxgKWGSUfGcG6aCT2Wzfncf""}"
"[{""page_index"":0,""viewing_time"":526}]","527","fauxPasEv_046","fauxPasEv","instructions","1698","1237555","0.0-1798.0-0.0","",""
"","675","fauxPasEv_047","fauxPasEv","survey-multi-choice-vertical","1699","1238242","0.0-1799.0-0.0","{""Q0"":""¿Alguien dijo algo que no debió decir o dijo algo inconveniente?""}","{""Q0"":"" No""}"
"","700.0999999996275","fauxPasEv_053","fauxPasEv","survey-html-form","1700","1238947","0.0-1801.0-0.0","{""Q0"":null}","{""Q0"":""c0Oj0iYS2wbB3BDQm8UIFaCyBgQCU5bLNvRMkcebsWXH6op2ZzyLLu""}"
"","719","fauxPasEv_054","fauxPasEv","survey-html-form","1701","1239670","0.0-1802.0-0.0","{""Q0"":null}","{""Q0"":""9JFwUUArOgyk0mNSIo7TKtKVL6v5fXWnDK8nn15pCqhl2HvE0QUcLMdMl6FDTLakrVaY0GdCic6h""}"
"[{""page_index"":0,""viewing_time"":494}]","495","fauxPasEv_055","fauxPasEv","instructions","1702","1240168","0.0-1803.0-0.0","",""
"","696","fauxPasEv_056","fauxPasEv","survey-multi-choice-vertical","1703","1240871","0.0-1804.0-0.0","{""Q0"":""¿Alguien dijo algo que no debió decir o dijo algo inconveniente?""}","{""Q0"":"" Si""}"
"","815","fauxPasEv_057","fauxPasEv","survey-multi-choice-vertical","1704","1241701","0.0-1805.0-0.0-0.0","{""Q0"":""¿Quién dijo algo que no debió decir o algo inconveniente?""}","{""Q0"":"" Susana""}"
"","715.0999999996275","fauxPasEv_058","fauxPasEv","survey-html-form","1705","1242420","0.0-1805.0-0.0-1.0","{""Q0"":null}","{""Q0"":""ouZEB3p06a1jJC""}"
"","678.4000000003725","fauxPasEv_059","fauxPasEv","survey-html-form","1706","1243102","0.0-1805.0-0.0-2.0","{""Q0"":null}","{""Q0"":""DR13uQ5vm8qLXs6swXbx""}"
"","852","fauxPasEv_060","fauxPasEv","survey-multi-choice-vertical","1707","1243968","0.0-1805.0-0.0-3.0","{""Q0"":""¿María sabía que Susy era una niña?""}","{""Q0"":"" Si""}"
"","1040.0999999996275","fauxPasEv_061","fauxPasEv","survey-html-form","1708","1245017","0.0-1805.0-0.0-4.0","{""Q0"":null}","{""Q0"":""ZYeruR0knldmIMPsfVcU1yw3x7BNTzfDI57CJAaxUu5lNKW1eiftcFlKoKWkg67yAEzVAbouZLn""}"
"","813","fauxPasEv_062","fauxPasEv","survey-html-form","1709","1245835","0.0-1806.0-0.0","{""Q0"":null}","{""Q0"":""5HGzcfPuVRCzgzW9VBfTvGg5ZS4DZmEdfZsgwRd9KpeBLME5M1f5ZC1pYQstDmaj3CfASZD""}"
"","741.6000000014901","fauxPasEv_063","fauxPasEv","survey-html-form","1710","1246583","0.0-1807.0-0.0","{""Q0"":null}","{""Q0"":""yBIqQy4o2o5aUliEozYGDkQyu7x7Fg5YcOyV3XViFQuaT3mcKCYh4bq9HCTzkJQtqjR0mGSBDq""}"
"[{""page_index"":0,""viewing_time"":500}]","501","fauxPasEv_064","fauxPasEv","instructions","1711","1247088","0.0-1808.0-0.0","",""
"","670","fauxPasEv_065","fauxPasEv","survey-multi-choice-vertical","1712","1247770","0.0-1809.0-0.0","{""Q0"":""¿Alguien dijo algo que no debió decir o dijo algo inconveniente?""}","{""Q0"":"" Si""}"
"","802","fauxPasEv_066","fauxPasEv","survey-multi-choice-vertical","1713","1248584","0.0-1810.0-0.0-0.0","{""Q0"":""¿Quién dijo algo que no debió decir o algo inconveniente?""}","{""Q0"":"" Sultan""}"
"","740.6999999992549","fauxPasEv_067","fauxPasEv","survey-html-form","1714","1249330","0.0-1810.0-0.0-1.0","{""Q0"":null}","{""Q0"":""Tt8j8OUxONlHqYRVqk5kHONMJrZLTHIdk4BP0dMU4qxtdzaWwN45obk9om6u5ypiFGDSrWq7cp""}"
"","680.5","fauxPasEv_068","fauxPasEv","survey-html-form","1715","1250015","0.0-1810.0-0.0-2.0","{""Q0"":null}","{""Q0"":""Nx2qx""}"
"","724","fauxPasEv_069","fauxPasEv","survey-multi-choice-vertical","1716","1250748","0.0-1810.0-0.0-3.0","{""Q0"":""Cuándo la invitó, ¿Sabía Paula que Julieta no iba a poder volver caminando con ella?""}","{""Q0"":"" Si""}"
"","703.8000000007451","fauxPasEv_070","fauxPasEv","survey-html-form","1717","1251457","0.0-1810.0-0.0-4.0","{""Q0"":null}","{""Q0"":""zQAHmt8f7kUscE6FuqRLttIUFIfJ2ua0UfRdriK1mjfLvTBJssGWqWyQCxcXM""}"
"","680.0999999996275","fauxPasEv_071","fauxPasEv","survey-html-form","1718","1252142","0.0-1811.0-0.0","{""Q0"":null}","{""Q0"":""LSk3w""}"
"","727.4000000003725","fauxPasEv_072","fauxPasEv","survey-html-form","1719","1252874","0.0-1812.0-0.0","{""Q0"":null}","{""Q0"":""cwggyXxIDLMpNQJBIrJX8q7zU1Oc1nvXJ5NdmoQF1AjEHTh83Vk1ZYwEBMjlvXuNYCZ0YIcuQG""}"
"[{""page_index"":0,""viewing_time"":499}]","500","fauxPasEv_073","fauxPasEv","instructions","1720","1253376","0.0-1813.0-0.0","",""
"","663","fauxPasEv_074","fauxPasEv","survey-multi-choice-vertical","1721","1254046","0.0-1814.0-0.0","{""Q0"":""¿Alguien dijo algo que no debió decir o dijo algo inconveniente?""}","{""Q0"":"" Si""}"
"","731","fauxPasEv_075","fauxPasEv","survey-multi-choice-vertical","1722","1254784","0.0-1815.0-0.0-0.0","{""Q0"":""¿Quién dijo algo que no debió decir o algo inconveniente?""}","{""Q0"":"" Juanita""}"
"","688.3000000007451","fauxPasEv_076","fauxPasEv","survey-html-form","1723","1255475","0.0-1815.0-0.0-1.0","{""Q0"":null}","{""Q0"":""638TOYZo8SPhmED8ChbSndNH1vFksQLQwGhzBpUwW8IClpFQBYae""}"
"","658.7000000011176","fauxPasEv_077","fauxPasEv","survey-html-form","1724","1256138","0.0-1815.0-0.0-2.0","{""Q0"":null}","{""Q0"":""xcOaGfrS6p4vp1aDsHQ5QqSQyZe10Pqw5da6kUG3NHeGwHbzBwOnvn9lgNfjcRZMixk""}"
"","692","fauxPasEv_078","fauxPasEv","survey-multi-choice-vertical","1725","1256839","0.0-1815.0-0.0-3.0","{""Q0"":""Cuando él corrió hacia ella primero en la entrada, ¿Sabía el novio de Juanita que ella no había ganado el rol?""}","{""Q0"":"" Si""}"
"","660.5999999996275","fauxPasEv_079","fauxPasEv","survey-html-form","1726","1257504","0.0-1815.0-0.0-4.0","{""Q0"":null}","{""Q0"":""oBMGIrga6moqm5RgZprQXYD52eXJ2cP53b""}"
"","683.4000000003725","fauxPasEv_080","fauxPasEv","survey-html-form","1727","1258191","0.0-1816.0-0.0","{""Q0"":null}","{""Q0"":""2RP8ExrKB9w6cs8JgSWL9rOk68goj3fyI61QKH1j5SihiAICvbig5PScemSDaz1""}"
"","650.0999999996275","fauxPasEv_081","fauxPasEv","survey-html-form","1728","1258845","0.0-1817.0-0.0","{""Q0"":null}","{""Q0"":""Gp3ueIYpdTAa7DdfW9ppCntyW4JzB2sDV2e""}"
"[{""page_index"":0,""viewing_time"":454}]","454","fauxPasEv_082","fauxPasEv","instructions","1729","1259302","0.0-1818.0-0.0","",""
"","679","fauxPasEv_083","fauxPasEv","survey-multi-choice-vertical","1730","1259990","0.0-1819.0-0.0","{""Q0"":""¿Alguien dijo algo que no debió decir o dijo algo inconveniente?""}","{""Q0"":"" No""}"
"","725.6999999992549","fauxPasEv_089","fauxPasEv","survey-html-form","1731","1260720","0.0-1821.0-0.0","{""Q0"":null}","{""Q0"":""4fpmU3UU0ZrzczbmFX58P62zk1PJbrG1gKVCG2LQTzHZJFQWfBPaNNfO3rQ2aq22ioxaFCVQuc2wmfGlLsADTUIiY9""}"
"","700.3000000007451","fauxPasEv_090","fauxPasEv","survey-html-form","1732","1261423","0.0-1822.0-0.0","{""Q0"":null}","{""Q0"":""H7BefjP""}"
"[{""page_index"":0,""viewing_time"":728}]","728","fauxPasEv_091","fauxPasEv","instructions","1733","1262155","0.0-1823.0-0.0","",""
"","686","fauxPasEv_092","fauxPasEv","survey-multi-choice-vertical","1734","1262849","0.0-1824.0-0.0","{""Q0"":""¿Alguien dijo algo que no debió decir o dijo algo inconveniente?""}","{""Q0"":"" No""}"
"","606","fauxPasEv_098","fauxPasEv","survey-html-form","1735","1263460","0.0-1826.0-0.0","{""Q0"":null}","{""Q0"":""pwjM""}"
"","710.6999999992549","fauxPasEv_099","fauxPasEv","survey-html-form","1736","1264174","0.0-1827.0-0.0","{""Q0"":null}","{""Q0"":""IYnzUB9IJvCcmD0Qg82oWVBzwWQYs4C2CQruayUpUuQHLAudKewcbCDw5D""}"
"[{""page_index"":0,""viewing_time"":462}]","462","fauxPasEv_100","fauxPasEv","instructions","1737","1264640","0.0-1828.0-0.0","",""
"","689","fauxPasEv_101","fauxPasEv","survey-multi-choice-vertical","1738","1265336","0.0-1829.0-0.0","{""Q0"":""¿Alguien dijo algo que no debió decir o dijo algo inconveniente?""}","{""Q0"":"" Si""}"
"","765","fauxPasEv_102","fauxPasEv","survey-multi-choice-vertical","1739","1266110","0.0-1830.0-0.0-0.0","{""Q0"":""¿Quién dijo algo que no debió decir o algo inconveniente?""}","{""Q0"":"" Pedro""}"
"","718","fauxPasEv_103","fauxPasEv","survey-html-form","1740","1266832","0.0-1830.0-0.0-1.0","{""Q0"":null}","{""Q0"":""BSrz4aEJKbHkTA1uHyYbAGVkHYfiDgqa8fZbAylWHgkfn5gwswk1RtO7bluNp91lZmqmDm4QOTGrmyGu8dUYJSlSkJCRi7e""}"
"","734.2000000011176","fauxPasEv_104","fauxPasEv","survey-html-form","1741","1267570","0.0-1830.0-0.0-2.0","{""Q0"":null}","{""Q0"":""UDsCFssrIZytXLqF8TtgFvgfcfr4Pc50FKdSKPHPfa4qrGXmDUAyox6b8yHuGuz7A0EUZf0oa""}"
"","676","fauxPasEv_105","fauxPasEv","survey-multi-choice-vertical","1742","1268257","0.0-1830.0-0.0-3.0","{""Q0"":""Cuando José estaba hablando con Pedro, ¿Sabía que Miguel estaba en uno de los baños?""}","{""Q0"":"" Si""}"
"","760.6000000014901","fauxPasEv_106","fauxPasEv","survey-html-form","1743","1269022","0.0-1830.0-0.0-4.0","{""Q0"":null}","{""Q0"":""TUjQKcgKPcUPbE0RGcsuQy4zLAuAJadb2mC8osucTx5hKm""}"
"","1547.5","fauxPasEv_107","fauxPasEv","survey-html-form","1744","1270575","0.0-1831.0-0.0","{""Q0"":null}","{""Q0"":""Tds9ED5zn9nT6xd2qmSqM""}"
"","655.5999999996275","fauxPasEv_108","fauxPasEv","survey-html-form","1745","1271237","0.0-1832.0-0.0","{""Q0"":null}","{""Q0"":""CV2T1ioOfiEZLqY3cWvfrktUXPMUt6X38E8OcxezK9FKpdNLBM3u9Z0TE1CyTEfZzk6""}"
"[{""page_index"":0,""viewing_time"":496}]","496","fauxPasEv_109","fauxPasEv","instructions","1746","1271735","0.0-1833.0-0.0","",""
"","634","fauxPasEv_110","fauxPasEv","survey-multi-choice-vertical","1747","1272377","0.0-1834.0-0.0","{""Q0"":""¿Alguien dijo algo que no debió decir o dijo algo inconveniente?""}","{""Q0"":"" No""}"
"","1313.0999999996275","fauxPasEv_116","fauxPasEv","survey-html-form","1748","1273695","0.0-1836.0-0.0","{""Q0"":null}","{""Q0"":""Tds9ED5zn9nT6xd2qmSqM""}"
"","755","fauxPasEv_117","fauxPasEv","survey-html-form","1749","1274454","0.0-1837.0-0.0","{""Q0"":null}","{""Q0"":""CV2T1ioOfiEZLqY3cWvfrktUXPMUt6X38E8OcxezK9FKpdNLBM3u9Z0TE1CyTEfZzk6""}"
"[{""page_index"":0,""viewing_time"":477}]","477","fauxPasEv_118","fauxPasEv","instructions","1750","1274935","0.0-1838.0-0.0","",""
"","701","fauxPasEv_119","fauxPasEv","survey-multi-choice-vertical","1751","1275646","0.0-1839.0-0.0","{""Q0"":""¿Alguien dijo algo que no debió decir o dijo algo inconveniente?""}","{""Q0"":"" Si""}"
"","655","fauxPasEv_120","fauxPasEv","survey-multi-choice-vertical","1752","1276310","0.0-1840.0-0.0-0.0","{""Q0"":""¿Quién dijo algo que no debió decir o algo inconveniente?""}","{""Q0"":"" Ana""}"
"","745.5","fauxPasEv_121","fauxPasEv","survey-html-form","1753","1277060","0.0-1840.0-0.0-1.0","{""Q0"":null}","{""Q0"":""Au5yzpkpXy10bTN40AOy7DdAcFOr8Q0QIzw5IwNPQeWHxcpMXuYXlStFubM9VsiBJD8GiTGZdUWDdKBu6x""}"
"","852.9000000003725","fauxPasEv_122","fauxPasEv","survey-html-form","1754","1277917","0.0-1840.0-0.0-2.0","{""Q0"":null}","{""Q0"":""noNP9ZJnFiAqQCZeWJxnD3rNt7eKGWJ""}"
"","672","fauxPasEv_123","fauxPasEv","survey-multi-choice-vertical","1755","1278603","0.0-1840.0-0.0-3.0","{""Q0"":""¿Ana recordaba que Josefina le había dado esa fuente?""}","{""Q0"":"" Si""}"
"","790.4000000003725","fauxPasEv_124","fauxPasEv","survey-html-form","1756","1279397","0.0-1840.0-0.0-4.0","{""Q0"":null}","{""Q0"":""ZESPh2xuoJNnpjxtjnNNjubXyE8v4ZSFTW6d3cORFV1EiAZftBNYvUQFYzfxhgDa6VDwd1dKmQ6xjkXdjlJehPU3Umw""}"
"","963.7000000011176","fauxPasEv_125","fauxPasEv","survey-html-form","1757","1280368","0.0-1841.0-0.0","{""Q0"":null}","{""Q0"":""x""}"
"","845","fauxPasEv_126","fauxPasEv","survey-html-form","1758","1281219","0.0-1842.0-0.0","{""Q0"":null}","{""Q0"":""oxiKTWIF1t8fyUAkjjvbd76E0JZ6CsfExSg43C4YoPS6Vsqs0bhcRzU10mZz2NKaN7fZFKf05GvCrdayjySP""}"
"[{""page_index"":0,""viewing_time"":491}]","492","fauxPasEv_127","fauxPasEv","instructions","1759","1281716","0.0-1843.0-0.0","",""
"","678","fauxPasEv_128","fauxPasEv","survey-multi-choice-vertical","1760","1282406","0.0-1844.0-0.0","{""Q0"":""¿Alguien dijo algo que no debió decir o dijo algo inconveniente?""}","{""Q0"":"" No""}"
"","733","fauxPasEv_134","fauxPasEv","survey-multi-choice-vertical","1761","1283151","0.0-1846.0-0.0","{""Q0"":""En la historia, ¿Quién ganó el concurso?""}","{""Q0"":"" Cristina""}"
"","1382","fauxPasEv_135","fauxPasEv","survey-multi-choice-vertical","1762","1284544","0.0-1847.0-0.0","{""Q0"":""¿Ganó algo la historia de Cristina?""}","{""Q0"":"" Si""}"
"[{""page_index"":0,""viewing_time"":579}]","579","fauxPasEv_136","fauxPasEv","instructions","1763","1285133","0.0-1848.0-0.0","",""
"","740","fauxPasEv_137","fauxPasEv","survey-multi-choice-vertical","1764","1285884","0.0-1849.0-0.0","{""Q0"":""¿Alguien dijo algo que no debió decir o dijo algo inconveniente?""}","{""Q0"":"" Si""}"
"","806","fauxPasEv_138","fauxPasEv","survey-multi-choice-vertical","1765","1286700","0.0-1850.0-0.0-0.0","{""Q0"":""¿Quién dijo algo que no debió decir o algo inconveniente?""}","{""Q0"":"" Héctor""}"
"","746.7000000011176","fauxPasEv_139","fauxPasEv","survey-html-form","1766","1287452","0.0-1850.0-0.0-1.0","{""Q0"":null}","{""Q0"":""xJ5xQL9GhbdWhsrgM6auoOyD0ViVLZp4sUCwTxOprboIgXtZKQiovvyyQnJYdjQOKiIAaSUajqipy7XhCImW4PSjjIbZwR""}"
"","791.1999999992549","fauxPasEv_140","fauxPasEv","survey-html-form","1767","1288250","0.0-1850.0-0.0-2.0","{""Q0"":null}","{""Q0"":""3YwIfe0fr1WCiGfwSqTp6DfVsMZVYMnjiz24Yxvvb7FRJGXxnns16GfPnebRVXyJHbNV8S3""}"
"","714","fauxPasEv_141","fauxPasEv","survey-multi-choice-vertical","1768","1288974","0.0-1850.0-0.0-3.0","{""Q0"":""¿Sabía Tito que Héctor era otro cliente?""}","{""Q0"":"" Si""}"
"","1419.5","fauxPasEv_142","fauxPasEv","survey-html-form","1769","1290398","0.0-1850.0-0.0-4.0","{""Q0"":null}","{""Q0"":""mEpUV5EYdZBETnKEJ9odyabgXis0kJSF50DM5AidZWzlLIKwAN7kisn96FI1lDXlzc""}"
"","688.9000000003725","fauxPasEv_143","fauxPasEv","survey-html-form","1770","1291094","0.0-1851.0-0.0","{""Q0"":null}","{""Q0"":""F0ZbnBom0O""}"
"","716.8000000007451","fauxPasEv_144","fauxPasEv","survey-html-form","1771","1291815","0.0-1852.0-0.0","{""Q0"":null}","{""Q0"":""gjzuekPElmPolkd0n8cHG6L9fItAElUYEL91yRuotAPgmenDoweJnpCoTRFuBmBAIbOBvieRiOGR3FZQ3K5lxJQONG""}"
"[{""page_index"":0,""viewing_time"":511}]","511","fauxPasEv_145","fauxPasEv","instructions","1772","1292328","0.0-1853.0-0.0","",""
"","686","fauxPasEv_146","fauxPasEv","survey-multi-choice-vertical","1773","1293021","0.0-1854.0-0.0","{""Q0"":""¿Alguien dijo algo que no debió decir o dijo algo inconveniente?""}","{""Q0"":"" Si""}"
"","775","fauxPasEv_147","fauxPasEv","survey-multi-choice-vertical","1774","1293806","0.0-1855.0-0.0-0.0","{""Q0"":""¿Quién dijo algo que no debió decir o algo inconveniente?""}","{""Q0"":"" Leonor""}"
"","678.5999999996275","fauxPasEv_148","fauxPasEv","survey-html-form","1775","1294489","0.0-1855.0-0.0-1.0","{""Q0"":null}","{""Q0"":""F0ZbnBom0O""}"
"","732","fauxPasEv_149","fauxPasEv","survey-html-form","1776","1295224","0.0-1855.0-0.0-2.0","{""Q0"":null}","{""Q0"":""gjzuekPElmPolkd0n8cHG6L9fItAElUYEL91yRuotAPgmenDoweJnpCoTRFuBmBAIbOBvieRiOGR3FZQ3K5lxJQONG""}"
"","684","fauxPasEv_150","fauxPasEv","survey-multi-choice-vertical","1777","1295917","0.0-1855.0-0.0-3.0","{""Q0"":""Cuando Leonor subió al colectivo, ¿Sabía Pablo cuánto tiempo ella había estado esperando?""}","{""Q0"":"" No""}"
"","750.4000000003725","fauxPasEv_151","fauxPasEv","survey-html-form","1778","1296672","0.0-1855.0-0.0-4.0","{""Q0"":null}","{""Q0"":""O47qmC6orCQatwEHDKjxi6IEkQEm5JTYhIOeQRQP""}"
"","882","fauxPasEv_152","fauxPasEv","survey-html-form","1779","1297559","0.0-1856.0-0.0","{""Q0"":null}","{""Q0"":""lyq9beo4l4f0iNbkE6ygHOirbDP3ufKtFemfNGMZEExKQYfD8gwnB""}"
"","708.8000000007451","fauxPasEv_153","fauxPasEv","survey-html-form","1780","1298275","0.0-1857.0-0.0","{""Q0"":null}","{""Q0"":""fZTSBozgfyjBceqns1aKMOXaAKGCLKdOSogIvhPn7Urzbu8sP9MLBhRq1nYf8airwGfOF3ksQ""}"
"[{""page_index"":0,""viewing_time"":461}]","461","fauxPasEv_154","fauxPasEv","instructions","1781","1298740","0.0-1858.0-0.0","",""
"","688","fauxPasEv_155","fauxPasEv","survey-multi-choice-vertical","1782","1299442","0.0-1859.0-0.0","{""Q0"":""¿Alguien dijo algo que no debió decir o dijo algo inconveniente?""}","{""Q0"":"" Si""}"
"","1076","fauxPasEv_156","fauxPasEv","survey-multi-choice-vertical","1783","1300530","0.0-1860.0-0.0-0.0","{""Q0"":""¿Quién dijo algo que no debió decir o algo inconveniente?""}","{""Q0"":"" La esposa de Rodolfo""}"
"","717","fauxPasEv_157","fauxPasEv","survey-html-form","1784","1301252","0.0-1860.0-0.0-1.0","{""Q0"":null}","{""Q0"":""qOYX6jljOGARSd55khD80MoSpTsQ0QVv81TfHtSfbrE2n8swIbsmPyD8W48i""}"
"","663.7000000011176","fauxPasEv_158","fauxPasEv","survey-html-form","1785","1301920","0.0-1860.0-0.0-2.0","{""Q0"":null}","{""Q0"":""o2zmdADm7jIXss79IS89N10K4Zd""}"
"","741","fauxPasEv_159","fauxPasEv","survey-multi-choice-vertical","1786","1302668","0.0-1860.0-0.0-3.0","{""Q0"":""¿Sabía Clara que la esposa de Rodolfo era abogada?""}","{""Q0"":"" Si""}"
"","688.4000000003725","fauxPasEv_160","fauxPasEv","survey-html-form","1787","1303362","0.0-1860.0-0.0-4.0","{""Q0"":null}","{""Q0"":""mpg0V2ejBHclJdFT4OYn05xHnMgMUS""}"
"","861.0999999996275","fauxPasEv_161","fauxPasEv","survey-html-form","1788","1304234","0.0-1861.0-0.0","{""Q0"":null}","{""Q0"":""YE""}"
"","745.2999999988824","fauxPasEv_162","fauxPasEv","survey-html-form","1789","1304994","0.0-1862.0-0.0","{""Q0"":null}","{""Q0"":""j87zLhRGnHnhMl0R99s7Oe7TsNYSObvQV3z8T5OFw6mPwdgbS7nZhdufaDH1UoH2xuZADnpbH5w""}"
"[{""page_index"":0,""viewing_time"":470}]","470","fauxPasEv_163","fauxPasEv","instructions","1790","1305467","0.0-1863.0-0.0","",""
"","742","fauxPasEv_164","fauxPasEv","survey-multi-choice-vertical","1791","1306218","0.0-1864.0-0.0","{""Q0"":""¿Alguien dijo algo que no debió decir o dijo algo inconveniente?""}","{""Q0"":"" No""}"
"","697.7999999988824","fauxPasEv_170","fauxPasEv","survey-html-form","1792","1306922","0.0-1866.0-0.0","{""Q0"":null}","{""Q0"":""JjTbUqVcQ9zJdYkVS4cw48teIul1HR3tpUHnptq4xdzF07eyte3kFHk4h2Ghb0MPLm1vbhknmWgL1r4Rz""}"
"","711.4000000003725","fauxPasEv_171","fauxPasEv","survey-html-form","1793","1307639","0.0-1867.0-0.0","{""Q0"":null}","{""Q0"":""EHKER5m94MivPHwPNmeNPObQsundgeG3m5zHX31a6sSY1MqbVhQnS5XVBnKu6""}"
"[{""page_index"":0,""viewing_time"":460}]","460","fauxPasEv_172","fauxPasEv","instructions","1794","1308102","0.0-1868.0-0.0","",""
"","666","fauxPasEv_173","fauxPasEv","survey-multi-choice-vertical","1795","1308778","0.0-1869.0-0.0","{""Q0"":""¿Alguien dijo algo que no debió decir o dijo algo inconveniente?""}","{""Q0"":"" No""}"
"","676","fauxPasEv_179","fauxPasEv","survey-html-form","1796","1309458","0.0-1871.0-0.0","{""Q0"":null}","{""Q0"":""LrPV9qzXQ4aWmTodmZKHEXAGUdxFjhqN4h2NVJXSL""}"
"","711.2999999988824","fauxPasEv_180","fauxPasEv","survey-html-form","1797","1310174","0.0-1872.0-0.0","{""Q0"":null}","{""Q0"":""jpqP9cM7ztZJYFrni8ajgS06lYuE3PpC""}"
