"view_history","rt","trialid","procedure","trial_type","trial_index","time_elapsed","internal_node_id","stimulus","response"
"[{""page_index"":0,""viewing_time"":706}]","707","Instructions","Bank","instructions","49","35702","0.0-64.0-0.0","",""
"","1427","Bank_01","Bank","survey-text","50","37145","0.0-65.0-0.0","{""Q0"":""Indique su nombre completo""}","{""Q0"":""L1uTp312rq5zhY9OmkXZB9ZuIAtiLRnxy5KZSwX9skgq2GgIas9efcLAGOKyDcX9kxPypAUmNLoiaNtuj""}"
"","764","Bank_02","Bank","survey-text","51","37914","0.0-66.0-0.0","{""Q0"":""Indique su rut , sin puntos ni guión y con dígito verificador""}","{""Q0"":""619320319""}"
"","1129.300000000745","Bank_03","Bank","survey-html-form","52","39048","0.0-67.0-0.0","{""Q0"":""Seleccione su Banco""}","{""Q0"":""BANCO SANTANDER BANEFE""}"
"","704","Bank_04","Bank","survey-html-form","53","39755","0.0-68.0-0.0","{""Q0"":""Elija el tipo de cuenta""}","{""Q0"":""Cuenta Vista""}"
"","605","Bank_05","Bank","survey-text","54","40366","0.0-69.0-0.0","{""Q0"":""Indique número de cuenta""}","{""Q0"":""44""}"
"","662.5","Bank_06","Bank","survey-html-form","55","41031","0.0-70.0-0.0","{""Q0"":""Indique su correo electrónico""}","{""Q0"":""bi48WIzgWy@gmail.com""}"
