"view_history","rt","trialid","procedure","trial_type","trial_index","time_elapsed","internal_node_id","stimulus","response"
"[{""page_index"":0,""viewing_time"":455}]","455","Instructions","PBSr","instructions","1086","795599","0.0-1102.0-0.0","",""
"","962","PBSr_001","PBSr","survey-multi-choice-vertical","1087","796583","0.0-1103.0-0.0","{""Q0"":""El alma sigue existiendo aunque el cuerpo pueda morir.""}","{""Q0"":"" 6 Moderadamente de acuerdo""}"
"","900","PBSr_002","PBSr","survey-multi-choice-vertical","1088","797504","0.0-1104.0-0.0","{""Q0"":""Algunos individuos pueden levitar (levantar) objetos a través de fuerzas mentales.""}","{""Q0"":"" 5 Un poco de acuerdo""}"
"","900","PBSr_003","PBSr","survey-multi-choice-vertical","1089","798415","0.0-1105.0-0.0","{""Q0"":""La magia negra realmente existe.""}","{""Q0"":"" 1 Muy en desacuerdo""}"
"","1057","PBSr_004","PBSr","survey-multi-choice-vertical","1090","799486","0.0-1106.0-0.0","{""Q0"":""Los gatos negros traen mala suerte.""}","{""Q0"":"" 4 No sé / No tengo certeza""}"
"","984","PBSr_005","PBSr","survey-multi-choice-vertical","1091","800481","0.0-1107.0-0.0","{""Q0"":""Tu mente o alma puede salir del cuerpo y viajar (proyección astral).""}","{""Q0"":"" 2 Moderadamente en desacuerdo""}"
"","957","PBSr_006","PBSr","survey-multi-choice-vertical","1092","801454","0.0-1108.0-0.0","{""Q0"":""El abominable hombre de las nieves, o pie grande del Tíbet, existe.""}","{""Q0"":"" 1 Muy en desacuerdo""}"
"","1009","PBSr_007","PBSr","survey-multi-choice-vertical","1093","802483","0.0-1109.0-0.0","{""Q0"":""La astrología es una forma precisa de predecir el futuro.""}","{""Q0"":"" 3 Un poco en desacuerdo""}"
"","943","PBSr_008","PBSr","survey-multi-choice-vertical","1094","803437","0.0-1110.0-0.0","{""Q0"":""Existe el diablo.""}","{""Q0"":"" 5 Un poco de acuerdo""}"
"","1002","PBSr_009","PBSr","survey-multi-choice-vertical","1095","804451","0.0-1111.0-0.0","{""Q0"":""La telekinesis, mover objetos a través de poderes psíquicos, existe.""}","{""Q0"":"" 6 Moderadamente de acuerdo""}"
"","947","PBSr_010","PBSr","survey-multi-choice-vertical","1096","805409","0.0-1112.0-0.0","{""Q0"":""Las brujas existen.""}","{""Q0"":"" 2 Moderadamente en desacuerdo""}"
"","927","PBSr_011","PBSr","survey-multi-choice-vertical","1097","806347","0.0-1113.0-0.0","{""Q0"":""Si quiebras un espejo, tendrás mala suerte.""}","{""Q0"":"" 2 Moderadamente en desacuerdo""}"
"","895","PBSr_012","PBSr","survey-multi-choice-vertical","1098","807254","0.0-1114.0-0.0","{""Q0"":""Durante estados alterados, como el sueño o los trances, el espíritu puede salir del cuerpo.""}","{""Q0"":"" 7 Muy de acuerdo""}"
"","942","PBSr_013","PBSr","survey-multi-choice-vertical","1099","808208","0.0-1115.0-0.0","{""Q0"":""El monstruo del lago Ness en Escocia, existe.""}","{""Q0"":"" 4 No sé / No tengo certeza""}"
"","956","PBSr_014","PBSr","survey-multi-choice-vertical","1100","809180","0.0-1116.0-0.0","{""Q0"":""El horóscopo dice el futuro de las personas de forma precisa.""}","{""Q0"":"" 7 Muy de acuerdo""}"
"","953","PBSr_015","PBSr","survey-multi-choice-vertical","1101","810146","0.0-1117.0-0.0","{""Q0"":""Creo en Dios.""}","{""Q0"":"" 4 No sé / No tengo certeza""}"
"","924","PBSr_016","PBSr","survey-multi-choice-vertical","1102","811083","0.0-1118.0-0.0","{""Q0"":""Los pensamientos de una persona pueden influir en el movimiento de un objeto físico.""}","{""Q0"":"" 3 Un poco en desacuerdo""}"
"","925","PBSr_017","PBSr","survey-multi-choice-vertical","1103","812021","0.0-1119.0-0.0","{""Q0"":""A través del uso de pócimas y conjuros, es posible lanzar hechizos sobre las personas.""}","{""Q0"":"" 7 Muy de acuerdo""}"
"","1046","PBSr_018","PBSr","survey-multi-choice-vertical","1104","813089","0.0-1120.0-0.0","{""Q0"":""El número “13” es de mala suerte.""}","{""Q0"":"" 7 Muy de acuerdo""}"
"","1005","PBSr_019","PBSr","survey-multi-choice-vertical","1105","814107","0.0-1121.0-0.0","{""Q0"":""La reencarnación existe.""}","{""Q0"":"" 2 Moderadamente en desacuerdo""}"
"","1014","PBSr_020","PBSr","survey-multi-choice-vertical","1106","815140","0.0-1122.0-0.0","{""Q0"":""Hay vida en otros planetas.""}","{""Q0"":"" 1 Muy en desacuerdo""}"
"","958","PBSr_021","PBSr","survey-multi-choice-vertical","1107","816111","0.0-1123.0-0.0","{""Q0"":""Algunos psíquicos pueden predecir el futuro de forma precisa.""}","{""Q0"":"" 5 Un poco de acuerdo""}"
"","932","PBSr_022","PBSr","survey-multi-choice-vertical","1108","817056","0.0-1124.0-0.0","{""Q0"":""Existe un Cielo y un Infierno.""}","{""Q0"":"" 5 Un poco de acuerdo""}"
"","981","PBSr_023","PBSr","survey-multi-choice-vertical","1109","818050","0.0-1125.0-0.0","{""Q0"":""Leer la mente no es posible.""}","{""Q0"":"" 6 Moderadamente de acuerdo""}"
"","1131","PBSr_024","PBSr","survey-multi-choice-vertical","1110","819210","0.0-1126.0-0.0","{""Q0"":""Hay casos reales de brujería.""}","{""Q0"":"" 1 Muy en desacuerdo""}"
"","1006","PBSr_025","PBSr","survey-multi-choice-vertical","1111","820230","0.0-1127.0-0.0","{""Q0"":""Es posible comunicarse con los muertos.""}","{""Q0"":"" 5 Un poco de acuerdo""}"
"","1019","PBSr_026","PBSr","survey-multi-choice-vertical","1112","821262","0.0-1128.0-0.0","{""Q0"":""Algunas personas tienen la inexplicable habilidad de predecir el futuro.""}","{""Q0"":"" 3 Un poco en desacuerdo""}"
