"success","trialid","procedure","trial_type","trial_index","time_elapsed","internal_node_id","stimulus","rt","response","question_order"
"true","Instructions_01","DEMOGR","fullscreen","375","298800","0.0-406.0-0.0","","","",""
"","DEMOGR_01","DEMOGR","survey-text","376","301419","0.0-407.0-0.0","{""Q0"":""Indica tu edad""}","2616","{""Q0"":""33""}",""
"","DEMOGR_02","DEMOGR","survey-multi-choice-vertical","377","302064","0.0-408.0-0.0","{""Q0"":""Indica tu género""}","641","{""Q0"":"" No binario""}",""
"","DEMOGR_03","DEMOGR","survey-html-form","378","302609","0.0-409.0-0.0","{""Q0"":""Indica tu correo electrónico personal(enviaremos la giftcard a este email cuando finalices las tareas)""}","542.5999999996275","{""Q0"":""c6NmLl76h@gmail.com""}",""
"","DEMOGR_05","DEMOGR","survey-multi-choice-vertical","379","303179","0.0-410.0-0.0","{""Q0"":""¿Tienes algún tipo de daltonismo?""}","565","{""Q0"":"" No""}",""
"","DEMOGR_06","DEMOGR","survey-html-form","380","311346","0.0-411.0-0.0","{""Q0"":""Elige del desplegable tu comuna de residencia.""}","8158.300000000745","{""Q0"":""Illapel""}",""
"","DEMOGR_07","DEMOGR","survey-multi-choice-vertical","381","312791","0.0-412.0-0.0","{""Q0"":""Indica tú nivel de estudios""}","1433","{""Q0"":"" Universidad completa""}",""
"","DEMOGR_08","DEMOGR","survey-multi-choice-vertical","382","313644","0.0-413.0-0.0","{""Q0"":""¿Qué estas estudiando?""}","846","{""Q0"":"" Artes""}",""
"","DEMOGR_10","DEMOGR","survey-multi-choice-vertical","383","314443","0.0-415.0-0.0","{""Q0"":""Año completado de tus estudios""}","793","{""Q0"":"" Tercero""}",""
"","DEMOGR_11","DEMOGR","survey-html-form","384","316447","0.0-416.0-0.0","{""Q0"":""Elige del desplegable la institución educativa a la que asistes. En caso de que no aparezca, introduce el nombre.""}","1999.4000000003725","{""Q0"":""Universidad Católica de la Sma. Concepción (UCSC)""}",""
"","DEMOGR_12","DEMOGR","survey-multi-choice-vertical","385","317810","0.0-417.0-0.0","{""Q0"":""Indica el nivel de estudios de tu madre""}","1350","{""Q0"":"" Magíster o Doctorado incompleta""}",""
"","DEMOGR_13","DEMOGR","survey-multi-choice-vertical","386","319195","0.0-418.0-0.0","{""Q0"":""Indica el nivel de estudios de tu padre""}","1372","{""Q0"":"" Centro de Formación Técnica o en Instituto Profesional completa""}",""
"","DEMOGR_14","DEMOGR","survey-multi-choice-vertical","387","320034","0.0-419.0-0.0","{""Q0"":""¿Qué tipo de seguro de salud tienes?""}","831","{""Q0"":"" FONASA B""}",""
"","DEMOGR_15","DEMOGR","survey-multi-choice-horizontal","388","320613","0.0-420.0-0.0","{""Q0"":""¿Alguna vez has estado embarazada?""}","575","{""Q0"":"" Si""}",""
"","DEMOGR_16","DEMOGR","survey-multi-choice-horizontal","389","321178","0.0-421.0-0.0","{""Q0"":""¿Alguna vez has tenido un parto vaginal o cesarea?""}","561","{""Q0"":"" No""}",""
"","DEMOGR_17","DEMOGR","survey-multi-choice-horizontal","390","321878","0.0-422.0-0.0","{""Q0"":""¿Quieres tener hijos en el futuro?""}","694","{""Q0"":"" No se""}",""
"","DEMOGR_18","DEMOGR","survey-text","391","322478","0.0-423.0-0.0","{""Q0"":""¿Cuántos hijos(as) te gustaría tener? (0, 1, 2, 3...)""}","596","{""Q0"":""46""}",""
"","DEMOGR_19","DEMOGR","survey-multi-select","392","323269","0.0-424.0-0.0","{""Q0"":""Indica si alguna de las siguientes personas o grupos ha tenido una cesarea (puedes marcar más de una opción):""}","784.7000000011176","{""Q0"":[""&nbsp;Hermanas"",""&nbsp;Amigas cercanas""]}","[0]"
