"view_history","rt","trialid","procedure","trial_type","trial_index","time_elapsed","internal_node_id","stimulus","response"
"[{""page_index"":0,""viewing_time"":543},{""page_index"":1,""viewing_time"":549}]","1092","Instructions_01","SILS","instructions","1417","1026081","0.0-1481.0-0.0","",""
"","996","SILS_01","SILS","survey-multi-choice-horizontal","1418","1027089","0.0-1482.0-0.0","{""Q0"":"" Yo, como parte del equipo directivo:   1. Desarrollo un plan para fortalecer la convivencia al interior del establecimiento.""}","{""Q0"":"" Siempre""}"
"","856","SILS_02","SILS","survey-multi-choice-horizontal","1419","1027959","0.0-1483.0-0.0","{""Q0"":"" Yo, como parte del equipo directivo:   2. Atiendo los conflictos de convivencia entre estamentos del establecimiento.""}","{""Q0"":""Rarasveces""}"
"","823","SILS_03","SILS","survey-multi-choice-horizontal","1420","1028794","0.0-1484.0-0.0","{""Q0"":"" Yo, como parte del equipo directivo:   3. Establezco estándares escolares y expectativas claras para el equipo del establecimiento.""}","{""Q0"":"" Siempre""}"
"","1011","SILS_04","SILS","survey-multi-choice-horizontal","1421","1029816","0.0-1485.0-0.0","{""Q0"":"" Yo, como parte del equipo directivo:   4. Soy experto/a acerca del liderazgo educativo.""}","{""Q0"":"" Bastantea menudo""}"
"","860","SILS_05","SILS","survey-multi-choice-horizontal","1422","1030689","0.0-1486.0-0.0","{""Q0"":"" Yo, como parte del equipo directivo:   5. Soy capaz de responder preguntas acerca del establecimiento.""}","{""Q0"":""Rarasveces""}"
"","799","SILS_06","SILS","survey-multi-choice-horizontal","1423","1031504","0.0-1487.0-0.0","{""Q0"":"" Yo, como parte del equipo directivo:   6. Sé de lo que hablo cuando me refiero a temáticas educativas.""}","{""Q0"":"" Siempre""}"
"","822","SILS_07","SILS","survey-multi-choice-horizontal","1424","1032336","0.0-1488.0-0.0","{""Q0"":"" Yo, como parte del equipo directivo:   7. Reconozco y aprecio los esfuerzos del personal del colegio/profesores/as en búsqueda de mejoras en sus prácticas.""}","{""Q0"":""Nunca""}"
"","815","SILS_08","SILS","survey-multi-choice-horizontal","1425","1033165","0.0-1489.0-0.0","{""Q0"":"" Yo, como parte del equipo directivo:   8. Reconozco y aprecio los esfuerzos del personal del colegio/profesores/as con relación a sus necesidades y habilidades individuales.""}","{""Q0"":"" Bastantea menudo""}"
"","791","SILS_09","SILS","survey-multi-choice-horizontal","1426","1033969","0.0-1490.0-0.0","{""Q0"":"" Yo, como parte del equipo directivo:   9. Reconozco y aprecio los esfuerzos del personal del colegio/profesores/as de trabajar colaborativamente.""}","{""Q0"":""Rarasveces""}"
"","806","SILS_10","SILS","survey-multi-choice-horizontal","1427","1034793","0.0-1491.0-0.0","{""Q0"":"" Yo, como parte del equipo directivo:   10. Persevero frente a los desafíos que se presenten en el establecimiento.""}","{""Q0"":""Algunas  veces""}"
"","858","SILS_11","SILS","survey-multi-choice-horizontal","1428","1035663","0.0-1492.0-0.0","{""Q0"":"" Yo, como parte del equipo directivo:   11. Reconozco y actúo de manera efectiva frente a desafíos..""}","{""Q0"":""Algunas  veces""}"
"","885","SILS_12","SILS","survey-multi-choice-horizontal","1429","1036559","0.0-1493.0-0.0","{""Q0"":"" Yo, como parte del equipo directivo:   12. Apoyo la implementación de buenas prácticas incluso frente a dificultades.""}","{""Q0"":"" Bastantea menudo""}"
"","785","SILS_13","SILS","survey-multi-choice-horizontal","1430","1037356","0.0-1494.0-0.0","{""Q0"":"" Yo, como parte del equipo directivo:   13. Establezco sistemas de comunicación claros entre estamentos del establecimiento.""}","{""Q0"":""Nunca""}"
"","813","SILS_14","SILS","survey-multi-choice-horizontal","1431","1038182","0.0-1495.0-0.0","{""Q0"":"" Yo, como parte del equipo directivo:   14. Comunico regularmente los fracasos con el fin de superarlos..""}","{""Q0"":"" Bastantea menudo""}"
"","834","SILS_15","SILS","survey-multi-choice-horizontal","1432","1039030","0.0-1496.0-0.0","{""Q0"":"" Yo, como parte del equipo directivo:   15. Promuevo la comunicación asertiva y el respeto en el establecimiento.""}","{""Q0"":""Nunca""}"
"","904","SILS_16","SILS","survey-multi-choice-horizontal","1433","1039944","0.0-1497.0-0.0","{""Q0"":"" Yo, como parte del equipo directivo:   16. Hablo de forma optimista sobre el futuro, observando problemáticas desde distintos ángulos.""}","{""Q0"":""Nunca""}"
"","843","SILS_17","SILS","survey-multi-choice-horizontal","1434","1040799","0.0-1498.0-0.0","{""Q0"":"" Yo, como parte del equipo directivo:   17. Demuestro confianza en que las metas serán cumplidas.""}","{""Q0"":"" Siempre""}"
"","851","SILS_18","SILS","survey-multi-choice-horizontal","1435","1041663","0.0-1499.0-0.0","{""Q0"":"" Yo, como parte del equipo directivo:   18. Enfatizo la importancia de tener una misión común.""}","{""Q0"":""Rarasveces""}"
"","801","SILS_19","SILS","survey-multi-choice-horizontal","1436","1042478","0.0-1500.0-0.0","{""Q0"":"" Yo, como parte del equipo directivo:   19. Estoy disponible en caso de que necesiten mi ayuda.""}","{""Q0"":""Algunas  veces""}"
"","1004","SILS_20","SILS","survey-multi-choice-horizontal","1437","1043494","0.0-1501.0-0.0","{""Q0"":"" Yo, como parte del equipo directivo:   20. Concentro toda mi atención cuando resuelvo problemas, errores o quejas.""}","{""Q0"":""Algunas  veces""}"
"","866","SILS_21","SILS","survey-multi-choice-horizontal","1438","1044377","0.0-1502.0-0.0","{""Q0"":"" Yo, como parte del equipo directivo:   21. Soy efectivo/a en satisfacer las necesidades de trabajo con otros/as.""}","{""Q0"":"" Siempre""}"
