"view_history","rt","trialid","procedure","trial_type","trial_index","time_elapsed","internal_node_id","stimulus","response","question_order"
"[{""page_index"":0,""viewing_time"":697}]","698","Instructions_001","PSQQ","instructions","128","145858","0.0-134.0-0.0","","",""
"","1176.5999999999767","PSQQ_001","PSQQ","survey-html-form","129","147038","0.0-135.0-0.0","{""Q0"":""Durante el último mes, ¿cuál ha sido, normalmente, su hora de acostarse? (responder en formato de 24 horas)""}","{""hours"":""7"",""minutes"":""30""}",""
"","1019.3999999999069","PSQQ_002","PSQQ","survey-multi-choice","130","148060","0.0-136.0-0.0","{""Q0"":""¿Cuánto tiempo habrá tardado en dormirse, normalmente, las noches del último mes?""}","{""Q0"":"" Entre 16-30 min""}","[0]"
"","1037.4000000000233","PSQQ_003","PSQQ","survey-html-form","131","149100","0.0-137.0-0.0","{""Q0"":""Durante el último mes, ¿a qué hora se ha levantado habitualmente por la mañana? (responder en formato de 24 horas)""}","{""hours"":""12"",""minutes"":""44""}",""
"","907","PSQQ_004","PSQQ","survey-text","132","150012","0.0-138.0-0.0","{""Q0"":""¿Cuántas horas calcula que habrá dormido verdaderamente cada noche durante el último mes?""}","{""Q0"":""13""}",""
"","1020.0999999999767","PSQQ_005","PSQQ","survey-multi-choice","133","151034","0.0-139.0-0.0","{""Q0"":""No poder concliliar el sueño en la primera media hora:""}","{""Q0"":"" Menos de una vez a la semana""}","[0]"
"","1215.2000000000698","PSQQ_006","PSQQ","survey-multi-choice","134","152253","0.0-140.0-0.0","{""Q0"":""Despertarse durante la noche o de madrugada:""}","{""Q0"":"" Ninguna vez en el último mes""}","[0]"
"","1043.0999999999767","PSQQ_007","PSQQ","survey-multi-choice","135","153298","0.0-141.0-0.0","{""Q0"":""Tener que levantarse para ir al baño:""}","{""Q0"":"" Menos de una vez a la semana""}","[0]"
"","1063","PSQQ_008","PSQQ","survey-multi-choice","136","154363","0.0-142.0-0.0","{""Q0"":""No poder respirar bien:""}","{""Q0"":"" Menos de una vez a la semana""}","[0]"
"","1036.5","PSQQ_009","PSQQ","survey-multi-choice","137","155402","0.0-143.0-0.0","{""Q0"":""Toser o roncar ruidosamente:""}","{""Q0"":"" Menos de una vez a la semana""}","[0]"
"","1069.7999999999302","PSQQ_010","PSQQ","survey-multi-choice","138","156474","0.0-144.0-0.0","{""Q0"":""Sentir frío:""}","{""Q0"":"" Una o dos veces a la semana""}","[0]"
"","1230.3999999999069","PSQQ_011","PSQQ","survey-multi-choice","139","157708","0.0-145.0-0.0","{""Q0"":""Sentir demasiado calor:""}","{""Q0"":"" Una o dos veces a la semana""}","[0]"
"","1229.4000000000233","PSQQ_012","PSQQ","survey-multi-choice","140","158941","0.0-146.0-0.0","{""Q0"":""Tener pesadillas o malos sueños:""}","{""Q0"":"" Tres o más veces a la semana""}","[0]"
"","1212","PSQQ_013","PSQQ","survey-multi-choice","141","160156","0.0-147.0-0.0","{""Q0"":""Sufrir dolores:""}","{""Q0"":"" Ninguna vez en el último mes""}","[0]"
"","1154.0999999999767","PSQQ_014","PSQQ","survey-multi-choice","142","161313","0.0-148.0-0.0","{""Q0"":""¿Existe alguna otra razón por la cual no pueda dormir?""}","{""Q0"":"" No""}","[0]"
"","1373.3000000000466","PSQQ_017","PSQQ","survey-multi-choice","143","162690","0.0-151.0-0.0","{""Q0"":""Durante el último mes, ¿cómo valoraría en conjunto, la calidad de su sueño?""}","{""Q0"":"" Muy mala""}","[0]"
"","1247.7000000000698","PSQQ_018","PSQQ","survey-multi-choice","144","163941","0.0-152.0-0.0","{""Q0"":""Durante el último mes, ¿cuántas veces habrá tomado medicinas (por su cuenta o recetadas por el médico) para dormir?""}","{""Q0"":"" Ninguna vez en el último mes""}","[0]"
"","1253.9000000000233","PSQQ_019","PSQQ","survey-multi-choice","145","165199","0.0-153.0-0.0","{""Q0"":""Durante el último mes, ¿cuántas veces ha sentido somnolencia mientras conducía, comía o desarrollaba alguna otra actividad?""}","{""Q0"":"" Menos de una vez a la semana""}","[0]"
"","1040","PSQQ_020","PSQQ","survey-multi-choice","146","166242","0.0-154.0-0.0","{""Q0"":""Durante el último mes, ¿ha representado para usted mucho problema el tener ánimos para realizar alguna de las actividades detalladas en la pregunta anterior?""}","{""Q0"":"" Un grave problema""}","[0]"
"","1185.5999999999767","PSQQ_021","PSQQ","survey-multi-choice","147","167431","0.0-155.0-0.0","{""Q0"":""¿Cómo durmió usted el día de ayer?""}","{""Q0"":"" Muy mal""}","[0]"
"","806","PSQQ_022","PSQQ","survey-text","148","168241","0.0-156.0-0.0","{""Q0"":""¿Qué edad sientes que tienes con respecto a tu edad real: mayor edad, la misma edad o menor edad? Indica la edad que percibes tener:""}","{""Q0"":""29""}",""
