"view_history","rt","trialid","procedure","trial_type","trial_index","time_elapsed","internal_node_id","stimulus","response","question_order"
"[{""page_index"":0,""viewing_time"":670}]","670","Instructions_001","CAMIR","instructions","57","41712","0.0-73.0-0.0","","",""
"","1741.7999999988824","CAMIR_001","CAMIR","survey-multi-choice","58","43462","0.0-74.0-0.0","{""Q0"":""Las amenazas de separación, de traslado a otro lugar, o de ruptura de los lazos familiares son parte de mis recuerdos infantiles.""}","{""Q0"":"" Muy falso""}","[0]"
"","898.9000000003725","CAMIR_002","CAMIR","survey-multi-choice","59","44364","0.0-75.0-0.0","{""Q0"":""Mis padres eran incapaces de tener autoridad cuando era necesario.""}","{""Q0"":"" Falso""}","[0]"
"","784.4000000003725","CAMIR_003","CAMIR","survey-multi-choice","60","45150","0.0-76.0-0.0","{""Q0"":""En caso de necesidad, estoy seguro(a) de que puedo contar con mis seres queridos para encontrar consuelo.""}","{""Q0"":"" Falso""}","[0]"
"","767.4000000003725","CAMIR_004","CAMIR","survey-multi-choice","61","45920","0.0-77.0-0.0","{""Q0"":""Desearía que mis hijos fueran más autónomos de lo que yo lo he sido.""}","{""Q0"":"" Falso""}","[0]"
"","796.0999999996275","CAMIR_005","CAMIR","survey-multi-choice","62","46721","0.0-78.0-0.0","{""Q0"":""En la vida de familia, el respeto a los padres es muy importante.""}","{""Q0"":"" Verdadero""}","[0]"
"","812.2999999988824","CAMIR_006","CAMIR","survey-multi-choice","63","47536","0.0-79.0-0.0","{""Q0"":""Cuando yo era niño(a), sabía que siempre encontraría consuelo en mis seres queridos.""}","{""Q0"":"" Ni verdadero ni falso""}","[0]"
"","868.9000000003725","CAMIR_007","CAMIR","survey-multi-choice","64","48407","0.0-80.0-0.0","{""Q0"":""Las relaciones con mis seres queridos durante mi niñez, me parecen, en general, positivas.""}","{""Q0"":"" Verdadero""}","[0]"
"","866.4000000003725","CAMIR_008","CAMIR","survey-multi-choice","65","49277","0.0-81.0-0.0","{""Q0"":""Detesto el sentimiento de depender de los demás.""}","{""Q0"":"" Muy falso""}","[0]"
"","744.5","CAMIR_009","CAMIR","survey-multi-choice","66","50026","0.0-82.0-0.0","{""Q0"":""Sólo cuento conmigo mismo para resolver mis problemas.""}","{""Q0"":"" Muy verdadero""}","[0]"
"","860.0999999996275","CAMIR_010","CAMIR","survey-multi-choice","67","50890","0.0-83.0-0.0","{""Q0"":""Cuando yo era niño(a), a menudo, mis seres queridos se mostraban impacientes e irritables.""}","{""Q0"":"" Muy verdadero""}","[0]"
"","823","CAMIR_011","CAMIR","survey-multi-choice","68","51717","0.0-84.0-0.0","{""Q0"":""Mis seres queridos siempre me han dado lo mejor de sí mismos.""}","{""Q0"":"" Falso""}","[0]"
"","719.7000000011176","CAMIR_012","CAMIR","survey-multi-choice","69","52440","0.0-85.0-0.0","{""Q0"":""No puedo concentrarme sobre otra cosa, sabiendo que alguno de mis seres queridos tiene problemas.""}","{""Q0"":"" Ni verdadero ni falso""}","[0]"
"","741.1999999992549","CAMIR_013","CAMIR","survey-multi-choice","70","53185","0.0-86.0-0.0","{""Q0"":""Cuando yo era niño(a), encontré suficiente cariño en mis seres queridos como para no buscarlo en otra parte.""}","{""Q0"":"" Falso""}","[0]"
"","801.5","CAMIR_014","CAMIR","survey-multi-choice","71","53991","0.0-87.0-0.0","{""Q0"":""Siempre estoy preocupado(a) por la pena que puedo causar a mis seres queridos al dejarlos.""}","{""Q0"":"" Ni verdadero ni falso""}","[0]"
"","813.4000000003725","CAMIR_015","CAMIR","survey-multi-choice","72","54808","0.0-88.0-0.0","{""Q0"":""Cuando era niño(a), tenían una actitud de dejarme hacer.""}","{""Q0"":"" Ni verdadero ni falso""}","[0]"
"","806.6999999992549","CAMIR_016","CAMIR","survey-multi-choice","73","55618","0.0-89.0-0.0","{""Q0"":""De adolescente, nadie de mi entorno entendía del todo mis preocupaciones.""}","{""Q0"":"" Verdadero""}","[0]"
"","748.1999999992549","CAMIR_017","CAMIR","survey-multi-choice","74","56369","0.0-90.0-0.0","{""Q0"":""Cuando yo era niño(a), teníamos mucha dificultad para tomar decisiones en familia.""}","{""Q0"":"" Ni verdadero ni falso""}","[0]"
"","760.3000000007451","CAMIR_018","CAMIR","survey-multi-choice","75","57132","0.0-91.0-0.0","{""Q0"":""Tengo la sensación de que nunca superaría la muerte de uno de mis seres queridos.""}","{""Q0"":"" Muy verdadero""}","[0]"
"","717.4000000003725","CAMIR_019","CAMIR","survey-multi-choice","76","57851","0.0-92.0-0.0","{""Q0"":""Los niños deben sentir que existe una autoridad respetada dentro de la familia.""}","{""Q0"":"" Muy falso""}","[0]"
"","764.0999999996275","CAMIR_020","CAMIR","survey-multi-choice","77","58618","0.0-93.0-0.0","{""Q0"":""Mis padres no se han dado cuenta que un niño(a) cuando crece tiene necesidad de tener vida propia.""}","{""Q0"":"" Muy verdadero""}","[0]"
"","836.0999999996275","CAMIR_021","CAMIR","survey-multi-choice","78","59458","0.0-94.0-0.0","{""Q0"":""Siento confianza en mis seres queridos.""}","{""Q0"":"" Verdadero""}","[0]"
"","808.4000000003725","CAMIR_022","CAMIR","survey-multi-choice","79","60270","0.0-95.0-0.0","{""Q0"":""Mis padres me han dado demasiada libertad para hacer todo lo que yo quería.""}","{""Q0"":"" Muy falso""}","[0]"
"","721.0999999996275","CAMIR_023","CAMIR","survey-multi-choice","80","60995","0.0-96.0-0.0","{""Q0"":""Cuando yo era niño(a), tuve que enfrentarme a la violencia de uno de mis seres queridos.""}","{""Q0"":"" Muy falso""}","[0]"
"","742","CAMIR_024","CAMIR","survey-multi-choice","81","61740","0.0-97.0-0.0","{""Q0"":""A partir de mi experiencia de niño(a), he comprendido que nunca somos suficientemente buenos para los padres.""}","{""Q0"":"" Falso""}","[0]"
"","791","CAMIR_025","CAMIR","survey-multi-choice","82","62533","0.0-98.0-0.0","{""Q0"":""Cuando yo era niño(a), se preocuparon tanto por mi salud y mi seguridad, que me sentía aprisionado(a).""}","{""Q0"":"" Falso""}","[0]"
"","771.0999999996275","CAMIR_026","CAMIR","survey-multi-choice","83","63308","0.0-99.0-0.0","{""Q0"":""Cuando me alejo de mis seres queridos, no me siento bien conmigo mismo.""}","{""Q0"":"" Falso""}","[0]"
"","735.8999999985099","CAMIR_027","CAMIR","survey-multi-choice","84","64049","0.0-100.0-0.0","{""Q0"":""Mis padres no podían evitar controlarlo todo: mi apariencia, mis resultados escolares e incluso mis amigos.""}","{""Q0"":"" Verdadero""}","[0]"
"","805.9000000003725","CAMIR_028","CAMIR","survey-multi-choice","85","64859","0.0-101.0-0.0","{""Q0"":""Cuando era niño(a), había peleas insoportables en casa.""}","{""Q0"":"" Falso""}","[0]"
"","789.3000000007451","CAMIR_029","CAMIR","survey-multi-choice","86","65654","0.0-102.0-0.0","{""Q0"":""Es importante que el niño aprenda a obedecer.""}","{""Q0"":"" Verdadero""}","[0]"
"","780.5","CAMIR_030","CAMIR","survey-multi-choice","87","66438","0.0-103.0-0.0","{""Q0"":""Cuando yo era niño(a), mis seres queridos me hacían sentir que les gustaba compartir su tiempo conmigo.""}","{""Q0"":"" Ni verdadero ni falso""}","[0]"
"","756.9000000003725","CAMIR_031","CAMIR","survey-multi-choice","88","67200","0.0-104.0-0.0","{""Q0"":""La idea de una separación momentánea con uno de mis seres queridos, me deja una sensación de inquietud.""}","{""Q0"":"" Muy verdadero""}","[0]"
"","959.9000000003725","CAMIR_032","CAMIR","survey-multi-choice","89","68164","0.0-105.0-0.0","{""Q0"":""A menudo, me siento preocupado(a), sin razón, por la salud de mis seres queridos.""}","{""Q0"":"" Verdadero""}","[0]"
