"view_history","rt","trialid","procedure","trial_type","trial_index","time_elapsed","internal_node_id","stimulus","slider_start","response"
"[{""page_index"":0,""viewing_time"":689}]","689","APrioriDiagnostic_000","APrioriDiagnostic","instructions","23","19386","0.0-32.0-0.0","","",""
"","719.5","APrioriDiagnostic_001","APrioriDiagnostic","html-slider-response","24","20110","0.0-33.0-0.0","Going through diagnostic tests always has more advantages than disadvantages.","50","43"
"","539.5999999996275","APrioriDiagnostic_002","APrioriDiagnostic","html-slider-response","25","20653","0.0-34.0-0.0","Going through diagnostic tests cannot hurt anyone.","50","48"
"","716","APrioriDiagnostic_003","APrioriDiagnostic","html-slider-response","26","21373","0.0-35.0-0.0","In my opinion, it is always better to get diagnostic tests.","50","7"
"","765.6999999992549","APrioriDiagnostic_004","APrioriDiagnostic","html-slider-response","27","22144","0.0-36.0-0.0","If one has the opportunity, one should always go through diagnostic tests.","50","69"
"","556.1000000014901","APrioriDiagnostic_005","APrioriDiagnostic","html-slider-response","28","22703","0.0-37.0-0.0","Foregoing diagnostic tests is irresponsible.","50","46"
