"view_history","rt","trialid","procedure","trial_type","trial_index","time_elapsed","internal_node_id","stimulus","response","question_order"
"[{""page_index"":0,""viewing_time"":739}]","740","ISP_000","ISP","instructions","80","91393","0.0-85.0-0.0","","",""
"","1304.2999999999302","ISP_001","ISP","survey-multi-choice","81","92700","0.0-86.0-0.0","{""Q0"":""Tengo problemas para empezar una actividad. Me falta iniciativa""}","{""Q0"":"" muchas veces""}","[0]"
"","1258.4000000000233","ISP_002","ISP","survey-multi-choice","82","93960","0.0-87.0-0.0","{""Q0"":""Me resulta difícil concentrarme en algo""}","{""Q0"":"" siempre o casi siempre""}","[0]"
"","1084.7999999999302","ISP_003","ISP","survey-multi-choice","83","95047","0.0-88.0-0.0","{""Q0"":""No puedo hacer dos cosas al mismo tiempo (por ejemplo, preparar la comida y hablar)""}","{""Q0"":"" siempre o casi siempre""}","[0]"
"","1047.7000000000698","ISP_004","ISP","survey-multi-choice","84","96097","0.0-89.0-0.0","{""Q0"":""Río o lloro con demasiada facilidad""}","{""Q0"":"" a veces si y a veces no""}","[0]"
"","1191.7999999999302","ISP_005","ISP","survey-multi-choice","85","97291","0.0-90.0-0.0","{""Q0"":""Me enfado mucho por cosas insignificantes. Me irrito con facilidad""}","{""Q0"":"" muchas veces""}","[0]"
"","1181.3000000000466","ISP_006","ISP","survey-multi-choice","86","98475","0.0-91.0-0.0","{""Q0"":""Tengo poca capacidad para resovler problemas""}","{""Q0"":"" a veces si y a veces no""}","[0]"
"","1153.6000000000931","ISP_007","ISP","survey-multi-choice","87","99632","0.0-92.0-0.0","{""Q0"":""Mezclo algunos episodios de mi vida con otros. Me confundo al intentar ponerlos en orden""}","{""Q0"":"" muchas veces""}","[0]"
"","1081.8000000000466","ISP_008","ISP","survey-multi-choice","88","100718","0.0-93.0-0.0","{""Q0"":""Llego tarde a mis citas""}","{""Q0"":"" siempre o casi siempre""}","[0]"
"","1237.2000000000698","ISP_009","ISP","survey-multi-choice","89","101957","0.0-94.0-0.0","{""Q0"":""Me cuesta adaptarme a los cambios de mis rutinas""}","{""Q0"":"" a veces si y a veces no""}","[0]"
"","1226.2999999999302","ISP_010","ISP","survey-multi-choice","90","103187","0.0-95.0-0.0","{""Q0"":""Hablo con desconocidos como si les conociera""}","{""Q0"":"" muchas veces""}","[0]"
"","1194.9000000000233","ISP_011","ISP","survey-multi-choice","91","104384","0.0-96.0-0.0","{""Q0"":""Me distraigo con facilidad""}","{""Q0"":"" nunca o casi nunca""}","[0]"
"","1141.8000000000466","ISP_012","ISP","survey-multi-choice","92","105528","0.0-97.0-0.0","{""Q0"":""Tengo problemas para cambiar de tema en las conversaciones""}","{""Q0"":"" muchas veces""}","[0]"
"","1267.9000000000233","ISP_013","ISP","survey-multi-choice","93","106799","0.0-98.0-0.0","{""Q0"":""Ciertas cosas me cabrean demasiado y en esos momentos me paso de la raya""}","{""Q0"":"" a veces si y a veces no""}","[0]"
"","1253.2999999999302","ISP_014","ISP","survey-multi-choice","94","108056","0.0-99.0-0.0","{""Q0"":""Estoy como aletargado, como adormecido""}","{""Q0"":"" a veces si y a veces no""}","[0]"
"","1263.7999999999302","ISP_015","ISP","survey-multi-choice","95","109324","0.0-100.0-0.0","{""Q0"":""Tengo dificultades para tomar decisiones""}","{""Q0"":"" pocas veces""}","[0]"
"","1109.5999999999767","ISP_016","ISP","survey-multi-choice","96","110437","0.0-101.0-0.0","{""Q0"":""Hablo fuera de turno interrumpiendo a los demás en las conversaciones""}","{""Q0"":"" pocas veces""}","[0]"
"","1080.6000000000931","ISP_017","ISP","survey-multi-choice","97","111520","0.0-102.0-0.0","{""Q0"":""Me olvido de que tengo que hacer cosas pero me acuerdo cuando me lo recuerdan""}","{""Q0"":"" pocas veces""}","[0]"
"","1099","ISP_018","ISP","survey-multi-choice","98","112621","0.0-103.0-0.0","{""Q0"":""Se me echa la hora encima con mucha facilidad""}","{""Q0"":"" pocas veces""}","[0]"
"","1097.4000000000233","ISP_019","ISP","survey-multi-choice","99","113721","0.0-104.0-0.0","{""Q0"":""No hago las cosas sin que alguien me diga que las tengo que hacer""}","{""Q0"":"" siempre o casi siempre""}","[0]"
"","1267.5","ISP_020","ISP","survey-multi-choice","100","114990","0.0-105.0-0.0","{""Q0"":""Tengo dificultades para seguir el argumento de una película o un libro""}","{""Q0"":"" a veces si y a veces no""}","[0]"
"","1201.9000000000233","ISP_021","ISP","survey-multi-choice","101","116195","0.0-106.0-0.0","{""Q0"":""Tengo dificultad para pensar cosas con antelación o para planificar el futuro""}","{""Q0"":"" pocas veces""}","[0]"
"","1309","ISP_022","ISP","survey-multi-choice","102","117506","0.0-107.0-0.0","{""Q0"":""Puedo pasar de la risa al llanto con facilidad""}","{""Q0"":"" nunca o casi nunca""}","[0]"
"","1214","ISP_023","ISP","survey-multi-choice","103","118723","0.0-108.0-0.0","{""Q0"":""Descuido mi higiene personal""}","{""Q0"":"" a veces si y a veces no""}","[0]"
"","1140.5","ISP_024","ISP","survey-multi-choice","104","119866","0.0-109.0-0.0","{""Q0"":""No me entusiasmo con las cosas. No me interesa ninguna actividad""}","{""Q0"":"" nunca o casi nunca""}","[0]"
"","1107.6999999999534","ISP_025","ISP","survey-multi-choice","105","120976","0.0-110.0-0.0","{""Q0"":""Corro riesgos Sólo por el placer de hacerlo aunque me meta en líos por ello""}","{""Q0"":"" muchas veces""}","[0]"
"","1089.5","ISP_026","ISP","survey-multi-choice","106","122068","0.0-111.0-0.0","{""Q0"":""Me cuesta cambiar de planes cuando las cosas están saliendo mal""}","{""Q0"":"" nunca o casi nunca""}","[0]"
"","1100.5999999999767","ISP_027","ISP","survey-multi-choice","107","123171","0.0-112.0-0.0","{""Q0"":""Cuento chistes inapropiados en situaciones inapropiadas""}","{""Q0"":"" a veces si y a veces no""}","[0]"
"","1151.5999999999767","ISP_028","ISP","survey-multi-choice","108","124325","0.0-113.0-0.0","{""Q0"":""Actúo como si las demás personas no existieran""}","{""Q0"":"" siempre o casi siempre""}","[0]"
"","1221.7999999999302","ISP_029","ISP","survey-multi-choice","109","125550","0.0-114.0-0.0","{""Q0"":""Me cuesta ponerme en marcha. Me falta energía""}","{""Q0"":"" a veces si y a veces no""}","[0]"
"","1105.2999999999302","ISP_030","ISP","survey-multi-choice","110","126658","0.0-115.0-0.0","{""Q0"":""Repito los mismos errores. No aprendo de la experiencia""}","{""Q0"":"" nunca o casi nunca""}","[0]"
"","1091","ISP_031","ISP","survey-multi-choice","111","127752","0.0-116.0-0.0","{""Q0"":""Cuando hay ruido en la calle tengo problemas para pensar con claridad""}","{""Q0"":"" pocas veces""}","[0]"
"","1181.7000000000698","ISP_032","ISP","survey-multi-choice","112","128937","0.0-117.0-0.0","{""Q0"":""Me cuesta planificar las cosas con antelación""}","{""Q0"":"" muchas veces""}","[0]"
"","1405.1999999999534","ISP_033","ISP","survey-multi-choice","113","130346","0.0-118.0-0.0","{""Q0"":""Toco o abrazo a la gente aunque no los conozca demasiado""}","{""Q0"":"" a veces si y a veces no""}","[0]"
"","1077.0999999999767","ISP_034","ISP","survey-multi-choice","114","131426","0.0-119.0-0.0","{""Q0"":""Doy portazos, golpeo muebles o lanzo cosas por el aire cuando me cabreo""}","{""Q0"":"" nunca o casi nunca""}","[0]"
"","1088.5999999999767","ISP_035","ISP","survey-multi-choice","115","132517","0.0-120.0-0.0","{""Q0"":""Me cuesta encontrar la solución a los problemas""}","{""Q0"":"" a veces si y a veces no""}","[0]"
"","1156.0999999999767","ISP_036","ISP","survey-multi-choice","116","133676","0.0-121.0-0.0","{""Q0"":""Hago las cosas impulsivamente""}","{""Q0"":"" pocas veces""}","[0]"
"","1157.5","ISP_037","ISP","survey-multi-choice","117","134837","0.0-122.0-0.0","{""Q0"":""Hago comentarios sobre temas muy personales delante de los demás""}","{""Q0"":"" nunca o casi nunca""}","[0]"
"","1141.8999999999069","ISP_038","ISP","survey-multi-choice","118","135982","0.0-123.0-0.0","{""Q0"":""Tengo ganas de hacer algunas cosas, pero luego no las hago""}","{""Q0"":"" a veces si y a veces no""}","[0]"
"","1122.3000000000466","ISP_039","ISP","survey-multi-choice","119","137106","0.0-124.0-0.0","{""Q0"":""Hago o digo cosas embarazosas""}","{""Q0"":"" pocas veces""}","[0]"
"","1064.7999999999302","ISP_040","ISP","survey-multi-choice","120","138173","0.0-125.0-0.0","{""Q0"":""Me confundo cuando estoy haciendo cosas en un orden""}","{""Q0"":"" muchas veces""}","[0]"
"","1214.4000000000233","ISP_041","ISP","survey-multi-choice","121","139390","0.0-126.0-0.0","{""Q0"":""Tengo explosiones emocionales sin una razón importante""}","{""Q0"":"" nunca o casi nunca""}","[0]"
"","1149.3000000000466","ISP_042","ISP","survey-multi-choice","122","140542","0.0-127.0-0.0","{""Q0"":""Tengo problemas para entender lo que otros quieren decir""}","{""Q0"":"" siempre o casi siempre""}","[0]"
"","1186.0999999999767","ISP_043","ISP","survey-multi-choice","123","141730","0.0-128.0-0.0","{""Q0"":""Me manifiesto ante los demás de una manera sensual. Coqueteo demasiado""}","{""Q0"":"" a veces si y a veces no""}","[0]"
"","1164.9000000000233","ISP_044","ISP","survey-multi-choice","124","142899","0.0-129.0-0.0","{""Q0"":""Hago o digo cosas que no debo cuando estoy con otras personas""}","{""Q0"":"" nunca o casi nunca""}","[0]"
"","1080.5","ISP_045","ISP","survey-multi-choice","125","143982","0.0-130.0-0.0","{""Q0"":""Hago comentarios sexuales inapropiados""}","{""Q0"":"" pocas veces""}","[0]"
"","1166.5999999999767","ISP_046","ISP","survey-multi-choice","126","145151","0.0-131.0-0.0","{""Q0"":""Todo me resulta indiferente. Me dan igual las cosas""}","{""Q0"":"" nunca o casi nunca""}","[0]"
