"view_history","rt","trialid","procedure","trial_type","trial_index","time_elapsed","internal_node_id","stimulus","response","question_order"
"[{""page_index"":0,""viewing_time"":496}]","497","Instructions_001","SDQ20","instructions","1377","993541","0.0-1417.0-0.0","","",""
"","927.3000000007451","SDQ20_001","SDQ20","survey-multi-choice","1378","994474","0.0-1418.0-0.0","{""Q0"":""Tengo problemas al orinar.""}","{""Q0"":"" Frecuentemente""}","[0]"
"","713","SDQ20_002","SDQ20","survey-multi-choice","1379","995192","0.0-1419.0-0.0-0.0","{""Q0"":""¿Se conoce la causa física?""}","{""Q0"":"" No""}","[0]"
"","886.5999999996275","SDQ20_004","SDQ20","survey-multi-choice","1380","996083","0.0-1421.0-0.0","{""Q0"":""Me desagradan sabores que habitualmente me gustan (mujeres, en momentos que NO SEAN EMBARAZO O MENSTRUACIÓN).""}","{""Q0"":"" De vez en cuando""}","[0]"
"","702.7999999988824","SDQ20_005","SDQ20","survey-multi-choice","1381","996794","0.0-1422.0-0.0-0.0","{""Q0"":""¿Se conoce la causa física?""}","{""Q0"":"" Si""}","[0]"
"","808","SDQ20_006","SDQ20","survey-text","1382","997606","0.0-1423.0-0.0-0.0","{""Q0"":""Sobre todo por:""}","{""Q0"":""zQ7iVm3WWCdtLHQ0FmArhJGZrqS4pep6bZmGCyh0i8SUpvbYf3R1bhxIoJUjf6L8RTqqflsOYKKVbW5B4jaYyleN5n1F4um""}",""
"","824.8000000007451","SDQ20_007","SDQ20","survey-multi-choice","1383","998435","0.0-1424.0-0.0","{""Q0"":""Oigo los sonidos cercanos como si vinieran de lejos.""}","{""Q0"":"" Nunca""}","[0]"
"","855","SDQ20_010","SDQ20","survey-multi-choice","1384","999295","0.0-1427.0-0.0","{""Q0"":""Tengo dolor al orinar.""}","{""Q0"":"" Casi todo o todo el tiempo""}","[0]"
"","659.9000000003725","SDQ20_011","SDQ20","survey-multi-choice","1385","999958","0.0-1428.0-0.0-0.0","{""Q0"":""¿Se conoce la causa física?""}","{""Q0"":"" No""}","[0]"
"","880.6000000014901","SDQ20_013","SDQ20","survey-multi-choice","1386","1000845","0.0-1430.0-0.0","{""Q0"":""Siento mi cuerpo o parte de él entumecido.""}","{""Q0"":"" Nunca""}","[0]"
"","835","SDQ20_016","SDQ20","survey-multi-choice","1387","1001686","0.0-1433.0-0.0","{""Q0"":""Veo a las personas o cosas más grandes de lo habitual.""}","{""Q0"":"" Pocas veces""}","[0]"
"","862.2999999988824","SDQ20_017","SDQ20","survey-multi-choice","1388","1002553","0.0-1434.0-0.0-0.0","{""Q0"":""¿Se conoce la causa física?""}","{""Q0"":"" No""}","[0]"
"","863.3000000007451","SDQ20_019","SDQ20","survey-multi-choice","1389","1003423","0.0-1436.0-0.0","{""Q0"":""Tengo ataques que parecen convulsiones epilépticas.""}","{""Q0"":"" Frecuentemente""}","[0]"
"","691.7000000011176","SDQ20_020","SDQ20","survey-multi-choice","1390","1004119","0.0-1437.0-0.0-0.0","{""Q0"":""¿Se conoce la causa física?""}","{""Q0"":"" Si""}","[0]"
"","691","SDQ20_021","SDQ20","survey-text","1391","1004817","0.0-1438.0-0.0-0.0","{""Q0"":""Sobre todo por:""}","{""Q0"":""SHslPYqqti6hulvc1YoUJamyzuMLAQg6aHvkERC0G6BBW1MVtpu5PV0IycJ41XusDAyhmNS0B9UY44kzEKngZcYMvB""}",""
"","872.7999999988824","SDQ20_022","SDQ20","survey-multi-choice","1392","1005696","0.0-1439.0-0.0","{""Q0"":""Mi cuerpo o parte de él es insensible al dolor.""}","{""Q0"":"" Pocas veces""}","[0]"
"","640.2000000011176","SDQ20_023","SDQ20","survey-multi-choice","1393","1006341","0.0-1440.0-0.0-0.0","{""Q0"":""¿Se conoce la causa física?""}","{""Q0"":"" Si""}","[0]"
"","657","SDQ20_024","SDQ20","survey-text","1394","1007005","0.0-1441.0-0.0-0.0","{""Q0"":""Sobre todo por:""}","{""Q0"":""FNYblR3A5OX58NuFTxWTZed5h14QMnPn2cr643ltUMqP7""}",""
"","768.5999999996275","SDQ20_025","SDQ20","survey-multi-choice","1395","1007778","0.0-1442.0-0.0","{""Q0"":""Me desagradan olores que habitualmente me agradan.""}","{""Q0"":"" Nunca""}","[0]"
"","790.4000000003725","SDQ20_028","SDQ20","survey-multi-choice","1396","1008573","0.0-1445.0-0.0","{""Q0"":""Me duelen los genitales (en otros momentos que no sea el coito).""}","{""Q0"":"" Pocas veces""}","[0]"
"","641.5","SDQ20_029","SDQ20","survey-multi-choice","1397","1009219","0.0-1446.0-0.0-0.0","{""Q0"":""¿Se conoce la causa física?""}","{""Q0"":"" No""}","[0]"
"","862.0999999996275","SDQ20_031","SDQ20","survey-multi-choice","1398","1010087","0.0-1448.0-0.0","{""Q0"":""No puedo oír por momentos (como si estuviera sordo).""}","{""Q0"":"" Pocas veces""}","[0]"
"","643.1999999992549","SDQ20_032","SDQ20","survey-multi-choice","1399","1010736","0.0-1449.0-0.0-0.0","{""Q0"":""¿Se conoce la causa física?""}","{""Q0"":"" No""}","[0]"
"","818.5","SDQ20_034","SDQ20","survey-multi-choice","1400","1011560","0.0-1451.0-0.0","{""Q0"":""No puedo ver por momentos (como si estuviera ciego).""}","{""Q0"":"" Nunca""}","[0]"
"","835.9000000003725","SDQ20_037","SDQ20","survey-multi-choice","1401","1012401","0.0-1454.0-0.0","{""Q0"":""Veo las cosas alrededor de mi diferentes de lo habitual (por ejemplo: como viéndolas por un túnel o viendo solo parte de un objeto).""}","{""Q0"":"" Pocas veces""}","[0]"
"","620.2999999988824","SDQ20_038","SDQ20","survey-multi-choice","1402","1013026","0.0-1455.0-0.0-0.0","{""Q0"":""¿Se conoce la causa física?""}","{""Q0"":"" No""}","[0]"
"","971.5999999996275","SDQ20_040","SDQ20","survey-multi-choice","1403","1014003","0.0-1457.0-0.0","{""Q0"":""Puedo oler mucho MEJOR o PEOR que habitualmente (aunque no tenga catarro).""}","{""Q0"":"" Nunca""}","[0]"
"","912.5999999996275","SDQ20_043","SDQ20","survey-multi-choice","1404","1014922","0.0-1460.0-0.0","{""Q0"":""Es como si mi cuerpo, o parte de él, hubiera desaparecido.""}","{""Q0"":"" De vez en cuando""}","[0]"
"","694.0999999996275","SDQ20_044","SDQ20","survey-multi-choice","1405","1015622","0.0-1461.0-0.0-0.0","{""Q0"":""¿Se conoce la causa física?""}","{""Q0"":"" Si""}","[0]"
"","657","SDQ20_045","SDQ20","survey-text","1406","1016286","0.0-1462.0-0.0-0.0","{""Q0"":""Sobre todo por:""}","{""Q0"":""TWE6xd07bDTjrmUZCHSaB8OmzgWDfpO91tECyxn7hmRjslj6qxYXjCIIf""}",""
"","828.5","SDQ20_046","SDQ20","survey-multi-choice","1407","1017119","0.0-1463.0-0.0","{""Q0"":""No puedo tragar o trago con gran esfuerzo.""}","{""Q0"":"" Pocas veces""}","[0]"
"","634.2000000011176","SDQ20_047","SDQ20","survey-multi-choice","1408","1017757","0.0-1464.0-0.0-0.0","{""Q0"":""¿Se conoce la causa física?""}","{""Q0"":"" No""}","[0]"
"","866.6999999992549","SDQ20_049","SDQ20","survey-multi-choice","1409","1018631","0.0-1466.0-0.0","{""Q0"":""No puedo dormir a lo largo de la noche y estoy activo al día siguiente.""}","{""Q0"":"" De vez en cuando""}","[0]"
"","644.9000000003725","SDQ20_050","SDQ20","survey-multi-choice","1410","1019282","0.0-1467.0-0.0-0.0","{""Q0"":""¿Se conoce la causa física?""}","{""Q0"":"" Si""}","[0]"
"","778","SDQ20_051","SDQ20","survey-text","1411","1020070","0.0-1468.0-0.0-0.0","{""Q0"":""Sobre todo por:""}","{""Q0"":""Y2eQ7cF0m6BrZ0T5jA37NoXlAgL0raVJzr7vpM6m4""}",""
"","770.2999999988824","SDQ20_052","SDQ20","survey-multi-choice","1412","1020844","0.0-1469.0-0.0","{""Q0"":""No puedo hablar (o solo con gran esfuerzo), o solo puedo susurrar.""}","{""Q0"":"" Nunca""}","[0]"
"","912.2000000011176","SDQ20_055","SDQ20","survey-multi-choice","1413","1021762","0.0-1472.0-0.0","{""Q0"":""Me quedo paralizado por momentos.""}","{""Q0"":"" Pocas veces""}","[0]"
"","660.4000000003725","SDQ20_056","SDQ20","survey-multi-choice","1414","1022426","0.0-1473.0-0.0-0.0","{""Q0"":""¿Se conoce la causa física?""}","{""Q0"":"" No""}","[0]"
"","804.2000000011176","SDQ20_058","SDQ20","survey-multi-choice","1415","1023238","0.0-1475.0-0.0","{""Q0"":""Me quedo rígida por momentos.""}","{""Q0"":"" Nunca""}","[0]"
