"view_history","rt","trialid","procedure","trial_type","trial_index","time_elapsed","internal_node_id","stimulus","response","question_order","slider_start"
"[{""page_index"":0,""viewing_time"":939}]","939","instructions_01","SDOBHQ","instructions","5","4163","0.0-6.0-0.0","","","",""
"","2047","SDOBHQ_001","SDOBHQ","survey-text","6","6216","0.0-7.0-0.0","{""Q0"":""Por favor, indique su edad actual:""}","{""Q0"":""25""}","",""
"[{""page_index"":0,""viewing_time"":768}]","768","instructions_002","SDOBHQ","instructions","7","6985","0.0-8.0-0.0","","","",""
"","1246.6000000000931","SDOBHQ_002","SDOBHQ","survey-multi-choice","8","8236","0.0-9.0-0.0","{""Q0"":""¿Usted asistió a una escuela primaria privada o pública?""}","{""Q0"":"" Privada""}","[0]",""
"","1156.5","SDOBHQ_003","SDOBHQ","survey-multi-choice","9","9398","0.0-10.0-0.0-0.0","{""Q0"":""¿La escuela primaria a la que asistió por la mayor cantidad de tiempo estaba ubicada en una zona rural (campo) o una zona urbana (ciudad)?""}","{""Q0"":"" Rural (campo)""}","[0]",""
"","1172.7000000000698","SDOBHQ_004","SDOBHQ","survey-multi-choice","10","10576","0.0-11.0-0.0-0.0","{""Q0"":""En general, ¿Cómo describiría usted la calidad de la educación que recibió a lo largo de su vida?""}","{""Q0"":"" Excelente""}","[0]",""
"[{""page_index"":0,""viewing_time"":550}]","550","instructions_003","SDOBHQ","instructions","11","11127","0.0-12.0-0.0","","","",""
"","797.7999999999302","SDOBHQ_005","SDOBHQ","survey-multi-choice","12","11927","0.0-13.0-0.0","{""Q0"":""Antes de cumplir 18 años, ¿Alguna vez trabajó?""}","{""Q0"":"" Si""}","[0]",""
"","877","SDOBHQ_006","SDOBHQ","survey-text","13","12809","0.0-14.0-0.0-0.0","{""Q0"":""Aproximadamente, ¿Qué edad tenía usted cuando trabajó por primera vez?""}","{""Q0"":""17""}","",""
"","1635.9000000000233","SDOBHQ_007","SDOBHQ","survey-multi-select","14","14451","0.0-15.0-0.0-0.0","{""Q0"":""¿Por qué trabajó usted durante su infancia? Puede marcar más de una opción""}","{""Q0"":[""&nbsp;Para ahorrar dinero personal""]}","[0]",""
"","1003","SDOBHQ_009","SDOBHQ","survey-text","15","15461","0.0-17.0-0.0","{""Q0"":""¿Cuál es el empleo que ha realizado por más tiempo, incluyendo trabajos sin pago y trabajo como amo/a de casa? Si tuvo dos o más empleos por el mismo periódo de tiempo, por favor indique UNICAMENTE el empleo que requirió el mayor grado de destreza o entrenamiento.""}","{""Q0"":""eUiqNLC9MiQ0unn8aoLqVqvQpsc4290R24e2EkOutanE09""}","",""
"","996","SDOBHQ_010","SDOBHQ","survey-text","16","16461","0.0-18.0-0.0","{""Q0"":""Indique el número de años y/o meses que trabajó en este empleo (por ejemplo 3 años y 4 meses):""}","{""Q0"":""64KlHSgPfF9KGynapGXpTKlmD8I1KASfh7WHPk4iZDsPMYOKspNUHh2tD6H1yizOsj58833Z892f5bF4Ke""}","",""
"","1016","SDOBHQ_011","SDOBHQ","survey-text","17","17480","0.0-19.0-0.0","{""Q0"":""Describa con detalle las principales tareas o actividades de este empleo:""}","{""Q0"":""Z8qxtWofgjiI3nq5z67pHiqVNFTTdZkyon""}","",""
"","910.1999999999534","SDOBHQ_012","SDOBHQ","survey-multi-choice","18","18393","0.0-20.0-0.0","{""Q0"":""¿Alguna vez ha tenido que trabajar el turno de noche por más de un año?""}","{""Q0"":"" No""}","[0]",""
"[{""page_index"":0,""viewing_time"":629}]","629","instructions_004","SDOBHQ","instructions","19","19027","0.0-22.0-0.0","","","",""
"","918","SDOBHQ_014","SDOBHQ","survey-text","20","19949","0.0-23.0-0.0","{""Q0"":""¿Cuántos niños (incluyéndose a si mismo) vivieron en su hogar la mayor parte del tiempo cuando usted tenia de 0 a 10 años de edad?""}","{""Q0"":""28""}","",""
"","1291.5","SDOBHQ_015","SDOBHQ","survey-multi-choice","21","21243","0.0-24.0-0.0","{""Q0"":""En la casa donde usted vivió la mayor parte del tiempo los primeros 10 años de su vida, ¿Cuántos libros había aproximadamente? No cuente revistas, periódicos, ni libros escolares.""}","{""Q0"":"" Suficientes para llenar más de dos libreros o bibliotecas (más de 200)""}","[0]",""
"","910.2999999999302","SDOBHQ_016","SDOBHQ","survey-multi-choice","22","22156","0.0-25.0-0.0","{""Q0"":""¿Alguno de sus hermanos(as) o hijos(as) murió antes de que ellos cumplieran 18 años?""}","{""Q0"":"" Si, Sus hijos(as)""}","[0]",""
"","844","SDOBHQ_017","SDOBHQ","survey-text","23","23006","0.0-26.0-0.0-0.0","{""Q0"":""¿Cuántos hermanos(as) o hijos(as) murieron antes de los 18 años?""}","{""Q0"":""42""}","",""
"","1259.3999999999069","SDOBHQ_018","SDOBHQ","survey-multi-choice","24","24268","0.0-27.0-0.0","{""Q0"":""En los últimos 12 meses, ¿con qué frecuencia se ha contactado con sus seres queridos, con las personas que le importan y con las que se siente cercano/a? Por ejemplo, hablar con amigos por teléfono o internet, visitar amigos o familiares, ir a la iglesia u otras reuniones, tener una conversación con otra persona en su hogar.""}","{""Q0"":"" Menos de una vez a la semana""}","[0]",""
"[{""page_index"":0,""viewing_time"":671}]","672","instructions_005","SDOBHQ","instructions","25","24941","0.0-28.0-0.0","","","",""
"","961.6999999999534","SDOBHQ_019","SDOBHQ","survey-multi-choice","26","25906","0.0-29.0-0.0","{""Q0"":""¿Creció con alguna figura materna?""}","{""Q0"":"" Si""}","[0]",""
"","957","SDOBHQ_020","SDOBHQ","survey-multi-choice","27","26867","0.0-30.0-0.0-0.0","{""Q0"":""¿Conoce la cantidad de años de escuela que completó su madre?""}","{""Q0"":"" Si""}","[0]",""
"","963","SDOBHQ_021","SDOBHQ","survey-text","28","27837","0.0-31.0-0.0-0.0","{""Q0"":""Indique el número total de años de escuela que completó su MADRE (no cuente los años que no terminó ni los años que haya repetido en la escuela):""}","{""Q0"":""49""}","",""
"","1822.3999999999069","SDOBHQ_022","SDOBHQ","survey-multi-select","29","29665","0.0-32.0-0.0-0.0","{""Q0"":""Marque todos los certificados, diplomas, y/o grados de educación que recibió su MADRE:""}","{""Q0"":[""&nbsp;Educación primaria (escuela primaria)"",""&nbsp;Educación secundaria alta, bachillerato, preparatoria, vocacional, media técnica o media humanista"",""&nbsp;Maestría o equivalente""]}","[0]",""
"","966","SDOBHQ_023","SDOBHQ","survey-text","30","30636","0.0-33.0-0.0-0.0","{""Q0"":""¿Cuál fue el empleo que realizó su MADRE por más tiempo, incluyendo trabajos sin pago y trabajo como ama de casa? Si tuvo dos o más empleos por el mismo periódo de tiempo, por favor considere UNICAMENTE el empleo que requirió el mayor grado de destreza o entrenamiento.""}","{""Q0"":""bje4KDes2cV9mvQmWcESDpo2jw6Fs4gY83iVnGPRQjYknkCfSWY2UNccXMTXHFb4Ki""}","",""
"","907","SDOBHQ_024","SDOBHQ","survey-text","31","31547","0.0-34.0-0.0-0.0","{""Q0"":""Describa con detalle las principales tareas o actividades que hizo su MADRE para este empleo:""}","{""Q0"":""2nY48IV5s4JJSlcuZLToCP1ZMsGUMiz2ribtqG3yvonqr1lbpjFrvS3wbswPcnAyR2IhQINkT3gujAsFOuERoumIj""}","",""
"","983","SDOBHQ_025","SDOBHQ","survey-multi-choice","32","32533","0.0-35.0-0.0","{""Q0"":""¿Creció con alguna figura paterna?""}","{""Q0"":"" Si""}","[0]",""
"","1022.3000000000466","SDOBHQ_026","SDOBHQ","survey-multi-choice","33","33558","0.0-36.0-0.0-0.0","{""Q0"":""¿Conoce la cantidad de años de escuela que completó su padre?""}","{""Q0"":"" Si""}","[0]",""
"","1051","SDOBHQ_027","SDOBHQ","survey-text","34","34613","0.0-37.0-0.0-0.0","{""Q0"":""Indique el número total de años de escuela que completó su PADRE (no cuente los años que no terminó ni los años que haya repetido en la escuela):""}","{""Q0"":""76""}","",""
"","1615.9000000000233","SDOBHQ_028","SDOBHQ","survey-multi-select","35","36234","0.0-38.0-0.0-0.0","{""Q0"":""Marque todos los certificados, diplomas, y/o grados de educación que recibió su PADRE:""}","{""Q0"":[""&nbsp;Educación secundaria alta, bachillerato, preparatoria, vocacional, media técnica o media humanista""]}","[0]",""
"","1049","SDOBHQ_029","SDOBHQ","survey-text","36","37289","0.0-39.0-0.0-0.0","{""Q0"":""¿Cuál fue el empleo que realizó su PADRE por más tiempo, incluyendo trabajos sin pago y trabajo como amo de casa? Si tuvo dos o más empleos por el mismo periódo de tiempo, por favor considere UNICAMENTE el empleo que requirió el mayor grado de destreza o entrenamiento.""}","{""Q0"":""A2bG4WnrtBLw6KFD7Wdktkf42aOUtHwY60""}","",""
"","921","SDOBHQ_030","SDOBHQ","survey-text","37","38215","0.0-40.0-0.0-0.0","{""Q0"":""Describa con detalle las principales tareas o actividades que hizo su PADRE para este empleo:""}","{""Q0"":""RvAdTZ7i9aLPjLxJ3d5ug6pjLXhVEwELYaHTSX23t2""}","",""
"","1271.2999999999302","SDOBHQ_031","SDOBHQ","survey-multi-choice","38","39490","0.0-41.0-0.0","{""Q0"":""Durante los primeros 10 años se su vida, ¿Quien fue el principal proveedor económico en su hogar por la mayor cantidad de tiempo?""}","{""Q0"":"" Padre y Madre por igual""}","[0]",""
"","934.6999999999534","SDOBHQ_033","SDOBHQ","survey-multi-choice","39","40427","0.0-43.0-0.0","{""Q0"":""Durante los primeros 10 años de su vida, ¿Usted o alguno de sus hermanos/hermanas tuvieron que dejar la escuela para trabajar para apoyar las necesidades económicas del hogar?""}","{""Q0"":"" No sé""}","[0]",""
"[{""page_index"":0,""viewing_time"":629}]","629","instructions_006","SDOBHQ","instructions","40","41059","0.0-44.0-0.0","","","",""
"","1582.3000000000466","SDOBHQ_034","SDOBHQ","survey-multi-choice","41","42643","0.0-45.0-0.0","{""Q0"":""0 a 10 años de edad"",""Q1"":""35 a 40 años de edad"",""Q2"":""En los últimos 12 meses""}","{""Q0"":"" No"",""Q1"":"" No"",""Q2"":"" Si""}","[0,1,2]",""
"","1656","SDOBHQ_035","SDOBHQ","survey-multi-choice","42","44301","0.0-46.0-0.0","{""Q0"":""0 a 10 años de edad"",""Q1"":""35 a 40 años de edad"",""Q2"":""En los últimos 12 meses""}","{""Q0"":"" No"",""Q1"":"" No aplica / Soy menor que este rango de edad"",""Q2"":"" Si""}","[0,1,2]",""
"","1676.2999999999302","SDOBHQ_036","SDOBHQ","survey-multi-choice","43","45980","0.0-47.0-0.0","{""Q0"":""0 a 10 años de edad"",""Q1"":""35 a 40 años de edad"",""Q2"":""En los últimos 12 meses""}","{""Q0"":"" Si"",""Q1"":"" Si"",""Q2"":"" Si""}","[0,1,2]",""
"","1565.5","SDOBHQ_037","SDOBHQ","survey-multi-choice","44","47549","0.0-48.0-0.0","{""Q0"":""0 a 10 años de edad"",""Q1"":""35 a 40 años de edad"",""Q2"":""En los últimos 12 meses""}","{""Q0"":"" Si"",""Q1"":"" Si"",""Q2"":"" No""}","[0,1,2]",""
"","1583.7000000000698","SDOBHQ_038","SDOBHQ","survey-multi-choice","45","49135","0.0-49.0-0.0","{""Q0"":""0 a 10 años de edad"",""Q1"":""35 a 40 años de edad"",""Q2"":""En los últimos 12 meses""}","{""Q0"":"" Si"",""Q1"":"" Si"",""Q2"":"" Si""}","[0,1,2]",""
"","1866.2999999999302","SDOBHQ_039","SDOBHQ","survey-multi-choice","46","51004","0.0-50.0-0.0","{""Q0"":""0 a 10 años de edad"",""Q1"":""35 a 40 años de edad"",""Q2"":""En los últimos 12 meses""}","{""Q0"":"" No"",""Q1"":"" Si"",""Q2"":"" No""}","[0,1,2]",""
"","1544.6999999999534","SDOBHQ_040","SDOBHQ","survey-multi-choice","47","52552","0.0-51.0-0.0","{""Q0"":""0 a 10 años de edad"",""Q1"":""35 a 40 años de edad"",""Q2"":""En los últimos 12 meses""}","{""Q0"":"" Si"",""Q1"":"" No aplica / Soy menor que este rango de edad"",""Q2"":"" Si""}","[0,1,2]",""
"","1578.8000000000466","SDOBHQ_041","SDOBHQ","survey-multi-choice","48","54134","0.0-52.0-0.0","{""Q0"":""0 a 10 años de edad"",""Q1"":""35 a 40 años de edad"",""Q2"":""En los últimos 12 meses""}","{""Q0"":"" No"",""Q1"":"" No aplica / Soy menor que este rango de edad"",""Q2"":"" No""}","[0,1,2]",""
"","1535.8000000000466","SDOBHQ_042","SDOBHQ","survey-multi-choice","49","55674","0.0-53.0-0.0","{""Q0"":""0 a 10 años de edad"",""Q1"":""35 a 40 años de edad"",""Q2"":""En los últimos 12 meses""}","{""Q0"":"" Si"",""Q1"":"" Si"",""Q2"":"" No""}","[0,1,2]",""
"","1483.5","SDOBHQ_043","SDOBHQ","survey-multi-choice","50","57160","0.0-54.0-0.0","{""Q0"":""0 a 10 años de edad"",""Q1"":""35 a 40 años de edad"",""Q2"":""En los últimos 12 meses""}","{""Q0"":"" No"",""Q1"":"" No aplica / Soy menor que este rango de edad"",""Q2"":"" No""}","[0,1,2]",""
"","851.7999999999302","SDOBHQ_044","SDOBHQ","survey-multi-choice","51","58014","0.0-55.0-0.0","{""Q0"":""Entre los 0 a 10 años de edad, díganos si su hogar tenía <b>Televisor</b>""}","{""Q0"":"" Si""}","[0]",""
"","957","SDOBHQ_045","SDOBHQ","survey-text","52","58976","0.0-56.0-0.0-0.0","{""Q0"":""Indique la cantidad de Televisores que tenía:""}","{""Q0"":""27""}","",""
"","1061.8000000000466","SDOBHQ_046","SDOBHQ","survey-multi-choice","53","60040","0.0-57.0-0.0","{""Q0"":""Entre los 35 y 40 años de edad, díganos si su hogar tenía <b>Televisor</b>""}","{""Q0"":"" No aplica / Soy menor que este rango de edad""}","[0]",""
"","875.5","SDOBHQ_048","SDOBHQ","survey-multi-choice","54","60918","0.0-59.0-0.0","{""Q0"":""En los últimos 12 meses, díganos si su hogar tenía <b>Televisor</b>""}","{""Q0"":"" Si""}","[0]",""
"","841","SDOBHQ_049","SDOBHQ","survey-text","55","61763","0.0-60.0-0.0-0.0","{""Q0"":""Indique la cantidad de Televisores que tenía:""}","{""Q0"":""29""}","",""
"","853.5999999999767","SDOBHQ_050","SDOBHQ","survey-multi-choice","56","62618","0.0-61.0-0.0","{""Q0"":""Entre los 0 a 10 años de edad, díganos si su hogar tenía <b>Baño (inodoro, taza de baño, letrina, fosa séptica)</b>""}","{""Q0"":"" No""}","[0]",""
"","971.2000000000698","SDOBHQ_052","SDOBHQ","survey-multi-choice","57","63593","0.0-63.0-0.0","{""Q0"":""Entre los 35 y 40 años de edad, díganos si su hogar tenía <b>Baño (inodoro, taza de baño, letrina, fosa séptica)</b>""}","{""Q0"":"" No""}","[0]",""
"","824","SDOBHQ_054","SDOBHQ","survey-multi-choice","58","64421","0.0-65.0-0.0","{""Q0"":""En los últimos 12 meses, díganos si su hogar tenía <b>Baño (inodoro, taza de baño, letrina, fosa séptica)</b>""}","{""Q0"":"" No""}","[0]",""
"","852.2999999999302","SDOBHQ_056","SDOBHQ","survey-multi-choice","59","65276","0.0-67.0-0.0","{""Q0"":""Entre los 0 a 10 años de edad, díganos si su hogar tenía <b>Automóvil para uso personal o familiar (no considere vehículos de trabajo, como vehículos de taxi, que pudieran utilizarse como vehículo personal o familiar)</b>""}","{""Q0"":"" Si""}","[0]",""
"","793","SDOBHQ_057","SDOBHQ","survey-text","60","66073","0.0-68.0-0.0-0.0","{""Q0"":""Indique la cantidad de Automóviles para uso personal o familiar (no considere vehículos de trabajo, como vehículos de taxi, que pudieran utilizarse como vehículo personal o familiar) que tenía:""}","{""Q0"":""43""}","",""
"","973","SDOBHQ_058","SDOBHQ","survey-multi-choice","61","67048","0.0-69.0-0.0","{""Q0"":""Entre los 35 y 40 años de edad, díganos si su hogar tenía <b>Automóvil para uso personal o familiar (no considere vehículos de trabajo, como vehículos de taxi, que pudieran utilizarse como vehículo personal o familiar)</b>""}","{""Q0"":"" No aplica / Soy menor que este rango de edad""}","[0]",""
"","895.4000000000233","SDOBHQ_060","SDOBHQ","survey-multi-choice","62","67946","0.0-71.0-0.0","{""Q0"":""En los últimos 12 meses, díganos si su hogar tenía <b>Automóvil para uso personal o familiar (no considere vehículos de trabajo, como vehículos de taxi, que pudieran utilizarse como vehículo personal o familiar)</b>""}","{""Q0"":"" No""}","[0]",""
"","1139.1999999999534","SDOBHQ_062","SDOBHQ","survey-multi-choice","63","69090","0.0-73.0-0.0","{""Q0"":""Entre los 0 a 10 años de edad, díganos si su hogar tenía <b>Computador(a)</b>""}","{""Q0"":"" Si""}","[0]",""
"","1129","SDOBHQ_063","SDOBHQ","survey-text","64","70226","0.0-74.0-0.0-0.0","{""Q0"":""Indique la cantidad de Computadoras que tenía:""}","{""Q0"":""68""}","",""
"","1042.4000000000233","SDOBHQ_064","SDOBHQ","survey-multi-choice","65","71271","0.0-75.0-0.0","{""Q0"":""Entre los 35 y 40 años de edad, díganos si su hogar tenía <b>Computador(a)</b>""}","{""Q0"":"" No""}","[0]",""
"","983","SDOBHQ_066","SDOBHQ","survey-multi-choice","66","72257","0.0-77.0-0.0","{""Q0"":""En los últimos 12 meses, díganos si su hogar tenía <b>Computador(a)</b>""}","{""Q0"":"" No""}","[0]",""
"","952.9000000000233","SDOBHQ_068","SDOBHQ","survey-multi-choice","67","73213","0.0-79.0-0.0","{""Q0"":""Entre los 0 a 10 años de edad, díganos si su hogar tenía <b>Habitaciones, cuartos, o recámaras para uso personal (habitaciones que se usan sólo para dormir)</b>""}","{""Q0"":"" No""}","[0]",""
"","1323.0999999999767","SDOBHQ_070","SDOBHQ","survey-multi-choice","68","74539","0.0-81.0-0.0","{""Q0"":""Entre los 35 y 40 años de edad, díganos si su hogar tenía <b>Habitaciones, cuartos, o recámaras para uso personal (habitaciones que se usan sólo para dormir)</b>""}","{""Q0"":"" No""}","[0]",""
"","1443.3000000000466","SDOBHQ_072","SDOBHQ","survey-multi-choice","69","75988","0.0-83.0-0.0","{""Q0"":""En los últimos 12 meses, díganos si su hogar tenía <b>Habitaciones, cuartos, o recámaras para uso personal (habitaciones que se usan sólo para dormir)</b>""}","{""Q0"":"" Si""}","[0]",""
"","1036","SDOBHQ_073","SDOBHQ","survey-text","70","77030","0.0-84.0-0.0-0.0","{""Q0"":""Indique la cantidad de Habitaciones, cuartos, o recámaras para uso personal (habitaciones que se usan sólo para dormir) que tenía:""}","{""Q0"":""80""}","",""
"[{""page_index"":0,""viewing_time"":655}]","656","instructions_007","SDOBHQ","instructions","71","77690","0.0-85.0-0.0","","","",""
"","975.7999999999302","SDOBHQ_074","SDOBHQ","survey-multi-choice","72","78668","0.0-86.0-0.0","{""Q0"":""A lo largo de su vida, ¿Alguna vez ha sido difícil para su familia cubrir los gastos de sus necesidades básicas como comida, ropa y vivienda?""}","{""Q0"":"" No""}","[0]",""
"","1038.2999999999302","SDOBHQ_076","SDOBHQ","survey-multi-choice","73","79710","0.0-88.0-0.0","{""Q0"":""A lo largo de su vida, ¿Cómo describiría usted las finanzas de su familia al llegar el fin de cada mes?""}","{""Q0"":"" Sobraba dinero para ahorrar""}","[0]",""
"","1835.2000000000698","SDOBHQ_077","SDOBHQ","survey-multi-choice","74","81548","0.0-89.0-0.0","{""Q0"":""Entre los 0 y 10 años de edad"",""Q1"":""Entre los 35 y 40 años de edad"",""Q2"":""En los últimos 12 meses""}","{""Q0"":"" No contaban con lo suficiente para cubrir lo necesario"",""Q1"":"" Sobraba dinero para ahorrar"",""Q2"":"" No contaban con lo suficiente para cubrir lo necesario""}","[0,1,2]",""
"","778","SDOBHQ_078","SDOBHQ","survey-multi-choice","75","82328","0.0-90.0-0.0","{""Q0"":""A lo largo de su vida, ¿Alguna vez ha sido difícil para su familia pagar por atención médica?""}","{""Q0"":"" Si""}","[0]",""
"","1526.2000000000698","SDOBHQ_079","SDOBHQ","survey-multi-choice","76","83858","0.0-91.0-0.0-0.0","{""Q0"":""Entre los 0 y 10 años de edad"",""Q1"":""Entre los 35 y 40 años de edad"",""Q2"":""En los últimos 12 meses""}","{""Q0"":"" Algo difícil"",""Q1"":"" Algo difícil"",""Q2"":"" Nada difícil""}","[0,1,2]",""
"","810.9000000000233","SDOBHQ_080","SDOBHQ","survey-multi-choice","77","84671","0.0-92.0-0.0","{""Q0"":""A lo largo de su vida, ¿Alguna vez ha comido menos de lo que usted pensaba debía haber comido debido a que usted o su familia no tenían suficiente dinero para comprar comida?""}","{""Q0"":"" Si""}","[0]",""
"","1339.5999999999767","SDOBHQ_081","SDOBHQ","survey-multi-choice","78","86014","0.0-93.0-0.0-0.0","{""Q0"":""Entre los 0 y 10 años de edad"",""Q1"":""Entre los 35 y 40 años de edad"",""Q2"":""En los últimos 12 meses""}","{""Q0"":"" Si"",""Q1"":"" No"",""Q2"":"" Si""}","[0,1,2]",""
"","815.8999999999069","SDOBHQ_082","SDOBHQ","survey-multi-choice","79","86832","0.0-94.0-0.0","{""Q0"":""A lo largo de su vida, ¿Alguna vez no pudo comer una comida balanceada o saludable debido a la falta de dinero u otros recursos?""}","{""Q0"":"" No""}","[0]",""
"[{""page_index"":0,""viewing_time"":511}]","511","instructions_008","SDOBHQ","instructions","80","87345","0.0-96.0-0.0","","","",""
"","751.9000000000233","SDOBHQ_084","SDOBHQ","html-slider-response","81","88100","0.0-97.0-0.0","<div class='justified'>A nivel general ¿Dónde ubicaría usted su hogar durante toda su vida? En base a las instrucciones anteriores, marque la posición de su hogar respecto al resto de hogares de su comunidad a lo largo de su vida.</div></br>","7","","5"
"","857.7999999999302","SDOBHQ_085","SDOBHQ","html-slider-response","82","88960","0.0-98.0-0.0","<div class='justified'>Ahora, ¿Dónde ubicaría usted su hogar específicamente en el periódo de su vida hasta los 10 años de edad? Marque la posición de su hogar en su comunidad durante dicho periódo de vida.</div></br>","1","","5"
"","887.5999999999767","SDOBHQ_086","SDOBHQ","html-slider-response","83","89850","0.0-99.0-0.0","<div class='justified'>Ahora, ¿Dónde ubicaría usted su hogar específicamente en el periódo de su vida desde los 35  hasta los 45 años de edad? Marque la posición de su hogar en su comunidad durante dicho periódo de vida.</div></br>","3","","5"
"","944.6999999999534","SDOBHQ_087","SDOBHQ","html-slider-response","84","90798","0.0-100.0-0.0","<div class='justified'>Ahora, pensando en los últimos 12 meses, marque la posición de su hogar respecto al resto de su comunidad.</div></br>","8","","5"
"[{""page_index"":0,""viewing_time"":674}]","674","instructions_009","SDOBHQ","instructions","85","91474","0.0-101.0-0.0","","","",""
"","1335.9000000000233","SDOBHQ_088","SDOBHQ","survey-multi-choice","86","92815","0.0-102.0-0.0","{""Q0"":""Actualmente, ¿Usted realiza algún trabajo con y/o sin pago?""}","{""Q0"":"" Si, sin pago""}","[0]",""
"","894","SDOBHQ_089","SDOBHQ","survey-text","87","93713","0.0-103.0-0.0-0.0","{""Q0"":""¿Qué tipo de trabajo hace? Escriba una breve descripción:""}","{""Q0"":""V1AWJcF3C58WNmhjyLHRSDbaiqmhsSrMBSceuDdJVm""}","",""
"","2211.8000000000466","SDOBHQ_090","SDOBHQ","survey-multi-select","88","95930","0.0-104.0-0.0","{""Q0"":""Actualmente, ¿Cuáles son sus fuentes de ingresos? ¿De qué fuentes recibe dinero? Marque todas las opciones que correspondan.""}","{""Q0"":[""&nbsp;Dinero que recibió de una herencia"",""&nbsp;Pensión/plan de retiro"",""&nbsp;Ahorros"",""&nbsp;Dinero/beneficios por discapacidad"",""&nbsp;Prestaciones de programas sociales (incluida la seguridad social)"",""&nbsp;Dinero que le envían familiares o amigos desde otro país""]}","[0]",""
"","1392.8000000000466","SDOBHQ_092","SDOBHQ","survey-multi-choice","89","97326","0.0-106.0-0.0","{""Q0"":""Aproximadamente, ¿Qué proporción de los ingresos de su hogar se gastan en el costo del alquiler o la hipoteca.""}","{""Q0"":"" Casi la mitad""}","[0]",""
"","1215","SDOBHQ_093","SDOBHQ","survey-multi-choice","90","98543","0.0-107.0-0.0","{""Q0"":""Si su hogar perdiese todas sus fuentes actuales de ingresos (salario, asistencia pública u otros ingresos), ¿Cuánto tiempo podría seguir viviendo en su hogar actual y con los mismos estándares de vida?""}","{""Q0"":"" 1 a 2 meses""}","[0]",""
"[{""page_index"":0,""viewing_time"":556}]","556","instructions_010","SDOBHQ","instructions","91","99102","0.0-108.0-0.0","","","",""
"","1122.5","SDOBHQ_094","SDOBHQ","survey-multi-select","92","100230","0.0-109.0-0.0","{""Q0"":""¿Qué tipo de seguro de salud o cobertura médica tiene usted? Seleccione todas las opciones que apliquen.""}","{""Q0"":[""&nbsp;Seguro médico privado"",""&nbsp;No tengo cobertura de salud de ningún tipo"",""&nbsp;No sé""]}","[0]",""
"","1001.5","SDOBHQ_095","SDOBHQ","survey-multi-choice","93","101235","0.0-110.0-0.0","{""Q0"":""En los últimos 12 meses, ¿Ha tenido la necesidad de ver a un doctor o médico pero no le fue posible por alguna razón?""}","{""Q0"":"" No""}","[0]",""
"[{""page_index"":0,""viewing_time"":661}]","662","instructions_011","SDOBHQ","instructions","94","101900","0.0-113.0-0.0","","","",""
"","1020.1999999999534","SDOBHQ_098","SDOBHQ","survey-multi-choice","95","102923","0.0-114.0-0.0","{""Q0"":""¿Con qué frecuencia su padre o madre, u otro adulto en su hogar, lo hicieron sentirse amado, apoyado, y cuidado?""}","{""Q0"":"" Algunas veces""}","[0]",""
"","991","SDOBHQ_099","SDOBHQ","survey-multi-choice","96","103917","0.0-115.0-0.0","{""Q0"":""¿Con qué frecuencia su padre o madre, u otro adulto en su hogar, expresó afecto físico hacia usted, como abrazos u otros gestos físicos de calidez y afecto?""}","{""Q0"":"" Frecuentemente""}","[0]",""
"","1113.5","SDOBHQ_100","SDOBHQ","survey-multi-choice","97","105034","0.0-116.0-0.0","{""Q0"":""¿Con qué frecuencia diría que hubo peleas, discusiones, o gritos entre sus padres?""}","{""Q0"":"" Frecuentemente""}","[0]",""
"","985.6999999999534","SDOBHQ_101","SDOBHQ","survey-multi-choice","98","106023","0.0-117.0-0.0","{""Q0"":""¿Con qué frecuencia diría que hubo peleas, discusiones o gritos entre uno de sus padres y usted?""}","{""Q0"":"" Frecuentemente""}","[0]",""
"","995.4000000000233","SDOBHQ_102","SDOBHQ","survey-multi-choice","99","107022","0.0-118.0-0.0","{""Q0"":""¿Con qué frecuencia diría que hubo peleas, discusiones o gritos entre uno de sus padres y uno de sus hermanos/hermanas?""}","{""Q0"":"" Algunas veces""}","[0]",""
"","1037.0999999999767","SDOBHQ_103","SDOBHQ","survey-multi-choice","100","108061","0.0-119.0-0.0","{""Q0"":""¿Con qué frecuencia diría que hubo peleas, discusiones o gritos entre uno de sus hermanos/hermanas y usted?""}","{""Q0"":"" Frecuentemente""}","[0]",""
"","979.5","SDOBHQ_104","SDOBHQ","survey-multi-choice","101","109043","0.0-120.0-0.0","{""Q0"":""En su niñez, ¿Vivió con alguien que era un bebedor problemático o alcohólico, o consumía drogas ilegales""}","{""Q0"":"" Algunas veces""}","[0]",""
"","953.0999999999767","SDOBHQ_105","SDOBHQ","survey-multi-choice","102","109999","0.0-121.0-0.0","{""Q0"":""¿Diría usted que la casa en la que creció estaba bien organizada y administrada?""}","{""Q0"":"" Nunca""}","[0]",""
"","882.5999999999767","SDOBHQ_106","SDOBHQ","survey-multi-choice","103","110883","0.0-122.0-0.0","{""Q0"":""¿Diría usted que fue descuidado/a durante su niñez, que lo/la dejaron solo/a para valerse por sí mismo/a?""}","{""Q0"":"" Nunca""}","[0]",""
"[{""page_index"":0,""viewing_time"":536}]","536","instructions_012","SDOBHQ","instructions","104","111421","0.0-123.0-0.0","","","",""
"","960.5","SDOBHQ_107","SDOBHQ","survey-multi-choice","105","112384","0.0-124.0-0.0","{""Q0"":""¿Usted ha sufrido algún acto de violencia política o represión?""}","{""Q0"":"" No sé""}","[0]",""
"","996.4000000000233","SDOBHQ_109","SDOBHQ","survey-multi-choice","106","113384","0.0-126.0-0.0","{""Q0"":""¿Alguna vez alguien lo ha asaltado para robarle o tratar de robar sus pertenencias o cosas personales?""}","{""Q0"":"" No""}","[0]",""
"","1169.1000000000931","SDOBHQ_111","SDOBHQ","survey-multi-choice","107","114557","0.0-128.0-0.0","{""Q0"":""¿Alguna vez alguien intentó o logró meterse a su casa para robar sus pertenencias?""}","{""Q0"":"" Si""}","[0]",""
"","1826.5999999999767","SDOBHQ_112","SDOBHQ","survey-multi-select","108","116389","0.0-129.0-0.0-0.0","{""Q0"":""¿Cuándo le sucedió esto?:""}","{""Q0"":[""&nbsp;0 a 10 años de edad"",""&nbsp;11 a 24 años de edad"",""&nbsp;25 a 34 años de edad"",""&nbsp;35 a 45 años de edad"",""&nbsp;46 a 65 años de edad""]}","[0]",""
"","1025.8999999999069","SDOBHQ_113","SDOBHQ","survey-multi-choice","109","117418","0.0-130.0-0.0","{""Q0"":""¿Alguna vez estuvo presente durante un desastre “causado por el hombre” (como un choque de trenes, asalto a un banco, o un incendio) donde sintió que usted o sus seres queridos estaban en peligro de muerte o de ser lastimados?""}","{""Q0"":"" No sé""}","[0]",""
"","976.6999999999534","SDOBHQ_115","SDOBHQ","survey-multi-choice","110","118398","0.0-132.0-0.0","{""Q0"":""¿Alguna vez ha estado en alguna situación en la cual sintió que podría morir o ser gravemente herido(a)?""}","{""Q0"":"" No""}","[0]",""
"","959.0999999999767","SDOBHQ_117","SDOBHQ","survey-multi-choice","111","119360","0.0-134.0-0.0","{""Q0"":""Fuera de situaciones laborales o profesionales, ¿Alguna vez vio a alguien gravemente herido o muerto?""}","{""Q0"":"" No sé""}","[0]",""
"","982.3000000000466","SDOBHQ_119","SDOBHQ","survey-multi-choice","112","120346","0.0-136.0-0.0","{""Q0"":""Fuera de situaciones laborales o profesionales, ¿Alguna vez vio cadáveres (que no haya sido en un funeral) o ha tenido que manipular cadáveres por alguna razón?""}","{""Q0"":"" No""}","[0]",""
"[{""page_index"":0,""viewing_time"":583}]","584","instructions_013","SDOBHQ","instructions","113","120931","0.0-138.0-0.0","","","",""
"","1030.1999999999534","SDOBHQ_121","SDOBHQ","survey-multi-choice","114","121964","0.0-139.0-0.0","{""Q0"":""¿Conoce usted su identidad étnica o grupo étnico? (ej. Chileno, mapuche, etc..)""}","{""Q0"":"" No pertenezco a ninguna identidad étnica o grupo étnico""}","[0]",""
"","1056.4000000000233","SDOBHQ_123","SDOBHQ","survey-multi-choice","115","123023","0.0-141.0-0.0","{""Q0"":""¿Conoce usted su raza o su grupo racial? (ej. Indígena, mixta, europea, etc)""}","{""Q0"":"" No pertenezco a ninguna raza o su grupo racial""}","[0]",""
"[{""page_index"":0,""viewing_time"":533},{""page_index"":1,""viewing_time"":720}]","1253","instructions_014","SDOBHQ","instructions","116","124279","0.0-143.0-0.0","","","",""
"","975.8000000000466","SDOBHQ_125","SDOBHQ","survey-multi-choice","117","125256","0.0-144.0-0.0","{""Q0"":""¿Alguna vez alguien (incluyendo un familiar o una amistad) le han golpeado, empujado o jalado el pelo?""}","{""Q0"":"" No""}","[0]",""
"","916","SDOBHQ_129","SDOBHQ","survey-multi-choice","118","126175","0.0-148.0-0.0","{""Q0"":""¿Alguna vez alguien (incluyendo un familiar o una amistad) le atacó utilizando una pistola, cuchillo o alguna otra arma?""}","{""Q0"":"" Si""}","[0]",""
"","1721.5","SDOBHQ_130","SDOBHQ","survey-multi-select","119","127901","0.0-149.0-0.0-0.0","{""Q0"":""¿En qué periódo o periódos de su vida ocurrió esto?""}","{""Q0"":[""&nbsp;0 a 10 años de edad"",""&nbsp;11 a 24 años de edad"",""&nbsp;25 a 34 años de edad"",""&nbsp;En los últimos 12 meses""]}","[0]",""
"","1826.6999999999534","SDOBHQ_131","SDOBHQ","survey-multi-select","120","129733","0.0-150.0-0.0-0.0","{""Q0"":""¿Qué relación tenía usted con la persona o personas que le trataron así?""}","{""Q0"":[""&nbsp;Madre, Madrastra-Tutora legal"",""&nbsp;Hijos(as)"",""&nbsp;Otro""]}","[0]",""
"","941.4000000000233","SDOBHQ_133","SDOBHQ","survey-multi-choice","121","130678","0.0-152.0-0.0","{""Q0"":""¿Alguna vez alguien (incluyendo un familiar o una amistad) le ha humillado o se ha burlado de usted?""}","{""Q0"":"" No sé""}","[0]",""
"","897.2000000000698","SDOBHQ_137","SDOBHQ","survey-multi-choice","122","131579","0.0-156.0-0.0","{""Q0"":""¿Alguna vez alguien (incluyendo un familiar o una amistad) le ha prohibido salir o que le visiten?""}","{""Q0"":"" Si""}","[0]",""
"","1731.5999999999767","SDOBHQ_138","SDOBHQ","survey-multi-select","123","133317","0.0-157.0-0.0-0.0","{""Q0"":""¿En qué periódo o periódos de su vida ocurrió esto?""}","{""Q0"":[""&nbsp;0 a 10 años de edad"",""&nbsp;25 a 34 años de edad"",""&nbsp;35 a 45 años de edad"",""&nbsp;46 a 65 años de edad"",""&nbsp;66 hasta hace un año"",""&nbsp;En los últimos 12 meses""]}","[0]",""
"","1881.8000000000466","SDOBHQ_139","SDOBHQ","survey-multi-select","124","135203","0.0-158.0-0.0-0.0","{""Q0"":""¿Qué relación tenía usted con la persona o personas que le trataron así?""}","{""Q0"":[""&nbsp;Madre, Madrastra-Tutora legal"",""&nbsp;Padre, Padrastro-Tutor legal"",""&nbsp;Otro miembro de la familia"",""&nbsp;Amigo(a)"",""&nbsp;Cuidador(a)"",""&nbsp;Otro""]}","[0]",""
"","953.2999999999302","SDOBHQ_141","SDOBHQ","survey-multi-choice","125","136160","0.0-160.0-0.0","{""Q0"":""¿Alguna vez alguien (incluyendo un familiar o una amistad) le dejado de proporcionar necesidades básicas como ropa, calzado, o medicamentos que necesite, pese a tener el dinero para proporcionarle estas necesidades?""}","{""Q0"":"" No sé""}","[0]",""
"","906.9000000000233","SDOBHQ_145","SDOBHQ","survey-multi-choice","126","137070","0.0-164.0-0.0","{""Q0"":""¿Alguna vez alguien (incluyendo un familiar o una amistad) ha manejado su dinero sin su permiso?""}","{""Q0"":"" Si""}","[0]",""
"","1801","SDOBHQ_146","SDOBHQ","survey-multi-select","127","138879","0.0-165.0-0.0-0.0","{""Q0"":""¿En qué periódo o periódos de su vida ocurrió esto?""}","{""Q0"":[""&nbsp;0 a 10 años de edad"",""&nbsp;11 a 24 años de edad"",""&nbsp;25 a 34 años de edad"",""&nbsp;35 a 45 años de edad"",""&nbsp;46 a 65 años de edad"",""&nbsp;66 hasta hace un año"",""&nbsp;En los últimos 12 meses""]}","[0]",""
"","1961.5","SDOBHQ_147","SDOBHQ","survey-multi-select","128","140848","0.0-166.0-0.0-0.0","{""Q0"":""¿Qué relación tenía usted con la persona o personas que le trataron así?""}","{""Q0"":[""&nbsp;Madre, Madrastra-Tutora legal"",""&nbsp;Padre, Padrastro-Tutor legal"",""&nbsp;Hijos(as)"",""&nbsp;Otro miembro de la familia"",""&nbsp;Amigo(a)"",""&nbsp;Cuidador(a)"",""&nbsp;Alguien desconocido"",""&nbsp;Otro""]}","[0]",""
"","1018.5999999999767","SDOBHQ_149","SDOBHQ","survey-multi-choice","129","141870","0.0-168.0-0.0","{""Q0"":""¿Alguna vez alguien (incluyendo un familiar o una amistad) le ha presionado para que deje de ser el propietario de su casa o de alguna otra propiedad?""}","{""Q0"":"" No sé""}","[0]",""
"","925.5999999999767","SDOBHQ_153","SDOBHQ","survey-multi-choice","130","142799","0.0-172.0-0.0","{""Q0"":""¿Alguna vez alguien (incluyendo un familiar o amigos) le ha exigido tener relaciones sexuales, aunque usted no quiera?""}","{""Q0"":"" No""}","[0]",""
"[{""page_index"":0,""viewing_time"":554},{""page_index"":1,""viewing_time"":667}]","1221","instructions_015","SDOBHQ","instructions","131","144022","0.0-176.0-0.0","","","",""
"","1083.5999999999767","SDOBHQ_157","SDOBHQ","survey-multi-choice","132","145108","0.0-177.0-0.0","{""Q0"":""¿Ha habido momentos en su vida cotidiana en que le trataron con <b>menos</b> cortesía o respeto que otras personas?""}","{""Q0"":"" No sé""}","[0]",""
"","989.2999999999302","SDOBHQ_173","SDOBHQ","survey-multi-choice","133","146101","0.0-193.0-0.0","{""Q0"":""¿Ha habido momentos en su vida cotidiana en que le trataron con <b>más</b> cortesía o respeto que otras personas?""}","{""Q0"":"" Si""}","[0]",""
"","1732.3000000000466","SDOBHQ_174","SDOBHQ","survey-multi-select","134","147840","0.0-194.0-0.0-0.0","{""Q0"":""¿En qué periódo o periódos de su vida ocurrió esto?""}","{""Q0"":[""&nbsp;0 a 10 años de edad"",""&nbsp;11 a 24 años de edad"",""&nbsp;25 a 34 años de edad"",""&nbsp;35 a 45 años de edad"",""&nbsp;46 a 65 años de edad"",""&nbsp;66 hasta hace un año"",""&nbsp;En los últimos 12 meses""]}","[0]",""
"","1231.4000000000233","SDOBHQ_175","SDOBHQ","survey-multi-choice","135","149075","0.0-195.0-0.0-0.0","{""Q0"":""Entre los 0 y los 10 años: ¿Con qué frecuencia le trataron de esta manera?""}","{""Q0"":"" Casi todos los días""}","[0]",""
"","1732.5999999999767","SDOBHQ_176","SDOBHQ","survey-multi-choice","136","150810","0.0-196.0-0.0-0.0","{""Q0"":""Entre los 0 y los 10 años: ¿Cuál o cuales cree usted que fue el principal motivo o causa de estas experiencias?""}","{""Q0"":"" Sexo u orientación sexual""}","[0]",""
"","1169.1999999999534","SDOBHQ_177","SDOBHQ","survey-multi-choice","137","151983","0.0-197.0-0.0-0.0","{""Q0"":""Entre los 11 y 24 años de edad: ¿Con qué frecuencia le trataron de esta manera?""}","{""Q0"":"" Al menos una vez a la semana""}","[0]",""
"","1624.8000000000466","SDOBHQ_178","SDOBHQ","survey-multi-choice","138","153611","0.0-198.0-0.0-0.0","{""Q0"":""Entre los 11 y 24 años de edad: ¿Cuál o cuales cree usted que fue el principal motivo o causa de estas experiencias?""}","{""Q0"":"" Ascendencia, nacionalidad, lugar de origen""}","[0]",""
"","1193.7999999999302","SDOBHQ_179","SDOBHQ","survey-multi-choice","139","154809","0.0-199.0-0.0-0.0","{""Q0"":""Entre los 25 y 34 años de edad: ¿Con qué frecuencia le trataron de esta manera?""}","{""Q0"":"" Algunas veces al mes""}","[0]",""
"","1606","SDOBHQ_180","SDOBHQ","survey-multi-choice","140","156419","0.0-200.0-0.0-0.0","{""Q0"":""Entre los 25 y 34 años de edad: ¿Cuál o cuales cree usted que fue el principal motivo o causa de estas experiencias?""}","{""Q0"":"" Ocupación""}","[0]",""
"","1398.7000000000698","SDOBHQ_181","SDOBHQ","survey-multi-choice","141","157823","0.0-201.0-0.0-0.0","{""Q0"":""Entre los 35 y 45 años de edad: ¿Con qué frecuencia le trataron de esta manera?""}","{""Q0"":"" Algunas veces al año""}","[0]",""
"","1756.1999999999534","SDOBHQ_182","SDOBHQ","survey-multi-choice","142","159582","0.0-202.0-0.0-0.0","{""Q0"":""Entre los 35 y 45 años de edad: ¿Cuál o cuales cree usted que fue el principal motivo o causa de estas experiencias?""}","{""Q0"":"" Ascendencia, nacionalidad, lugar de origen""}","[0]",""
"","1528","SDOBHQ_183","SDOBHQ","survey-multi-choice","143","161116","0.0-203.0-0.0-0.0","{""Q0"":""Entre los 46 y 65 años de edad: ¿Con qué frecuencia le trataron de esta manera?""}","{""Q0"":"" Menos de una vez al año""}","[0]",""
"","1940.7999999999302","SDOBHQ_184","SDOBHQ","survey-multi-choice","144","163063","0.0-204.0-0.0-0.0","{""Q0"":""Entre los 46 y 65 años de edad: ¿Cuál o cuales cree usted que fue el principal motivo o causa de estas experiencias?""}","{""Q0"":"" Sexo u orientación sexual""}","[0]",""
"","1314.6999999999534","SDOBHQ_185","SDOBHQ","survey-multi-choice","145","164382","0.0-205.0-0.0-0.0","{""Q0"":""Desde los 66 hasta hace un año: ¿Con qué frecuencia le trataron de esta manera?""}","{""Q0"":"" Casi todos los días""}","[0]",""
"","1666.9000000000233","SDOBHQ_186","SDOBHQ","survey-multi-choice","146","166055","0.0-206.0-0.0-0.0","{""Q0"":""Desde los 66 hasta hace un año: ¿Cuál o cuales cree usted que fue el principal motivo o causa de estas experiencias?""}","{""Q0"":"" Aspecto físico (estatura, peso, color de piel, u otro aspecto de su apariencia física)""}","[0]",""
"","1132.4000000000233","SDOBHQ_187","SDOBHQ","survey-multi-choice","147","167191","0.0-207.0-0.0-0.0","{""Q0"":""En los últimos 12 meses: ¿Con qué frecuencia le trataron de esta manera?""}","{""Q0"":"" Casi todos los días""}","[0]",""
"","1740.5","SDOBHQ_188","SDOBHQ","survey-multi-choice","148","168935","0.0-208.0-0.0-0.0","{""Q0"":""En los últimos 12 meses: ¿Cuál o cuales cree usted que fue el principal motivo o causa de estas experiencias?""}","{""Q0"":"" Sexo u orientación sexual""}","[0]",""
