"view_history","rt","trialid","procedure","trial_type","trial_index","time_elapsed","internal_node_id","stimulus","response"
"[{""page_index"":0,""viewing_time"":584}]","584","Instructions_01","SRA","instructions","1494","1084354","0.0-1588.0-0.0","",""
"","979","SRA_01","SRA","survey-multi-choice-vertical","1495","1085344","0.0-1589.0-0.0","{""Q0"":""1. He ayudado a sacar el coche de un extraño de la nieve.""}","{""Q0"":"" Una vez""}"
"","1109","SRA_02","SRA","survey-multi-choice-vertical","1496","1086467","0.0-1590.0-0.0","{""Q0"":""2. Le he dado instrucciones a un extraño.""}","{""Q0"":"" Nunca""}"
"","809","SRA_03","SRA","survey-multi-choice-vertical","1497","1087296","0.0-1591.0-0.0","{""Q0"":""3. He hecho cambios por un extraño.""}","{""Q0"":"" Más de una vez""}"
"","868","SRA_04","SRA","survey-multi-choice-vertical","1498","1088178","0.0-1592.0-0.0","{""Q0"":""4. He dado dinero a una organización benéfica.""}","{""Q0"":"" Muy a menudo""}"
"","863","SRA_05","SRA","survey-multi-choice-vertical","1499","1089055","0.0-1593.0-0.0","{""Q0"":""5. Le di dinero a un extraño que lo necesitaba (o me lo pidió).""}","{""Q0"":"" Una vez""}"
"","891","SRA_06","SRA","survey-multi-choice-vertical","1500","1089958","0.0-1594.0-0.0","{""Q0"":""6. He donado artículos o ropa a una organización benéfica.""}","{""Q0"":"" Una vez""}"
"","901","SRA_07","SRA","survey-multi-choice-vertical","1501","1090878","0.0-1595.0-0.0","{""Q0"":""7. He realizado trabajo voluntario para una organización benéfica.""}","{""Q0"":"" Una vez""}"
"","881","SRA_08","SRA","survey-multi-choice-vertical","1502","1091771","0.0-1596.0-0.0","{""Q0"":""8. He donado sangre.""}","{""Q0"":"" Muy a menudo""}"
"","815","SRA_09","SRA","survey-multi-choice-vertical","1503","1092598","0.0-1597.0-0.0","{""Q0"":""9. He ayudado a llevar las pertenencias de un extraño (libros, paquetes, etc.).""}","{""Q0"":"" Nunca""}"
"","842","SRA_10","SRA","survey-multi-choice-vertical","1504","1093458","0.0-1598.0-0.0","{""Q0"":""10. He retrasado un ascensor y mantuve la puerta abierta para un extraño.""}","{""Q0"":"" Una vez""}"
"","841","SRA_11","SRA","survey-multi-choice-vertical","1505","1094318","0.0-1599.0-0.0","{""Q0"":""11. Permití que alguien se adelantara a mí en una fila (por ejemplo: en un banco, en el supermercado, etc).""}","{""Q0"":"" Muy a menudo""}"
"","866","SRA_12","SRA","survey-multi-choice-vertical","1506","1095196","0.0-1600.0-0.0","{""Q0"":""12. He dado a un extraño un aventón en mi auto.""}","{""Q0"":"" Nunca""}"
"","794","SRA_13","SRA","survey-multi-choice-vertical","1507","1096001","0.0-1601.0-0.0","{""Q0"":""13. He señalado el error de un empleado (por ejemplo: en un banco, en el supermercado, etc) al cobrar menos por un artículo.""}","{""Q0"":"" Más de una vez""}"
"","834","SRA_14","SRA","survey-multi-choice-vertical","1508","1096853","0.0-1602.0-0.0","{""Q0"":""14. Dejé que un vecino a quien no conocía demasiado bien, tomara prestado un artículo de algún valor para mí (por ejemplo: un plato, herramientas, etc).""}","{""Q0"":"" Nunca""}"
"","849","SRA_15","SRA","survey-multi-choice-vertical","1509","1097713","0.0-1603.0-0.0","{""Q0"":""15. He comprado tarjetas de Navidad \""benéficas\"" deliberadamente porque sabía que era una buena causa.""}","{""Q0"":"" Muy a menudo""}"
"","891","SRA_16","SRA","survey-multi-choice-vertical","1510","1098613","0.0-1604.0-0.0","{""Q0"":""16. He ayudado a un compañero de clase que no conocía muy bien con una tarea cuando mi conocimiento era mayor que el de él o ella.""}","{""Q0"":"" Una vez""}"
"","813","SRA_17","SRA","survey-multi-choice-vertical","1511","1099439","0.0-1605.0-0.0","{""Q0"":""17. Antes de que me pidieran, he cuidado voluntariamente las mascotas o los niños de un vecino sin ser pagado por ello.""}","{""Q0"":"" A menudo""}"
"","849","SRA_18","SRA","survey-multi-choice-vertical","1512","1100299","0.0-1606.0-0.0","{""Q0"":""18. Me he ofrecido a ayudar a un extraño discapacitado o anciano a cruzar la calle.""}","{""Q0"":"" A menudo""}"
"","860","SRA_19","SRA","survey-multi-choice-vertical","1513","1101172","0.0-1607.0-0.0","{""Q0"":""19. Le ofrecí mi asiento en un autobús o tren a un extraño que estaba parado.""}","{""Q0"":"" Más de una vez""}"
"","872","SRA_20","SRA","survey-multi-choice-vertical","1514","1102054","0.0-1608.0-0.0","{""Q0"":""20. He ayudado a un conocido a mudarse de hogar.""}","{""Q0"":"" Una vez""}"
