"view_history","rt","trialid","procedure","trial_type","trial_index","time_elapsed","internal_node_id","stimulus","response","question_order"
"[{""page_index"":0,""viewing_time"":1152}]","1152","ExperimentsIssues_000","ExperimentsIssues","instructions","176","197268","0.0-182.0-0.0","","",""
"","1537.5999999999767","ExperimentsIssues_001","ExperimentsIssues","survey-multi-choice","177","198810","0.0-183.0-0.0","{""Q0"":""From what you have heard, how often there are issues in experimental protocols? Issues can range from spelling errors in the protocol to errors in the experimental design that prevent from doing desired analysis.""}","{""Q0"":"" Sometimes""}","[0]"
"","2266.4000000000233","ExperimentsIssues_002","ExperimentsIssues","survey-multi-select","178","201091","0.0-184.0-0.0-0.0","{""Q0"":""Which of the following issues happened to your friend. In a experimental protocol or survey where data was collected in the lab or online""}","{""Q0"":[""&nbsp;Important content errors"",""&nbsp;Data preparation was harder than it could have been""]}","[0]"
"","1104.5","ExperimentsIssues_005","ExperimentsIssues","survey-multi-choice","179","202199","0.0-187.0-0.0","{""Q0"":""<div class=\""justified\"">What is your level of experience?</div>""}","{""Q0"":"" Postdoc or non-ternure track Academic""}","[0]"
