view_history,rt,trialid,procedure,trial_type,trial_index,time_elapsed,internal_node_id,stimulus,response,question_order
"[{""page_index"":0,""viewing_time"":530}]",530,Instructions_01,STAIC,instructions,1584,1157328,0.0-1682.0-0.0,,,
,1039.80000000075,STAIC_001,STAIC,survey-multi-choice,1585,1158372,0.0-1683.0-0.0,"{""Q0"":""Me preocupa cometer errores""}","{""Q0"":"" A veces""}",[0]
,738.5,STAIC_002,STAIC,survey-multi-choice,1586,1159115,0.0-1684.0-0.0,"{""Q0"":""Siento ganas de llorar""}","{""Q0"":"" A veces""}",[0]
,678.900000000373,STAIC_003,STAIC,survey-multi-choice,1587,1159798,0.0-1685.0-0.0,"{""Q0"":""Me siento desgraciado(a)""}","{""Q0"":"" Casi Nunca""}",[0]
,741.10000000149,STAIC_004,STAIC,survey-multi-choice,1588,1160543,0.0-1686.0-0.0,"{""Q0"":""Me cuesta tomar una decisión""}","{""Q0"":"" A veces""}",[0]
,662,STAIC_005,STAIC,survey-multi-choice,1589,1161210,0.0-1687.0-0.0,"{""Q0"":""Me cuenta enfrentarme a mis problemas""}","{""Q0"":"" A veces""}",[0]
,682.900000000373,STAIC_006,STAIC,survey-multi-choice,1590,1161898,0.0-1688.0-0.0,"{""Q0"":""Me preocupo demasiado""}","{""Q0"":"" A menudo""}",[0]
,708,STAIC_007,STAIC,survey-multi-choice,1591,1162613,0.0-1689.0-0.0,"{""Q0"":""Me encuentro molesto(a)""}","{""Q0"":"" Casi Nunca""}",[0]
,705.199999999255,STAIC_008,STAIC,survey-multi-choice,1592,1163322,0.0-1690.0-0.0,"{""Q0"":""Pensamientos sin importancia me vienen a la cabeza y me molestan""}","{""Q0"":"" Casi Nunca""}",[0]
,685.400000000373,STAIC_009,STAIC,survey-multi-choice,1593,1164013,0.0-1691.0-0.0,"{""Q0"":""Me preocupan las cosas del colegio""}","{""Q0"":"" A menudo""}",[0]
,711.700000001118,STAIC_010,STAIC,survey-multi-choice,1594,1164729,0.0-1692.0-0.0,"{""Q0"":""Me cuesta decidirme en lo que tengo que hacer""}","{""Q0"":"" A veces""}",[0]
,694.900000000373,STAIC_011,STAIC,survey-multi-choice,1595,1165429,0.0-1693.0-0.0,"{""Q0"":""Noto que mi corazón late más rápido""}","{""Q0"":"" A veces""}",[0]
,654.300000000745,STAIC_012,STAIC,survey-multi-choice,1596,1166087,0.0-1694.0-0.0,"{""Q0"":""Aunque no lo digo, tengo miedo""}","{""Q0"":"" A veces""}",[0]
,681.200000001118,STAIC_013,STAIC,survey-multi-choice,1597,1166773,0.0-1695.0-0.0,"{""Q0"":""Me preocupo por cosas que puedan ocurrir""}","{""Q0"":"" Casi Nunca""}",[0]
,686.700000001118,STAIC_014,STAIC,survey-multi-choice,1598,1167463,0.0-1696.0-0.0,"{""Q0"":""Me cuesta quedarme dormido por las noches""}","{""Q0"":"" A veces""}",[0]
,748.300000000745,STAIC_015,STAIC,survey-multi-choice,1599,1168216,0.0-1697.0-0.0,"{""Q0"":""Tengo sensaciones extrañas en el estómago""}","{""Q0"":"" A veces""}",[0]
,805.5,STAIC_016,STAIC,survey-multi-choice,1600,1169028,0.0-1698.0-0.0,"{""Q0"":""Me preocupa lo que otros piensen de mi""}","{""Q0"":"" A veces""}",[0]
,740.699999999255,STAIC_017,STAIC,survey-multi-choice,1601,1169773,0.0-1699.0-0.0,"{""Q0"":""Me influyen tanto los problemas que no puedo olvidarlos durante un tiempo""}","{""Q0"":"" A veces""}",[0]
,740.5,STAIC_018,STAIC,survey-multi-choice,1602,1170518,0.0-1700.0-0.0,"{""Q0"":""Tomo las cosas demasiado en serio""}","{""Q0"":"" A menudo""}",[0]
,693.199999999255,STAIC_019,STAIC,survey-multi-choice,1603,1171216,0.0-1701.0-0.0,"{""Q0"":""Encuentro muchas dificultades en mi vida""}","{""Q0"":"" Casi Nunca""}",[0]
,763.900000000373,STAIC_020,STAIC,survey-multi-choice,1604,1171984,0.0-1702.0-0.0,"{""Q0"":""Me siento menos feliz que los demás""}","{""Q0"":"" A veces""}",[0]
