"view_history","rt","trialid","procedure","trial_type","trial_index","time_elapsed","internal_node_id","stimulus","response","question_order"
"[{""page_index"":0,""viewing_time"":764}]","765","instructions_01","IFS","instructions","181","202971","0.0-190.0-0.0","","",""
"","1160.9000000000233","IFS_001","IFS","survey-multi-choice","182","204136","0.0-191.0-0.0","{""Q0"":""Aqui, como examinador debes decirle al participante lo siguiente: <b>“Mire atentamente lo que estoy haciendo”</b>. Acto seguido debes realizar frente al sujeto y por tres repeticiones consecutivas la serie de Luria:  “puño, canto, palma”.<br><br>Una vez terminadas las tres repeticiones debe decir lo siguiente: “Ahora haga lo mismo con su mano derecha, primero conmigo y después solo.” Acto seguido, como examinador, realizas las series 3 veces con el participante y luego le dices: <b>“Ahora, hágalo usted solo”</b>.""}","{""Q0"":"" Completó al menos 3 series consecutivas por si solo""}","[0]"
"","1181.2000000000698","IFS_002","IFS","survey-multi-choice","183","205320","0.0-192.0-0.0","{""Q0"":""Aquí, como examinador debes decirle al participante lo siguiente: <b>“Le voy a pedir que golpee la mesa dos veces cuando yo golpee una vez”</b>. Para asegurarse que el paciente comprendió bien la consigna, realice una serie de 3 pruebas: 1-1-1.<br><br>Acto seguido decir: <b>“Ahora, golpee la mesa una vez cuando yo golpeo dos veces”</b>. Para asegurarse que el paciente comprendió bien la consigna, realice una serie de 3 pruebas: 2-2-2.<br><br>Ahora, decir <b>“Ahora integre las dos instrucciones en respuesta a mis golpes”</b> como examinador, realice la siguiente serie: 1-1-2-1-2-2-2-1-1-2.""}","{""Q0"":"" Sin errores""}","[0]"
"","1242.0999999999767","IFS_003","IFS","survey-multi-choice","184","206565","0.0-193.0-0.0","{""Q0"":""Iniciar diciéndole al participante: <b>“Ahora golpee una vez cuando yo golpeo una vez”</b>. Para asegurarse que el paciente comprendió bien la consigna, realice una serie de 3 pruebas: 1-1-1.<br><br>Acto seguido decir: <b>“Ahora no golpee cuando yo golpeo dos veces”</b>. Para asegurarse que el paciente comprendió bien la consigna, realice una serie de 3 pruebas: 2-2-2.<br><br>Ahora, como examinador, realiza la siguiente serie: 1-1-2-1-2-2-2-1-1-2.""}","{""Q0"":"" Cometió uno o dos errores""}","[0]"
"[{""page_index"":0,""viewing_time"":721}]","722","instructions_002","IFS","instructions","185","207288","0.0-194.0-0.0","","",""
"","1455.8999999999069","IFS_004","IFS","survey-multi-choice","186","208748","0.0-195.0-0.0","{""Q0"":""¿El participante acertó la secuencia de esta sección?""}","{""Q0"":"" No""}","[0]"
"","1020.3000000000466","IFS_005","IFS","survey-multi-choice","187","209771","0.0-196.0-0.0-0.0","{""Q0"":""¿El participante acertó la secuencia de esta sección?""}","{""Q0"":"" No""}","[0]"
"","1210","IFS_016","IFS","survey-multi-choice","188","210985","0.0-207.0-0.0","{""Q0"":""El participante debe decir: Diciembre, Noviembre, Octubre, Septiembre, Agosto, Julio, Junio, Mayo, Abril, Marzo, Febrero, Enero""}","{""Q0"":"" Sin errores""}","[0]"
"[{""page_index"":0,""viewing_time"":707},{""page_index"":1,""viewing_time"":892}]","1599","instructions_003","IFS","instructions","189","212586","0.0-208.0-0.0","","",""
"","1474.4000000000233","IFS_017","IFS","survey-multi-select","190","214064","0.0-209.0-0.0","{""Q0"":""A continuación se muestran las secuencias que el participante debe completar, mencióneselas en voz alta y marque las que él señale correctamente en la hoja""}","{""Q0"":[""&nbsp;1-2"",""&nbsp;3-4-2-1"",""&nbsp;1-4-2-3-4""]}","[0]"
"[{""page_index"":0,""viewing_time"":561}]","562","instructions_004","IFS","instructions","191","214628","0.0-210.0-0.0","","",""
"","900","IFS_018","IFS","survey-text","192","215532","0.0-211.0-0.0","{""Q0"":""A continuación escriba la respuesta del participante:""}","{""Q0"":""52FQhOw4gXkcGDtYVanfHuZbAowaESrCp""}",""
"","1105.2999999999302","IFS_019","IFS","survey-multi-choice","193","216640","0.0-212.0-0.0","{""Q0"":""La respuesta ideal era: <b>“Los que hablan mucho, suelen hacer poco”</b>. A continuación puntúe que tanto se acerca la respuesta del participante.""}","{""Q0"":"" No se parece en nada a la respuesta ideal o no tiene relación al refrán""}","[0]"
"","909","IFS_020","IFS","survey-text","194","217555","0.0-213.0-0.0","{""Q0"":""A continuación escriba la respuesta del participante:""}","{""Q0"":""tRI5H2SCEHwA8uKwxCxEK5yNSg0XR1PhQBNdzt9BclakxvJGAGT92XcZWGLB8YtjqvQze2SmXC""}",""
"","937.3000000000466","IFS_021","IFS","survey-multi-choice","195","218496","0.0-214.0-0.0","{""Q0"":""La respuesta ideal era: <b>“Tomar una actitud positiva frente a las adversidades”</b>. A continuación puntúe que tanto se acerca la respuesta del participante.""}","{""Q0"":"" No se parece en nada a la respuesta ideal o no tiene relación al refrán""}","[0]"
"","1067","IFS_022","IFS","survey-text","196","219567","0.0-215.0-0.0","{""Q0"":""A continuación escriba la respuesta del participante:""}","{""Q0"":""WQq""}",""
"","1065.0999999999767","IFS_023","IFS","survey-multi-choice","197","220636","0.0-216.0-0.0","{""Q0"":""La respuesta ideal era: <b>“Carecer de algo cuando por tu profesión u oficio, no debiera  faltarte”</b>. A continuación puntúe que tanto se acerca la respuesta del participante.""}","{""Q0"":"" Se acerca pero no es ideal (se parece a la correcta, dió un ejemplo)""}","[0]"
"[{""page_index"":0,""viewing_time"":568}]","569","instructions_005","IFS","instructions","198","221206","0.0-217.0-0.0","","",""
"","977","IFS_024","IFS","survey-text","199","222187","0.0-218.0-0.0","{""Q0"":""Me pongo los zapatos y me ato los:""}","{""Q0"":""daQp0Mjl2pZ0Vp5wfzDXX9kHtaZiUU2WJn8glywsyFm""}",""
"","1059","IFS_025","IFS","survey-text","200","223253","0.0-219.0-0.0","{""Q0"":""Peleaban como perro y:""}","{""Q0"":""9svmvoDAedoa2ZGCE9BO8qqjXszWFKwFAbqYoQlLSzoaxBBz6K63FyZ8341DO0""}",""
"[{""page_index"":0,""viewing_time"":625}]","625","instructions_005","IFS","instructions","201","223880","0.0-220.0-0.0","","",""
"","975","IFS_026","IFS","survey-text","202","224859","0.0-221.0-0.0","{""Q0"":""Juan compró caramelos en el:""}","{""Q0"":""ruPSIbXtBmvxz0BuJxpjrnI9jpbqzObkxfXKq04Rfh""}",""
"","1063.9000000000233","IFS_027","IFS","survey-multi-choice","203","225926","0.0-222.0-0.0","{""Q0"":""A continuación puntúe la respuesta del participante.""}","{""Q0"":"" Palabra diferente pero tiene una relación semántica""}","[0]"
"","911","IFS_028","IFS","survey-text","204","226843","0.0-223.0-0.0","{""Q0"":""Ojo por ojo y diente por:""}","{""Q0"":""qC1jq7GW1yAsZBMA8r1ybbYVXQDIyQw9GS""}",""
"","950.1999999999534","IFS_029","IFS","survey-multi-choice","205","227797","0.0-224.0-0.0","{""Q0"":""A continuación puntúe la respuesta del participante.""}","{""Q0"":"" Palabra diferente pero tiene una relación semántica""}","[0]"
"","991","IFS_030","IFS","survey-text","206","228793","0.0-225.0-0.0","{""Q0"":""Lave la ropa con agua y:""}","{""Q0"":""NweKJ2QuPKTVJXTLLEPKbKrDE9MhgkmIvoy4Y1jSFrktJdK6zqJ2""}",""
"","1094.8999999999069","IFS_031","IFS","survey-multi-choice","207","229892","0.0-226.0-0.0","{""Q0"":""A continuación puntúe la respuesta del participante.""}","{""Q0"":"" Palabra exacta""}","[0]"
