"view_history","rt","trialid","procedure","trial_type","trial_index","time_elapsed","internal_node_id","stimulus","slider_start","response"
"[{""page_index"":0,""viewing_time"":494}]","494","Instructions_01","PWb","instructions","1192","873326","0.0-1219.0-0.0","","",""
"","629","PWb_01","PWb","html-slider-response","1193","873959","0.0-1220.0-0.0","<div class='justified'>1.- Cuando repaso la historia de mi vida estoy contento/a con cómo han resultado las cosas.</div></br>","3","4"
"","647.6999999992549","PWb_02","PWb","html-slider-response","1194","874610","0.0-1221.0-0.0","<div class='justified'>2.- A menudo me siento solo/a porque tengo pocos amigos íntimos con quien compartir mis preocupaciones.</div></br>","3","1"
"","731.4000000003725","PWb_03","PWb","html-slider-response","1195","875347","0.0-1222.0-0.0","<div class='justified'>3.- No tengo miedo de expresar mis opiniones, incluso cuando son opuestas a las opiniones de la mayoría de la gente.</div></br>","3","6"
"","707.1999999992549","PWb_04","PWb","html-slider-response","1196","876058","0.0-1223.0-0.0","<div class='justified'>4.- Me preocupa cómo otra gente evalúa las elecciones que he hecho en mi vida.</div></br>","3","3"
"","692.6000000014901","PWb_05","PWb","html-slider-response","1197","876755","0.0-1224.0-0.0","<div class='justified'>5.- Me resulta difícil dirigir mi vida hacia un camino que me satisfaga.</div></br>","3","4"
"","779.0999999996275","PWb_06","PWb","html-slider-response","1198","877540","0.0-1225.0-0.0","<div class='justified'>6.- Disfruto haciendo planes para el futuro y trabajar para hacerlos realidad.</div></br>","3","4"
"","599.3999999985099","PWb_07","PWb","html-slider-response","1199","878143","0.0-1226.0-0.0","<div class='justified'>7.- En general, me siento seguro/a y positivo/a conmigo mismo/a.</div></br>","3","4"
"","622.5","PWb_08","PWb","html-slider-response","1200","878769","0.0-1227.0-0.0","<div class='justified'>8.- No tengo muchas personas que quieran escucharme cuando necesito hablar.</div></br>","3","5"
"","558.5999999996275","PWb_09","PWb","html-slider-response","1201","879334","0.0-1228.0-0.0","<div class='justified'>9.- Tiendo a preocuparme sobre lo que otra gente piensa de mí.</div></br>","3","1"
"","586.5999999996275","PWb_10","PWb","html-slider-response","1202","879925","0.0-1229.0-0.0","<div class='justified'>10.- Me juzgo por lo que yo creo que es importante, no por los valores que otros piensan que son importantes.</div></br>","3","1"
"","554.2000000011176","PWb_11","PWb","html-slider-response","1203","880483","0.0-1230.0-0.0","<div class='justified'>11.- He sido capaz de construir un hogar y un modo de vida a mi gusto.</div></br>","3","5"
"","619.2999999988824","PWb_12","PWb","html-slider-response","1204","881106","0.0-1231.0-0.0","<div class='justified'>12.- Soy una persona activa al realizar los proyectos que propuse para mí mismo/a.</div></br>","3","6"
"","585.7999999988824","PWb_13","PWb","html-slider-response","1205","881695","0.0-1232.0-0.0","<div class='justified'>13.- Si tuviera oportunidad, hay muchas cosas de mi mismo/a que cambiaría.</div></br>","3","6"
"","599.5999999996275","PWb_14","PWb","html-slider-response","1206","882300","0.0-1233.0-0.0","<div class='justified'>14.- Siento que mis amistades me aportan muchas cosas.</div></br>","3","5"
"","511.7000000011176","PWb_15","PWb","html-slider-response","1207","882819","0.0-1234.0-0.0","<div class='justified'>15.- Tiendo a estar influenciado/a por la gente con fuertes convicciones.</div></br>","3","6"
"","575","PWb_16","PWb","html-slider-response","1208","883397","0.0-1235.0-0.0","<div class='justified'>16.- En general, siento que soy responsable de la situación en la que vivo.</div></br>","3","2"
"","578","PWb_17","PWb","html-slider-response","1209","883979","0.0-1236.0-0.0","<div class='justified'>17.- Me siento bien cuando pienso en lo que he hecho en el pasado y lo que espero hacer en el futuro.</div></br>","3","6"
"","563","PWb_18","PWb","html-slider-response","1210","884546","0.0-1237.0-0.0","<div class='justified'>18.- Mis objetivos en la vida han sido más una fuente de satisfacción que de frustración para mí.</div></br>","3","2"
"","619.3000000007451","PWb_19","PWb","html-slider-response","1211","885174","0.0-1238.0-0.0","<div class='justified'>19.- Me gusta la mayor parte de los aspectos de mi personalidad.</div></br>","3","4"
"","587.5","PWb_20","PWb","html-slider-response","1212","885765","0.0-1239.0-0.0","<div class='justified'>20.- Me parece que la mayoría de las personas tienen más amigos que yo.</div></br>","3","2"
"","621.5","PWb_21","PWb","html-slider-response","1213","886390","0.0-1240.0-0.0","<div class='justified'>21.- Tengo confianza en mis opiniones incluso si son contrarias al consenso general.</div></br>","3","5"
"","807.5","PWb_22","PWb","html-slider-response","1214","887203","0.0-1241.0-0.0","<div class='justified'>22.- Las demandas de la vida diaria a menudo me deprimen.</div></br>","3","4"
"","595.5","PWb_23","PWb","html-slider-response","1215","887802","0.0-1242.0-0.0","<div class='justified'>23.- Tengo clara la dirección y el objetivo de mi vida.</div></br>","3","1"
"","578.5999999996275","PWb_24","PWb","html-slider-response","1216","888385","0.0-1243.0-0.0","<div class='justified'>24.- En general, con el tiempo siento que sigo aprendiendo más sobre mí mismo/a.</div></br>","3","4"
"","578","PWb_25","PWb","html-slider-response","1217","888967","0.0-1244.0-0.0","<div class='justified'>25.- En muchos aspectos, me siento decepcionado/a de mis logros en la vida.</div></br>","3","6"
"","575.3999999985099","PWb_26","PWb","html-slider-response","1218","889545","0.0-1245.0-0.0","<div class='justified'>26.- No he experimentado muchas relaciones cercanas y de confianza.</div></br>","3","4"
"","564.5999999996275","PWb_27","PWb","html-slider-response","1219","890113","0.0-1246.0-0.0","<div class='justified'>27.- Es difícil para mí expresar mis propias opiniones en asuntos polémicos.</div></br>","3","4"
"","561.1999999992549","PWb_28","PWb","html-slider-response","1220","890677","0.0-1247.0-0.0","<div class='justified'>28.- Soy bastante bueno/a manejando muchas de mis responsabilidades en la vida diaria.</div></br>","3","2"
"","614.3000000007451","PWb_29","PWb","html-slider-response","1221","891295","0.0-1248.0-0.0","<div class='justified'>29.- No tengo claro qué es lo que intento conseguir en la vida.</div></br>","3","1"
"","595.7000000011176","PWb_30","PWb","html-slider-response","1222","891894","0.0-1249.0-0.0","<div class='justified'>30.- Hace mucho tiempo que dejé de intentar hacer grandes mejoras o cambios en mi vida.</div></br>","3","6"
"","578.6999999992549","PWb_31","PWb","html-slider-response","1223","892476","0.0-1250.0-0.0","<div class='justified'>31.- En su mayor parte, me siento orgulloso/a de quien soy y la vida que llevo.</div></br>","3","4"
"","531","PWb_32","PWb","html-slider-response","1224","893010","0.0-1251.0-0.0","<div class='justified'>32.- Sé que puedo confiar en mis amigos, y ellos saben que pueden confiar en mí.</div></br>","3","1"
"","563","PWb_33","PWb","html-slider-response","1225","893576","0.0-1252.0-0.0","<div class='justified'>33.- A menudo cambio mis decisiones si mis amigos o mi familia están en desacuerdo.</div></br>","3","5"
"","592.7000000011176","PWb_34","PWb","html-slider-response","1226","894173","0.0-1253.0-0.0","<div class='justified'>34.- No quiero intentar nuevas formas de hacer las cosas; mi vida está bien como está.</div></br>","3","6"
"","604.0999999996275","PWb_35","PWb","html-slider-response","1227","894782","0.0-1254.0-0.0","<div class='justified'>35.- Pienso que es importante tener nuevas experiencias que desafíen lo que uno piensa sobre si mismo/a y sobre el mundo.</div></br>","3","1"
"","610.1999999992549","PWb_36","PWb","html-slider-response","1228","895397","0.0-1255.0-0.0","<div class='justified'>36.- Cuando pienso en ello, realmente con los años no he mejorado mucho como persona.</div></br>","3","6"
"","571.8999999985099","PWb_37","PWb","html-slider-response","1229","895973","0.0-1256.0-0.0","<div class='justified'>37.- Tengo la sensación de que con el tiempo me he desarrollado mucho como persona.</div></br>","3","5"
"","579.3000000007451","PWb_38","PWb","html-slider-response","1230","896555","0.0-1257.0-0.0","<div class='justified'>38.- Para mí, la vida ha sido un proceso continuo de estudio, cambio y crecimiento.</div></br>","3","5"
"","536","PWb_39","PWb","html-slider-response","1231","897094","0.0-1258.0-0.0","<div class='justified'>39.- Si me sintiera infeliz con mi situación de vida daría los pasos más eficaces para cambiarla</div></br>","3","2"
