"view_history","rt","trialid","procedure","trial_type","trial_index","time_elapsed","internal_node_id","stimulus","response","question_order"
"[{""page_index"":0,""viewing_time"":729}]","729","instructions_01","IFS","instructions","433","495074","0.0-490.0-0.0","","",""
"","1025","IFS_001","IFS","survey-multi-choice","434","496102","0.0-491.0-0.0","{""Q0"":""Aqui, como examinador debes decirle al participante lo siguiente: <b>“Mire atentamente lo que estoy haciendo”</b>. Acto seguido debes realizar frente al sujeto y por tres repeticiones consecutivas la serie de Luria:  “puño, canto, palma”.<br><br>Una vez terminadas las tres repeticiones debe decir lo siguiente: “Ahora haga lo mismo con su mano derecha, primero conmigo y después solo.” Acto seguido, como examinador, realizas las series 3 veces con el participante y luego le dices: <b>“Ahora, hágalo usted solo”</b>.""}","{""Q0"":"" No completó al menos 3 consecutivas solo. Pero logró 3 series consecutivas con el examinador""}","[0]"
"","1457.3000000000466","IFS_002","IFS","survey-multi-choice","435","497562","0.0-492.0-0.0","{""Q0"":""Aquí, como examinador debes decirle al participante lo siguiente: <b>“Le voy a pedir que golpee la mesa dos veces cuando yo golpee una vez”</b>. Para asegurarse que el paciente comprendió bien la consigna, realice una serie de 3 pruebas: 1-1-1.<br><br>Acto seguido decir: <b>“Ahora, golpee la mesa una vez cuando yo golpeo dos veces”</b>. Para asegurarse que el paciente comprendió bien la consigna, realice una serie de 3 pruebas: 2-2-2.<br><br>Ahora, decir <b>“Ahora integre las dos instrucciones en respuesta a mis golpes”</b> como examinador, realice la siguiente serie: 1-1-2-1-2-2-2-1-1-2.""}","{""Q0"":"" Golpeó <b>como el examinador</b> al menos 4 veces consecutivas""}","[0]"
"","1089.1999999999534","IFS_003","IFS","survey-multi-choice","436","498655","0.0-493.0-0.0","{""Q0"":""Iniciar diciéndole al participante: <b>“Ahora golpee una vez cuando yo golpeo una vez”</b>. Para asegurarse que el paciente comprendió bien la consigna, realice una serie de 3 pruebas: 1-1-1.<br><br>Acto seguido decir: <b>“Ahora no golpee cuando yo golpeo dos veces”</b>. Para asegurarse que el paciente comprendió bien la consigna, realice una serie de 3 pruebas: 2-2-2.<br><br>Ahora, como examinador, realiza la siguiente serie: 1-1-2-1-2-2-2-1-1-2.""}","{""Q0"":"" Cometió uno o dos errores""}","[0]"
"[{""page_index"":0,""viewing_time"":614}]","614","instructions_002","IFS","instructions","437","499271","0.0-494.0-0.0","","",""
"","858.5999999998603","IFS_004","IFS","survey-multi-choice","438","500133","0.0-495.0-0.0","{""Q0"":""¿El participante acertó la secuencia de esta sección?""}","{""Q0"":"" No""}","[0]"
"","1190.8000000000466","IFS_005","IFS","survey-multi-choice","439","501329","0.0-496.0-0.0-0.0","{""Q0"":""¿El participante acertó la secuencia de esta sección?""}","{""Q0"":"" No""}","[0]"
"","997.8000000000466","IFS_016","IFS","survey-multi-choice","440","502334","0.0-507.0-0.0","{""Q0"":""El participante debe decir: Diciembre, Noviembre, Octubre, Septiembre, Agosto, Julio, Junio, Mayo, Abril, Marzo, Febrero, Enero""}","{""Q0"":"" Sin errores""}","[0]"
"[{""page_index"":0,""viewing_time"":645},{""page_index"":1,""viewing_time"":884}]","1529","instructions_003","IFS","instructions","441","503864","0.0-508.0-0.0","","",""
"","1403.0999999998603","IFS_017","IFS","survey-multi-select","442","505271","0.0-509.0-0.0","{""Q0"":""A continuación se muestran las secuencias que el participante debe completar, mencióneselas en voz alta y marque las que él señale correctamente en la hoja""}","{""Q0"":[""&nbsp;1-2""]}","[0]"
"[{""page_index"":0,""viewing_time"":575}]","575","instructions_004","IFS","instructions","443","505848","0.0-510.0-0.0","","",""
"","937","IFS_018","IFS","survey-text","444","506789","0.0-511.0-0.0","{""Q0"":""A continuación escriba la respuesta del participante:""}","{""Q0"":""Rzx8zoVz3e805AhTG6qPR6RsTH5Lv381K958tN6qQRwyT3x4xkJkJnqKJcHVQF6PAR9rFeYxNy""}",""
"","1043","IFS_019","IFS","survey-multi-choice","445","507836","0.0-512.0-0.0","{""Q0"":""La respuesta ideal era: <b>“Los que hablan mucho, suelen hacer poco”</b>. A continuación puntúe que tanto se acerca la respuesta del participante.""}","{""Q0"":"" Correcto (respuesta ideal)""}","[0]"
"","1033","IFS_020","IFS","survey-text","446","508877","0.0-513.0-0.0","{""Q0"":""A continuación escriba la respuesta del participante:""}","{""Q0"":""jqmK5HENNDkobeqSiIBiuRphwd4FyDxVewzuwWJQ2844aXUvsnJQNtvc8FIPHc1KcPZWxqF4R0KNUbUYewOoXRypXnXzmn7OehF8""}",""
"","1026","IFS_021","IFS","survey-multi-choice","447","509906","0.0-514.0-0.0","{""Q0"":""La respuesta ideal era: <b>“Tomar una actitud positiva frente a las adversidades”</b>. A continuación puntúe que tanto se acerca la respuesta del participante.""}","{""Q0"":"" No se parece en nada a la respuesta ideal o no tiene relación al refrán""}","[0]"
"","1053","IFS_022","IFS","survey-text","448","510963","0.0-515.0-0.0","{""Q0"":""A continuación escriba la respuesta del participante:""}","{""Q0"":""CdnqkrzOcsifpCHkaFmzePJxbHRBF7YupNAJWLKDfbOXAUJ0BuBeE5A7TPUhjbEZ7KnjiP7""}",""
"","1106.5","IFS_023","IFS","survey-multi-choice","449","512073","0.0-516.0-0.0","{""Q0"":""La respuesta ideal era: <b>“Carecer de algo cuando por tu profesión u oficio, no debiera  faltarte”</b>. A continuación puntúe que tanto se acerca la respuesta del participante.""}","{""Q0"":"" Correcto (respuesta ideal)""}","[0]"
"[{""page_index"":0,""viewing_time"":592}]","593","instructions_005","IFS","instructions","450","512667","0.0-517.0-0.0","","",""
"","929","IFS_024","IFS","survey-text","451","513601","0.0-518.0-0.0","{""Q0"":""Me pongo los zapatos y me ato los:""}","{""Q0"":""pwcs0iS7fjSLxKVxf1b87fwRxae4vlvez14afadRJmdpFlDhVUpDuIQXWidz5NjP""}",""
"","962","IFS_025","IFS","survey-text","452","514567","0.0-519.0-0.0","{""Q0"":""Peleaban como perro y:""}","{""Q0"":""Dp4urmMzpUuM64EfjoSfpFHAd2c0FIx6q3qgE9IcouLNI0x5Dfgqmih0dGiXdeJdgIIDQIRgoFZNqX9HbFjEp""}",""
"[{""page_index"":0,""viewing_time"":567}]","568","instructions_005","IFS","instructions","453","515137","0.0-520.0-0.0","","",""
"","854","IFS_026","IFS","survey-text","454","515995","0.0-521.0-0.0","{""Q0"":""Juan compró caramelos en el:""}","{""Q0"":""Xp2XjWMcjyRMEtsN""}",""
"","1118.6000000000931","IFS_027","IFS","survey-multi-choice","455","517117","0.0-522.0-0.0","{""Q0"":""A continuación puntúe la respuesta del participante.""}","{""Q0"":"" Palabra exacta""}","[0]"
"","955","IFS_028","IFS","survey-text","456","518078","0.0-523.0-0.0","{""Q0"":""Ojo por ojo y diente por:""}","{""Q0"":""r2yibEH1KADZwztcPAjRPlcJCCfo""}",""
"","935.1000000000931","IFS_029","IFS","survey-multi-choice","457","519017","0.0-524.0-0.0","{""Q0"":""A continuación puntúe la respuesta del participante.""}","{""Q0"":"" Palabra exacta""}","[0]"
"","900","IFS_030","IFS","survey-text","458","519921","0.0-525.0-0.0","{""Q0"":""Lave la ropa con agua y:""}","{""Q0"":""bRi0XAkD2Y2lMSR""}",""
"","989.5","IFS_031","IFS","survey-multi-choice","459","520913","0.0-526.0-0.0","{""Q0"":""A continuación puntúe la respuesta del participante.""}","{""Q0"":"" Palabra no tiene relación con el texto""}","[0]"
