"view_history","rt","trialid","procedure","trial_type","trial_index","time_elapsed","internal_node_id","stimulus","response"
"[{""page_index"":0,""viewing_time"":636}]","636","Instructions","Bank","instructions","49","34944","0.0-64.0-0.0","",""
"","1103","Bank_01","Bank","survey-text","50","36059","0.0-65.0-0.0","{""Q0"":""Indique su nombre completo""}","{""Q0"":""Gb2IG6WpFR7fz1eCTSIqTn8ssAw9fi6Y4XtZbCYoDHqlyMyOzRPljWrvspNc08dpJDGQ12SvO6B2UR1dYC0igEdsnpwNUwKxFiMI""}"
"","1337","Bank_02","Bank","survey-text","51","37403","0.0-66.0-0.0","{""Q0"":""Indique su rut , sin puntos ni guión y con dígito verificador""}","{""Q0"":""721205008""}"
"","1338.2999999988824","Bank_03","Bank","survey-html-form","52","38747","0.0-67.0-0.0","{""Q0"":""Seleccione su Banco""}","{""Q0"":""BCI-TBANC""}"
"","690.8999999985099","Bank_04","Bank","survey-html-form","53","39442","0.0-68.0-0.0","{""Q0"":""Elija el tipo de cuenta""}","{""Q0"":""Cuenta Rut""}"
"","574","Bank_05","Bank","survey-text","54","40021","0.0-69.0-0.0","{""Q0"":""Indique número de cuenta""}","{""Q0"":""51""}"
"","529.2000000011176","Bank_06","Bank","survey-html-form","55","40553","0.0-70.0-0.0","{""Q0"":""Indique su correo electrónico""}","{""Q0"":""sicnu@gmail.com""}"
