"view_history","rt","trialid","procedure","trial_type","trial_index","time_elapsed","internal_node_id","stimulus","response"
"[{""page_index"":0,""viewing_time"":888}]","889","Instructions_01","CEL","instructions","112","85183","0.0-131.0-0.0-0.0","",""
"","709","CEL_01","CEL","survey-multi-choice-vertical","113","85897","0.0-131.0-0.0-1.0","{""Q0"":""Su grupo está teniendo problemas para comenzar. Ha intentado que todos se sientan cómodos. Ha permitido que haya tiempo para acomodarse. Al parecer todos están interesados y cooperativos, pero nadie quiere ser el primero en hablar.""}","{""Q0"":"" Sugiere que el grupo vote qué hacer ahora.""}"
"","689","CEL_02","CEL","survey-multi-choice-vertical","114","86590","0.0-131.0-0.0-2.0","{""Q0"":""El grupo está operando excelentemente. Todos se llevan bien entre sí. La discusión es vívida. Cada uno está contribuyendo al grupo. Usted se quiere asegurar que esto continúe.""}","{""Q0"":"" Mantiene al grupo bajo firme control, sino el grupo perderá su momentum.""}"
"","638","CEL_03","CEL","survey-multi-choice-vertical","115","87231","0.0-131.0-0.0-3.0","{""Q0"":""El grupo ha sido muy productivo. Dos o tres personas han hecho la mayoría de la conversación y del trabajo. Todos parecen felices, pero le gustaría hacer algunos cambios de manera tal que más personas se involucraran""}","{""Q0"":"" Propondría los cambios. Explicaría, por qué son necesarios y luego permitiría que el grupo decida qué hacer.""}"
"","603","CEL_04","CEL","survey-multi-choice-vertical","116","87837","0.0-131.0-0.0-4.0","{""Q0"":""El grupo continúa trabajando bien y las relaciones entre los miembros del equipo son muy positivas. Se siente un poco inseguro sobre su falta de dirección del grupo.""}","{""Q0"":"" Lentamente se inserta para ir dándole al grupo una mayor dirección.""}"
"","628","CEL_05","CEL","survey-multi-choice-vertical","117","88468","0.0-131.0-0.0-5.0","{""Q0"":""El grupo estaba haciéndolo excelente, pero ahora se está desintegrando. Las personas del grupo están comenzando a dispersarse. Es difícil mantenerse en el tema. Uno de ellos ha sugerido que quizás el grupo debiera tomarse un receso por 2 o 3 meses.""}","{""Q0"":"" Lleva a votación la sugerencia sobre el receso.""}"
"","691","CEL_06","CEL","survey-multi-choice-vertical","118","89162","0.0-131.0-0.0-6.0","{""Q0"":""Su grupo ha completado una excelente discusión de un tema escogido por ellos, pero nadie quiere tomar acción, a pesar de que muchas de las actividades podrían ser apropiadas y estas ya han sido discutidas.""}","{""Q0"":"" Sugiere que el grupo avance hacia otro tema. Y si nadie se opone, hace un listado de los posibles temas.""}"
