"view_history","rt","trialid","procedure","trial_type","trial_index","time_elapsed","internal_node_id","stimulus","slider_start","response"
"[{""page_index"":0,""viewing_time"":530}]","531","Instructions_01","CS","instructions","251","201596","0.0-275.0-0.0","","",""
"","803.0999999996275","CS_01","CS","html-slider-response","252","202404","0.0-276.0-0.0","<div class='justified'>1. Presto mucha atención cuando otras personas me cuentan sus problemas.</div>","3","5"
"","678.1999999992549","CS_02","CS","html-slider-response","253","203089","0.0-277.0-0.0","<div class='justified'>2. Si veo que alguien está pasando por un momento difícil, trato de ser amable con esa persona.</div>","3","4"
"","703.0999999996275","CS_03","CS","html-slider-response","254","203795","0.0-278.0-0.0","<div class='justified'>3. No me preocupo por los problemas de los demás.</div>","3","3"
"","695.3000000007451","CS_04","CS","html-slider-response","255","204495","0.0-279.0-0.0","<div class='justified'>4. Todo el mundo se siente mal de vez en cuando, es parte de la vida.</div>","3","5"
"","734.9000000003725","CS_05","CS","html-slider-response","256","205236","0.0-280.0-0.0","<div class='justified'>5. Me doy cuenta cuando las personas están molestas, incluso si no dicen nada.</div>","3","3"
"","611.2000000011176","CS_06","CS","html-slider-response","257","205850","0.0-281.0-0.0","<div class='justified'>6. Me gusta estar presente para los otros en momentos de dificultad.</div>","3","3"
"","616.1999999992549","CS_07","CS","html-slider-response","258","206470","0.0-282.0-0.0","<div class='justified'>7. No pienso mucho en las preocupaciones de los demás.</div>","3","4"
"","571.8999999985099","CS_08","CS","html-slider-response","259","207045","0.0-283.0-0.0","<div class='justified'>8. Es importante reconocer que todas las personas tenemos debilidades y que nadie es perfecto.</div>","3","4"
"","561.4000000003725","CS_09","CS","html-slider-response","260","207610","0.0-284.0-0.0","<div class='justified'>9. Suelo escuchar con paciencia cuando la gente me cuenta sus problemas.</div>","3","1"
"","466.80000000074506","CS_10","CS","html-slider-response","261","208080","0.0-285.0-0.0","<div class='justified'>10. Mi corazón se dirige hacia las personas que no son felices.</div>","3","1"
"","557.4000000003725","CS_11","CS","html-slider-response","262","208641","0.0-286.0-0.0","<div class='justified'>11. Trato de evitar a las personas cuando están experimentando mucho dolor.</div>","3","5"
"","475.69999999925494","CS_12","CS","html-slider-response","263","209119","0.0-287.0-0.0","<div class='justified'>12. El sufrimiento es simplemente parte de nuestra experiencia humana.</div>","3","4"
"","503.2000000011176","CS_13","CS","html-slider-response","264","209626","0.0-288.0-0.0","<div class='justified'>13. Cuando los demás me cuentan sus problemas, trato de mantener una perspectiva equilibrada sobre la situación.</div>","3","3"
"","570.2999999988824","CS_14","CS","html-slider-response","265","210199","0.0-289.0-0.0","<div class='justified'>14. Cuando las personas están tristes, trato de consolarlas.</div>","3","3"
"","537","CS_15","CS","html-slider-response","266","210739","0.0-290.0-0.0","<div class='justified'>15. No me siento emocionalmente conectado con las personas que están sufriendo.</div>","3","2"
"","585.7999999988824","CS_16","CS","html-slider-response","267","211328","0.0-291.0-0.0","<div class='justified'>16. Pese a mis diferencias con los demás, sé que al igual que yo, todos tienen sus dolores.</div>","3","4"
