"view_history","rt","trialid","procedure","trial_type","trial_index","time_elapsed","internal_node_id","stimulus","response"
"[{""page_index"":0,""viewing_time"":541}]","541","Instructions_01","IBT","instructions","706","547789","0.0-693.0-0.0","",""
"","1053","IBT_01","IBT","survey-multi-choice-horizontal","707","548851","0.0-694.0-0.0","{""Q0"":""A menudo compro cosas de manera espontánea.""}","{""Q0"":""Muy en desacuerdo""}"
"","866","IBT_02","IBT","survey-multi-choice-horizontal","708","549728","0.0-695.0-0.0","{""Q0"":""“Ya mismo” describe la forma en que compro las cosas.""}","{""Q0"":""Muy de acuerdo""}"
"","787","IBT_03","IBT","survey-multi-choice-horizontal","709","550522","0.0-696.0-0.0","{""Q0"":""A menudo compro cosas sin pensar.""}","{""Q0"":""De acuerdo""}"
"","884","IBT_04","IBT","survey-multi-choice-horizontal","710","551416","0.0-697.0-0.0","{""Q0"":""Si veo algo que quiero, lo compro.""}","{""Q0"":""De acuerdo""}"
"","893","IBT_05","IBT","survey-multi-choice-horizontal","711","552331","0.0-698.0-0.0","{""Q0"":""“Compro primero y pienso después” me describe bien.""}","{""Q0"":""En desacuerdo""}"
"","1112","IBT_06","IBT","survey-multi-choice-horizontal","712","553454","0.0-699.0-0.0","{""Q0"":""Algunas veces soy un poco insensato (irracional, ilógico) comprando.""}","{""Q0"":""Neutral""}"
"","965","IBT_07","IBT","survey-multi-choice-horizontal","713","554426","0.0-700.0-0.0","{""Q0"":""Compro cosas según cómo me siento en el momento.""}","{""Q0"":""En desacuerdo""}"
"","991","IBT_08","IBT","survey-multi-choice-horizontal","714","555430","0.0-701.0-0.0","{""Q0"":""Planifico cuidadosamente la mayoría de las compras.""}","{""Q0"":""De acuerdo""}"
"","799","IBT_09","IBT","survey-multi-choice-horizontal","715","556238","0.0-702.0-0.0","{""Q0"":""Algunas veces soy un poco imprudente con lo que compro.""}","{""Q0"":""Muy de acuerdo""}"
