"view_history","rt","trialid","procedure","trial_type","trial_index","time_elapsed","internal_node_id","stimulus","response","question_order"
"[{""page_index"":0,""viewing_time"":776}]","776","Instructions_001","SWBS","instructions","447","509547","0.0-537.0-0.0","","",""
"","1304.3999999999069","SWBS_001","SWBS","survey-multi-choice","448","510854","0.0-538.0-0.0","{""Q0"":""Siento que soy parte importante de mi comunidad.""}","{""Q0"":"" Totalmente de acuerdo""}","[0]"
"","1224.8999999999069","SWBS_002","SWBS","survey-multi-choice","449","512082","0.0-539.0-0.0","{""Q0"":""Creo que la gente me valora como persona.""}","{""Q0"":"" Ni de acuerdo ni en desacuerdo""}","[0]"
"","1154.3999999999069","SWBS_003","SWBS","survey-multi-choice","450","513240","0.0-540.0-0.0","{""Q0"":""Si tengo algo que decir, creo que la mayoría de la gente me escucharía.""}","{""Q0"":"" Totalmente en desacuerdo""}","[0]"
"","1183.8999999999069","SWBS_004","SWBS","survey-multi-choice","451","514426","0.0-541.0-0.0","{""Q0"":""Me siento cercana/o a otra gente.""}","{""Q0"":"" Un poco en desacuerdo""}","[0]"
"","1165.5999999998603","SWBS_005","SWBS","survey-multi-choice","452","515595","0.0-542.0-0.0","{""Q0"":""Si tuviera algo que decir, pienso que la gente no se lo tomaría en serio.""}","{""Q0"":"" Totalmente en desacuerdo""}","[0]"
"","1732.3000000000466","SWBS_006","SWBS","survey-multi-choice","453","517331","0.0-543.0-0.0","{""Q0"":""No me siento pertenecer a ningún grupo social.""}","{""Q0"":"" Un poco en desacuerdo""}","[0]"
"","1105.1000000000931","SWBS_007","SWBS","survey-multi-choice","454","518441","0.0-544.0-0.0","{""Q0"":""La sociedad en la que vivo es una fuente de bienestar.""}","{""Q0"":"" Un poco de acuerdo""}","[0]"
"","1108.6000000000931","SWBS_008","SWBS","survey-multi-choice","455","519554","0.0-545.0-0.0","{""Q0"":""Creo que la gente no es de fiar.""}","{""Q0"":"" Totalmente en desacuerdo""}","[0]"
"","1172.9000000001397","SWBS_009","SWBS","survey-multi-choice","456","520730","0.0-546.0-0.0","{""Q0"":""Creo que las personas sólo piensan en sí mismas.""}","{""Q0"":"" Ni de acuerdo ni en desacuerdo""}","[0]"
"","1271.8000000000466","SWBS_010","SWBS","survey-multi-choice","457","522006","0.0-547.0-0.0","{""Q0"":""Creo que no se debe confiar en la gente.""}","{""Q0"":"" Un poco en desacuerdo""}","[0]"
"","1603.8999999999069","SWBS_011","SWBS","survey-multi-choice","458","523614","0.0-548.0-0.0","{""Q0"":""Creo que la gente es egoísta.""}","{""Q0"":"" Un poco de acuerdo""}","[0]"
"","1304.3000000000466","SWBS_012","SWBS","survey-multi-choice","459","524923","0.0-549.0-0.0","{""Q0"":""Hoy en día, la gente es cada vez más deshonesta.""}","{""Q0"":"" Totalmente de acuerdo""}","[0]"
"","1152.3999999999069","SWBS_013","SWBS","survey-multi-choice","460","526079","0.0-550.0-0.0","{""Q0"":""Las personas no se preocupan de los problemas de otros.""}","{""Q0"":"" Un poco en desacuerdo""}","[0]"
"","1249.6999999999534","SWBS_014","SWBS","survey-multi-choice","461","527334","0.0-551.0-0.0","{""Q0"":""Creo que las personas son amables.""}","{""Q0"":"" Un poco en desacuerdo""}","[0]"
"","1107.3000000000466","SWBS_015","SWBS","survey-multi-choice","462","528450","0.0-552.0-0.0","{""Q0"":""Las personas no esperan nada a cambio cuando hacen un favor.""}","{""Q0"":"" Un poco de acuerdo""}","[0]"
"","1078.6000000000931","SWBS_016","SWBS","survey-multi-choice","463","529531","0.0-553.0-0.0","{""Q0"":""Creo que puedo aportar algo al mundo.""}","{""Q0"":"" Totalmente de acuerdo""}","[0]"
"","1113","SWBS_017","SWBS","survey-multi-choice","464","530647","0.0-554.0-0.0","{""Q0"":""No tengo nada importante que ofrecer a la sociedad.""}","{""Q0"":"" Totalmente en desacuerdo""}","[0]"
"","1053","SWBS_018","SWBS","survey-multi-choice","465","531703","0.0-555.0-0.0","{""Q0"":""Mis actividades diarias no aportan nada que valga la pena a la sociedad.""}","{""Q0"":"" Totalmente en desacuerdo""}","[0]"
"","1113.0999999998603","SWBS_019","SWBS","survey-multi-choice","466","532819","0.0-556.0-0.0","{""Q0"":""No tengo ni el tiempo ni la energía para aportar algo a la sociedad.""}","{""Q0"":"" Ni de acuerdo ni en desacuerdo""}","[0]"
"","1377.0999999998603","SWBS_020","SWBS","survey-multi-choice","467","534199","0.0-557.0-0.0","{""Q0"":""Pienso que lo que hago es importante para la sociedad.""}","{""Q0"":"" Totalmente en desacuerdo""}","[0]"
"","1079.5999999998603","SWBS_021","SWBS","survey-multi-choice","468","535282","0.0-558.0-0.0","{""Q0"":""Lo que hago tiene alguna influencia sobre otras personas.""}","{""Q0"":"" Un poco de acuerdo""}","[0]"
"","1082.5999999998603","SWBS_022","SWBS","survey-multi-choice","469","536368","0.0-559.0-0.0","{""Q0"":""Para mí el progreso social es algo que no existe.""}","{""Q0"":"" Ni de acuerdo ni en desacuerdo""}","[0]"
"","1116.2000000001863","SWBS_023","SWBS","survey-multi-choice","470","537487","0.0-560.0-0.0","{""Q0"":""La sociedad no ofrece incentivos para gente como yo.""}","{""Q0"":"" Totalmente en desacuerdo""}","[0]"
"","1237.6999999999534","SWBS_024","SWBS","survey-multi-choice","471","538728","0.0-561.0-0.0","{""Q0"":""Veo que la sociedad está en continuo desarrollo.""}","{""Q0"":"" Un poco en desacuerdo""}","[0]"
"","1137.8000000000466","SWBS_025","SWBS","survey-multi-choice","472","539868","0.0-562.0-0.0","{""Q0"":""No creo que instituciones como la justicia o el gobierno mejoren mi vida.""}","{""Q0"":"" Totalmente en desacuerdo""}","[0]"
"","1032.7999999998137","SWBS_026","SWBS","survey-multi-choice","473","540903","0.0-563.0-0.0","{""Q0"":""La sociedad ya no progresa.""}","{""Q0"":"" Un poco de acuerdo""}","[0]"
"","1174.1999999999534","SWBS_027","SWBS","survey-multi-choice","474","542081","0.0-564.0-0.0","{""Q0"":""El mundo es cada vez un lugar mejor para la gente.""}","{""Q0"":"" Totalmente de acuerdo""}","[0]"
"","1107.6999999999534","SWBS_028","SWBS","survey-multi-choice","475","543192","0.0-565.0-0.0","{""Q0"":""No entiendo lo que está pasando en el mundo.""}","{""Q0"":"" Ni de acuerdo ni en desacuerdo""}","[0]"
"","1034.5","SWBS_029","SWBS","survey-multi-choice","476","544230","0.0-566.0-0.0","{""Q0"":""El mundo es demasiado complejo para mí.""}","{""Q0"":"" Totalmente de acuerdo""}","[0]"
"","1122.0999999998603","SWBS_030","SWBS","survey-multi-choice","477","545355","0.0-567.0-0.0","{""Q0"":""No merece la pena esforzarse en intentar comprender el mundo en el que vivo.""}","{""Q0"":"" Totalmente en desacuerdo""}","[0]"
"","1064.5","SWBS_031","SWBS","survey-multi-choice","478","546423","0.0-568.0-0.0","{""Q0"":""Muchas culturas son tan extrañas que no puedo comprenderlas.""}","{""Q0"":"" Un poco en desacuerdo""}","[0]"
"","1098.3999999999069","SWBS_032","SWBS","survey-multi-choice","479","547524","0.0-569.0-0.0","{""Q0"":""Los científicos son los únicos que pueden entender cómo funciona el mundo.""}","{""Q0"":"" Ni de acuerdo ni en desacuerdo""}","[0]"
"","1147.1000000000931","SWBS_033","SWBS","survey-multi-choice","480","548674","0.0-570.0-0.0","{""Q0"":""Me resulta fácil predecir lo que puede suceder en el futuro.""}","{""Q0"":"" Un poco de acuerdo""}","[0]"
