"view_history","rt","trialid","procedure","trial_type","trial_index","time_elapsed","internal_node_id","stimulus","response","question_order"
"[{""page_index"":0,""viewing_time"":753}]","753","Instructions_001","WAST","instructions","555","627182","0.0-633.0-0.0","","",""
"","948.9000000001397","WAST_000","WAST","survey-multi-choice","556","628136","0.0-634.0-0.0","{""Q0"":""Indique su sexo""}","{""Q0"":"" Femenino""}","[0]"
"","1048.3000000000466","WAST_001","WAST","survey-multi-choice","557","629189","0.0-635.0-0.0-0.0","{""Q0"":""En general, ¿cómo describiría su relación con su pareja?""}","{""Q0"":"" Estresante""}","[0]"
"","936.6000000000931","WAST_002","WAST","survey-multi-choice","558","630130","0.0-636.0-0.0-0.0","{""Q0"":""Usted y su pareja resuelven sus discusiones con:""}","{""Q0"":"" Mucha dificultad""}","[0]"
"","924.6000000000931","WAST_003","WAST","survey-multi-choice","559","631058","0.0-637.0-0.0-0.0","{""Q0"":""Al terminar las discusiones, ¿usted se siente decaída o mal con usted misma?""}","{""Q0"":"" A veces""}","[0]"
"","1015.0999999998603","WAST_004","WAST","survey-multi-choice","560","632077","0.0-638.0-0.0-0.0","{""Q0"":""Las discusiones terminan en golpes, patadas o empujones""}","{""Q0"":"" A veces""}","[0]"
"","887.6999999999534","WAST_005","WAST","survey-multi-choice","561","632969","0.0-639.0-0.0-0.0","{""Q0"":""Hay situaciones en las cuales ha sentido miedo de las reacciones de su pareja""}","{""Q0"":"" Nunca""}","[0]"
"","931.6000000000931","WAST_006","WAST","survey-multi-choice","562","633905","0.0-640.0-0.0-0.0","{""Q0"":""Su pareja, ¿controla el dinero que usted gasta, o la obliga a realizar trabajo en exceso?""}","{""Q0"":"" A veces""}","[0]"
"","908.7000000001863","WAST_007","WAST","survey-multi-choice","563","634818","0.0-641.0-0.0-0.0","{""Q0"":""Su pareja la insulta, garabatea, grita, humilla y descalifica verbalmente""}","{""Q0"":"" A veces""}","[0]"
"","946","WAST_008","WAST","survey-multi-choice","564","635767","0.0-642.0-0.0-0.0","{""Q0"":""¿Se ha sentido obligada a tener relaciones sexuales con su pareja para evitar problemas?""}","{""Q0"":"" A veces""}","[0]"
