"view_history","rt","trialid","procedure","trial_type","trial_index","time_elapsed","internal_node_id","stimulus","response"
"[{""page_index"":0,""viewing_time"":835}]","835","Instructions_01","CEL","instructions","112","85428","0.0-131.0-0.0-0.0","",""
"","718","CEL_01","CEL","survey-multi-choice-vertical","113","86152","0.0-131.0-0.0-1.0","{""Q0"":""Su grupo está teniendo problemas para comenzar. Ha intentado que todos se sientan cómodos. Ha permitido que haya tiempo para acomodarse. Al parecer todos están interesados y cooperativos, pero nadie quiere ser el primero en hablar.""}","{""Q0"":"" Asigna tareas específicas a diferentes personas y los ayuda a completar con sus tareas.""}"
"","683","CEL_02","CEL","survey-multi-choice-vertical","114","86841","0.0-131.0-0.0-2.0","{""Q0"":""El grupo está operando excelentemente. Todos se llevan bien entre sí. La discusión es vívida. Cada uno está contribuyendo al grupo. Usted se quiere asegurar que esto continúe.""}","{""Q0"":"" Se asegura que se llegue a un acuerdo en cada punto, antes de proceder.""}"
"","620","CEL_03","CEL","survey-multi-choice-vertical","115","87464","0.0-131.0-0.0-3.0","{""Q0"":""El grupo ha sido muy productivo. Dos o tres personas han hecho la mayoría de la conversación y del trabajo. Todos parecen felices, pero le gustaría hacer algunos cambios de manera tal que más personas se involucraran""}","{""Q0"":"" Propondría los cambios. Explicaría, por qué son necesarios y luego permitiría que el grupo decida qué hacer.""}"
"","630","CEL_04","CEL","survey-multi-choice-vertical","116","88097","0.0-131.0-0.0-4.0","{""Q0"":""El grupo continúa trabajando bien y las relaciones entre los miembros del equipo son muy positivas. Se siente un poco inseguro sobre su falta de dirección del grupo.""}","{""Q0"":"" Le pregunta al grupo si usted debiera proveer... y luego cumple con sus deseos.""}"
"","581","CEL_05","CEL","survey-multi-choice-vertical","117","88682","0.0-131.0-0.0-5.0","{""Q0"":""El grupo estaba haciéndolo excelente, pero ahora se está desintegrando. Las personas del grupo están comenzando a dispersarse. Es difícil mantenerse en el tema. Uno de ellos ha sugerido que quizás el grupo debiera tomarse un receso por 2 o 3 meses.""}","{""Q0"":"" Propone un nuevo curso de acción para el grupo. Si nadie se opone firmemente, designa tareas y luego observa que estas se lleven a cabo.""}"
"","588","CEL_06","CEL","survey-multi-choice-vertical","118","89272","0.0-131.0-0.0-6.0","{""Q0"":""Su grupo ha completado una excelente discusión de un tema escogido por ellos, pero nadie quiere tomar acción, a pesar de que muchas de las actividades podrían ser apropiadas y estas ya han sido discutidas.""}","{""Q0"":"" Se mantiene en silencio hasta que el grupo tome una decisión.""}"
