"view_history","rt","trialid","procedure","trial_type","trial_index","time_elapsed","internal_node_id","stimulus","response"
"[{""page_index"":0,""viewing_time"":805}]","805","Instructions_01","CAS","instructions","91","69418","0.0-108.0-0.0","",""
"","860","CAS_001","CAS","survey-multi-choice-vertical","92","70282","0.0-109.0-0.0","{""Q0"":""Me siento mal cuando pienso en COVID-19.""}","{""Q0"":"" 3 Me sucede mucho""}"
"","756","CAS_002","CAS","survey-multi-choice-vertical","93","71041","0.0-110.0-0.0","{""Q0"":""Siento que se me acelera el corazón cuando leo sobre COVID-19.""}","{""Q0"":"" 0 No me sucede""}"
"","679","CAS_003","CAS","survey-multi-choice-vertical","94","71724","0.0-111.0-0.0","{""Q0"":""Me siento ansioso con respecto a COVID-19.""}","{""Q0"":"" 2 A veces me sucede""}"
"","717","CAS_004","CAS","survey-multi-choice-vertical","95","72445","0.0-112.0-0.0","{""Q0"":""Me siento incómodo cuando leo noticias sobre COVID-19.""}","{""Q0"":"" 0 No me sucede""}"
"","782","CAS_005","CAS","survey-multi-choice-vertical","96","73232","0.0-113.0-0.0","{""Q0"":""Me cuesta relajarme cuando pienso en COVID-19.""}","{""Q0"":"" 0 No me sucede""}"
"","752","CAS_006","CAS","survey-multi-choice-vertical","97","73988","0.0-114.0-0.0","{""Q0"":""Siento que puedo entrar en pánico cuando me pongo al día sobre COVID-19.""}","{""Q0"":"" 0 No me sucede""}"
"","772","CAS_007","CAS","survey-multi-choice-vertical","98","74764","0.0-115.0-0.0","{""Q0"":""Tengo miedo de infectarme con COVID-19.""}","{""Q0"":"" 3 Me sucede mucho""}"
