"view_history","rt","trialid","procedure","trial_type","trial_index","time_elapsed","internal_node_id","stimulus","response","question_order"
"[{""page_index"":0,""viewing_time"":539}]","539","Instructions_001","GASP","instructions","594","472176","0.0-638.0-0.0","","",""
"","1180.6000000014901","GASP_001","GASP","survey-multi-choice","595","473362","0.0-639.0-0.0","{""Q0"":""Después de darte cuenta de que te han devuelto demasiado cambio tras una compra, decides quedártelo porque el dependiente no se ha dado cuenta. ¿Cuál es la probabilidad de que te sintieses incómodo/a al quedarte el dinero?""}","{""Q0"":"" Improbable""}","[0]"
"","930.3999999985099","GASP_002","GASP","survey-multi-choice","596","474297","0.0-640.0-0.0","{""Q0"":""Te informan en privado de que eres el/la único/a a quien no han otorgado la entrada a la sociedad de honor de la escuela porque te has saltado demasiados días de clases. ¿Cuál es la probabilidad de que este hecho te llevase a ser más responsable con la asistencia a las clases?""}","{""Q0"":"" Probable""}","[0]"
"","953","GASP_003","GASP","survey-multi-choice","597","475254","0.0-641.0-0.0","{""Q0"":""Arrancas un artículo de una revista en una librería y te lo llevas contigo. Tu profesor lo descubre y se lo cuenta al librero y a todos tus compañeros de clase. ¿Cuál es la probabilidad de que esto te hiciese sentir como una mala persona?""}","{""Q0"":"" Ligeramente probable""}","[0]"
"","982.6999999992549","GASP_004","GASP","survey-multi-choice","598","476241","0.0-642.0-0.0","{""Q0"":""Después de cometer un grave error en un importante proyecto de trabajo en el que la gente dependía de ti, tu jefe te critica delante de todos tus compañeros. ¿Cuál es la probabilidad de que fingieses estar enfermo y dejases el trabajo?""}","{""Q0"":"" Probable""}","[0]"
"","956.4000000003725","GASP_005","GASP","survey-multi-choice","599","477202","0.0-643.0-0.0","{""Q0"":""Revelas el secreto de un amigo, aunque este no se entera. ¿Cuál es la probabilidad de que tu fallo al guardar el secreto te llevase a esforzarte más en mantener los secretos en el futuro?""}","{""Q0"":"" Improbable""}","[0]"
"","910.0999999996275","GASP_006","GASP","survey-multi-choice","600","478117","0.0-644.0-0.0","{""Q0"":""Haces una mala presentación en el trabajo. Después tu jefe les dice a tus compañeros de trabajo que fue culpa tuya perder el contrato con esa empresa. ¿Cuál es la probabilidad de que te sintieses incompetente?""}","{""Q0"":"" Probable""}","[0]"
"","874.9000000003725","GASP_007","GASP","survey-multi-choice","601","478995","0.0-645.0-0.0","{""Q0"":""Un amigo te dice que presumes demasiado. ¿Cuál es la probabilidad de que dejases de pasar tiempo con ese amigo?""}","{""Q0"":"" Ligeramente probable""}","[0]"
"","897.5","GASP_008","GASP","survey-multi-choice","602","479896","0.0-646.0-0.0","{""Q0"":""Tu casa está muy desordenada e invitados inesperados llaman a tu puerta y les invitas a pasar. ¿Cuál es la probabilidad de que evitases a los invitados hasta que se fuesen?""}","{""Q0"":"" Improbable""}","[0]"
"","883.5999999996275","GASP_009","GASP","survey-multi-choice","603","480783","0.0-647.0-0.0","{""Q0"":""En secreto cometes un delito grave. ¿Cuál es la probabilidad de que sintieras arrepentimiento por haber roto la ley?""}","{""Q0"":"" Cerca del 50% de probabilidades""}","[0]"
"","954.5999999996275","GASP_010","GASP","survey-multi-choice","604","481742","0.0-648.0-0.0","{""Q0"":""En una demanda exageras exitosamente los daños que sufriste. Meses más tarde, tu mentira se descubre y eres acusado de perjuicio. ¿Cuál es la probabilidad de que sintieras que eres un ser humano despreciable?""}","{""Q0"":"" Probable""}","[0]"
"","1226.7999999988824","GASP_011","GASP","survey-multi-choice","605","482976","0.0-649.0-0.0","{""Q0"":""Defiendes firmemente un punto de vista en una discusión, y aunque nadie lo nota, te das cuenta de que estabas equivocado. ¿Cuál es la probabilidad de que esta situación te hiciese pensar más detenidamente antes de hablar?""}","{""Q0"":"" Muy improbable""}","[0]"
"","895","GASP_012","GASP","survey-multi-choice","606","483876","0.0-650.0-0.0","{""Q0"":""Te llevas a casa material de oficina para uso personal y tu jefe te descubre. ¿Cuál es la probabilidad de que esta situación te llevase a dimitir de tu empleo?""}","{""Q0"":"" Ligeramente probable""}","[0]"
"","955.8999999985099","GASP_013","GASP","survey-multi-choice","607","484836","0.0-651.0-0.0","{""Q0"":""Cometes un error en el trabajo y descubres que han culpado a un compañero tuyo por ese error. Después, tu compañero se enfrenta a ti debido al error. ¿Cuál es la probabilidad de que te sintieras como un cobarde?""}","{""Q0"":"" Ligeramente probable""}","[0]"
"","899.0999999996275","GASP_014","GASP","survey-multi-choice","608","485740","0.0-652.0-0.0","{""Q0"":""En la fiesta de inauguración de la casa de un compañero derramas vino tinto sobre su nueva alfombra de color crema. Cubres la mancha con una silla para que nadie más se dé cuenta del desastre. ¿Cuál es la probabilidad de que sintieras que la forma en la que actuaste fue patética?""}","{""Q0"":"" Probable""}","[0]"
"","895.1999999992549","GASP_015","GASP","survey-multi-choice","609","486640","0.0-653.0-0.0","{""Q0"":""Mientras discutes un tema importante con tus amigos, te das cuenta de que les estas gritando, aunque nadie más lo nota. ¿Cuál es la probabilidad de que intentases actuar de una manera más considerada hacia tus amigos?""}","{""Q0"":"" Cerca del 50% de probabilidades""}","[0]"
"","1121.800000000745","GASP_016","GASP","survey-multi-choice","610","487766","0.0-654.0-0.0","{""Q0"":""Mientes a gente que nunca se entera de ello. ¿Cuál es la probabilidad de que te sintieras terrible acerca de las mentiras que les has dicho?""}","{""Q0"":"" Probable""}","[0]"
