"view_history","rt","trialid","procedure","trial_type","trial_index","time_elapsed","internal_node_id","stimulus","button_pressed","condition_within","slider_start","response"
"[{""page_index"":0,""viewing_time"":476}]","476","Instructions_01","HRPVB","instructions","632","506982","0.0-679.0-0.0","","","","",""
"[{""page_index"":0,""viewing_time"":533}]","533","Instructions_02","HRPVB","instructions","633","507521","0.0-680.0-0.0","","","","",""
"","453.3999999985099","HRPVB_01_00","HRPVB","html-button-response","634","507983","0.0-681.0-0.0-0.0","Problemas respiratorios del recién nacido","0","Problemas respiratorios del recién nacido","",""
"","595.8000000007451","HRPVB_01_01","HRPVB","html-slider-response","635","508585","0.0-681.0-0.0-1.0","cesarea","","Problemas respiratorios del recién nacido; cesarea","50","49.1"
"","700.3000000007451","HRPVB_01_02","HRPVB","html-slider-response","636","509290","0.0-681.0-0.0-2.0","vaginal","","Problemas respiratorios del recién nacido; vaginal","50","45.9"
"","457.59999999962747","HRPVB_02_00","HRPVB","html-button-response","637","509752","0.0-681.0-0.0-0.1","Lesión en el cerebro del bebe por falta de oxígeno","0","Lesión en el cerebro del bebe por falta de oxígeno","",""
"","623.3000000007451","HRPVB_02_01","HRPVB","html-slider-response","638","510378","0.0-681.0-0.0-1.1","cesarea","","Lesión en el cerebro del bebe por falta de oxígeno; cesarea","50","46.8"
"","698.9000000003725","HRPVB_02_02","HRPVB","html-slider-response","639","511081","0.0-681.0-0.0-2.1","vaginal","","Lesión en el cerebro del bebe por falta de oxígeno; vaginal","50","53.3"
"","396.90000000037253","HRPVB_04_00","HRPVB","html-button-response","640","511481","0.0-681.0-0.0-0.2","Dificultades para inicio temprano de lactancia materna","0","Dificultades para inicio temprano de lactancia materna","",""
"","537.1000000014901","HRPVB_04_02","HRPVB","html-slider-response","641","512022","0.0-681.0-0.0-1.2","vaginal","","Dificultades para inicio temprano de lactancia materna; vaginal","50","48.3"
"","676.5999999996275","HRPVB_04_01","HRPVB","html-slider-response","642","512704","0.0-681.0-0.0-2.2","cesarea","","Dificultades para inicio temprano de lactancia materna; cesarea","50","54.4"
"","521.4000000003725","HRPVB_03_00","HRPVB","html-button-response","643","513232","0.0-681.0-0.0-0.3","Hospitalización en cuidados intensivos neonatales","0","Hospitalización en cuidados intensivos neonatales","",""
"","671.3000000007451","HRPVB_03_02","HRPVB","html-slider-response","644","513909","0.0-681.0-0.0-1.3","vaginal","","Hospitalización en cuidados intensivos neonatales; vaginal","50","53.2"
"","610.3000000007451","HRPVB_03_01","HRPVB","html-slider-response","645","514524","0.0-681.0-0.0-2.3","cesarea","","Hospitalización en cuidados intensivos neonatales; cesarea","50","46.3"
"[{""page_index"":0,""viewing_time"":450}]","450","Instructions_02","HRPVB","instructions","646","514978","0.0-682.0-0.0","","","","",""
"","399","HRPVB_08_00","HRPVB","html-button-response","647","515383","0.0-683.0-0.0-0.0","Infección de la herida","0","Infección de la herida","",""
"","601.8000000007451","HRPVB_08_02","HRPVB","html-slider-response","648","515992","0.0-683.0-0.0-1.0","vaginal","","Infección de la herida; vaginal","50","50.6"
"","539.9000000003725","HRPVB_08_01","HRPVB","html-slider-response","649","516537","0.0-683.0-0.0-2.0","cesarea","","Infección de la herida; cesarea","50","48.6"
"","390.6000000014901","HRPVB_05_00","HRPVB","html-button-response","650","516931","0.0-683.0-0.0-0.1","Complicaciones de la anestesia","0","Complicaciones de la anestesia","",""
"","587.2999999988824","HRPVB_05_02","HRPVB","html-slider-response","651","517521","0.0-683.0-0.0-1.1","vaginal","","Complicaciones de la anestesia; vaginal","50","51.9"
"","523.8999999985099","HRPVB_05_01","HRPVB","html-slider-response","652","518049","0.0-683.0-0.0-2.1","cesarea","","Complicaciones de la anestesia; cesarea","50","48"
"","392.2999999988824","HRPVB_07_00","HRPVB","html-button-response","653","518445","0.0-683.0-0.0-0.2","Histerectomía (extracción del útero)","0","Histerectomía (extracción del útero)","",""
"","547.7999999988824","HRPVB_07_01","HRPVB","html-slider-response","654","518997","0.0-683.0-0.0-1.2","cesarea","","Histerectomía (extracción del útero); cesarea","50","54.2"
"","569.5999999996275","HRPVB_07_02","HRPVB","html-slider-response","655","519571","0.0-683.0-0.0-2.2","vaginal","","Histerectomía (extracción del útero); vaginal","50","49.5"
"","439.80000000074506","HRPVB_10_00","HRPVB","html-button-response","656","520013","0.0-683.0-0.0-0.3","Hospitalización de la madre en cuidados intensivos","0","Hospitalización de la madre en cuidados intensivos","",""
"","571.5","HRPVB_10_02","HRPVB","html-slider-response","657","520589","0.0-683.0-0.0-1.3","vaginal","","Hospitalización de la madre en cuidados intensivos; vaginal","50","54.4"
"","553.5","HRPVB_10_01","HRPVB","html-slider-response","658","521147","0.0-683.0-0.0-2.3","cesarea","","Hospitalización de la madre en cuidados intensivos; cesarea","50","46.4"
"","397.19999999925494","HRPVB_11_00","HRPVB","html-button-response","659","521548","0.0-683.0-0.0-0.4","Depresión post parto","0","Depresión post parto","",""
"","623.5999999996275","HRPVB_11_02","HRPVB","html-slider-response","660","522175","0.0-683.0-0.0-1.4","vaginal","","Depresión post parto; vaginal","50","53.8"
"","703.5","HRPVB_11_01","HRPVB","html-slider-response","661","522883","0.0-683.0-0.0-2.4","cesarea","","Depresión post parto; cesarea","50","53.5"
"","468.90000000037253","HRPVB_09_00","HRPVB","html-button-response","662","523355","0.0-683.0-0.0-0.5","Lesión de la vagina","0","Lesión de la vagina","",""
"","642.2000000011176","HRPVB_09_01","HRPVB","html-slider-response","663","524002","0.0-683.0-0.0-1.5","cesarea","","Lesión de la vagina; cesarea","50","45.1"
"","628.0999999996275","HRPVB_09_02","HRPVB","html-slider-response","664","524634","0.0-683.0-0.0-2.5","vaginal","","Lesión de la vagina; vaginal","50","53.4"
"","399.5","HRPVB_06_00","HRPVB","html-button-response","665","525040","0.0-683.0-0.0-0.6","Paro cardíaco","0","Paro cardíaco","",""
"","665.0999999996275","HRPVB_06_02","HRPVB","html-slider-response","666","525710","0.0-683.0-0.0-1.6","vaginal","","Paro cardíaco; vaginal","50","47.1"
"","697.6999999992549","HRPVB_06_01","HRPVB","html-slider-response","667","526415","0.0-683.0-0.0-2.6","cesarea","","Paro cardíaco; cesarea","50","52.8"
