"view_history","rt","trialid","procedure","trial_type","trial_index","time_elapsed","internal_node_id","stimulus","slider_start","response"
"[{""page_index"":0,""viewing_time"":566}]","566","APrioriScreening_000","APrioriScreening","instructions","30","22428","0.0-40.0-0.0","","",""
"","623.6000000014901","APrioriScreening_001","APrioriScreening","html-slider-response","31","23054","0.0-41.0-0.0","Participating in screening always has more advantages than disadvantages.","50","7"
"","778","APrioriScreening_002","APrioriScreening","html-slider-response","32","23836","0.0-42.0-0.0","Participating in screening cannot hurt anyone.","50","69"
"","633.4000000003725","APrioriScreening_003","APrioriScreening","html-slider-response","33","24474","0.0-43.0-0.0","In my opinion, it is always better to get screened.","50","46"
"","609.8000000007451","APrioriScreening_004","APrioriScreening","html-slider-response","34","25089","0.0-44.0-0.0","If one has the opportunity, one should always participate in screening.","50","82"
"","649","APrioriScreening_005","APrioriScreening","html-slider-response","35","25742","0.0-45.0-0.0","Foregoing screening is irresponsible.","50","34"
