"view_history","rt","trialid","procedure","trial_type","trial_index","time_elapsed","internal_node_id","stimulus","response"
"[{""page_index"":0,""viewing_time"":582}]","582","Instructions_01","SASS","instructions","1295","932108","0.0-1355.0-0.0","",""
"","701","SASS_01","SASS","survey-multi-choice-vertical","1296","932816","0.0-1356.0-0.0","{""Q0"":""1. ¿Tiene usted algún trabajo?""}","{""Q0"":"" No""}"
"","871","SASS_03","SASS","survey-multi-choice-vertical","1297","933696","0.0-1358.0-0.0-0.0","{""Q0"":""2. ¿Qué tan interesado/a está en actividades relacionadas a su hogar?""}","{""Q0"":"" Medianamente""}"
"","798","SASS_04","SASS","survey-multi-choice-vertical","1298","934511","0.0-1359.0-0.0","{""Q0"":""3. Realiza estas actividades, con: ""}","{""Q0"":"" Algo de gozo""}"
"","795","SASS_05","SASS","survey-multi-choice-vertical","1299","935318","0.0-1360.0-0.0","{""Q0"":""4. ¿Está interesado/a en pasatiempos/ocio?""}","{""Q0"":"" Medianamente""}"
"","868","SASS_06","SASS","survey-multi-choice-vertical","1300","936196","0.0-1361.0-0.0","{""Q0"":""5. La calidad de tu tiempo libre es:""}","{""Q0"":"" Muy buena""}"
"","852","SASS_07","SASS","survey-multi-choice-vertical","1301","937058","0.0-1362.0-0.0","{""Q0"":""6. ¿Con qué frecuencia usted busca contacto con los miembros de su familia? (Cónyuges, Hijos, Padres, etc.)""}","{""Q0"":"" Nunca""}"
"","801","SASS_08","SASS","survey-multi-choice-vertical","1302","937869","0.0-1363.0-0.0","{""Q0"":""7. El estado de relaciones de su familia es:""}","{""Q0"":"" Justo""}"
"","767","SASS_09","SASS","survey-multi-choice-vertical","1303","938646","0.0-1364.0-0.0","{""Q0"":""8- Fuera de su familia, ¿tiene relaciones con:""}","{""Q0"":"" Pocas personas?""}"
"","789","SASS_10","SASS","survey-multi-choice-vertical","1304","939444","0.0-1365.0-0.0","{""Q0"":""9. ¿Intenta formar relaciones con otras personas:""}","{""Q0"":"" Activamente?""}"
"","763","SASS_11","SASS","survey-multi-choice-vertical","1305","940216","0.0-1366.0-0.0","{""Q0"":""10. ¿En general, cómo valora sus relaciones con otras personas?""}","{""Q0"":"" Justa""}"
"","1005","SASS_12","SASS","survey-multi-choice-vertical","1306","941229","0.0-1367.0-0.0","{""Q0"":""11. ¿Qué valor le otorga a sus relaciones con otras personas?""}","{""Q0"":"" Poco valor""}"
"","722","SASS_13","SASS","survey-multi-choice-vertical","1307","941961","0.0-1368.0-0.0","{""Q0"":""12. ¿Qué tan a menudo las personas en su círculo social buscan tomar contacto con usted?""}","{""Q0"":"" Muy a menudo""}"
"","823","SASS_14","SASS","survey-multi-choice-vertical","1308","942796","0.0-1369.0-0.0","{""Q0"":""13. ¿Se preocupa de las normas sociales, las buenas maneras, la cortesía, etc.?""}","{""Q0"":"" La mayor parte del tiempo""}"
"","747","SASS_15","SASS","survey-multi-choice-vertical","1309","943552","0.0-1370.0-0.0","{""Q0"":""14. ¿Hasta qué punto está usted involucrado/a en la vida comunitaria (Club, etc.)""}","{""Q0"":"" Moderadamente""}"
"","715","SASS_16","SASS","survey-multi-choice-vertical","1310","944275","0.0-1371.0-0.0","{""Q0"":""15. ¿Le gusta buscar información acerca de cosas, situaciones, y personas para mejorar su comprensión de ellos?""}","{""Q0"":"" Para nada""}"
"","760","SASS_17","SASS","survey-multi-choice-vertical","1311","945044","0.0-1372.0-0.0","{""Q0"":""16. ¿Está interesado/a en información científica, técnica o cultural?""}","{""Q0"":"" Levemente""}"
"","819","SASS_18","SASS","survey-multi-choice-vertical","1312","945872","0.0-1373.0-0.0","{""Q0"":""17. ¿Con qué frecuencia encuentra dificultad para expresar su opinión a las personas?""}","{""Q0"":"" A veces""}"
"","796","SASS_19","SASS","survey-multi-choice-vertical","1313","946681","0.0-1374.0-0.0","{""Q0"":""18. ¿Con qué frecuencia se siente rechazado/a o excluido/a de su círculo?""}","{""Q0"":"" Siempre""}"
"","799","SASS_20","SASS","survey-multi-choice-vertical","1314","947489","0.0-1375.0-0.0","{""Q0"":""19. ¿Qué tan importante considera su apariencia física?""}","{""Q0"":"" Moderadamente""}"
"","785","SASS_21","SASS","survey-multi-choice-vertical","1315","948281","0.0-1376.0-0.0","{""Q0"":""20. ¿En qué grado tiene dificultades para manejar sus recursos e ingresos económicos?""}","{""Q0"":"" Siempre""}"
"","730","SASS_22","SASS","survey-multi-choice-vertical","1316","949020","0.0-1377.0-0.0","{""Q0"":""21. ¿Se siente capaz de organizar su entorno de acuerdo a sus deseos y necesidades?""}","{""Q0"":"" No mucho""}"
