"view_history","rt","trialid","procedure","trial_type","trial_index","time_elapsed","internal_node_id","stimulus","response"
"[{""page_index"":0,""viewing_time"":479}]","479","Instructions_01","SASS","instructions","1323","957516","0.0-1355.0-0.0","",""
"","681","SASS_01","SASS","survey-multi-choice-vertical","1324","958204","0.0-1356.0-0.0","{""Q0"":""1. ¿Tiene usted algún trabajo?""}","{""Q0"":"" Si""}"
"","854","SASS_02","SASS","survey-multi-choice-vertical","1325","959067","0.0-1357.0-0.0-0.0","{""Q0"":""2. ¿Qué tan interesado/a está en su trabajo?""}","{""Q0"":"" Nada""}"
"","780","SASS_04","SASS","survey-multi-choice-vertical","1326","959858","0.0-1359.0-0.0","{""Q0"":""3. Realiza estas actividades, con: ""}","{""Q0"":"" Mucho gozo""}"
"","757","SASS_05","SASS","survey-multi-choice-vertical","1327","960623","0.0-1360.0-0.0","{""Q0"":""4. ¿Está interesado/a en pasatiempos/ocio?""}","{""Q0"":"" Medianamente""}"
"","753","SASS_06","SASS","survey-multi-choice-vertical","1328","961386","0.0-1361.0-0.0","{""Q0"":""5. La calidad de tu tiempo libre es:""}","{""Q0"":"" Muy buena""}"
"","744","SASS_07","SASS","survey-multi-choice-vertical","1329","962139","0.0-1362.0-0.0","{""Q0"":""6. ¿Con qué frecuencia usted busca contacto con los miembros de su familia? (Cónyuges, Hijos, Padres, etc.)""}","{""Q0"":"" Raramente""}"
"","761","SASS_08","SASS","survey-multi-choice-vertical","1330","962911","0.0-1363.0-0.0","{""Q0"":""7. El estado de relaciones de su familia es:""}","{""Q0"":"" Insatisfactorio""}"
"","847","SASS_09","SASS","survey-multi-choice-vertical","1331","963769","0.0-1364.0-0.0","{""Q0"":""8- Fuera de su familia, ¿tiene relaciones con:""}","{""Q0"":"" Nadie?""}"
"","759","SASS_10","SASS","survey-multi-choice-vertical","1332","964542","0.0-1365.0-0.0","{""Q0"":""9. ¿Intenta formar relaciones con otras personas:""}","{""Q0"":"" Muy activamente?""}"
"","788","SASS_11","SASS","survey-multi-choice-vertical","1333","965338","0.0-1366.0-0.0","{""Q0"":""10. ¿En general, cómo valora sus relaciones con otras personas?""}","{""Q0"":"" Buena""}"
"","743","SASS_12","SASS","survey-multi-choice-vertical","1334","966090","0.0-1367.0-0.0","{""Q0"":""11. ¿Qué valor le otorga a sus relaciones con otras personas?""}","{""Q0"":"" Gran valor""}"
"","800","SASS_13","SASS","survey-multi-choice-vertical","1335","966901","0.0-1368.0-0.0","{""Q0"":""12. ¿Qué tan a menudo las personas en su círculo social buscan tomar contacto con usted?""}","{""Q0"":"" Nunca""}"
"","774","SASS_14","SASS","survey-multi-choice-vertical","1336","967684","0.0-1369.0-0.0","{""Q0"":""13. ¿Se preocupa de las normas sociales, las buenas maneras, la cortesía, etc.?""}","{""Q0"":"" Siempre""}"
"","997","SASS_15","SASS","survey-multi-choice-vertical","1337","968689","0.0-1370.0-0.0","{""Q0"":""14. ¿Hasta qué punto está usted involucrado/a en la vida comunitaria (Club, etc.)""}","{""Q0"":"" Moderadamente""}"
"","757","SASS_16","SASS","survey-multi-choice-vertical","1338","969454","0.0-1371.0-0.0","{""Q0"":""15. ¿Le gusta buscar información acerca de cosas, situaciones, y personas para mejorar su comprensión de ellos?""}","{""Q0"":"" Mucho""}"
"","831","SASS_17","SASS","survey-multi-choice-vertical","1339","970293","0.0-1372.0-0.0","{""Q0"":""16. ¿Está interesado/a en información científica, técnica o cultural?""}","{""Q0"":"" Mucho""}"
"","810","SASS_18","SASS","survey-multi-choice-vertical","1340","971112","0.0-1373.0-0.0","{""Q0"":""17. ¿Con qué frecuencia encuentra dificultad para expresar su opinión a las personas?""}","{""Q0"":"" A veces""}"
"","827","SASS_19","SASS","survey-multi-choice-vertical","1341","971949","0.0-1374.0-0.0","{""Q0"":""18. ¿Con qué frecuencia se siente rechazado/a o excluido/a de su círculo?""}","{""Q0"":"" A veces""}"
"","808","SASS_20","SASS","survey-multi-choice-vertical","1342","972766","0.0-1375.0-0.0","{""Q0"":""19. ¿Qué tan importante considera su apariencia física?""}","{""Q0"":"" Mucho""}"
"","830","SASS_21","SASS","survey-multi-choice-vertical","1343","973604","0.0-1376.0-0.0","{""Q0"":""20. ¿En qué grado tiene dificultades para manejar sus recursos e ingresos económicos?""}","{""Q0"":"" Nunca""}"
"","792","SASS_22","SASS","survey-multi-choice-vertical","1344","974405","0.0-1377.0-0.0","{""Q0"":""21. ¿Se siente capaz de organizar su entorno de acuerdo a sus deseos y necesidades?""}","{""Q0"":"" Para nada""}"
