"view_history","rt","trialid","procedure","trial_type","trial_index","time_elapsed","internal_node_id","stimulus","slider_start","response"
"[{""page_index"":0,""viewing_time"":520}]","520","Instructions_01","OTRASRELIG","instructions","1074","785574","0.0-1088.0-0.0","","",""
"","621.7999999988824","OTRASRELIG_01","OTRASRELIG","html-slider-response","1075","786199","0.0-1089.0-0.0","<div class=""justified"">¿Qué tan importante considera que es Dios en su vida? </div></br>","3","8"
"","634","OTRASRELIG_02","OTRASRELIG","survey-multi-choice-vertical","1076","786841","0.0-1090.0-0.0","{""Q0"":""¿Cree usted en Dios?""}","","{""Q0"":"" Sí""}"
"","602","OTRASRELIG_03","OTRASRELIG","survey-multi-choice-vertical","1077","787449","0.0-1091.0-0.0","{""Q0"":""¿Cree usted en la vida después de la muerte?""}","","{""Q0"":"" Sí""}"
"","648","OTRASRELIG_04","OTRASRELIG","survey-multi-choice-vertical","1078","788105","0.0-1092.0-0.0","{""Q0"":""¿Cree usted en el Infierno?""}","","{""Q0"":"" Sí""}"
"","653","OTRASRELIG_05","OTRASRELIG","survey-multi-choice-vertical","1079","788764","0.0-1093.0-0.0","{""Q0"":""¿Cree usted en el Cielo?""}","","{""Q0"":"" Sí""}"
"","897","OTRASRELIG_06","OTRASRELIG","survey-multi-choice-vertical","1080","789670","0.0-1094.0-0.0","{""Q0"":""Fui criado(a)""}","","{""Q0"":"" Religioso(a), de otra afiliación.""}"
"","665","OTRASRELIG_07","OTRASRELIG","survey-text","1081","790338","0.0-1095.0-0.0-0.0","{""Q0"":""¿Cuál es su religión?""}","","{""Q0"":""3yT4uTFpW58Z0bTvjXPvFUSNyAt5thx3UKKU6JFfdaKwUO993neewq8Pe6l1qzmWOdhPNVOWpWadjaz0RHcqEFxg5Ibb6""}"
"","780","OTRASRELIG_08","OTRASRELIG","survey-multi-choice-vertical","1082","791130","0.0-1096.0-0.0","{""Q0"":""¿Cuál de los siguientes corresponde a su preferencia y/o afiliación religiosa?""}","","{""Q0"":"" Judío(a)""}"
"","781","OTRASRELIG_10","OTRASRELIG","survey-multi-choice-vertical","1083","791922","0.0-1098.0-0.0","{""Q0"":""¿Su familia y/o amigos pertenecen a su mismo grupo religioso?""}","","{""Q0"":"" Solo algunos""}"
"","939","OTRASRELIG_11","OTRASRELIG","survey-multi-choice-vertical","1084","792874","0.0-1099.0-0.0","{""Q0"":""Sin considerar matrimonios y funerales, y sin considerar el periodo de pandemia, ¿qué tan seguido asiste a servicios religiosos?""}","","{""Q0"":"" Nunca, o practicamente nunca""}"
