"view_history","rt","trialid","procedure","trial_type","trial_index","time_elapsed","internal_node_id","stimulus","response"
"[{""page_index"":0,""viewing_time"":846}]","846","Instructions_01","GHQ12","instructions","618","491845","0.0-664.0-0.0","",""
"","1069","GHQ12_001","GHQ12","survey-multi-choice-vertical","619","492926","0.0-665.0-0.0","{""Q0"":"" Últimamente, ¿Ha podido concentrarse bien en lo que hacía?""}","{""Q0"":"" Mucho menos que lo habitual""}"
"","937","GHQ12_002","GHQ12","survey-multi-choice-vertical","620","493877","0.0-666.0-0.0","{""Q0"":"" Últimamente, ¿Sus preocupaciones le han hecho perder mucho sueño?""}","{""Q0"":"" No, en lo absoluto""}"
"","1181","GHQ12_003","GHQ12","survey-multi-choice-vertical","621","495069","0.0-667.0-0.0","{""Q0"":"" Últimamente, ¿Ha sentido que está desempeñando un papel útil en la vida?""}","{""Q0"":"" Mucho menos útil que lo habitual""}"
"","1009","GHQ12_004","GHQ12","survey-multi-choice-vertical","622","496086","0.0-668.0-0.0","{""Q0"":"" Últimamente, ¿Se ha sentido capaz de tomar decisiones?""}","{""Q0"":"" Menos que lo habitual""}"
"","1060","GHQ12_005","GHQ12","survey-multi-choice-vertical","623","497154","0.0-669.0-0.0","{""Q0"":"" Últimamente, ¿Se ha notado constantemente agobiado y en tensión?""}","{""Q0"":"" No más que lo habitual""}"
"","982","GHQ12_006","GHQ12","survey-multi-choice-vertical","624","498144","0.0-670.0-0.0","{""Q0"":"" Últimamente, ¿Ha tenido la sensación de que no puede superar sus dificultades?""}","{""Q0"":"" Algo más que lo habitual""}"
"","904","GHQ12_007","GHQ12","survey-multi-choice-vertical","625","499054","0.0-671.0-0.0","{""Q0"":"" Últimamente, ¿Ha sido capaz de disfrutar de sus actividades normales de cada día?""}","{""Q0"":"" Más que lo habitual""}"
"","784","GHQ12_008","GHQ12","survey-multi-choice-vertical","626","499845","0.0-672.0-0.0","{""Q0"":"" Últimamente, ¿Ha sido capaz de hacer frente adecuadamente a sus problemas?""}","{""Q0"":"" Mucho menos que lo habitual""}"
"","792","GHQ12_009","GHQ12","survey-multi-choice-vertical","627","500647","0.0-673.0-0.0","{""Q0"":"" Últimamente, ¿Se ha sentido poco feliz o deprimido?""}","{""Q0"":"" No más que lo habitual""}"
"","756","GHQ12_010","GHQ12","survey-multi-choice-vertical","628","501408","0.0-674.0-0.0","{""Q0"":"" Últimamente, ¿Ha perdido confianza en sí mismo?""}","{""Q0"":"" No más que lo habitual""}"
"","721","GHQ12_011","GHQ12","survey-multi-choice-vertical","629","502134","0.0-675.0-0.0","{""Q0"":"" Últimamente, ¿Ha pensado que usted es una persona que no vale para nada?""}","{""Q0"":"" Mucho más que lo habitual""}"
"","787","GHQ12_012","GHQ12","survey-multi-choice-vertical","630","502927","0.0-676.0-0.0","{""Q0"":"" Últimamente, ¿Se siente razonablemente feliz considerando todas las circunstancias?""}","{""Q0"":"" Menos que lo habitual""}"
