"view_history","rt","trialid","procedure","trial_type","trial_index","time_elapsed","internal_node_id","stimulus","slider_start","response"
"[{""page_index"":0,""viewing_time"":537}]","537","Instructions_01","ESV","instructions","547","430288","0.0-587.0-0.0","","",""
"","596.7000000011176","ESV_01","ESV","html-slider-response","548","430887","0.0-588.0-0.0","<div class='justified'>¿Cuál fue la intensidad de la interacción con la persona con Alzheimer?</div>","4","1"
"","693.9000000003725","ESV_02","ESV","html-slider-response","549","431585","0.0-589.0-0.0","<div class='justified'>¿Cuál fue la emoción que sentió durante la interacción con la persona con Alzheimer?</div>","4","8"
"","669","ESV_03","ESV","html-slider-response","550","432258","0.0-590.0-0.0","<div class='justified'>Considerando la compasión como la sensación de cariño, apertura y calidez hacia la otra persona.<br>Durante la interacción, ¿sentí compasión?</div>","4","8"
"","571.7000000011176","ESV_04","ESV","html-slider-response","551","432836","0.0-591.0-0.0","<div class='justified'>Considerando la angustia como la sensación de incomodidad o sufrimiento propio al interactuar con el otro.<br> Durante la interacción, ¿sentí angustia?</div>","4","8"
"","654.5999999996275","ESV_05","ESV","html-slider-response","552","433497","0.0-592.0-0.0","<div class='justified'>Durante la interacción, ¿sentí frío/distancia con el otro?</div>","4","9"
