"view_history","rt","trialid","procedure","trial_type","trial_index","time_elapsed","internal_node_id","stimulus","response","question_order"
"[{""page_index"":0,""viewing_time"":829}]","829","Instructions_01","STAITraits","instructions","362","423195","0.0-437.0-0.0","","",""
"","1332.1000000000931","STAITraits_001","STAITraits","survey-multi-choice","363","424532","0.0-438.0-0.0","{""Q0"":""Me siento bien.""}","{""Q0"":""Casi Nunca""}","[0]"
"","1104.5","STAITraits_002","STAITraits","survey-multi-choice","364","425639","0.0-439.0-0.0","{""Q0"":""Me canso rápidamente.""}","{""Q0"":""Casi siempre""}","[0]"
"","1130.9000000001397","STAITraits_003","STAITraits","survey-multi-choice","365","426773","0.0-440.0-0.0","{""Q0"":""Siento ganas de llorar.""}","{""Q0"":""A veces""}","[0]"
"","1091.3000000000466","STAITraits_004","STAITraits","survey-multi-choice","366","427867","0.0-441.0-0.0","{""Q0"":""Me gustaría ser tan feliz como otros.""}","{""Q0"":""Casi siempre""}","[0]"
"","1088.5","STAITraits_005","STAITraits","survey-multi-choice","367","428959","0.0-442.0-0.0","{""Q0"":""Pierdo oportunidades por no decidirme pronto.""}","{""Q0"":""A menudo""}","[0]"
"","1404","STAITraits_006","STAITraits","survey-multi-choice","368","430365","0.0-443.0-0.0","{""Q0"":""Me siento descansado.""}","{""Q0"":""Casi siempre""}","[0]"
"","1006.0999999998603","STAITraits_007","STAITraits","survey-multi-choice","369","431374","0.0-444.0-0.0","{""Q0"":""Soy una persona tranquila, serena y sosegada.""}","{""Q0"":""Casi Nunca""}","[0]"
"","1046.0999999998603","STAITraits_008","STAITraits","survey-multi-choice","370","432423","0.0-445.0-0.0","{""Q0"":""Veo que las dificultades se amontonan y no puedo con ellas.""}","{""Q0"":""Casi siempre""}","[0]"
"","1036.1999999999534","STAITraits_009","STAITraits","survey-multi-choice","371","433462","0.0-446.0-0.0","{""Q0"":""Me preocupo demasiado por cosas sin importancia.""}","{""Q0"":""A menudo""}","[0]"
"","1048","STAITraits_010","STAITraits","survey-multi-choice","372","434512","0.0-447.0-0.0","{""Q0"":""Soy feliz.""}","{""Q0"":""A veces""}","[0]"
"","1006.9000000001397","STAITraits_011","STAITraits","survey-multi-choice","373","435522","0.0-448.0-0.0","{""Q0"":""Suelo tomar las cosas demasiado seriamente.""}","{""Q0"":""Casi Nunca""}","[0]"
"","1036.5999999998603","STAITraits_012","STAITraits","survey-multi-choice","374","436561","0.0-449.0-0.0","{""Q0"":""Me falta confianza en mí mismo.""}","{""Q0"":""A veces""}","[0]"
"","1054.8000000000466","STAITraits_013","STAITraits","survey-multi-choice","375","437620","0.0-450.0-0.0","{""Q0"":""Me siento seguro.""}","{""Q0"":""A veces""}","[0]"
"","1030","STAITraits_014","STAITraits","survey-multi-choice","376","438654","0.0-451.0-0.0","{""Q0"":""No suelo afrontar las crisis o dificultades.""}","{""Q0"":""A veces""}","[0]"
"","1033.9000000001397","STAITraits_015","STAITraits","survey-multi-choice","377","439691","0.0-452.0-0.0","{""Q0"":""Me siento triste (melancólico).""}","{""Q0"":""Casi siempre""}","[0]"
"","979.8000000000466","STAITraits_016","STAITraits","survey-multi-choice","378","440674","0.0-453.0-0.0","{""Q0"":""Estoy satisfecho.""}","{""Q0"":""Casi Nunca""}","[0]"
"","1127.6999999999534","STAITraits_017","STAITraits","survey-multi-choice","379","441805","0.0-454.0-0.0","{""Q0"":""Me rondan y molestan pensamientos sin importancia.""}","{""Q0"":""Casi siempre""}","[0]"
"","1040.3999999999069","STAITraits_018","STAITraits","survey-multi-choice","380","442848","0.0-455.0-0.0","{""Q0"":""Me afectan tanto los desengaños que no puedo olvidarlos.""}","{""Q0"":""A menudo""}","[0]"
"","1010.8000000000466","STAITraits_019","STAITraits","survey-multi-choice","381","443862","0.0-456.0-0.0","{""Q0"":""Soy una persona estable.""}","{""Q0"":""Casi siempre""}","[0]"
"","1142.5","STAITraits_020","STAITraits","survey-multi-choice","382","445008","0.0-457.0-0.0","{""Q0"":""Cuando pienso sobre asuntos y preocupaciones actuales me pongo tenso y agitado.""}","{""Q0"":""Casi Nunca""}","[0]"
