"view_history","rt","trialid","procedure","trial_type","trial_index","time_elapsed","internal_node_id","stimulus","response"
"[{""page_index"":0,""viewing_time"":769}]","769","Instructions_01","SASS","instructions","1323","954890","0.0-1355.0-0.0","",""
"","739","SASS_01","SASS","survey-multi-choice-vertical","1324","955640","0.0-1356.0-0.0","{""Q0"":""1. ¿Tiene usted algún trabajo?""}","{""Q0"":"" Si""}"
"","840","SASS_02","SASS","survey-multi-choice-vertical","1325","956493","0.0-1357.0-0.0-0.0","{""Q0"":""2. ¿Qué tan interesado/a está en su trabajo?""}","{""Q0"":"" Nada""}"
"","796","SASS_04","SASS","survey-multi-choice-vertical","1326","957303","0.0-1359.0-0.0","{""Q0"":""3. Realiza estas actividades, con: ""}","{""Q0"":"" Mucho gozo""}"
"","828","SASS_05","SASS","survey-multi-choice-vertical","1327","958142","0.0-1360.0-0.0","{""Q0"":""4. ¿Está interesado/a en pasatiempos/ocio?""}","{""Q0"":"" Medianamente""}"
"","750","SASS_06","SASS","survey-multi-choice-vertical","1328","958900","0.0-1361.0-0.0","{""Q0"":""5. La calidad de tu tiempo libre es:""}","{""Q0"":"" Muy buena""}"
"","845","SASS_07","SASS","survey-multi-choice-vertical","1329","959758","0.0-1362.0-0.0","{""Q0"":""6. ¿Con qué frecuencia usted busca contacto con los miembros de su familia? (Cónyuges, Hijos, Padres, etc.)""}","{""Q0"":"" Raramente""}"
"","837","SASS_08","SASS","survey-multi-choice-vertical","1330","960610","0.0-1363.0-0.0","{""Q0"":""7. El estado de relaciones de su familia es:""}","{""Q0"":"" Insatisfactorio""}"
"","818","SASS_09","SASS","survey-multi-choice-vertical","1331","961442","0.0-1364.0-0.0","{""Q0"":""8- Fuera de su familia, ¿tiene relaciones con:""}","{""Q0"":"" Nadie?""}"
"","752","SASS_10","SASS","survey-multi-choice-vertical","1332","962207","0.0-1365.0-0.0","{""Q0"":""9. ¿Intenta formar relaciones con otras personas:""}","{""Q0"":"" Muy activamente?""}"
"","806","SASS_11","SASS","survey-multi-choice-vertical","1333","963022","0.0-1366.0-0.0","{""Q0"":""10. ¿En general, cómo valora sus relaciones con otras personas?""}","{""Q0"":"" Buena""}"
"","859","SASS_12","SASS","survey-multi-choice-vertical","1334","963892","0.0-1367.0-0.0","{""Q0"":""11. ¿Qué valor le otorga a sus relaciones con otras personas?""}","{""Q0"":"" Gran valor""}"
"","781","SASS_13","SASS","survey-multi-choice-vertical","1335","964683","0.0-1368.0-0.0","{""Q0"":""12. ¿Qué tan a menudo las personas en su círculo social buscan tomar contacto con usted?""}","{""Q0"":"" Nunca""}"
"","775","SASS_14","SASS","survey-multi-choice-vertical","1336","965465","0.0-1369.0-0.0","{""Q0"":""13. ¿Se preocupa de las normas sociales, las buenas maneras, la cortesía, etc.?""}","{""Q0"":"" Siempre""}"
"","766","SASS_15","SASS","survey-multi-choice-vertical","1337","966240","0.0-1370.0-0.0","{""Q0"":""14. ¿Hasta qué punto está usted involucrado/a en la vida comunitaria (Club, etc.)""}","{""Q0"":"" Moderadamente""}"
"","758","SASS_16","SASS","survey-multi-choice-vertical","1338","967011","0.0-1371.0-0.0","{""Q0"":""15. ¿Le gusta buscar información acerca de cosas, situaciones, y personas para mejorar su comprensión de ellos?""}","{""Q0"":"" Mucho""}"
"","750","SASS_17","SASS","survey-multi-choice-vertical","1339","967771","0.0-1372.0-0.0","{""Q0"":""16. ¿Está interesado/a en información científica, técnica o cultural?""}","{""Q0"":"" Mucho""}"
"","778","SASS_18","SASS","survey-multi-choice-vertical","1340","968556","0.0-1373.0-0.0","{""Q0"":""17. ¿Con qué frecuencia encuentra dificultad para expresar su opinión a las personas?""}","{""Q0"":"" A veces""}"
"","742","SASS_19","SASS","survey-multi-choice-vertical","1341","969306","0.0-1374.0-0.0","{""Q0"":""18. ¿Con qué frecuencia se siente rechazado/a o excluido/a de su círculo?""}","{""Q0"":"" A veces""}"
"","872","SASS_20","SASS","survey-multi-choice-vertical","1342","970191","0.0-1375.0-0.0","{""Q0"":""19. ¿Qué tan importante considera su apariencia física?""}","{""Q0"":"" Mucho""}"
"","828","SASS_21","SASS","survey-multi-choice-vertical","1343","971032","0.0-1376.0-0.0","{""Q0"":""20. ¿En qué grado tiene dificultades para manejar sus recursos e ingresos económicos?""}","{""Q0"":"" Nunca""}"
"","838","SASS_22","SASS","survey-multi-choice-vertical","1344","971879","0.0-1377.0-0.0","{""Q0"":""21. ¿Se siente capaz de organizar su entorno de acuerdo a sus deseos y necesidades?""}","{""Q0"":"" Para nada""}"
