"view_history","rt","trialid","procedure","trial_type","trial_index","time_elapsed","internal_node_id","stimulus","slider_start","response"
"[{""page_index"":0,""viewing_time"":970}]","970","Instructions_001","AASR","instructions","230","273086","0.0-308.0-0.0","","",""
"","949.5","AASR_001","AASR","html-slider-response","231","274044","0.0-309.0-0.0","<div class='justified'>Encuentro que me es relativamente fácil acercarme a la gente.</div><br>","3","3"
"","948.2999999999302","AASR_002","AASR","html-slider-response","232","274997","0.0-310.0-0.0","<div class='justified'>Me resulta difícil apoyarme en otras personas.</div><br>","3","4"
"","921.1999999999534","AASR_003","AASR","html-slider-response","233","275921","0.0-311.0-0.0","<div class='justified'>A menudo me preocupa que los otros no me amen realmente.</div><br>","3","3"
"","1041.1999999999534","AASR_004","AASR","html-slider-response","234","276966","0.0-312.0-0.0","<div class='justified'>Encuentro que los otros no se acercan a mi tanto como yo quisiera.</div><br>","3","4"
"","866.0999999999767","AASR_005","AASR","html-slider-response","235","277836","0.0-313.0-0.0","<div class='justified'>Me siento cómodo apoyándome en otras personas.</div><br>","3","1"
"","836.4000000000233","AASR_006","AASR","html-slider-response","236","278674","0.0-314.0-0.0","<div class='justified'>No me preocupa que la gente se acerque demasiado a mí.</div><br>","3","3"
"","1215.5","AASR_007","AASR","html-slider-response","237","279893","0.0-315.0-0.0","<div class='justified'>Encuentro que las personas nunca están ahí cuando las necesitas.</div><br>","3","3"
"","923.6999999999534","AASR_008","AASR","html-slider-response","238","280819","0.0-316.0-0.0","<div class='justified'>Me siento algo incómodo estando cerca de otros.</div><br>","3","3"
"","866","AASR_009","AASR","html-slider-response","239","281688","0.0-317.0-0.0","<div class='justified'>A menudo me preocupa que los otros no quieran quedarse conmigo.</div><br>","3","5"
"","827.3000000000466","AASR_010","AASR","html-slider-response","240","282519","0.0-318.0-0.0","<div class='justified'>Cuando muestro mis sentimientos por otros me asusta que no sientan lo mismo por mí.</div><br>","3","1"
"","855.5","AASR_011","AASR","html-slider-response","241","283379","0.0-319.0-0.0","<div class='justified'>A menudo me pregunto si realmente le importo a las otras personas.</div><br>","3","3"
"","842.1000000000931","AASR_012","AASR","html-slider-response","242","284226","0.0-320.0-0.0","<div class='justified'>Me siento cómodo desarrollando relaciones cercanas con otros.</div><br>","3","2"
"","832.8999999999069","AASR_013","AASR","html-slider-response","243","285063","0.0-321.0-0.0","<div class='justified'>Me siento incómodo cuando cualquier persona se vuelve demasiado cercana emocionalmente a mí.</div><br>","3","4"
"","839.9000000000233","AASR_014","AASR","html-slider-response","244","285905","0.0-322.0-0.0","<div class='justified'>Sé que las personas estarán ahí cuando las necesite.</div><br>","3","2"
"","937.5","AASR_015","AASR","html-slider-response","245","286847","0.0-323.0-0.0","<div class='justified'>Quiero acercarme a la gente, pero me preocupa ser herido.</div><br>","3","5"
"","997.9000000000233","AASR_016","AASR","html-slider-response","246","287849","0.0-324.0-0.0","<div class='justified'>Encuentro difícil confiar completamente en otros.</div><br>","3","3"
"","932","AASR_017","AASR","html-slider-response","247","288786","0.0-325.0-0.0","<div class='justified'>A menudo las personas quieren que sea más cercano emocionalmente de lo que a mí me acomoda.</div><br>","3","1"
"","1064.3000000000466","AASR_018","AASR","html-slider-response","248","289855","0.0-326.0-0.0","<div class='justified'>No estoy seguro de que siempre podré contar con las personas cuando las necesite.</div><br>","3","3"
