"view_history","rt","trialid","procedure","trial_type","trial_index","time_elapsed","internal_node_id","stimulus","response","question_order","slider_start"
"[{""page_index"":0,""viewing_time"":797}]","797","instructions_01","SDOBHQ","instructions","309","345644","0.0-334.0-0.0","","","",""
"","921","SDOBHQ_001","SDOBHQ","survey-text","310","346568","0.0-335.0-0.0","{""Q0"":""Por favor, indique su edad actual:""}","{""Q0"":""26""}","",""
"[{""page_index"":0,""viewing_time"":605}]","605","instructions_002","SDOBHQ","instructions","311","347175","0.0-336.0-0.0","","","",""
"","1024.4000000001397","SDOBHQ_002","SDOBHQ","survey-multi-choice","312","348202","0.0-337.0-0.0","{""Q0"":""¿Usted asistió a una escuela primaria privada o pública?""}","{""Q0"":"" No fui a la escuela""}","[0]",""
"[{""page_index"":0,""viewing_time"":583}]","583","instructions_003","SDOBHQ","instructions","313","348789","0.0-340.0-0.0","","","",""
"","959.8999999999069","SDOBHQ_005","SDOBHQ","survey-multi-choice","314","349751","0.0-341.0-0.0","{""Q0"":""Antes de cumplir 18 años, ¿Alguna vez trabajó?""}","{""Q0"":"" Si""}","[0]",""
"","15968","SDOBHQ_006","SDOBHQ","survey-text","315","365722","0.0-342.0-0.0-0.0","{""Q0"":""Aproximadamente, ¿Qué edad tenía usted cuando trabajó por primera vez?""}","{""Q0"":""17""}","",""
"","1408.8000000000466","SDOBHQ_007","SDOBHQ","survey-multi-select","316","367141","0.0-343.0-0.0-0.0","{""Q0"":""¿Por qué trabajó usted durante su infancia? Puede marcar más de una opción""}","{""Q0"":[""&nbsp;Para ahorrar dinero personal"",""&nbsp;Para aprender una nueva habilidad u oficio""]}","[0]",""
"","899","SDOBHQ_009","SDOBHQ","survey-text","317","368045","0.0-345.0-0.0","{""Q0"":""¿Cuál es el empleo que ha realizado por más tiempo, incluyendo trabajos sin pago y trabajo como amo/a de casa? Si tuvo dos o más empleos por el mismo periódo de tiempo, por favor indique UNICAMENTE el empleo que requirió el mayor grado de destreza o entrenamiento.""}","{""Q0"":""RUFBCUmFSQH39QljqAQEzlsXk3KFezDZf4bWA247yE""}","",""
"","921","SDOBHQ_010","SDOBHQ","survey-text","318","368971","0.0-346.0-0.0","{""Q0"":""Indique el número de años y/o meses que trabajó en este empleo (por ejemplo 3 años y 4 meses):""}","{""Q0"":""SdsP60OuRbr1V9PSIm8xh3IBOJUk74VgAVTPt4fUE6RLyNDJ6pjp0Rmi0maiZ""}","",""
"","934","SDOBHQ_011","SDOBHQ","survey-text","319","369909","0.0-347.0-0.0","{""Q0"":""Describa con detalle las principales tareas o actividades de este empleo:""}","{""Q0"":""c6NmLl76h0I4PsRbft26wOyVupIEgrLct6AaElc1noBXCyKgZA4WBf4mb7U4mSWE9IYi""}","",""
"","934.5","SDOBHQ_012","SDOBHQ","survey-multi-choice","320","370846","0.0-348.0-0.0","{""Q0"":""¿Alguna vez ha tenido que trabajar el turno de noche por más de un año?""}","{""Q0"":"" No""}","[0]",""
"[{""page_index"":0,""viewing_time"":663}]","663","instructions_004","SDOBHQ","instructions","321","371512","0.0-350.0-0.0","","","",""
"","877","SDOBHQ_014","SDOBHQ","survey-text","322","372394","0.0-351.0-0.0","{""Q0"":""¿Cuántos niños (incluyéndose a si mismo) vivieron en su hogar la mayor parte del tiempo cuando usted tenia de 0 a 10 años de edad?""}","{""Q0"":""35""}","",""
"","1158.7999999998137","SDOBHQ_015","SDOBHQ","survey-multi-choice","323","373556","0.0-352.0-0.0","{""Q0"":""En la casa donde usted vivió la mayor parte del tiempo los primeros 10 años de su vida, ¿Cuántos libros había aproximadamente? No cuente revistas, periódicos, ni libros escolares.""}","{""Q0"":"" Suficientes para llenar una repisa o estante (11 a 25)""}","[0]",""
"","1089.0999999998603","SDOBHQ_016","SDOBHQ","survey-multi-choice","324","374648","0.0-353.0-0.0","{""Q0"":""¿Alguno de sus hermanos(as) o hijos(as) murió antes de que ellos cumplieran 18 años?""}","{""Q0"":"" Si, Sus hermanos(as)""}","[0]",""
"","923","SDOBHQ_017","SDOBHQ","survey-text","325","375578","0.0-354.0-0.0-0.0","{""Q0"":""¿Cuántos hermanos(as) o hijos(as) murieron antes de los 18 años?""}","{""Q0"":""62""}","",""
"","1245.4000000001397","SDOBHQ_018","SDOBHQ","survey-multi-choice","326","376826","0.0-355.0-0.0","{""Q0"":""En los últimos 12 meses, ¿con qué frecuencia se ha contactado con sus seres queridos, con las personas que le importan y con las que se siente cercano/a? Por ejemplo, hablar con amigos por teléfono o internet, visitar amigos o familiares, ir a la iglesia u otras reuniones, tener una conversación con otra persona en su hogar.""}","{""Q0"":"" Más de 5 veces por semana ""}","[0]",""
"[{""page_index"":0,""viewing_time"":646}]","647","instructions_005","SDOBHQ","instructions","327","377476","0.0-356.0-0.0","","","",""
"","1043.6000000000931","SDOBHQ_019","SDOBHQ","survey-multi-choice","328","378522","0.0-357.0-0.0","{""Q0"":""¿Creció con alguna figura materna?""}","{""Q0"":"" Si""}","[0]",""
"","1068.1999999999534","SDOBHQ_020","SDOBHQ","survey-multi-choice","329","379596","0.0-358.0-0.0-0.0","{""Q0"":""¿Conoce la cantidad de años de escuela que completó su madre?""}","{""Q0"":"" No""}","[0]",""
"","1862.1000000000931","SDOBHQ_022","SDOBHQ","survey-multi-select","330","381470","0.0-360.0-0.0-0.0","{""Q0"":""Marque todos los certificados, diplomas, y/o grados de educación que recibió su MADRE:""}","{""Q0"":[""&nbsp;Educación preescolar (nido, guardería, etc.)"",""&nbsp;Educación secundaria alta, bachillerato, preparatoria, vocacional, media técnica o media humanista"",""&nbsp;Doctorado o equivalente (PhD, médico, abogado, etc.)""]}","[0]",""
"","953","SDOBHQ_023","SDOBHQ","survey-text","331","382429","0.0-361.0-0.0-0.0","{""Q0"":""¿Cuál fue el empleo que realizó su MADRE por más tiempo, incluyendo trabajos sin pago y trabajo como ama de casa? Si tuvo dos o más empleos por el mismo periódo de tiempo, por favor considere UNICAMENTE el empleo que requirió el mayor grado de destreza o entrenamiento.""}","{""Q0"":""VPR9tUWE5FBRICuhpprsYLcip6Q8Nsnxm1N5dOAyS9lx9dtWGeQovj3eMwuwjPW5SweqYb5yY5qGNnojaD7gNp5iTOl7K0brd""}","",""
"","861","SDOBHQ_024","SDOBHQ","survey-text","332","383295","0.0-362.0-0.0-0.0","{""Q0"":""Describa con detalle las principales tareas o actividades que hizo su MADRE para este empleo:""}","{""Q0"":""RUFBCUmFSQH39QljqAQEzlsXk3KFezDZf4bWA247yE""}","",""
"","893.0999999998603","SDOBHQ_025","SDOBHQ","survey-multi-choice","333","384191","0.0-363.0-0.0","{""Q0"":""¿Creció con alguna figura paterna?""}","{""Q0"":"" No""}","[0]",""
"","1226.1999999999534","SDOBHQ_031","SDOBHQ","survey-multi-choice","334","385423","0.0-369.0-0.0","{""Q0"":""Durante los primeros 10 años se su vida, ¿Quien fue el principal proveedor económico en su hogar por la mayor cantidad de tiempo?""}","{""Q0"":"" No sé""}","[0]",""
"","1121.6999999999534","SDOBHQ_033","SDOBHQ","survey-multi-choice","335","386548","0.0-371.0-0.0","{""Q0"":""Durante los primeros 10 años de su vida, ¿Usted o alguno de sus hermanos/hermanas tuvieron que dejar la escuela para trabajar para apoyar las necesidades económicas del hogar?""}","{""Q0"":"" No""}","[0]",""
"[{""page_index"":0,""viewing_time"":600}]","600","instructions_006","SDOBHQ","instructions","336","387151","0.0-372.0-0.0","","","",""
"","1733.8999999999069","SDOBHQ_034","SDOBHQ","survey-multi-choice","337","388890","0.0-373.0-0.0","{""Q0"":""0 a 10 años de edad"",""Q1"":""35 a 40 años de edad"",""Q2"":""En los últimos 12 meses""}","{""Q0"":"" Si"",""Q1"":"" No"",""Q2"":"" Si""}","[0,1,2]",""
"","1578.3999999999069","SDOBHQ_035","SDOBHQ","survey-multi-choice","338","390473","0.0-374.0-0.0","{""Q0"":""0 a 10 años de edad"",""Q1"":""35 a 40 años de edad"",""Q2"":""En los últimos 12 meses""}","{""Q0"":"" No"",""Q1"":"" No aplica / Soy menor que este rango de edad"",""Q2"":"" No""}","[0,1,2]",""
"","1607.1000000000931","SDOBHQ_036","SDOBHQ","survey-multi-choice","339","392083","0.0-375.0-0.0","{""Q0"":""0 a 10 años de edad"",""Q1"":""35 a 40 años de edad"",""Q2"":""En los últimos 12 meses""}","{""Q0"":"" No"",""Q1"":"" Si"",""Q2"":"" No""}","[0,1,2]",""
"","1591.1999999999534","SDOBHQ_037","SDOBHQ","survey-multi-choice","340","393679","0.0-376.0-0.0","{""Q0"":""0 a 10 años de edad"",""Q1"":""35 a 40 años de edad"",""Q2"":""En los últimos 12 meses""}","{""Q0"":"" Si"",""Q1"":"" Si"",""Q2"":"" Si""}","[0,1,2]",""
"","1456.1999999999534","SDOBHQ_038","SDOBHQ","survey-multi-choice","341","395139","0.0-377.0-0.0","{""Q0"":""0 a 10 años de edad"",""Q1"":""35 a 40 años de edad"",""Q2"":""En los últimos 12 meses""}","{""Q0"":"" No"",""Q1"":"" No"",""Q2"":"" Si""}","[0,1,2]",""
"","1501.3000000000466","SDOBHQ_039","SDOBHQ","survey-multi-choice","342","396643","0.0-378.0-0.0","{""Q0"":""0 a 10 años de edad"",""Q1"":""35 a 40 años de edad"",""Q2"":""En los últimos 12 meses""}","{""Q0"":"" No"",""Q1"":"" No"",""Q2"":"" Si""}","[0,1,2]",""
"","1626.5","SDOBHQ_040","SDOBHQ","survey-multi-choice","343","398274","0.0-379.0-0.0","{""Q0"":""0 a 10 años de edad"",""Q1"":""35 a 40 años de edad"",""Q2"":""En los últimos 12 meses""}","{""Q0"":"" No"",""Q1"":"" No aplica / Soy menor que este rango de edad"",""Q2"":"" Si""}","[0,1,2]",""
"","1672.3000000000466","SDOBHQ_041","SDOBHQ","survey-multi-choice","344","399951","0.0-380.0-0.0","{""Q0"":""0 a 10 años de edad"",""Q1"":""35 a 40 años de edad"",""Q2"":""En los últimos 12 meses""}","{""Q0"":"" Si"",""Q1"":"" Si"",""Q2"":"" Si""}","[0,1,2]",""
"","1763.3000000000466","SDOBHQ_042","SDOBHQ","survey-multi-choice","345","401719","0.0-381.0-0.0","{""Q0"":""0 a 10 años de edad"",""Q1"":""35 a 40 años de edad"",""Q2"":""En los últimos 12 meses""}","{""Q0"":"" No"",""Q1"":"" Si"",""Q2"":"" No""}","[0,1,2]",""
"","1733.4000000001397","SDOBHQ_043","SDOBHQ","survey-multi-choice","346","403456","0.0-382.0-0.0","{""Q0"":""0 a 10 años de edad"",""Q1"":""35 a 40 años de edad"",""Q2"":""En los últimos 12 meses""}","{""Q0"":"" Si"",""Q1"":"" Si"",""Q2"":"" No""}","[0,1,2]",""
"","872.8000000000466","SDOBHQ_044","SDOBHQ","survey-multi-choice","347","404333","0.0-383.0-0.0","{""Q0"":""Entre los 0 a 10 años de edad, díganos si su hogar tenía <b>Televisor</b>""}","{""Q0"":"" Si""}","[0]",""
"","835","SDOBHQ_045","SDOBHQ","survey-text","348","405175","0.0-384.0-0.0-0.0","{""Q0"":""Indique la cantidad de Televisores que tenía:""}","{""Q0"":""47""}","",""
"","1011.8000000000466","SDOBHQ_046","SDOBHQ","survey-multi-choice","349","406190","0.0-385.0-0.0","{""Q0"":""Entre los 35 y 40 años de edad, díganos si su hogar tenía <b>Televisor</b>""}","{""Q0"":"" No""}","[0]",""
"","940.7999999998137","SDOBHQ_048","SDOBHQ","survey-multi-choice","350","407137","0.0-387.0-0.0","{""Q0"":""En los últimos 12 meses, díganos si su hogar tenía <b>Televisor</b>""}","{""Q0"":"" Si""}","[0]",""
"","905","SDOBHQ_049","SDOBHQ","survey-text","351","408048","0.0-388.0-0.0-0.0","{""Q0"":""Indique la cantidad de Televisores que tenía:""}","{""Q0"":""47""}","",""
"","987.1000000000931","SDOBHQ_050","SDOBHQ","survey-multi-choice","352","409040","0.0-389.0-0.0","{""Q0"":""Entre los 0 a 10 años de edad, díganos si su hogar tenía <b>Baño (inodoro, taza de baño, letrina, fosa séptica)</b>""}","{""Q0"":"" No""}","[0]",""
"","1163","SDOBHQ_052","SDOBHQ","survey-multi-choice","353","410207","0.0-391.0-0.0","{""Q0"":""Entre los 35 y 40 años de edad, díganos si su hogar tenía <b>Baño (inodoro, taza de baño, letrina, fosa séptica)</b>""}","{""Q0"":"" No aplica / Soy menor que este rango de edad""}","[0]",""
"","931.3000000000466","SDOBHQ_054","SDOBHQ","survey-multi-choice","354","411144","0.0-393.0-0.0","{""Q0"":""En los últimos 12 meses, díganos si su hogar tenía <b>Baño (inodoro, taza de baño, letrina, fosa séptica)</b>""}","{""Q0"":"" Si""}","[0]",""
"","935","SDOBHQ_055","SDOBHQ","survey-text","355","412083","0.0-394.0-0.0-0.0","{""Q0"":""Indique la cantidad de Baños (inodoro, taza de baño, letrina, fosa séptica) que tenía:""}","{""Q0"":""22""}","",""
"","978.3999999999069","SDOBHQ_056","SDOBHQ","survey-multi-choice","356","413065","0.0-395.0-0.0","{""Q0"":""Entre los 0 a 10 años de edad, díganos si su hogar tenía <b>Automóvil para uso personal o familiar (no considere vehículos de trabajo, como vehículos de taxi, que pudieran utilizarse como vehículo personal o familiar)</b>""}","{""Q0"":"" No""}","[0]",""
"","982","SDOBHQ_058","SDOBHQ","survey-multi-choice","357","414050","0.0-397.0-0.0","{""Q0"":""Entre los 35 y 40 años de edad, díganos si su hogar tenía <b>Automóvil para uso personal o familiar (no considere vehículos de trabajo, como vehículos de taxi, que pudieran utilizarse como vehículo personal o familiar)</b>""}","{""Q0"":"" No""}","[0]",""
"","882.3999999999069","SDOBHQ_060","SDOBHQ","survey-multi-choice","358","414936","0.0-399.0-0.0","{""Q0"":""En los últimos 12 meses, díganos si su hogar tenía <b>Automóvil para uso personal o familiar (no considere vehículos de trabajo, como vehículos de taxi, que pudieran utilizarse como vehículo personal o familiar)</b>""}","{""Q0"":"" No""}","[0]",""
"","899","SDOBHQ_062","SDOBHQ","survey-multi-choice","359","415840","0.0-401.0-0.0","{""Q0"":""Entre los 0 a 10 años de edad, díganos si su hogar tenía <b>Computador(a)</b>""}","{""Q0"":"" No""}","[0]",""
"","950","SDOBHQ_064","SDOBHQ","survey-multi-choice","360","416797","0.0-403.0-0.0","{""Q0"":""Entre los 35 y 40 años de edad, díganos si su hogar tenía <b>Computador(a)</b>""}","{""Q0"":"" Si""}","[0]",""
"","848","SDOBHQ_065","SDOBHQ","survey-text","361","417654","0.0-404.0-0.0-0.0","{""Q0"":""Indique la cantidad de Computadoras que tenía:""}","{""Q0"":""50""}","",""
"","950.3999999999069","SDOBHQ_066","SDOBHQ","survey-multi-choice","362","418608","0.0-405.0-0.0","{""Q0"":""En los últimos 12 meses, díganos si su hogar tenía <b>Computador(a)</b>""}","{""Q0"":"" No""}","[0]",""
"","950.8000000000466","SDOBHQ_068","SDOBHQ","survey-multi-choice","363","419562","0.0-407.0-0.0","{""Q0"":""Entre los 0 a 10 años de edad, díganos si su hogar tenía <b>Habitaciones, cuartos, o recámaras para uso personal (habitaciones que se usan sólo para dormir)</b>""}","{""Q0"":"" No""}","[0]",""
"","942.7999999998137","SDOBHQ_070","SDOBHQ","survey-multi-choice","364","420508","0.0-409.0-0.0","{""Q0"":""Entre los 35 y 40 años de edad, díganos si su hogar tenía <b>Habitaciones, cuartos, o recámaras para uso personal (habitaciones que se usan sólo para dormir)</b>""}","{""Q0"":"" Si""}","[0]",""
"","845","SDOBHQ_071","SDOBHQ","survey-text","365","421360","0.0-410.0-0.0-0.0","{""Q0"":""Indique la cantidad de Habitaciones, cuartos, o recámaras para uso personal (habitaciones que se usan sólo para dormir) que tenía:""}","{""Q0"":""43""}","",""
"","881.5","SDOBHQ_072","SDOBHQ","survey-multi-choice","366","422244","0.0-411.0-0.0","{""Q0"":""En los últimos 12 meses, díganos si su hogar tenía <b>Habitaciones, cuartos, o recámaras para uso personal (habitaciones que se usan sólo para dormir)</b>""}","{""Q0"":"" Si""}","[0]",""
"","855","SDOBHQ_073","SDOBHQ","survey-text","367","423112","0.0-412.0-0.0-0.0","{""Q0"":""Indique la cantidad de Habitaciones, cuartos, o recámaras para uso personal (habitaciones que se usan sólo para dormir) que tenía:""}","{""Q0"":""54""}","",""
"[{""page_index"":0,""viewing_time"":616}]","617","instructions_007","SDOBHQ","instructions","368","423732","0.0-413.0-0.0","","","",""
"","1159.1999999999534","SDOBHQ_074","SDOBHQ","survey-multi-choice","369","424894","0.0-414.0-0.0","{""Q0"":""A lo largo de su vida, ¿Alguna vez ha sido difícil para su familia cubrir los gastos de sus necesidades básicas como comida, ropa y vivienda?""}","{""Q0"":"" No""}","[0]",""
"","1016.3000000000466","SDOBHQ_076","SDOBHQ","survey-multi-choice","370","425913","0.0-416.0-0.0","{""Q0"":""A lo largo de su vida, ¿Cómo describiría usted las finanzas de su familia al llegar el fin de cada mes?""}","{""Q0"":"" Sobraba dinero para ahorrar""}","[0]",""
"","1955.5999999998603","SDOBHQ_077","SDOBHQ","survey-multi-choice","371","427872","0.0-417.0-0.0","{""Q0"":""Entre los 0 y 10 años de edad"",""Q1"":""Entre los 35 y 40 años de edad"",""Q2"":""En los últimos 12 meses""}","{""Q0"":"" Contaban con lo suficiente para cubrir lo necesario"",""Q1"":"" Contaban con lo suficiente para cubrir lo necesario"",""Q2"":"" Contaban con lo suficiente para cubrir lo necesario""}","[0,1,2]",""
"","889.3000000000466","SDOBHQ_078","SDOBHQ","survey-multi-choice","372","428765","0.0-418.0-0.0","{""Q0"":""A lo largo de su vida, ¿Alguna vez ha sido difícil para su familia pagar por atención médica?""}","{""Q0"":"" No""}","[0]",""
"","902.5999999998603","SDOBHQ_080","SDOBHQ","survey-multi-choice","373","429674","0.0-420.0-0.0","{""Q0"":""A lo largo de su vida, ¿Alguna vez ha comido menos de lo que usted pensaba debía haber comido debido a que usted o su familia no tenían suficiente dinero para comprar comida?""}","{""Q0"":"" No""}","[0]",""
"","861.6999999999534","SDOBHQ_082","SDOBHQ","survey-multi-choice","374","430538","0.0-422.0-0.0","{""Q0"":""A lo largo de su vida, ¿Alguna vez no pudo comer una comida balanceada o saludable debido a la falta de dinero u otros recursos?""}","{""Q0"":"" No""}","[0]",""
"[{""page_index"":0,""viewing_time"":642}]","643","instructions_008","SDOBHQ","instructions","375","431183","0.0-424.0-0.0","","","",""
"","909.8000000000466","SDOBHQ_084","SDOBHQ","html-slider-response","376","432096","0.0-425.0-0.0","<div class='justified'>A nivel general ¿Dónde ubicaría usted su hogar durante toda su vida? En base a las instrucciones anteriores, marque la posición de su hogar respecto al resto de hogares de su comunidad a lo largo de su vida.</div></br>","8","","5"
"","859.0999999998603","SDOBHQ_085","SDOBHQ","html-slider-response","377","432958","0.0-426.0-0.0","<div class='justified'>Ahora, ¿Dónde ubicaría usted su hogar específicamente en el periódo de su vida hasta los 10 años de edad? Marque la posición de su hogar en su comunidad durante dicho periódo de vida.</div></br>","9","","5"
"","783.9000000001397","SDOBHQ_086","SDOBHQ","html-slider-response","378","433745","0.0-427.0-0.0","<div class='justified'>Ahora, ¿Dónde ubicaría usted su hogar específicamente en el periódo de su vida desde los 35  hasta los 45 años de edad? Marque la posición de su hogar en su comunidad durante dicho periódo de vida.</div></br>","7","","5"
"","804.8999999999069","SDOBHQ_087","SDOBHQ","html-slider-response","379","434553","0.0-428.0-0.0","<div class='justified'>Ahora, pensando en los últimos 12 meses, marque la posición de su hogar respecto al resto de su comunidad.</div></br>","9","","5"
"[{""page_index"":0,""viewing_time"":634}]","634","instructions_009","SDOBHQ","instructions","380","435189","0.0-429.0-0.0","","","",""
"","1535.9000000001397","SDOBHQ_088","SDOBHQ","survey-multi-choice","381","436727","0.0-430.0-0.0","{""Q0"":""Actualmente, ¿Usted realiza algún trabajo con y/o sin pago?""}","{""Q0"":"" No trabajo actualmente porque me jubilé""}","[0]",""
"","2013.5999999998603","SDOBHQ_090","SDOBHQ","survey-multi-select","382","438756","0.0-432.0-0.0","{""Q0"":""Actualmente, ¿Cuáles son sus fuentes de ingresos? ¿De qué fuentes recibe dinero? Marque todas las opciones que correspondan.""}","{""Q0"":[""&nbsp;Fondos de inversión bancaria"",""&nbsp;Prestaciones de programas sociales (incluida la seguridad social)""]}","[0]",""
"","1232.8000000000466","SDOBHQ_092","SDOBHQ","survey-multi-choice","383","439996","0.0-434.0-0.0","{""Q0"":""Aproximadamente, ¿Qué proporción de los ingresos de su hogar se gastan en el costo del alquiler o la hipoteca.""}","{""Q0"":"" Entre la mitad y un tercio""}","[0]",""
"","1093.3000000000466","SDOBHQ_093","SDOBHQ","survey-multi-choice","384","441094","0.0-435.0-0.0","{""Q0"":""Si su hogar perdiese todas sus fuentes actuales de ingresos (salario, asistencia pública u otros ingresos), ¿Cuánto tiempo podría seguir viviendo en su hogar actual y con los mismos estándares de vida?""}","{""Q0"":"" 3 a 6 meses""}","[0]",""
"[{""page_index"":0,""viewing_time"":579}]","580","instructions_010","SDOBHQ","instructions","385","441676","0.0-436.0-0.0","","","",""
"","1113.1999999999534","SDOBHQ_094","SDOBHQ","survey-multi-select","386","442796","0.0-437.0-0.0","{""Q0"":""¿Qué tipo de seguro de salud o cobertura médica tiene usted? Seleccione todas las opciones que apliquen.""}","{""Q0"":[""&nbsp;Seguro médico privado""]}","[0]",""
"","835.3000000000466","SDOBHQ_095","SDOBHQ","survey-multi-choice","387","443635","0.0-438.0-0.0","{""Q0"":""En los últimos 12 meses, ¿Ha tenido la necesidad de ver a un doctor o médico pero no le fue posible por alguna razón?""}","{""Q0"":"" Si""}","[0]",""
"","1539.9000000001397","SDOBHQ_096","SDOBHQ","survey-multi-select","388","445183","0.0-439.0-0.0-0.0","{""Q0"":""¿Por qué no pudo ir a ver a un doctor o médico cuando era necesario? Puede seleccionar más de una opción.""}","{""Q0"":[""&nbsp;Dificultades con el transporte"",""&nbsp;Por motivos relacionados a algún evento sociopolítico"",""&nbsp;Otro""]}","[0]",""
"","923","SDOBHQ_097","SDOBHQ","survey-text","389","446113","0.0-440.0-0.0-0.0","{""Q0"":""Escriba a continuación la otra razón:""}","{""Q0"":""0UCcQeBqDApB0x60UOWfwMCK6cLEvEX2oCkgRf""}","",""
"[{""page_index"":0,""viewing_time"":715}]","715","instructions_011","SDOBHQ","instructions","390","446831","0.0-441.0-0.0","","","",""
"","1090.8000000000466","SDOBHQ_098","SDOBHQ","survey-multi-choice","391","447924","0.0-442.0-0.0","{""Q0"":""¿Con qué frecuencia su padre o madre, u otro adulto en su hogar, lo hicieron sentirse amado, apoyado, y cuidado?""}","{""Q0"":"" Nunca""}","[0]",""
"","1031.9000000001397","SDOBHQ_099","SDOBHQ","survey-multi-choice","392","448959","0.0-443.0-0.0","{""Q0"":""¿Con qué frecuencia su padre o madre, u otro adulto en su hogar, expresó afecto físico hacia usted, como abrazos u otros gestos físicos de calidez y afecto?""}","{""Q0"":"" Algunas veces""}","[0]",""
"","973.3999999999069","SDOBHQ_100","SDOBHQ","survey-multi-choice","393","449936","0.0-444.0-0.0","{""Q0"":""¿Con qué frecuencia diría que hubo peleas, discusiones, o gritos entre sus padres?""}","{""Q0"":"" Algunas veces""}","[0]",""
"","962.7999999998137","SDOBHQ_101","SDOBHQ","survey-multi-choice","394","450902","0.0-445.0-0.0","{""Q0"":""¿Con qué frecuencia diría que hubo peleas, discusiones o gritos entre uno de sus padres y usted?""}","{""Q0"":"" Frecuentemente""}","[0]",""
"","898.5999999998603","SDOBHQ_102","SDOBHQ","survey-multi-choice","395","451804","0.0-446.0-0.0","{""Q0"":""¿Con qué frecuencia diría que hubo peleas, discusiones o gritos entre uno de sus padres y uno de sus hermanos/hermanas?""}","{""Q0"":"" Frecuentemente""}","[0]",""
"","951","SDOBHQ_103","SDOBHQ","survey-multi-choice","396","452758","0.0-447.0-0.0","{""Q0"":""¿Con qué frecuencia diría que hubo peleas, discusiones o gritos entre uno de sus hermanos/hermanas y usted?""}","{""Q0"":"" Nunca""}","[0]",""
"","984.6999999999534","SDOBHQ_104","SDOBHQ","survey-multi-choice","397","453746","0.0-448.0-0.0","{""Q0"":""En su niñez, ¿Vivió con alguien que era un bebedor problemático o alcohólico, o consumía drogas ilegales""}","{""Q0"":"" Nunca""}","[0]",""
"","925","SDOBHQ_105","SDOBHQ","survey-multi-choice","398","454673","0.0-449.0-0.0","{""Q0"":""¿Diría usted que la casa en la que creció estaba bien organizada y administrada?""}","{""Q0"":"" Frecuentemente""}","[0]",""
"","933.3999999999069","SDOBHQ_106","SDOBHQ","survey-multi-choice","399","455609","0.0-450.0-0.0","{""Q0"":""¿Diría usted que fue descuidado/a durante su niñez, que lo/la dejaron solo/a para valerse por sí mismo/a?""}","{""Q0"":"" Nunca""}","[0]",""
"[{""page_index"":0,""viewing_time"":725}]","725","instructions_012","SDOBHQ","instructions","400","456336","0.0-451.0-0.0","","","",""
"","927.3000000000466","SDOBHQ_107","SDOBHQ","survey-multi-choice","401","457267","0.0-452.0-0.0","{""Q0"":""¿Usted ha sufrido algún acto de violencia política o represión?""}","{""Q0"":"" Si""}","[0]",""
"","1406.4000000001397","SDOBHQ_108","SDOBHQ","survey-multi-select","402","458686","0.0-453.0-0.0-0.0","{""Q0"":""¿Cuándo le sucedió esto?:""}","{""Q0"":[""&nbsp;11 a 24 años de edad""]}","[0]",""
"","982.3999999999069","SDOBHQ_109","SDOBHQ","survey-multi-choice","403","459671","0.0-454.0-0.0","{""Q0"":""¿Alguna vez alguien lo ha asaltado para robarle o tratar de robar sus pertenencias o cosas personales?""}","{""Q0"":"" No sé""}","[0]",""
"","949.1000000000931","SDOBHQ_111","SDOBHQ","survey-multi-choice","404","460623","0.0-456.0-0.0","{""Q0"":""¿Alguna vez alguien intentó o logró meterse a su casa para robar sus pertenencias?""}","{""Q0"":"" Si""}","[0]",""
"","1750.5","SDOBHQ_112","SDOBHQ","survey-multi-select","405","462382","0.0-457.0-0.0-0.0","{""Q0"":""¿Cuándo le sucedió esto?:""}","{""Q0"":[""&nbsp;0 a 10 años de edad"",""&nbsp;11 a 24 años de edad"",""&nbsp;25 a 34 años de edad"",""&nbsp;35 a 45 años de edad"",""&nbsp;46 a 65 años de edad"",""&nbsp;66 hasta hace un año""]}","[0]",""
"","931.6000000000931","SDOBHQ_113","SDOBHQ","survey-multi-choice","406","463317","0.0-458.0-0.0","{""Q0"":""¿Alguna vez estuvo presente durante un desastre “causado por el hombre” (como un choque de trenes, asalto a un banco, o un incendio) donde sintió que usted o sus seres queridos estaban en peligro de muerte o de ser lastimados?""}","{""Q0"":"" No sé""}","[0]",""
"","930.3999999999069","SDOBHQ_115","SDOBHQ","survey-multi-choice","407","464251","0.0-460.0-0.0","{""Q0"":""¿Alguna vez ha estado en alguna situación en la cual sintió que podría morir o ser gravemente herido(a)?""}","{""Q0"":"" No""}","[0]",""
"","1158.3000000000466","SDOBHQ_117","SDOBHQ","survey-multi-choice","408","465414","0.0-462.0-0.0","{""Q0"":""Fuera de situaciones laborales o profesionales, ¿Alguna vez vio a alguien gravemente herido o muerto?""}","{""Q0"":"" No sé""}","[0]",""
"","981.8000000000466","SDOBHQ_119","SDOBHQ","survey-multi-choice","409","466399","0.0-464.0-0.0","{""Q0"":""Fuera de situaciones laborales o profesionales, ¿Alguna vez vio cadáveres (que no haya sido en un funeral) o ha tenido que manipular cadáveres por alguna razón?""}","{""Q0"":"" Si""}","[0]",""
"","1522.1999999999534","SDOBHQ_120","SDOBHQ","survey-multi-select","410","467928","0.0-465.0-0.0-0.0","{""Q0"":""¿Cuándo le sucedió esto?:""}","{""Q0"":[""&nbsp;0 a 10 años de edad"",""&nbsp;46 a 65 años de edad""]}","[0]",""
"[{""page_index"":0,""viewing_time"":599}]","600","instructions_013","SDOBHQ","instructions","411","468529","0.0-466.0-0.0","","","",""
"","983.3000000000466","SDOBHQ_121","SDOBHQ","survey-multi-choice","412","469517","0.0-467.0-0.0","{""Q0"":""¿Conoce usted su identidad étnica o grupo étnico? (ej. Chileno, mapuche, etc..)""}","{""Q0"":"" No sé a qué identidad étnica o grupo étnico pertenezco""}","[0]",""
"","947.1999999999534","SDOBHQ_123","SDOBHQ","survey-multi-choice","413","470468","0.0-469.0-0.0","{""Q0"":""¿Conoce usted su raza o su grupo racial? (ej. Indígena, mixta, europea, etc)""}","{""Q0"":"" No sé a qué raza o su grupo racial pertenezco""}","[0]",""
"[{""page_index"":0,""viewing_time"":617},{""page_index"":1,""viewing_time"":679}]","1297","instructions_014","SDOBHQ","instructions","414","471768","0.0-471.0-0.0","","","",""
"","973.5","SDOBHQ_125","SDOBHQ","survey-multi-choice","415","472744","0.0-472.0-0.0","{""Q0"":""¿Alguna vez alguien (incluyendo un familiar o una amistad) le han golpeado, empujado o jalado el pelo?""}","{""Q0"":"" Si""}","[0]",""
"","1481.3999999999069","SDOBHQ_126","SDOBHQ","survey-multi-select","416","474236","0.0-473.0-0.0-0.0","{""Q0"":""¿En qué periódo o periódos de su vida ocurrió esto?""}","{""Q0"":[""&nbsp;0 a 10 años de edad"",""&nbsp;46 a 65 años de edad""]}","[0]",""
"","1935.3000000000466","SDOBHQ_127","SDOBHQ","survey-multi-select","417","476177","0.0-474.0-0.0-0.0","{""Q0"":""¿Qué relación tenía usted con la persona o personas que le trataron así?""}","{""Q0"":[""&nbsp;Madre, Madrastra-Tutora legal"",""&nbsp;Padre, Padrastro-Tutor legal"",""&nbsp;Hijos(as)"",""&nbsp;Otro miembro de la familia"",""&nbsp;Amigo(a)"",""&nbsp;Cuidador(a)"",""&nbsp;Alguien desconocido"",""&nbsp;Otro""]}","[0]",""
"","962","SDOBHQ_129","SDOBHQ","survey-multi-choice","418","477143","0.0-476.0-0.0","{""Q0"":""¿Alguna vez alguien (incluyendo un familiar o una amistad) le atacó utilizando una pistola, cuchillo o alguna otra arma?""}","{""Q0"":"" Si""}","[0]",""
"","1530.9000000001397","SDOBHQ_130","SDOBHQ","survey-multi-select","419","478681","0.0-477.0-0.0-0.0","{""Q0"":""¿En qué periódo o periódos de su vida ocurrió esto?""}","{""Q0"":[""&nbsp;0 a 10 años de edad"",""&nbsp;11 a 24 años de edad"",""&nbsp;25 a 34 años de edad"",""&nbsp;35 a 45 años de edad"",""&nbsp;66 hasta hace un año""]}","[0]",""
"","1284.5999999998603","SDOBHQ_131","SDOBHQ","survey-multi-select","420","479974","0.0-478.0-0.0-0.0","{""Q0"":""¿Qué relación tenía usted con la persona o personas que le trataron así?""}","{""Q0"":[""&nbsp;Cuidador(a)""]}","[0]",""
"","888.3000000000466","SDOBHQ_133","SDOBHQ","survey-multi-choice","421","480866","0.0-480.0-0.0","{""Q0"":""¿Alguna vez alguien (incluyendo un familiar o una amistad) le ha humillado o se ha burlado de usted?""}","{""Q0"":"" Si""}","[0]",""
"","1446.5","SDOBHQ_134","SDOBHQ","survey-multi-select","422","482321","0.0-481.0-0.0-0.0","{""Q0"":""¿En qué periódo o periódos de su vida ocurrió esto?""}","{""Q0"":[""&nbsp;11 a 24 años de edad"",""&nbsp;25 a 34 años de edad"",""&nbsp;35 a 45 años de edad""]}","[0]",""
"","1300.1000000000931","SDOBHQ_135","SDOBHQ","survey-multi-select","423","483631","0.0-482.0-0.0-0.0","{""Q0"":""¿Qué relación tenía usted con la persona o personas que le trataron así?""}","{""Q0"":[""&nbsp;Madre, Madrastra-Tutora legal""]}","[0]",""
"","948","SDOBHQ_137","SDOBHQ","survey-multi-choice","424","484583","0.0-484.0-0.0","{""Q0"":""¿Alguna vez alguien (incluyendo un familiar o una amistad) le ha prohibido salir o que le visiten?""}","{""Q0"":"" No""}","[0]",""
"","892","SDOBHQ_141","SDOBHQ","survey-multi-choice","425","485478","0.0-488.0-0.0","{""Q0"":""¿Alguna vez alguien (incluyendo un familiar o una amistad) le dejado de proporcionar necesidades básicas como ropa, calzado, o medicamentos que necesite, pese a tener el dinero para proporcionarle estas necesidades?""}","{""Q0"":"" No""}","[0]",""
"","933.1000000000931","SDOBHQ_145","SDOBHQ","survey-multi-choice","426","486415","0.0-492.0-0.0","{""Q0"":""¿Alguna vez alguien (incluyendo un familiar o una amistad) ha manejado su dinero sin su permiso?""}","{""Q0"":"" No""}","[0]",""
"","911.1000000000931","SDOBHQ_149","SDOBHQ","survey-multi-choice","427","487330","0.0-496.0-0.0","{""Q0"":""¿Alguna vez alguien (incluyendo un familiar o una amistad) le ha presionado para que deje de ser el propietario de su casa o de alguna otra propiedad?""}","{""Q0"":"" No sé""}","[0]",""
"","926.1999999999534","SDOBHQ_153","SDOBHQ","survey-multi-choice","428","488261","0.0-500.0-0.0","{""Q0"":""¿Alguna vez alguien (incluyendo un familiar o amigos) le ha exigido tener relaciones sexuales, aunque usted no quiera?""}","{""Q0"":"" Si""}","[0]",""
"","1394.7999999998137","SDOBHQ_154","SDOBHQ","survey-multi-select","429","489663","0.0-501.0-0.0-0.0","{""Q0"":""¿En qué periódo o periódos de su vida ocurrió esto?""}","{""Q0"":[""&nbsp;25 a 34 años de edad"",""&nbsp;35 a 45 años de edad"",""&nbsp;66 hasta hace un año""]}","[0]",""
"","1376.1000000000931","SDOBHQ_155","SDOBHQ","survey-multi-select","430","491047","0.0-502.0-0.0-0.0","{""Q0"":""¿Qué relación tenía usted con la persona o personas que le trataron así?""}","{""Q0"":[""&nbsp;Padre, Padrastro-Tutor legal"",""&nbsp;Cuidador(a)""]}","[0]",""
"[{""page_index"":0,""viewing_time"":608},{""page_index"":1,""viewing_time"":677}]","1285","instructions_015","SDOBHQ","instructions","431","492335","0.0-504.0-0.0","","","",""
"","930.3000000000466","SDOBHQ_157","SDOBHQ","survey-multi-choice","432","493268","0.0-505.0-0.0","{""Q0"":""¿Ha habido momentos en su vida cotidiana en que le trataron con <b>menos</b> cortesía o respeto que otras personas?""}","{""Q0"":"" No""}","[0]",""
"","973.8000000000466","SDOBHQ_173","SDOBHQ","survey-multi-choice","433","494247","0.0-521.0-0.0","{""Q0"":""¿Ha habido momentos en su vida cotidiana en que le trataron con <b>más</b> cortesía o respeto que otras personas?""}","{""Q0"":"" No""}","[0]",""
