"view_history","rt","trialid","procedure","trial_type","trial_index","time_elapsed","internal_node_id","stimulus","response","question_order"
"[{""page_index"":0,""viewing_time"":865}]","866","Instructions_001","CSI","instructions","5","4135","0.0-6.0-0.0","","",""
"","2567.9000000000233","CSI_001","CSI","survey-multi-choice","6","6710","0.0-7.0-0.0","{""Q0"":""¿Usted ha sentido estrés y tensión frecuentemente?""}","{""Q0"":"" Al menos en estos 6 meses""}","[0]"
"","1480.5999999999767","CSI_002","CSI","survey-multi-choice","7","8194","0.0-8.0-0.0","{""Q0"":""¿Usted ha sentido angustia y/o ansiedad frecuentemente?""}","{""Q0"":"" Al menos durante todo el último año""}","[0]"
"","1282.7999999999302","CSI_003","CSI","survey-multi-choice","8","9482","0.0-9.0-0.0","{""Q0"":""¿Usted ha sentido agobio y/o desánimo frecuentemente?""}","{""Q0"":"" Solo en el último mes""}","[0]"
"","1255.9000000000233","CSI_004","CSI","survey-multi-choice","9","10741","0.0-10.0-0.0","{""Q0"":""¿Usted ha experimentado problemas de sueño frecuentemente?""}","{""Q0"":"" No aplica""}","[0]"
"","1083.8000000000466","CSI_005","CSI","survey-multi-choice","10","11828","0.0-11.0-0.0","{""Q0"":""¿Usted ha experimentado problemas de concentración y memoria frecuentemente?""}","{""Q0"":"" Hace más de un año""}","[0]"
"","1129","CSI_006","CSI","survey-multi-choice","11","12959","0.0-12.0-0.0","{""Q0"":""¿Usted ha sentido irritabilidad frecuentemente?""}","{""Q0"":"" Solo en el último mes""}","[0]"
"","1383.8999999999069","CSI_007","CSI","survey-multi-choice","12","14345","0.0-13.0-0.0","{""Q0"":""¿Usted ha experimentado fatiga persistente?""}","{""Q0"":"" Al menos durante todo el último año""}","[0]"
