"view_history","rt","trialid","procedure","trial_type","trial_index","time_elapsed","internal_node_id","stimulus","response","question_order"
"[{""page_index"":0,""viewing_time"":676}]","676","Instructions_01","SPM2Adultos","instructions","550","617453","0.0-653.0-0.0","","",""
"","1019.6999999999534","SPM2Adultos_001","SPM2Adultos","survey-multi-choice","551","618475","0.0-654.0-0.0","{""Q0"":""La luz del sol o luces brillantes me fastidian.""}","{""Q0"":"" Nunca""}","[0]"
"","1000.8000000000466","SPM2Adultos_002","SPM2Adultos","survey-multi-choice","552","619479","0.0-655.0-0.0","{""Q0"":""Yo tengo problemas para encontrar objetos en un estante.""}","{""Q0"":"" Nunca""}","[0]"
"","992.3000000000466","SPM2Adultos_003","SPM2Adultos","survey-multi-choice","553","620474","0.0-656.0-0.0","{""Q0"":""Las luces que parpadean me fastidian.""}","{""Q0"":"" Nunca""}","[0]"
"","1042.1999999999534","SPM2Adultos_004","SPM2Adultos","survey-multi-choice","554","621519","0.0-657.0-0.0","{""Q0"":""Yo tengo problemas para seguir objetos que se mueven con la vista.""}","{""Q0"":"" Siempre""}","[0]"
"","1011.0999999998603","SPM2Adultos_005","SPM2Adultos","survey-multi-choice","555","622534","0.0-658.0-0.0","{""Q0"":""Yo me tropiezo con las cosas o con la gente porque no me doy cuenta de que están a mi paso (en mi camino).""}","{""Q0"":"" Siempre""}","[0]"
"","957.5","SPM2Adultos_006","SPM2Adultos","survey-multi-choice","556","623495","0.0-659.0-0.0","{""Q0"":""Yo tengo problemas para percibir los letreros de las calles o las señales de tránsito cuando estoy en un lugar nuevo.""}","{""Q0"":"" Nunca""}","[0]"
"","1013.2000000001863","SPM2Adultos_007","SPM2Adultos","survey-multi-choice","557","624512","0.0-660.0-0.0","{""Q0"":""Yo tengo dificultad para juzgar (medir) la velocidad de autos que se acercan.""}","{""Q0"":"" Frecuentemente""}","[0]"
"","1103.1999999999534","SPM2Adultos_008","SPM2Adultos","survey-multi-choice","558","625620","0.0-661.0-0.0","{""Q0"":""Yo tengo dificultad para encontrar lo que busco en un mapa o en la guía de un centro comercial.""}","{""Q0"":"" Ocasionalmente""}","[0]"
"","1074.5","SPM2Adultos_009","SPM2Adultos","survey-multi-choice","559","626699","0.0-662.0-0.0","{""Q0"":""Yo me distraigo por objetos que se mueven y que puedo ver con el rabillo del ojo.""}","{""Q0"":"" Siempre""}","[0]"
"","1117","SPM2Adultos_010","SPM2Adultos","survey-multi-choice","560","627818","0.0-663.0-0.0","{""Q0"":""Yo pierdo mi lugar cuando muevo la vista de un sitio a otro, por ejemplo leyendo de una línea de texto a la siguiente.""}","{""Q0"":"" Frecuentemente""}","[0]"
"","984","SPM2Adultos_011","SPM2Adultos","survey-multi-choice","561","628806","0.0-664.0-0.0","{""Q0"":""Me fastidian los sonidos fuertes como el de una aspiradora.""}","{""Q0"":"" Ocasionalmente""}","[0]"
"","1005.1000000000931","SPM2Adultos_012","SPM2Adultos","survey-multi-choice","562","629815","0.0-665.0-0.0","{""Q0"":""Yo necesito estar en un sitio muy silencioso para poder trabajar o dormir.""}","{""Q0"":"" Nunca""}","[0]"
"","1051.6000000000931","SPM2Adultos_013","SPM2Adultos","survey-multi-choice","563","630870","0.0-666.0-0.0","{""Q0"":""Yo me distraigo fácilmente con ruidos sutiles en el ambiente como el ruido del aire acondicionado o del refrigerador.""}","{""Q0"":"" Frecuentemente""}","[0]"
"","1004.4000000001397","SPM2Adultos_014","SPM2Adultos","survey-multi-choice","564","631877","0.0-667.0-0.0","{""Q0"":""Los sonidos fuertes o inesperados me hacen sobresaltar fácilmente.""}","{""Q0"":"" Nunca""}","[0]"
"","1009.1999999999534","SPM2Adultos_015","SPM2Adultos","survey-multi-choice","565","632890","0.0-668.0-0.0","{""Q0"":""Yo noto sonidos que los demás no notan.""}","{""Q0"":"" Nunca""}","[0]"
"","1013.6999999999534","SPM2Adultos_016","SPM2Adultos","survey-multi-choice","566","633907","0.0-669.0-0.0","{""Q0"":""Yo tengo dificultad para determinar de dónde provienen los sonidos o las voces.""}","{""Q0"":"" Siempre""}","[0]"
"","1049.5","SPM2Adultos_017","SPM2Adultos","survey-multi-choice","567","634962","0.0-670.0-0.0","{""Q0"":""Los sonidos agudos, como de silbatos o aparatos para hacer bulla en las fiestas, me molestan.""}","{""Q0"":"" Siempre""}","[0]"
"","1025.8999999999069","SPM2Adultos_018","SPM2Adultos","survey-multi-choice","568","635991","0.0-671.0-0.0","{""Q0"":""Yo evito los lugares donde hay música o ruido fuerte.""}","{""Q0"":"" Nunca""}","[0]"
"","1152.5999999998603","SPM2Adultos_019","SPM2Adultos","survey-multi-choice","569","637147","0.0-672.0-0.0","{""Q0"":""Yo tengo dificultad para enfocarme en una película cuando hay ruidos cerca como el de gente abriendo envases de comida.""}","{""Q0"":"" Siempre""}","[0]"
"","1015.5","SPM2Adultos_020","SPM2Adultos","survey-multi-choice","570","638166","0.0-673.0-0.0","{""Q0"":""Yo tengo dificultad para oír a la gente cuando me están hablando en un sitio bullicioso como un restaurante.""}","{""Q0"":"" Frecuentemente""}","[0]"
"","980.1999999999534","SPM2Adultos_021","SPM2Adultos","survey-multi-choice","571","639149","0.0-674.0-0.0","{""Q0"":""Yo tengo dificultad para encontrar cosas en un bolsillo, una bolsa, o una mochila sin mirar.""}","{""Q0"":"" Ocasionalmente""}","[0]"
"","969.8000000000466","SPM2Adultos_022","SPM2Adultos","survey-multi-choice","572","640122","0.0-675.0-0.0","{""Q0"":""No me gusta que la gente me toque o que esté demasiado cerca de mí""}","{""Q0"":"" Frecuentemente""}","[0]"
"","996.5","SPM2Adultos_023","SPM2Adultos","survey-multi-choice","573","641123","0.0-676.0-0.0","{""Q0"":""La sensación de ciertas ropas me disgusta.""}","{""Q0"":"" Nunca""}","[0]"
"","1010.6999999999534","SPM2Adultos_024","SPM2Adultos","survey-multi-choice","574","642136","0.0-677.0-0.0","{""Q0"":""Me disgusta tener cosas pegajosas o sucias en mis manos.""}","{""Q0"":"" Siempre""}","[0]"
"","1049.0999999998603","SPM2Adultos_025","SPM2Adultos","survey-multi-choice","575","643188","0.0-678.0-0.0","{""Q0"":""Otros tienen que decirme cuando necesito limpiarme algo de la cara porque yo no me doy cuenta de eso.""}","{""Q0"":"" Ocasionalmente""}","[0]"
"","1154.3000000000466","SPM2Adultos_026","SPM2Adultos","survey-multi-choice","576","644339","0.0-679.0-0.0","{""Q0"":""La comida tiene que estar exactamente a la temperatura correcta para que yo me la coma.""}","{""Q0"":"" Ocasionalmente""}","[0]"
"","964.4000000001397","SPM2Adultos_027","SPM2Adultos","survey-multi-choice","577","645307","0.0-680.0-0.0","{""Q0"":""Yo evito ciertas comidas debido a sus texturas.""}","{""Q0"":"" Siempre""}","[0]"
"","1025.0999999998603","SPM2Adultos_028","SPM2Adultos","survey-multi-choice","578","646336","0.0-681.0-0.0","{""Q0"":""Se me caen las cosas porque no las siento deslizarse entre mis dedos.""}","{""Q0"":"" Frecuentemente""}","[0]"
"","1106.1000000000931","SPM2Adultos_029","SPM2Adultos","survey-multi-choice","579","647446","0.0-682.0-0.0","{""Q0"":""Yo tengo problemas con cierres que no puedo ver (como para abotonar mi cuello sin un espejo).""}","{""Q0"":"" Siempre""}","[0]"
"","1000.5","SPM2Adultos_030","SPM2Adultos","survey-multi-choice","580","648449","0.0-683.0-0.0","{""Q0"":""Me es difícil sentir cuando la ropa se me ha enrollado en el cuerpo.""}","{""Q0"":"" Nunca""}","[0]"
"","1007.3000000000466","SPM2Adultos_031","SPM2Adultos","survey-multi-choice","581","649459","0.0-684.0-0.0","{""Q0"":""Yo evito probar comidas nuevas.""}","{""Q0"":"" Ocasionalmente""}","[0]"
"","1006.6000000000931","SPM2Adultos_032","SPM2Adultos","survey-multi-choice","582","650468","0.0-685.0-0.0","{""Q0"":""Yo noto fragancias u olores que otros no notan.""}","{""Q0"":"" Frecuentemente""}","[0]"
"","1042","SPM2Adultos_033","SPM2Adultos","survey-multi-choice","583","651514","0.0-686.0-0.0","{""Q0"":""No me gusta comer en restaurantes debido a los diferentes olores y sabores.""}","{""Q0"":"" Nunca""}","[0]"
"","955.6999999999534","SPM2Adultos_034","SPM2Adultos","survey-multi-choice","584","652473","0.0-687.0-0.0","{""Q0"":""Me fastidian olores que a los demás no les molestan.""}","{""Q0"":"" Siempre""}","[0]"
"","1040","SPM2Adultos_035","SPM2Adultos","survey-multi-choice","585","653516","0.0-688.0-0.0","{""Q0"":""Yo evito estar con grupos de gente en sitios encerrados, como en los ascensores o en habitaciones atestadas (saturadas), debido al olor.""}","{""Q0"":"" Ocasionalmente""}","[0]"
"","1017.5","SPM2Adultos_036","SPM2Adultos","survey-multi-choice","586","654536","0.0-689.0-0.0","{""Q0"":""Cuando me encuentro con algo nuevo, me gusta olerlo""}","{""Q0"":"" Frecuentemente""}","[0]"
"","1024.3000000000466","SPM2Adultos_037","SPM2Adultos","survey-multi-choice","587","655563","0.0-690.0-0.0","{""Q0"":""Los sabores de ciertas comidas me disgustan.""}","{""Q0"":"" Frecuentemente""}","[0]"
"","1032.0999999998603","SPM2Adultos_038","SPM2Adultos","survey-multi-choice","588","656598","0.0-691.0-0.0","{""Q0"":""Yo detecto sabores amargos o ácidos aunque sean muy leves.""}","{""Q0"":"" Frecuentemente""}","[0]"
"","1029.5","SPM2Adultos_039","SPM2Adultos","survey-multi-choice","589","657631","0.0-692.0-0.0","{""Q0"":""Me gusta olfatear u oler a la gente.""}","{""Q0"":"" Ocasionalmente""}","[0]"
"","1017.1999999999534","SPM2Adultos_040","SPM2Adultos","survey-multi-choice","590","658651","0.0-693.0-0.0","{""Q0"":""Yo insisto en comer la misma marca de un cierto alimento debido al sabor.""}","{""Q0"":"" Nunca""}","[0]"
"","1053.7999999998137","SPM2Adultos_041","SPM2Adultos","survey-multi-choice","591","659708","0.0-694.0-0.0","{""Q0"":""Yo tiro la pelota con demasiada o con muy poca fuerza para embocarla.""}","{""Q0"":"" Siempre""}","[0]"
"","1036.6000000000931","SPM2Adultos_042","SPM2Adultos","survey-multi-choice","592","660747","0.0-695.0-0.0","{""Q0"":""Yo tiendo a derramar o botar las cosas que llevo en una azafate (bandeja).""}","{""Q0"":"" Nunca""}","[0]"
"","1061.1999999999534","SPM2Adultos_043","SPM2Adultos","survey-multi-choice","593","661814","0.0-696.0-0.0","{""Q0"":""Yo manejo los recipientes tan bruscamente o tan fuerte que se abollan, se rompen, o derraman.""}","{""Q0"":"" Nunca""}","[0]"
"","997.3999999999069","SPM2Adultos_044","SPM2Adultos","survey-multi-choice","594","662815","0.0-697.0-0.0","{""Q0"":""Yo agarro las cosas de un modo tan suelto que se me caen de la mano.""}","{""Q0"":"" Frecuentemente""}","[0]"
"","1053.9000000001397","SPM2Adultos_045","SPM2Adultos","survey-multi-choice","595","663872","0.0-698.0-0.0","{""Q0"":""Yo rompo las cosas al presionarlas, jalarlas, o empujarlas demasiado fuerte.""}","{""Q0"":"" Ocasionalmente""}","[0]"
"","1081.6000000000931","SPM2Adultos_046","SPM2Adultos","survey-multi-choice","596","664957","0.0-699.0-0.0","{""Q0"":""Yo vuelco (derramo) las cosas por accidente.""}","{""Q0"":"" Nunca""}","[0]"
"","1017.5999999998603","SPM2Adultos_047","SPM2Adultos","survey-multi-choice","597","665977","0.0-700.0-0.0","{""Q0"":""Yo tiendo a usar demasiada presión para la tarea que estoy haciendo, por ejemplo rompo las puntas de los lápices al escribir.""}","{""Q0"":"" Frecuentemente""}","[0]"
"","1043.5999999998603","SPM2Adultos_048","SPM2Adultos","survey-multi-choice","598","667023","0.0-701.0-0.0","{""Q0"":""Me gusta chocar mi cuerpo contra cosas.""}","{""Q0"":"" Ocasionalmente""}","[0]"
"","1049.2999999998137","SPM2Adultos_049","SPM2Adultos","survey-multi-choice","599","668076","0.0-702.0-0.0","{""Q0"":""Los demás se quejan de que yo empujo, pateo, abrazo, o pego demasiado fuerte.""}","{""Q0"":"" Siempre""}","[0]"
"","1027.5","SPM2Adultos_050","SPM2Adultos","survey-multi-choice","600","669108","0.0-703.0-0.0","{""Q0"":""Yo tiro las puertas al cerrarlas (portazos) o las empujo al abrirlas con demasiada fuerza.""}","{""Q0"":"" Frecuentemente""}","[0]"
"","1034.3999999999069","SPM2Adultos_051","SPM2Adultos","survey-multi-choice","601","670146","0.0-704.0-0.0","{""Q0"":""No me gustan las actividades que me hagan echar la cabeza hacia atrás como para mirar algo que esté encima o para enjuagar mi cabello.""}","{""Q0"":"" Ocasionalmente""}","[0]"
"","1022.7999999998137","SPM2Adultos_052","SPM2Adultos","survey-multi-choice","602","671171","0.0-705.0-0.0","{""Q0"":""No me gusta subir en ascensores o en escaleras mecánicas porque el movimiento me pone incómodo/a.""}","{""Q0"":"" Siempre""}","[0]"
"","1038.8999999999069","SPM2Adultos_053","SPM2Adultos","survey-multi-choice","603","672213","0.0-706.0-0.0","{""Q0"":""Yo evito caminar sobre superficies desiguales que requieren equilibrio como la tierra o el pasto.""}","{""Q0"":"" Siempre""}","[0]"
"","1109.6999999999534","SPM2Adultos_054","SPM2Adultos","survey-multi-choice","604","673328","0.0-707.0-0.0","{""Q0"":""Yo me tropiezo o pierdo el equilibrio.""}","{""Q0"":"" Siempre""}","[0]"
"","1075.2000000001863","SPM2Adultos_055","SPM2Adultos","survey-multi-choice","605","674413","0.0-708.0-0.0","{""Q0"":""Yo me siento incomódo/a en escaleras (subir y bajar).""}","{""Q0"":"" Frecuentemente""}","[0]"
"","1146.4000000001397","SPM2Adultos_056","SPM2Adultos","survey-multi-choice","606","675562","0.0-709.0-0.0","{""Q0"":""Cuando me siento en el suelo tengo que apoyarme en algo.""}","{""Q0"":"" Ocasionalmente""}","[0]"
"","1035.5","SPM2Adultos_057","SPM2Adultos","survey-multi-choice","607","676601","0.0-710.0-0.0","{""Q0"":""Yo me mareo cuando giro mi cabeza de un lado a otro como al mirar en ambos sentidos antes de cruzar una calle.""}","{""Q0"":"" Siempre""}","[0]"
"","1064.1000000000931","SPM2Adultos_058","SPM2Adultos","survey-multi-choice","608","677669","0.0-711.0-0.0","{""Q0"":""Yo me pongo incómodo/a cuando tengo que sentarme en un asiento sin respaldo.""}","{""Q0"":"" Nunca""}","[0]"
"","1029.3000000000466","SPM2Adultos_059","SPM2Adultos","survey-multi-choice","609","678701","0.0-712.0-0.0","{""Q0"":""Yo me mezo o me doy vueltas en la silla cuando estoy sentada/o en un escritorio o una mesa.""}","{""Q0"":"" Nunca""}","[0]"
"","1075.3000000000466","SPM2Adultos_060","SPM2Adultos","survey-multi-choice","610","679780","0.0-713.0-0.0","{""Q0"":""Yo me desplomo (me echo) o sujeto mi cabeza con las manos cuando estoy sentada/o en un escritorio.""}","{""Q0"":"" Nunca""}","[0]"
"","1029.8000000000466","SPM2Adultos_061","SPM2Adultos","survey-multi-choice","611","680813","0.0-714.0-0.0","{""Q0"":""Yo necesito más práctica que los demás para adquirir una habilidad nueva.""}","{""Q0"":"" Nunca""}","[0]"
"","1055.5","SPM2Adultos_062","SPM2Adultos","survey-multi-choice","612","681871","0.0-715.0-0.0","{""Q0"":""Yo tengo dificultad para planificar cómo cargar con varias cosas al mismo tiempo.""}","{""Q0"":"" Ocasionalmente""}","[0]"
"","1043.8999999999069","SPM2Adultos_063","SPM2Adultos","survey-multi-choice","613","682917","0.0-716.0-0.0","{""Q0"":""Me es difícil mantener las cosas organizadas.""}","{""Q0"":"" Ocasionalmente""}","[0]"
"","1399.6000000000931","SPM2Adultos_064","SPM2Adultos","survey-multi-choice","614","684323","0.0-717.0-0.0","{""Q0"":""Yo necesito decir los pasos de una tarea dentro de mi mismo mientras la estoy haciendo.""}","{""Q0"":"" Ocasionalmente""}","[0]"
"","1096.6999999999534","SPM2Adultos_065","SPM2Adultos","survey-multi-choice","615","685424","0.0-718.0-0.0","{""Q0"":""Yo tengo dificultad para completar las tareas que requieren muchos pasos que tienen que ser hechos en el orden correcto.""}","{""Q0"":"" Frecuentemente""}","[0]"
"","1045.1999999999534","SPM2Adultos_066","SPM2Adultos","survey-multi-choice","616","686474","0.0-719.0-0.0","{""Q0"":""Yo tengo dificultad para seguir los pasos de una tarea nueva, como los de una receta o de un manual de reparaciones.""}","{""Q0"":"" Ocasionalmente""}","[0]"
"","988.2000000001863","SPM2Adultos_067","SPM2Adultos","survey-multi-choice","617","687465","0.0-720.0-0.0","{""Q0"":""Yo tengo problemas para generar ideas para nuevas actividades.""}","{""Q0"":"" Ocasionalmente""}","[0]"
"","1005.5","SPM2Adultos_068","SPM2Adultos","survey-multi-choice","618","688475","0.0-721.0-0.0","{""Q0"":""Yo tengo problemas siguiendo un diagrama para construir algo por ejemplo para armar muebles.""}","{""Q0"":"" Nunca""}","[0]"
"","985.2000000001863","SPM2Adultos_069","SPM2Adultos","survey-multi-choice","619","689464","0.0-722.0-0.0","{""Q0"":""Yo tengo dificultad usando mi imaginación para crear nuevos juegos o actividades cuando juego con niños.""}","{""Q0"":"" Frecuentemente""}","[0]"
"","964.3999999999069","SPM2Adultos_070","SPM2Adultos","survey-multi-choice","620","690431","0.0-723.0-0.0","{""Q0"":""Yo tengo dificultad para generar ideas durante juegos como charadas (pasatiempos).""}","{""Q0"":"" Nunca""}","[0]"
"","1000.8999999999069","SPM2Adultos_071","SPM2Adultos","survey-multi-choice","621","691435","0.0-724.0-0.0","{""Q0"":""Yo me llevo bien con los demás.""}","{""Q0"":"" Ocasionalmente""}","[0]"
"","1009.1000000000931","SPM2Adultos_072","SPM2Adultos","survey-multi-choice","622","692448","0.0-725.0-0.0","{""Q0"":""Yo disfruto estando con mis amigos.""}","{""Q0"":"" Frecuentemente""}","[0]"
"","962.3000000000466","SPM2Adultos_073","SPM2Adultos","survey-multi-choice","623","693413","0.0-726.0-0.0","{""Q0"":""Yo evito actividades sociales con gente que no conozco.""}","{""Q0"":"" Ocasionalmente""}","[0]"
"","1039.5","SPM2Adultos_074","SPM2Adultos","survey-multi-choice","624","694457","0.0-727.0-0.0","{""Q0"":""Yo disfruto participando en reuniones familiares.""}","{""Q0"":"" Siempre""}","[0]"
"","1002.8000000000466","SPM2Adultos_075","SPM2Adultos","survey-multi-choice","625","695463","0.0-728.0-0.0","{""Q0"":""Yo me uno a actividades con otros sin perturbar la actividad que está en progreso.""}","{""Q0"":"" Nunca""}","[0]"
"","1038.6999999999534","SPM2Adultos_076","SPM2Adultos","survey-multi-choice","626","696505","0.0-729.0-0.0","{""Q0"":""Me es difícil hacer contacto visual con la gente cuando les hablo.""}","{""Q0"":"" Siempre""}","[0]"
"","1098.9000000001397","SPM2Adultos_077","SPM2Adultos","survey-multi-choice","627","697607","0.0-730.0-0.0","{""Q0"":""Yo me quedo (atascado) pegado en un sólo tema cuando hablo con otros.""}","{""Q0"":"" Ocasionalmente""}","[0]"
"","1064.3999999999069","SPM2Adultos_078","SPM2Adultos","survey-multi-choice","628","698674","0.0-731.0-0.0","{""Q0"":""Los demás me dicen que parezco estar ignorando a la gente, cuando en realidad yo ni siquiera me había dado cuenta de que estaban ahí""}","{""Q0"":"" Frecuentemente""}","[0]"
"","1000.1000000000931","SPM2Adultos_079","SPM2Adultos","survey-multi-choice","629","699678","0.0-732.0-0.0","{""Q0"":""La gente me dice que yo hablo con voz demasiado suave o demasiado alta.""}","{""Q0"":"" Frecuentemente""}","[0]"
"","1033.6000000000931","SPM2Adultos_080","SPM2Adultos","survey-multi-choice","630","700716","0.0-733.0-0.0","{""Q0"":""Me gusta trabajar como parte de un equipo.""}","{""Q0"":"" Nunca""}","[0]"
