"view_history","rt","trialid","procedure","trial_type","trial_index","time_elapsed","internal_node_id","stimulus","slider_start","response"
"[{""page_index"":0,""viewing_time"":469}]","469","APrioriDiagnostic_000","APrioriDiagnostic","instructions","23","18927","0.0-32.0-0.0","","",""
"","897.2999999988824","APrioriDiagnostic_001","APrioriDiagnostic","html-slider-response","24","19830","0.0-33.0-0.0","Going through diagnostic tests always has more advantages than disadvantages.","50","49"
"","588.6999999992549","APrioriDiagnostic_002","APrioriDiagnostic","html-slider-response","25","20421","0.0-34.0-0.0","Going through diagnostic tests cannot hurt anyone.","50","69"
"","546.2999999988824","APrioriDiagnostic_003","APrioriDiagnostic","html-slider-response","26","20970","0.0-35.0-0.0","In my opinion, it is always better to get diagnostic tests.","50","32"
"","696.2000000011176","APrioriDiagnostic_004","APrioriDiagnostic","html-slider-response","27","21672","0.0-36.0-0.0","If one has the opportunity, one should always go through diagnostic tests.","50","98"
"","681.9000000003725","APrioriDiagnostic_005","APrioriDiagnostic","html-slider-response","28","22363","0.0-37.0-0.0","Foregoing diagnostic tests is irresponsible.","50","48"
