"view_history","rt","trialid","procedure","trial_type","trial_index","time_elapsed","internal_node_id","stimulus","response"
"[{""page_index"":0,""viewing_time"":742}]","742","Instructions","RMET","instructions","322","378709","0.0-395.0-0.0","",""
"","1206","RMET_000","RMET","survey-multi-choice-CSCN-RMET","323","379923","0.0-396.0-0.0","{""Q0"":""""}","{""Q0"":"" EN PÁNICO""}"
"[{""page_index"":0,""viewing_time"":610}]","611","Instructions_001","RMET","instructions","324","380536","0.0-397.0-0.0-0.0","",""
"","1097","RMET_001","RMET","survey-multi-choice-CSCN-RMET","325","381641","0.0-399.0-0.0","{""Q0"":""""}","{""Q0"":""JUGUETÓN""}"
"","1073","RMET_002","RMET","survey-multi-choice-CSCN-RMET","326","382720","0.0-400.0-0.0","{""Q0"":""""}","{""Q0"":""MOLESTO""}"
"","1125","RMET_003","RMET","survey-multi-choice-CSCN-RMET","327","383851","0.0-401.0-0.0","{""Q0"":""""}","{""Q0"":""CONVENCIDA""}"
"","1166","RMET_004","RMET","survey-multi-choice-CSCN-RMET","328","385023","0.0-402.0-0.0","{""Q0"":""""}","{""Q0"":""RELAJADO""}"
"","1185","RMET_005","RMET","survey-multi-choice-CSCN-RMET","329","386218","0.0-403.0-0.0","{""Q0"":""""}","{""Q0"":""PREOCUPADO""}"
"","1172","RMET_006","RMET","survey-multi-choice-CSCN-RMET","330","387398","0.0-404.0-0.0","{""Q0"":""""}","{""Q0"":""ASUSTADA""}"
"","1138","RMET_007","RMET","survey-multi-choice-CSCN-RMET","331","388540","0.0-405.0-0.0","{""Q0"":""""}","{""Q0"":""AMISTOSO""}"
"","1181","RMET_008","RMET","survey-multi-choice-CSCN-RMET","332","389729","0.0-406.0-0.0","{""Q0"":""""}","{""Q0"":""TÍMIDO""}"
"","1093","RMET_009","RMET","survey-multi-choice-CSCN-RMET","333","390827","0.0-407.0-0.0","{""Q0"":""""}","{""Q0"":""HORRORIZADA""}"
"","1101","RMET_010","RMET","survey-multi-choice-CSCN-RMET","334","391934","0.0-408.0-0.0","{""Q0"":""""}","{""Q0"":""PRUDENTE""}"
"","1117","RMET_011","RMET","survey-multi-choice-CSCN-RMET","335","393057","0.0-409.0-0.0","{""Q0"":""""}","{""Q0"":""SEDUCTOR""}"
"","1140","RMET_012","RMET","survey-multi-choice-CSCN-RMET","336","394202","0.0-410.0-0.0","{""Q0"":""""}","{""Q0"":""DECAÍDO""}"
"","1119","RMET_013","RMET","survey-multi-choice-CSCN-RMET","337","395325","0.0-411.0-0.0","{""Q0"":""""}","{""Q0"":""AMENAZANTE""}"
"","1237","RMET_014","RMET","survey-multi-choice-CSCN-RMET","338","396568","0.0-412.0-0.0","{""Q0"":""""}","{""Q0"":""DEPRIMIDO""}"
"","1129","RMET_015","RMET","survey-multi-choice-CSCN-RMET","339","397706","0.0-413.0-0.0","{""Q0"":""""}","{""Q0"":""AGOBIADA""}"
"","1162","RMET_016","RMET","survey-multi-choice-CSCN-RMET","340","398876","0.0-414.0-0.0","{""Q0"":""""}","{""Q0"":""COMPASIVO""}"
"","1375","RMET_017","RMET","survey-multi-choice-CSCN-RMET","341","400260","0.0-415.0-0.0","{""Q0"":""""}","{""Q0"":""INSEGURA""}"
"","1290","RMET_018","RMET","survey-multi-choice-CSCN-RMET","342","401562","0.0-416.0-0.0","{""Q0"":""""}","{""Q0"":""ABURRIDA""}"
"","1210","RMET_019","RMET","survey-multi-choice-CSCN-RMET","343","402780","0.0-417.0-0.0","{""Q0"":""""}","{""Q0"":""VACILANTE""}"
"","1039","RMET_020","RMET","survey-multi-choice-CSCN-RMET","344","403826","0.0-418.0-0.0","{""Q0"":""""}","{""Q0"":""AMISTOSO""}"
"","1229","RMET_021","RMET","survey-multi-choice-CSCN-RMET","345","405063","0.0-419.0-0.0","{""Q0"":""""}","{""Q0"":""CONFUNDIDA""}"
"","1114","RMET_022","RMET","survey-multi-choice-CSCN-RMET","346","406183","0.0-420.0-0.0","{""Q0"":""""}","{""Q0"":""SUPLICANTE""}"
"","1193","RMET_023","RMET","survey-multi-choice-CSCN-RMET","347","407383","0.0-421.0-0.0","{""Q0"":""""}","{""Q0"":""SATISFECHO""}"
"","1216","RMET_024","RMET","survey-multi-choice-CSCN-RMET","348","408606","0.0-422.0-0.0","{""Q0"":""""}","{""Q0"":""ABSTRAÍDO""}"
"","1189","RMET_025","RMET","survey-multi-choice-CSCN-RMET","349","409802","0.0-423.0-0.0","{""Q0"":""""}","{""Q0"":""INCRÉDULA""}"
"","1220","RMET_026","RMET","survey-multi-choice-CSCN-RMET","350","411027","0.0-424.0-0.0","{""Q0"":""""}","{""Q0"":""TÍMIDO""}"
"","1206","RMET_027","RMET","survey-multi-choice-CSCN-RMET","351","412240","0.0-425.0-0.0","{""Q0"":""""}","{""Q0"":""ARROGANTE""}"
"","1145","RMET_028","RMET","survey-multi-choice-CSCN-RMET","352","413391","0.0-426.0-0.0","{""Q0"":""""}","{""Q0"":""SATISFECHA""}"
"","1068","RMET_029","RMET","survey-multi-choice-CSCN-RMET","353","414465","0.0-427.0-0.0","{""Q0"":""""}","{""Q0"":""ASUSTADA""}"
"","1116","RMET_030","RMET","survey-multi-choice-CSCN-RMET","354","415585","0.0-428.0-0.0","{""Q0"":""""}","{""Q0"":""DECEPCIONADA""}"
"","1160","RMET_031","RMET","survey-multi-choice-CSCN-RMET","355","416751","0.0-429.0-0.0","{""Q0"":""""}","{""Q0"":""AVERGONZADA""}"
"","1156","RMET_032","RMET","survey-multi-choice-CSCN-RMET","356","417912","0.0-430.0-0.0","{""Q0"":""""}","{""Q0"":""AVERGONZADO""}"
"","1055","RMET_033","RMET","survey-multi-choice-CSCN-RMET","357","418972","0.0-431.0-0.0","{""Q0"":""""}","{""Q0"":""CULPABLE""}"
"","1112","RMET_034","RMET","survey-multi-choice-CSCN-RMET","358","420090","0.0-432.0-0.0","{""Q0"":""""}","{""Q0"":""ATERRORIZADA""}"
"","1124","RMET_035","RMET","survey-multi-choice-CSCN-RMET","359","421221","0.0-433.0-0.0","{""Q0"":""""}","{""Q0"":""PENSATIVA""}"
"","1130","RMET_036","RMET","survey-multi-choice-CSCN-RMET","360","422356","0.0-434.0-0.0","{""Q0"":""""}","{""Q0"":""INDECISO""}"
