"view_history","rt","trialid","procedure","trial_type","trial_index","time_elapsed","internal_node_id","stimulus","response"
"[{""page_index"":0,""viewing_time"":547}]","547","Instructions_01","STAI","instructions","1570","1148192","0.0-1639.0-0.0","",""
"","970","STAI_01","STAI","survey-multi-choice-horizontal","1571","1149173","0.0-1640.0-0.0","{""Q0"":""1. Me siento calmado.""}","{""Q0"":""BASTANTE""}"
"","885","STAI_02","STAI","survey-multi-choice-horizontal","1572","1150076","0.0-1641.0-0.0","{""Q0"":""2. Me siento seguro.""}","{""Q0"":""NADA""}"
"","798","STAI_03","STAI","survey-multi-choice-horizontal","1573","1150884","0.0-1642.0-0.0","{""Q0"":""3. Estoy tenso.""}","{""Q0"":""MUCHO""}"
"","784","STAI_04","STAI","survey-multi-choice-horizontal","1574","1151677","0.0-1643.0-0.0","{""Q0"":""4. Me siento disgustado.""}","{""Q0"":""UN POCO""}"
"","1102","STAI_05","STAI","survey-multi-choice-horizontal","1575","1152789","0.0-1644.0-0.0","{""Q0"":""5. Me siento a “mis anchas”.""}","{""Q0"":""NADA""}"
"","950","STAI_06","STAI","survey-multi-choice-horizontal","1576","1153748","0.0-1645.0-0.0","{""Q0"":""6. Me siento alterado.""}","{""Q0"":""UN POCO""}"
"","755","STAI_07","STAI","survey-multi-choice-horizontal","1577","1154514","0.0-1646.0-0.0","{""Q0"":""7. En este momento estoy preocupado por algún posible problema.""}","{""Q0"":""NADA""}"
"","738","STAI_08","STAI","survey-multi-choice-horizontal","1578","1155260","0.0-1647.0-0.0","{""Q0"":""8. Me siento satisfecho.""}","{""Q0"":""BASTANTE""}"
"","920","STAI_09","STAI","survey-multi-choice-horizontal","1579","1156193","0.0-1648.0-0.0","{""Q0"":""9. Me siento asustado.""}","{""Q0"":""MUCHO""}"
"","851","STAI_10","STAI","survey-multi-choice-horizontal","1580","1157054","0.0-1649.0-0.0","{""Q0"":""10. Me siento cómodo.""}","{""Q0"":""UN POCO""}"
"","778","STAI_11","STAI","survey-multi-choice-horizontal","1581","1157847","0.0-1650.0-0.0","{""Q0"":""11. Tengo confianza en mí mismo.""}","{""Q0"":""UN POCO""}"
"","770","STAI_12","STAI","survey-multi-choice-horizontal","1582","1158632","0.0-1651.0-0.0","{""Q0"":""12. Me siento nervioso.""}","{""Q0"":""NADA""}"
"","771","STAI_13","STAI","survey-multi-choice-horizontal","1583","1159413","0.0-1652.0-0.0","{""Q0"":""13. Me siento agitado.""}","{""Q0"":""MUCHO""}"
"","696","STAI_14","STAI","survey-multi-choice-horizontal","1584","1160119","0.0-1653.0-0.0","{""Q0"":""14. Me siento indeciso.""}","{""Q0"":""UN POCO""}"
"","805","STAI_15","STAI","survey-multi-choice-horizontal","1585","1160933","0.0-1654.0-0.0","{""Q0"":""15. Me siento tranquilo.""}","{""Q0"":""BASTANTE""}"
"","816","STAI_16","STAI","survey-multi-choice-horizontal","1586","1161761","0.0-1655.0-0.0","{""Q0"":""16. Me siento “a gusto”.""}","{""Q0"":""NADA""}"
"","846","STAI_17","STAI","survey-multi-choice-horizontal","1587","1162617","0.0-1656.0-0.0","{""Q0"":""17. Estoy preocupado.""}","{""Q0"":""NADA""}"
"","828","STAI_18","STAI","survey-multi-choice-horizontal","1588","1163462","0.0-1657.0-0.0","{""Q0"":""18. Me siento aturdido.""}","{""Q0"":""MUCHO""}"
"","761","STAI_19","STAI","survey-multi-choice-horizontal","1589","1164238","0.0-1658.0-0.0","{""Q0"":""19. Me siento equilibrado.""}","{""Q0"":""NADA""}"
"","780","STAI_20","STAI","survey-multi-choice-horizontal","1590","1165028","0.0-1659.0-0.0","{""Q0"":""20. Me siento bien.""}","{""Q0"":""MUCHO""}"
"","836","STAI_21","STAI","survey-multi-choice-horizontal","1591","1165874","0.0-1660.0-0.0","{""Q0"":""21. Me siento bien.""}","{""Q0"":""UN POCO""}"
"","759","STAI_22","STAI","survey-multi-choice-horizontal","1592","1166644","0.0-1661.0-0.0","{""Q0"":""22. Me siento nervioso.""}","{""Q0"":""NADA""}"
"","796","STAI_23","STAI","survey-multi-choice-horizontal","1593","1167450","0.0-1662.0-0.0","{""Q0"":""23. Me siento “a gusto” conmigo mismo.""}","{""Q0"":""UN POCO""}"
"","795","STAI_24","STAI","survey-multi-choice-horizontal","1594","1168255","0.0-1663.0-0.0","{""Q0"":""24. Quisiera ser tan feliz como otros parecen serlo.""}","{""Q0"":""UN POCO""}"
"","763","STAI_25","STAI","survey-multi-choice-horizontal","1595","1169027","0.0-1664.0-0.0","{""Q0"":""25. Siento que fallo.""}","{""Q0"":""UN POCO""}"
"","799","STAI_26","STAI","survey-multi-choice-horizontal","1596","1169837","0.0-1665.0-0.0","{""Q0"":""26. Me siento descansado.""}","{""Q0"":""UN POCO""}"
"","788","STAI_27","STAI","survey-multi-choice-horizontal","1597","1170643","0.0-1666.0-0.0","{""Q0"":""27. Soy una persona tranquila, serena y calmada.""}","{""Q0"":""MUCHO""}"
"","935","STAI_28","STAI","survey-multi-choice-horizontal","1598","1171589","0.0-1667.0-0.0","{""Q0"":""28. Siento que las dificultades se me amontonan y no las puedo superar.""}","{""Q0"":""NADA""}"
"","771","STAI_29","STAI","survey-multi-choice-horizontal","1599","1172370","0.0-1668.0-0.0","{""Q0"":""29. Me preocupo demasiado por cosas sin importancia.""}","{""Q0"":""UN POCO""}"
"","788","STAI_30","STAI","survey-multi-choice-horizontal","1600","1173169","0.0-1669.0-0.0","{""Q0"":""30. Soy feliz.""}","{""Q0"":""UN POCO""}"
"","827","STAI_31","STAI","survey-multi-choice-horizontal","1601","1174005","0.0-1670.0-0.0","{""Q0"":""31. Tengo malos pensamientos.""}","{""Q0"":""MUCHO""}"
"","1083","STAI_32","STAI","survey-multi-choice-horizontal","1602","1175099","0.0-1671.0-0.0","{""Q0"":""32. Me falta confianza en mí mismo.""}","{""Q0"":""UN POCO""}"
"","799","STAI_33","STAI","survey-multi-choice-horizontal","1603","1175911","0.0-1672.0-0.0","{""Q0"":""33. Me siento seguro.""}","{""Q0"":""NADA""}"
"","818","STAI_34","STAI","survey-multi-choice-horizontal","1604","1176741","0.0-1673.0-0.0","{""Q0"":""34. Puedo decidirme rápidamente.""}","{""Q0"":""BASTANTE""}"
"","844","STAI_35","STAI","survey-multi-choice-horizontal","1605","1177605","0.0-1674.0-0.0","{""Q0"":""35. Me siento “fuera de lugar”.""}","{""Q0"":""MUCHO""}"
"","771","STAI_36","STAI","survey-multi-choice-horizontal","1606","1178388","0.0-1675.0-0.0","{""Q0"":""36. Me siento satisfecho.""}","{""Q0"":""UN POCO""}"
"","868","STAI_37","STAI","survey-multi-choice-horizontal","1607","1179266","0.0-1676.0-0.0","{""Q0"":""37. Algunas ideas poco importantes ocupan mi cabeza y me molestan.""}","{""Q0"":""UN POCO""}"
"","769","STAI_38","STAI","survey-multi-choice-horizontal","1608","1180046","0.0-1677.0-0.0","{""Q0"":""38. Los desengaños me afectan tanto que no me los puedo sacar de la cabeza.""}","{""Q0"":""NADA""}"
"","806","STAI_39","STAI","survey-multi-choice-horizontal","1609","1180862","0.0-1678.0-0.0","{""Q0"":""39. Soy una persona estable.""}","{""Q0"":""MUCHO""}"
"","842","STAI_40","STAI","survey-multi-choice-horizontal","1610","1181714","0.0-1679.0-0.0","{""Q0"":""40. Cuando pienso en las cosas que tengo entre manos me pongo nervioso y tenso.""}","{""Q0"":""UN POCO""}"
