"view_history","rt","trialid","procedure","trial_type","trial_index","time_elapsed","internal_node_id","stimulus","slider_start","response"
"[{""page_index"":0,""viewing_time"":578}]","579","Instructions_01","ESV","instructions","547","433290","0.0-587.0-0.0","","",""
"","602.4000000003725","ESV_01","ESV","html-slider-response","548","433898","0.0-588.0-0.0","<div class='justified'>¿Cuál fue la intensidad de la interacción con la persona con Alzheimer?</div>","4","8"
"","558","ESV_02","ESV","html-slider-response","549","434459","0.0-589.0-0.0","<div class='justified'>¿Cuál fue la emoción que sentió durante la interacción con la persona con Alzheimer?</div>","4","9"
"","680.2000000011176","ESV_03","ESV","html-slider-response","550","435144","0.0-590.0-0.0","<div class='justified'>Considerando la compasión como la sensación de cariño, apertura y calidez hacia la otra persona.<br>Durante la interacción, ¿sentí compasión?</div>","4","3"
"","624.4000000003725","ESV_04","ESV","html-slider-response","551","435774","0.0-591.0-0.0","<div class='justified'>Considerando la angustia como la sensación de incomodidad o sufrimiento propio al interactuar con el otro.<br> Durante la interacción, ¿sentí angustia?</div>","4","7"
"","615.7999999988824","ESV_05","ESV","html-slider-response","552","436393","0.0-592.0-0.0","<div class='justified'>Durante la interacción, ¿sentí frío/distancia con el otro?</div>","4","6"
