"view_history","rt","trialid","procedure","trial_type","trial_index","time_elapsed","internal_node_id","stimulus","response","question_order"
"[{""page_index"":0,""viewing_time"":619}]","619","instructions_01","IFS","instructions","482","549303","0.0-573.0-0.0","","",""
"","1104.5999999998603","IFS_001","IFS","survey-multi-choice","483","550411","0.0-574.0-0.0","{""Q0"":""Aqui, como examinador debes decirle al participante lo siguiente: <b>“Mire atentamente lo que estoy haciendo”</b>. Acto seguido debes realizar frente al sujeto y por tres repeticiones consecutivas la serie de Luria:  “puño, canto, palma”.<br><br>Una vez terminadas las tres repeticiones debe decir lo siguiente: “Ahora haga lo mismo con su mano derecha, primero conmigo y después solo.” Acto seguido, como examinador, realizas las series 3 veces con el participante y luego le dices: <b>“Ahora, hágalo usted solo”</b>.""}","{""Q0"":"" Completó 6 series consecutivas solo""}","[0]"
"","1112.8999999999069","IFS_002","IFS","survey-multi-choice","484","551527","0.0-575.0-0.0","{""Q0"":""Aquí, como examinador debes decirle al participante lo siguiente: <b>“Le voy a pedir que golpee la mesa dos veces cuando yo golpee una vez”</b>. Para asegurarse que el paciente comprendió bien la consigna, realice una serie de 3 pruebas: 1-1-1.<br><br>Acto seguido decir: <b>“Ahora, golpee la mesa una vez cuando yo golpeo dos veces”</b>. Para asegurarse que el paciente comprendió bien la consigna, realice una serie de 3 pruebas: 2-2-2.<br><br>Ahora, decir <b>“Ahora integre las dos instrucciones en respuesta a mis golpes”</b> como examinador, realice la siguiente serie: 1-1-2-1-2-2-2-1-1-2.""}","{""Q0"":"" Cometió mas de dos errores""}","[0]"
"","1018.8000000000466","IFS_003","IFS","survey-multi-choice","485","552550","0.0-576.0-0.0","{""Q0"":""Iniciar diciéndole al participante: <b>“Ahora golpee una vez cuando yo golpeo una vez”</b>. Para asegurarse que el paciente comprendió bien la consigna, realice una serie de 3 pruebas: 1-1-1.<br><br>Acto seguido decir: <b>“Ahora no golpee cuando yo golpeo dos veces”</b>. Para asegurarse que el paciente comprendió bien la consigna, realice una serie de 3 pruebas: 2-2-2.<br><br>Ahora, como examinador, realiza la siguiente serie: 1-1-2-1-2-2-2-1-1-2.""}","{""Q0"":"" Golpeó <b>como el examinador</b> al menos 4 veces consecutivas""}","[0]"
"[{""page_index"":0,""viewing_time"":583}]","583","instructions_002","IFS","instructions","486","553135","0.0-577.0-0.0","","",""
"","796.2000000001863","IFS_004","IFS","survey-multi-choice","487","553934","0.0-578.0-0.0","{""Q0"":""¿El participante acertó la secuencia de esta sección?""}","{""Q0"":"" No""}","[0]"
"","857.5","IFS_005","IFS","survey-multi-choice","488","554795","0.0-579.0-0.0-0.0","{""Q0"":""¿El participante acertó la secuencia de esta sección?""}","{""Q0"":"" No""}","[0]"
"","909.6999999999534","IFS_016","IFS","survey-multi-choice","489","555707","0.0-590.0-0.0","{""Q0"":""El participante debe decir: Diciembre, Noviembre, Octubre, Septiembre, Agosto, Julio, Junio, Mayo, Abril, Marzo, Febrero, Enero""}","{""Q0"":"" Cometió mas de un error""}","[0]"
"[{""page_index"":0,""viewing_time"":557},{""page_index"":1,""viewing_time"":677}]","1234","instructions_003","IFS","instructions","490","556943","0.0-591.0-0.0","","",""
"","1249.6999999999534","IFS_017","IFS","survey-multi-select","491","558199","0.0-592.0-0.0","{""Q0"":""A continuación se muestran las secuencias que el participante debe completar, mencióneselas en voz alta y marque las que él señale correctamente en la hoja""}","{""Q0"":[""&nbsp;1-2"",""&nbsp;3-4-2-1"",""&nbsp;1-4-2-3-4""]}","[0]"
"[{""page_index"":0,""viewing_time"":595}]","595","instructions_004","IFS","instructions","492","558795","0.0-593.0-0.0","","",""
"","844","IFS_018","IFS","survey-text","493","559645","0.0-594.0-0.0","{""Q0"":""A continuación escriba la respuesta del participante:""}","{""Q0"":""ySoCVvpiHtlAjFVcbF4o2XGoht""}",""
"","917.5","IFS_019","IFS","survey-multi-choice","494","560565","0.0-595.0-0.0","{""Q0"":""La respuesta ideal era: <b>“Los que hablan mucho, suelen hacer poco”</b>. A continuación puntúe que tanto se acerca la respuesta del participante.""}","{""Q0"":"" No se parece en nada a la respuesta ideal o no tiene relación al refrán""}","[0]"
"","890","IFS_020","IFS","survey-text","495","561460","0.0-596.0-0.0","{""Q0"":""A continuación escriba la respuesta del participante:""}","{""Q0"":""DrfYJN0FefESUiwj9Fbwvr0ijyIsBZLpQGlLzBUhCH4vgXfsTBlIMEc4XXBXmuFhzrZvAgoS42CQBsy3hh""}",""
"","904.1999999999534","IFS_021","IFS","survey-multi-choice","496","562367","0.0-597.0-0.0","{""Q0"":""La respuesta ideal era: <b>“Tomar una actitud positiva frente a las adversidades”</b>. A continuación puntúe que tanto se acerca la respuesta del participante.""}","{""Q0"":"" Correcto (respuesta ideal)""}","[0]"
"","877","IFS_022","IFS","survey-text","497","563248","0.0-598.0-0.0","{""Q0"":""A continuación escriba la respuesta del participante:""}","{""Q0"":""B0qjrs4JFv4BVQjJ0MKH2kN23nu5oxlBVjcAlqgIXbZcZA""}",""
"","929.6000000000931","IFS_023","IFS","survey-multi-choice","498","564181","0.0-599.0-0.0","{""Q0"":""La respuesta ideal era: <b>“Carecer de algo cuando por tu profesión u oficio, no debiera  faltarte”</b>. A continuación puntúe que tanto se acerca la respuesta del participante.""}","{""Q0"":"" Se acerca pero no es ideal (se parece a la correcta, dió un ejemplo)""}","[0]"
"[{""page_index"":0,""viewing_time"":562}]","562","instructions_005","IFS","instructions","499","564745","0.0-600.0-0.0","","",""
"","940","IFS_024","IFS","survey-text","500","565690","0.0-601.0-0.0","{""Q0"":""Me pongo los zapatos y me ato los:""}","{""Q0"":""oLpkAtMHwniLoWI87tk9Pv4pVhQayrjpahXdj7DDLwOS5rtDeGtm5FjZxdtuWKmgB6aHKmE6M2Rv27nWG8UfkNFWY""}",""
"","814","IFS_025","IFS","survey-text","501","566507","0.0-602.0-0.0","{""Q0"":""Peleaban como perro y:""}","{""Q0"":""HFejLgOw4MMONymTguI1bUjQwTHIHmKloHR2PeV9wX""}",""
"[{""page_index"":0,""viewing_time"":633}]","634","instructions_005","IFS","instructions","502","567142","0.0-603.0-0.0","","",""
"","825","IFS_026","IFS","survey-text","503","567972","0.0-604.0-0.0","{""Q0"":""Juan compró caramelos en el:""}","{""Q0"":""SeNLX3KtdsdT0HD7NKkSb1jLIQLumJsuWhG""}",""
"","918.3999999999069","IFS_027","IFS","survey-multi-choice","504","568893","0.0-605.0-0.0","{""Q0"":""A continuación puntúe la respuesta del participante.""}","{""Q0"":"" Palabra diferente pero tiene una relación semántica""}","[0]"
"","831","IFS_028","IFS","survey-text","505","569728","0.0-606.0-0.0","{""Q0"":""Ojo por ojo y diente por:""}","{""Q0"":""35sTqcwexlbgQrRVxXCzfNHU5xt2TNyTYgKLqDkAJK18L8d""}",""
"","945.8000000000466","IFS_029","IFS","survey-multi-choice","506","570677","0.0-607.0-0.0","{""Q0"":""A continuación puntúe la respuesta del participante.""}","{""Q0"":"" Palabra no tiene relación con el texto""}","[0]"
"","833","IFS_030","IFS","survey-text","507","571515","0.0-608.0-0.0","{""Q0"":""Lave la ropa con agua y:""}","{""Q0"":""imk99yA9oEknfg""}",""
"","922.6000000000931","IFS_031","IFS","survey-multi-choice","508","572441","0.0-609.0-0.0","{""Q0"":""A continuación puntúe la respuesta del participante.""}","{""Q0"":"" Palabra exacta""}","[0]"
