"view_history","rt","trialid","procedure","trial_type","trial_index","time_elapsed","internal_node_id","stimulus","response","question_order"
"[{""page_index"":0,""viewing_time"":743}]","744","Instructions_001","CTS2","instructions","150","168993","0.0-159.0-0.0","","",""
"","1656.2000000000698","CTS2_001","CTS2","survey-multi-choice","151","170654","0.0-160.0-0.0","{""Q0"":""Esa pareja me demostraba que le importaba aunque estuviéramos en desacuerdo.""}","{""Q0"":"" Dos veces durante la relación""}","[0]"
"","1512","CTS2_002","CTS2","survey-multi-choice","152","172169","0.0-161.0-0.0","{""Q0"":""Esa pareja me explicaba sus puntos de desacuerdo.""}","{""Q0"":"" 11 a 20 veces durante la relación""}","[0]"
"","1501.5999999999767","CTS2_003","CTS2","survey-multi-choice","153","173674","0.0-162.0-0.0","{""Q0"":""Esa pareja me insultaba.""}","{""Q0"":"" Esto nunca ha ocurrido""}","[0]"
"","1489.7000000000698","CTS2_004","CTS2","survey-multi-choice","154","175166","0.0-163.0-0.0","{""Q0"":""Esa pareja me lanzaba cosas para hacerme daño.""}","{""Q0"":"" Dos veces durante la relación""}","[0]"
"","1506.6000000000931","CTS2_005","CTS2","survey-multi-choice","155","176677","0.0-164.0-0.0","{""Q0"":""Esa pareja me torció el brazo o tiró del pelo.""}","{""Q0"":"" Una vez durante la relación""}","[0]"
"","1436.1999999999534","CTS2_006","CTS2","survey-multi-choice","156","178118","0.0-165.0-0.0","{""Q0"":""Tuve un esguince, hematoma, o pequeño corte a causa de una pelea con esa pareja.""}","{""Q0"":"" No en esta relación, pero si ha ocurrido en otra""}","[0]"
"","1415.6999999999534","CTS2_007","CTS2","survey-multi-choice","157","179536","0.0-166.0-0.0","{""Q0"":""Esa pareja mostró respeto por mis sentimientos acerca de un problema.""}","{""Q0"":"" 11 a 20 veces durante la relación""}","[0]"
"","1363","CTS2_008","CTS2","survey-multi-choice","158","180902","0.0-167.0-0.0","{""Q0"":""Esa pareja me hizo tener sexo sin condón.""}","{""Q0"":"" 6 a 10 veces durante la relación""}","[0]"
"","1415.6999999999534","CTS2_009","CTS2","survey-multi-choice","159","182321","0.0-168.0-0.0","{""Q0"":""Esa pareja me apartó o empujó.""}","{""Q0"":"" 11 a 20 veces durante la relación""}","[0]"
"","1662.6000000000931","CTS2_010","CTS2","survey-multi-choice","160","183987","0.0-169.0-0.0","{""Q0"":""Esa pareja me forzó (o golpeó, sujetó o usó un arma) para obligarme a tener sexo oral o anal.""}","{""Q0"":"" 11 a 20 veces durante la relación""}","[0]"
"","1527.7999999999302","CTS2_011","CTS2","survey-multi-choice","161","185517","0.0-170.0-0.0","{""Q0"":""Esa pareja usó un cuchillo o un arma para hacerme daño.""}","{""Q0"":"" Más de 20 veces durante la relación""}","[0]"
"","1506.4000000000233","CTS2_012","CTS2","survey-multi-choice","162","187027","0.0-171.0-0.0","{""Q0"":""Me desmayé al ser golpeada en la cabeza por esa pareja en una pelea.""}","{""Q0"":"" No en esta relación, pero si ha ocurrido en otra""}","[0]"
"","1714.9000000000233","CTS2_013","CTS2","survey-multi-choice","163","188745","0.0-172.0-0.0","{""Q0"":""Esa pareja me dijo, fea o gorda.""}","{""Q0"":"" Dos veces durante la relación""}","[0]"
"","1672.6999999999534","CTS2_014","CTS2","survey-multi-choice","164","190420","0.0-173.0-0.0","{""Q0"":""Esa pareja me pegó un puñetazo o con algo que podría haberme hecho daño.""}","{""Q0"":"" Más de 20 veces durante la relación""}","[0]"
"","1487.5","CTS2_015","CTS2","survey-multi-choice","165","191911","0.0-174.0-0.0","{""Q0"":""Esa pareja ha destruido algo mío.""}","{""Q0"":"" 3 a 5 veces durante la relación""}","[0]"
"","1405","CTS2_016","CTS2","survey-multi-choice","166","193318","0.0-175.0-0.0","{""Q0"":""Fui al doctor a causa de una pelea con esa pareja.""}","{""Q0"":"" 3 a 5 veces durante la relación""}","[0]"
"","1587","CTS2_017","CTS2","survey-multi-choice","167","194908","0.0-176.0-0.0","{""Q0"":""Esa pareja me estranguló.""}","{""Q0"":"" No en esta relación, pero si ha ocurrido en otra""}","[0]"
"","1805.5","CTS2_018","CTS2","survey-multi-choice","168","196716","0.0-177.0-0.0","{""Q0"":""Esa pareja me gritaba.""}","{""Q0"":"" 6 a 10 veces durante la relación""}","[0]"
"","1887.1999999999534","CTS2_019","CTS2","survey-multi-choice","169","198611","0.0-178.0-0.0","{""Q0"":""Esa pareja me golpeó contra la pared.""}","{""Q0"":"" 11 a 20 veces durante la relación""}","[0]"
"","1683.9000000000233","CTS2_020","CTS2","survey-multi-choice","170","200299","0.0-179.0-0.0","{""Q0"":""Esa pareja estaba segura que podríamos resolver un problema.""}","{""Q0"":"" Una vez durante la relación""}","[0]"
"","1457.7999999999302","CTS2_021","CTS2","survey-multi-choice","171","201760","0.0-180.0-0.0","{""Q0"":""Necesité ver a un doctor a causa de una pelea con esa pareja, pero no lo he hecho.""}","{""Q0"":"" No en esta relación, pero si ha ocurrido en otra""}","[0]"
"","1646","CTS2_022","CTS2","survey-multi-choice","172","203409","0.0-181.0-0.0","{""Q0"":""Esa pareja me dio una paliza.""}","{""Q0"":"" No en esta relación, pero si ha ocurrido en otra""}","[0]"
"","1556.1999999999534","CTS2_023","CTS2","survey-multi-choice","173","204969","0.0-182.0-0.0","{""Q0"":""Esa pareja me jaloneó, o agarró con fuerza.""}","{""Q0"":"" 6 a 10 veces durante la relación""}","[0]"
"","1650.0999999999767","CTS2_024","CTS2","survey-multi-choice","174","206623","0.0-183.0-0.0","{""Q0"":""Esa pareja usó la fuerza (como golpear, sujetar, o usar un arma) para hacer que yo tuviera sexo.""}","{""Q0"":"" Dos veces durante la relación""}","[0]"
"","2075.399999999907","CTS2_025","CTS2","survey-multi-choice","175","208703","0.0-184.0-0.0","{""Q0"":""Esa pareja ha salido furioso de la habitación o la casa durante una pelea.""}","{""Q0"":"" Dos veces durante la relación""}","[0]"
"","1532.1999999999534","CTS2_026","CTS2","survey-multi-choice","176","210238","0.0-185.0-0.0","{""Q0"":""Esa pareja insistió en tener sexo aun cuando yo no quería (pero sin usar fuerza física).""}","{""Q0"":"" No en esta relación, pero si ha ocurrido en otra""}","[0]"
"","1707","CTS2_027","CTS2","survey-multi-choice","177","211948","0.0-186.0-0.0","{""Q0"":""Esa pareja me abofeteó.""}","{""Q0"":"" 3 a 5 veces durante la relación""}","[0]"
"","1682.1000000000931","CTS2_028","CTS2","survey-multi-choice","178","213633","0.0-187.0-0.0","{""Q0"":""Me rompí un hueso durante una pelea con esa pareja.""}","{""Q0"":"" Dos veces durante la relación""}","[0]"
"","1443.0999999999767","CTS2_029","CTS2","survey-multi-choice","179","215080","0.0-188.0-0.0","{""Q0"":""Esa pareja usó amenazas para hacer que yo tuviera sexo oral o anal con él.""}","{""Q0"":"" 11 a 20 veces durante la relación""}","[0]"
"","1343.1999999999534","CTS2_030","CTS2","survey-multi-choice","180","216426","0.0-189.0-0.0","{""Q0"":""Esa pareja sugirió un arreglo frente a un desacuerdo.""}","{""Q0"":"" Dos veces durante la relación""}","[0]"
"","1450.8000000000466","CTS2_031","CTS2","survey-multi-choice","181","217880","0.0-190.0-0.0","{""Q0"":""Esa pareja me quemó a propósito.""}","{""Q0"":"" 11 a 20 veces durante la relación""}","[0]"
"","1474.7000000000698","CTS2_032","CTS2","survey-multi-choice","182","219358","0.0-191.0-0.0","{""Q0"":""Esa pareja me insistió para tener sexo oral o anal (pero no ha usado fuerza física).""}","{""Q0"":"" 6 a 10 veces durante la relación""}","[0]"
"","1565.3000000000466","CTS2_033","CTS2","survey-multi-choice","183","220926","0.0-192.0-0.0","{""Q0"":""Esa pareja me dijo que soy una pésima amante.""}","{""Q0"":"" 3 a 5 veces durante la relación""}","[0]"
"","1389","CTS2_034","CTS2","survey-multi-choice","184","222318","0.0-193.0-0.0","{""Q0"":""Esa pareja hizo algo solo para fastidiarme.""}","{""Q0"":"" 6 a 10 veces durante la relación""}","[0]"
"","1642.5999999999767","CTS2_035","CTS2","survey-multi-choice","185","223965","0.0-194.0-0.0","{""Q0"":""Esa pareja amenazó con golpearme o tirarme algo.""}","{""Q0"":"" Dos veces durante la relación""}","[0]"
"","1676.4000000000233","CTS2_036","CTS2","survey-multi-choice","186","225646","0.0-195.0-0.0","{""Q0"":""Sentí un dolor físico que duró hasta el día siguiente a causa de una pelea con esa pareja.""}","{""Q0"":"" Dos veces durante la relación""}","[0]"
"","1417.7000000000698","CTS2_037","CTS2","survey-multi-choice","187","227070","0.0-196.0-0.0","{""Q0"":""Esa pareja me ha dado patadas.""}","{""Q0"":"" Más de 20 veces durante la relación""}","[0]"
"","1364.4000000000233","CTS2_038","CTS2","survey-multi-choice","188","228437","0.0-197.0-0.0","{""Q0"":""Esa pareja usó amenazas para tener sexo conmigo.""}","{""Q0"":"" 11 a 20 veces durante la relación""}","[0]"
"","1463.6999999999534","CTS2_039","CTS2","survey-multi-choice","189","229903","0.0-198.0-0.0","{""Q0"":""Accedí a probar una solución que sugirió esa pareja frente a un problema.""}","{""Q0"":"" Dos veces durante la relación""}","[0]"
