"view_history","rt","trialid","procedure","trial_type","trial_index","time_elapsed","internal_node_id","stimulus","response","question_order"
"[{""page_index"":0,""viewing_time"":1294}]","1295","Instructions_01","STAITraits","instructions","439","502482","0.0-513.0-0.0","","",""
"","1035.7000000001863","STAITraits_001","STAITraits","survey-multi-choice","440","503521","0.0-514.0-0.0","{""Q0"":""Me siento bien.""}","{""Q0"":""A menudo""}","[0]"
"","1182.1000000000931","STAITraits_002","STAITraits","survey-multi-choice","441","504706","0.0-515.0-0.0","{""Q0"":""Me canso rápidamente.""}","{""Q0"":""A menudo""}","[0]"
"","1391.1000000000931","STAITraits_003","STAITraits","survey-multi-choice","442","506100","0.0-516.0-0.0","{""Q0"":""Siento ganas de llorar.""}","{""Q0"":""Casi Nunca""}","[0]"
"","1026.1999999999534","STAITraits_004","STAITraits","survey-multi-choice","443","507128","0.0-517.0-0.0","{""Q0"":""Me gustaría ser tan feliz como otros.""}","{""Q0"":""A veces""}","[0]"
"","1043.2000000001863","STAITraits_005","STAITraits","survey-multi-choice","444","508175","0.0-518.0-0.0","{""Q0"":""Pierdo oportunidades por no decidirme pronto.""}","{""Q0"":""Casi siempre""}","[0]"
"","1283.2000000001863","STAITraits_006","STAITraits","survey-multi-choice","445","509463","0.0-519.0-0.0","{""Q0"":""Me siento descansado.""}","{""Q0"":""Casi Nunca""}","[0]"
"","1181","STAITraits_007","STAITraits","survey-multi-choice","446","510648","0.0-520.0-0.0","{""Q0"":""Soy una persona tranquila, serena y sosegada.""}","{""Q0"":""A menudo""}","[0]"
"","1106.0999999998603","STAITraits_008","STAITraits","survey-multi-choice","447","511757","0.0-521.0-0.0","{""Q0"":""Veo que las dificultades se amontonan y no puedo con ellas.""}","{""Q0"":""A menudo""}","[0]"
"","1192.5","STAITraits_009","STAITraits","survey-multi-choice","448","512952","0.0-522.0-0.0","{""Q0"":""Me preocupo demasiado por cosas sin importancia.""}","{""Q0"":""Casi Nunca""}","[0]"
"","1023.2999999998137","STAITraits_010","STAITraits","survey-multi-choice","449","513979","0.0-523.0-0.0","{""Q0"":""Soy feliz.""}","{""Q0"":""Casi siempre""}","[0]"
"","1083.5","STAITraits_011","STAITraits","survey-multi-choice","450","515065","0.0-524.0-0.0","{""Q0"":""Suelo tomar las cosas demasiado seriamente.""}","{""Q0"":""Casi Nunca""}","[0]"
"","1052.4000000001397","STAITraits_012","STAITraits","survey-multi-choice","451","516122","0.0-525.0-0.0","{""Q0"":""Me falta confianza en mí mismo.""}","{""Q0"":""Casi Nunca""}","[0]"
"","1034.3999999999069","STAITraits_013","STAITraits","survey-multi-choice","452","517160","0.0-526.0-0.0","{""Q0"":""Me siento seguro.""}","{""Q0"":""Casi Nunca""}","[0]"
"","1191.8000000000466","STAITraits_014","STAITraits","survey-multi-choice","453","518355","0.0-527.0-0.0","{""Q0"":""No suelo afrontar las crisis o dificultades.""}","{""Q0"":""Casi siempre""}","[0]"
"","1034.5","STAITraits_015","STAITraits","survey-multi-choice","454","519393","0.0-528.0-0.0","{""Q0"":""Me siento triste (melancólico).""}","{""Q0"":""Casi siempre""}","[0]"
"","1070.3999999999069","STAITraits_016","STAITraits","survey-multi-choice","455","520465","0.0-529.0-0.0","{""Q0"":""Estoy satisfecho.""}","{""Q0"":""Casi Nunca""}","[0]"
"","1031.8000000000466","STAITraits_017","STAITraits","survey-multi-choice","456","521500","0.0-530.0-0.0","{""Q0"":""Me rondan y molestan pensamientos sin importancia.""}","{""Q0"":""A veces""}","[0]"
"","1216","STAITraits_018","STAITraits","survey-multi-choice","457","522719","0.0-531.0-0.0","{""Q0"":""Me afectan tanto los desengaños que no puedo olvidarlos.""}","{""Q0"":""Casi siempre""}","[0]"
"","1132.8999999999069","STAITraits_019","STAITraits","survey-multi-choice","458","523855","0.0-532.0-0.0","{""Q0"":""Soy una persona estable.""}","{""Q0"":""Casi siempre""}","[0]"
"","1138.3000000000466","STAITraits_020","STAITraits","survey-multi-choice","459","524996","0.0-533.0-0.0","{""Q0"":""Cuando pienso sobre asuntos y preocupaciones actuales me pongo tenso y agitado.""}","{""Q0"":""A menudo""}","[0]"
