"view_history","rt","trialid","procedure","trial_type","trial_index","time_elapsed","internal_node_id","stimulus","slider_start","response","question_order"
"[{""page_index"":0,""viewing_time"":600}]","601","Instructions_01","GBS","instructions","612","487500","0.0-657.0-0.0","","","",""
"","665.5999999996275","GBS_01","GBS","html-slider-response","613","488169","0.0-658.0-0.0","<div class='justified'>1.- En general, considerando creencias religiosas, yo me considero más bien</div></br>","0","-1",""
"","897.5999999996275","GBS_02","GBS","html-slider-response","614","489073","0.0-659.0-0.0","<div class='justified'>2.- En general, considerando eventos paranormales, extrasensoriales, extraños, mágicos o espirituales, yo creo:</div></br>","0","-4",""
"","710.7999999988824","GBS_03","GBS","html-slider-response","615","489789","0.0-660.0-0.0","<div class='justified'>3.- En general, considerando las supersticiones, yo me considero más bien</div></br>","0","-2",""
"","1181.7000000011176","GBS_04","GBS","survey-multi-choice","616","490979","0.0-661.0-0.0","{""Q0"":""<div class=\""justified\"">4.- Finalmente, si usted tuviese que clasificarse en una sola categoría que le definiera en términos de sus creencias/no creencias, ¿cuál escogería? (quizás considere que hay más de una, pero solo escoja la que más le represente).</div>""}","","{""Q0"":"" Agnóstico (no puedo afirmar la existencia o inexistencia de Dios o alguna deidad, esencia o ser superior; la verdad, no lo sé)""}","[0]"
