"view_history","rt","trialid","procedure","trial_type","trial_index","time_elapsed","internal_node_id","stimulus","response","question_order"
"[{""page_index"":0,""viewing_time"":795}]","796","SPSI_000","SPSI","instructions","268","313449","0.0-340.0-0.0","","",""
"","1183.4000000000233","SPSI_001","SPSI","survey-multi-choice","269","314636","0.0-341.0-0.0","{""Q0"":""Me preocupo demasiado por mi problemas en vez de resolverlos""}","{""Q0"":"" Escasamente""}","[0]"
"","1208.5999999999767","SPSI_002","SPSI","survey-multi-choice","270","315848","0.0-342.0-0.0","{""Q0"":""Me siento temeroso/a cuando tengo problemas importantes""}","{""Q0"":"" Nada en absoluto""}","[0]"
"","1206.7000000000698","SPSI_003","SPSI","survey-multi-choice","271","317057","0.0-343.0-0.0","{""Q0"":""Cuando tomo decisiones, no examino todas mi opciones""}","{""Q0"":"" Moderadamente""}","[0]"
"","1191.1999999999534","SPSI_004","SPSI","survey-multi-choice","272","318251","0.0-344.0-0.0","{""Q0"":""Cuando tomo decisiones, no pienso en los efectos que cada opción puede tener en otras personas""}","{""Q0"":"" Nada en absoluto""}","[0]"
"","1260.1000000000931","SPSI_005","SPSI","survey-multi-choice","273","319513","0.0-345.0-0.0","{""Q0"":""Cuando resuelvo problemas, pienso en varias ideas y combino algunas de ellas para encontrar una solución mejor""}","{""Q0"":"" Nada en absoluto""}","[0]"
"","1326.7999999999302","SPSI_006","SPSI","survey-multi-choice","274","320843","0.0-346.0-0.0","{""Q0"":""Me siento inseguro/a de mi mismo/A cuando tomo decisiones importantes""}","{""Q0"":"" Bastante""}","[0]"
"","1442.8000000000466","SPSI_007","SPSI","survey-multi-choice","275","322288","0.0-347.0-0.0","{""Q0"":""Cuando mi primer intento de resolver un problema fracasa , creo que si no me rindo llegaré a resolverlo""}","{""Q0"":"" Escasamente""}","[0]"
"","1259.5","SPSI_008","SPSI","survey-multi-choice","276","323550","0.0-348.0-0.0","{""Q0"":""Cuando tengo un problema, hago lo primero que se me ocurre""}","{""Q0"":"" Nada en absoluto""}","[0]"
"","1171.6999999999534","SPSI_009","SPSI","survey-multi-choice","277","324725","0.0-349.0-0.0","{""Q0"":""Creo que mis problemas pueden ser solucionados""}","{""Q0"":"" Bastante""}","[0]"
"","1198.4000000000233","SPSI_010","SPSI","survey-multi-choice","278","325926","0.0-350.0-0.0","{""Q0"":""Espero a ver si un problema desaparece antes de intentar resolverlo yo""}","{""Q0"":"" Escasamente""}","[0]"
"","1227.5999999999767","SPSI_011","SPSI","survey-multi-choice","279","327156","0.0-351.0-0.0","{""Q0"":""Cuando resuelvo problemas, trato de encontrar qué es lo que me impide obtener lo que quiero""}","{""Q0"":"" Escasamente""}","[0]"
"","1323","SPSI_012","SPSI","survey-multi-choice","280","328482","0.0-352.0-0.0","{""Q0"":""Cuando mis primeros intentos de resolver un problema fracasan , me frustro mucho""}","{""Q0"":"" Bastante""}","[0]"
"","1199.6999999999534","SPSI_013","SPSI","survey-multi-choice","281","329685","0.0-353.0-0.0","{""Q0"":""Dudo que sea capaz de resolver problemas difíciles no importa lo mucho que lo intente""}","{""Q0"":"" Moderadamente""}","[0]"
"","1215.1999999999534","SPSI_014","SPSI","survey-multi-choice","282","330904","0.0-354.0-0.0","{""Q0"":""Aplazo el resolver problemas tanto como sea posible""}","{""Q0"":"" Escasamente""}","[0]"
"","1174.8000000000466","SPSI_015","SPSI","survey-multi-choice","283","332083","0.0-355.0-0.0","{""Q0"":""No me tomo el tiempo de comprobar si mi solución funcionó""}","{""Q0"":"" Nada en absoluto""}","[0]"
"","1285.7000000000698","SPSI_016","SPSI","survey-multi-choice","284","333373","0.0-356.0-0.0","{""Q0"":""Hago todo lo posible para evitar resolver problemas""}","{""Q0"":"" Escasamente""}","[0]"
"","1209","SPSI_017","SPSI","survey-multi-choice","285","334586","0.0-357.0-0.0","{""Q0"":""Los problemas difíciles me hacen sentir mal""}","{""Q0"":"" Moderadamente""}","[0]"
"","1636.3000000000466","SPSI_018","SPSI","survey-multi-choice","286","336225","0.0-358.0-0.0","{""Q0"":""Cuando resuelvo problemas, intento predecir los pros y los contras de cada opción""}","{""Q0"":"" Nada en absoluto""}","[0]"
"","1154.5","SPSI_019","SPSI","survey-multi-choice","287","337384","0.0-359.0-0.0","{""Q0"":""Me enfrento a mis problemas tan pronto como sea posible""}","{""Q0"":"" Escasamente""}","[0]"
"","1162.1999999999534","SPSI_020","SPSI","survey-multi-choice","288","338549","0.0-360.0-0.0","{""Q0"":""Intento ser creativo y pensar en soluciones originales a los problemas""}","{""Q0"":"" Escasamente""}","[0]"
"","1191.2999999999302","SPSI_021","SPSI","survey-multi-choice","289","339743","0.0-361.0-0.0","{""Q0"":""Cuando resuelvo problemas, utilizo la primera idea buena que se me pasa por la cabeza""}","{""Q0"":"" Bastante""}","[0]"
"","1189.3999999999069","SPSI_022","SPSI","survey-multi-choice","290","340935","0.0-362.0-0.0","{""Q0"":""Cuando resuelvo problemas, no se me ocurren muchas ideas""}","{""Q0"":"" Completamente""}","[0]"
"","1155.1000000000931","SPSI_023","SPSI","survey-multi-choice","291","342093","0.0-363.0-0.0","{""Q0"":""Evito los problemas en vez de intentar resolverlos""}","{""Q0"":"" Bastante""}","[0]"
"","1235.6999999999534","SPSI_024","SPSI","survey-multi-choice","292","343332","0.0-364.0-0.0","{""Q0"":""Cuando tomo decisiones , pienso en las consecuencias a corto y a largo plazo de cada opción""}","{""Q0"":"" Escasamente""}","[0]"
"","1342","SPSI_025","SPSI","survey-multi-choice","293","344677","0.0-365.0-0.0","{""Q0"":""Después de llevar a la práctica una solcuión, analizo qué es lo que fue bien y qué es lo que fue mal""}","{""Q0"":"" Bastante""}","[0]"
"","1229.8000000000466","SPSI_026","SPSI","survey-multi-choice","294","345909","0.0-366.0-0.0","{""Q0"":""Después de intentar resolver un problema, compruebo si me siento mejor""}","{""Q0"":"" Completamente""}","[0]"
"","1177.8000000000466","SPSI_027","SPSI","survey-multi-choice","295","347089","0.0-367.0-0.0","{""Q0"":""Practico una solución antes de llevarla a cabo para mejorar mis posibilidades de éxito""}","{""Q0"":"" Completamente""}","[0]"
"","1296.6999999999534","SPSI_028","SPSI","survey-multi-choice","296","348389","0.0-368.0-0.0","{""Q0"":""Creo que puedo resolver problemas difíciles yo solo si lo intento en serio""}","{""Q0"":"" Bastante""}","[0]"
"","1225.5","SPSI_029","SPSI","survey-multi-choice","297","349618","0.0-369.0-0.0","{""Q0"":""Cuando tengo un problema, obtengo tantos datos acerca del mismo como sea posible""}","{""Q0"":"" Escasamente""}","[0]"
"","1316.5","SPSI_030","SPSI","survey-multi-choice","298","350938","0.0-370.0-0.0","{""Q0"":""Aplazo el resolver problemas hasta que es demasiado tarde para hacer nada""}","{""Q0"":"" Escasamente""}","[0]"
"","1166.0999999998603","SPSI_031","SPSI","survey-multi-choice","299","352109","0.0-371.0-0.0","{""Q0"":""Gasto más tiempo evitando mis problemas que resolviéndolos""}","{""Q0"":"" Completamente""}","[0]"
"","1127.9000000001397","SPSI_032","SPSI","survey-multi-choice","300","353240","0.0-372.0-0.0","{""Q0"":""Cuando tengo un problema, me altero tanto que no puedo pensar con claridad""}","{""Q0"":"" Nada en absoluto""}","[0]"
"","1215.9000000001397","SPSI_033","SPSI","survey-multi-choice","301","354459","0.0-373.0-0.0","{""Q0"":""Antes de intentar resolver un problema, me marco un objetivo específico para saber exactamente donde voy""}","{""Q0"":"" Moderadamente""}","[0]"
"","1273.1000000000931","SPSI_034","SPSI","survey-multi-choice","302","355736","0.0-374.0-0.0","{""Q0"":""Cuando tomo decisiones, no me tomo el tiempo necesario para pensar en los pros y contras de cada opcion""}","{""Q0"":"" Nada en absoluto""}","[0]"
"","1215.3000000000466","SPSI_035","SPSI","survey-multi-choice","303","356956","0.0-375.0-0.0","{""Q0"":""Cuando fracaso en resolver un problema, intento encontrar qué es lo que falló y vuelvo a intentarlo""}","{""Q0"":"" Escasamente""}","[0]"
"","1205.8000000000466","SPSI_036","SPSI","survey-multi-choice","304","358165","0.0-376.0-0.0","{""Q0"":""Odio resolver problemas""}","{""Q0"":"" Nada en absoluto""}","[0]"
"","1075.8000000000466","SPSI_037","SPSI","survey-multi-choice","305","359244","0.0-377.0-0.0","{""Q0"":""Después de llevar a la práctica una solución, compruebo hasta qué punto ha mejorado el problema""}","{""Q0"":"" Completamente""}","[0]"
"","1202.5","SPSI_038","SPSI","survey-multi-choice","306","360449","0.0-378.0-0.0","{""Q0"":""Intento ver mis problemas como desafíos""}","{""Q0"":"" Escasamente""}","[0]"
"","1235.6000000000931","SPSI_039","SPSI","survey-multi-choice","307","361689","0.0-379.0-0.0","{""Q0"":""Cuando resuelvo problemas, se me ocurren muchas opciones""}","{""Q0"":"" Bastante""}","[0]"
"","1360","SPSI_040","SPSI","survey-multi-choice","308","363052","0.0-380.0-0.0","{""Q0"":""Cuando tomo decisiones, sopeso las consecuencias de cada opción""}","{""Q0"":"" Escasamente""}","[0]"
"","1538.3000000000466","SPSI_041","SPSI","survey-multi-choice","309","364593","0.0-381.0-0.0","{""Q0"":""Cuando tengo un problema importante, me deprimo y no hago nada""}","{""Q0"":"" Moderadamente""}","[0]"
"","1218.5999999998603","SPSI_042","SPSI","survey-multi-choice","310","365814","0.0-382.0-0.0","{""Q0"":""Busco a alguien que me ayude a resolver los problemas dificiles.""}","{""Q0"":"" Bastante""}","[0]"
"","1144.3999999999069","SPSI_043","SPSI","survey-multi-choice","311","366963","0.0-383.0-0.0","{""Q0"":""Cuando tomo decisiones, pienso en los efectos de cada opción en mis sentimientos""}","{""Q0"":"" Bastante""}","[0]"
"","1154.6999999999534","SPSI_044","SPSI","survey-multi-choice","312","368121","0.0-384.0-0.0","{""Q0"":""Cuando tengo un problema, busco en mi alrededor sus causas""}","{""Q0"":"" Moderadamente""}","[0]"
"","1104.5999999998603","SPSI_045","SPSI","survey-multi-choice","313","369228","0.0-385.0-0.0","{""Q0"":""Cuando tomo decisiones, sigo mis corazonadas sin pensar en lo que pueda pasar""}","{""Q0"":"" Completamente""}","[0]"
"","1176.0999999998603","SPSI_046","SPSI","survey-multi-choice","314","370407","0.0-386.0-0.0","{""Q0"":""Cuando tomo decisiones, utilizo un sistema para ayudarme a escoger la mejor opción""}","{""Q0"":"" Nada en absoluto""}","[0]"
"","1240","SPSI_047","SPSI","survey-multi-choice","315","371651","0.0-387.0-0.0","{""Q0"":""Cuando resuelvo un problema, en todo momento intento mantener mi objetivo en mente""}","{""Q0"":"" Bastante""}","[0]"
"","1195.6999999999534","SPSI_048","SPSI","survey-multi-choice","316","372850","0.0-388.0-0.0","{""Q0"":""Miro los problemas desde diferentes ángulos""}","{""Q0"":"" Bastante""}","[0]"
"","1173.5","SPSI_049","SPSI","survey-multi-choice","317","374028","0.0-389.0-0.0","{""Q0"":""Cuando no entiendo un problema, intento saber más acerca de él""}","{""Q0"":"" Completamente""}","[0]"
"","1311.6999999999534","SPSI_050","SPSI","survey-multi-choice","318","375342","0.0-390.0-0.0","{""Q0"":""Me desanimo y deprimo cuando fracasan mis primeros intentos de resolver un problema""}","{""Q0"":"" Bastante""}","[0]"
"","1206.6000000000931","SPSI_051","SPSI","survey-multi-choice","319","376552","0.0-391.0-0.0","{""Q0"":""No dedico el tiempo necesaro para examinar por que una solucion no funcionó""}","{""Q0"":"" Nada en absoluto""}","[0]"
"","1403.3000000000466","SPSI_052","SPSI","survey-multi-choice","320","377959","0.0-392.0-0.0","{""Q0"":""Creo que soy demasiado rápido/a cuando tomo decisiones""}","{""Q0"":"" Moderadamente""}","[0]"
