"view_history","rt","trialid","procedure","trial_type","trial_index","time_elapsed","internal_node_id","stimulus","button_pressed","condition_within","slider_start","response"
"[{""page_index"":0,""viewing_time"":525},{""page_index"":1,""viewing_time"":496}]","1022","Instructions_01","HRPVBpost","instructions","669","524532","0.0-686.0-0.0","","","","",""
"[{""page_index"":0,""viewing_time"":437}]","437","Instructions_02","HRPVBpost","instructions","670","524973","0.0-687.0-0.0","","","","",""
"","419.09999999962747","HRPVBpost_01_00","HRPVBpost","html-button-response","671","525398","0.0-688.0-0.0-0.0","Problemas respiratorios del recién nacido","0","Problemas respiratorios del recién nacido","",""
"","593.4000000003725","HRPVBpost_01_02","HRPVBpost","html-slider-response","672","525998","0.0-688.0-0.0-1.0","vaginal","","Problemas respiratorios del recién nacido; vaginal","50","50.6"
"","595","HRPVBpost_01_01","HRPVBpost","html-slider-response","673","526597","0.0-688.0-0.0-2.0","cesarea","","Problemas respiratorios del recién nacido; cesarea","50","51.2"
"","378.59999999962747","HRPVBpost_03_00","HRPVBpost","html-button-response","674","526978","0.0-688.0-0.0-0.1","Hospitalización en cuidados intensivos neonatales","0","Hospitalización en cuidados intensivos neonatales","",""
"","762.1000000014901","HRPVBpost_03_02","HRPVBpost","html-slider-response","675","527745","0.0-688.0-0.0-1.1","vaginal","","Hospitalización en cuidados intensivos neonatales; vaginal","50","54.9"
"","799.5999999996275","HRPVBpost_03_01","HRPVBpost","html-slider-response","676","528551","0.0-688.0-0.0-2.1","cesarea","","Hospitalización en cuidados intensivos neonatales; cesarea","50","46"
"","489.30000000074506","HRPVBpost_04_00","HRPVBpost","html-button-response","677","529046","0.0-688.0-0.0-0.2","Dificultades para inicio temprano de lactancia materna","0","Dificultades para inicio temprano de lactancia materna","",""
"","698.8999999985099","HRPVBpost_04_02","HRPVBpost","html-slider-response","678","529749","0.0-688.0-0.0-1.2","vaginal","","Dificultades para inicio temprano de lactancia materna; vaginal","50","45.7"
"","574.3000000007451","HRPVBpost_04_01","HRPVBpost","html-slider-response","679","530328","0.0-688.0-0.0-2.2","cesarea","","Dificultades para inicio temprano de lactancia materna; cesarea","50","49.9"
"","404.5","HRPVBpost_02_00","HRPVBpost","html-button-response","680","530736","0.0-688.0-0.0-0.3","Lesión en el cerebro del bebe por falta de oxígeno","0","Lesión en el cerebro del bebe por falta de oxígeno","",""
"","592.7999999988824","HRPVBpost_02_02","HRPVBpost","html-slider-response","681","531333","0.0-688.0-0.0-1.3","vaginal","","Lesión en el cerebro del bebe por falta de oxígeno; vaginal","50","53.7"
"","656","HRPVBpost_02_01","HRPVBpost","html-slider-response","682","531993","0.0-688.0-0.0-2.3","cesarea","","Lesión en el cerebro del bebe por falta de oxígeno; cesarea","50","54.5"
"[{""page_index"":0,""viewing_time"":380}]","380","Instructions_02","HRPVBpost","instructions","683","532375","0.0-689.0-0.0","","","","",""
"","441.40000000037253","HRPVBpost_07_00","HRPVBpost","html-button-response","684","532821","0.0-690.0-0.0-0.0","Histerectomía (extracción del útero)","0","Histerectomía (extracción del útero)","",""
"","652.2000000011176","HRPVBpost_07_01","HRPVBpost","html-slider-response","685","533480","0.0-690.0-0.0-1.0","cesarea","","Histerectomía (extracción del útero); cesarea","50","51.7"
"","577.7999999988824","HRPVBpost_07_02","HRPVBpost","html-slider-response","686","534061","0.0-690.0-0.0-2.0","vaginal","","Histerectomía (extracción del útero); vaginal","50","47.3"
"","502.40000000037253","HRPVBpost_10_00","HRPVBpost","html-button-response","687","534567","0.0-690.0-0.0-0.1","Hospitalización de la madre en cuidados intensivos","0","Hospitalización de la madre en cuidados intensivos","",""
"","634.5","HRPVBpost_10_02","HRPVBpost","html-slider-response","688","535208","0.0-690.0-0.0-1.1","vaginal","","Hospitalización de la madre en cuidados intensivos; vaginal","50","52.8"
"","632.5","HRPVBpost_10_01","HRPVBpost","html-slider-response","689","535847","0.0-690.0-0.0-2.1","cesarea","","Hospitalización de la madre en cuidados intensivos; cesarea","50","46.7"
"","423","HRPVBpost_06_00","HRPVBpost","html-button-response","690","536273","0.0-690.0-0.0-0.2","Paro cardíaco","0","Paro cardíaco","",""
"","527.7999999988824","HRPVBpost_06_02","HRPVBpost","html-slider-response","691","536804","0.0-690.0-0.0-1.2","vaginal","","Paro cardíaco; vaginal","50","47.9"
"","606.7999999988824","HRPVBpost_06_01","HRPVBpost","html-slider-response","692","537415","0.0-690.0-0.0-2.2","cesarea","","Paro cardíaco; cesarea","50","53.9"
"","537.0999999996275","HRPVBpost_05_00","HRPVBpost","html-button-response","693","537956","0.0-690.0-0.0-0.3","Complicaciones de la anestesia","0","Complicaciones de la anestesia","",""
"","660.1000000014901","HRPVBpost_05_01","HRPVBpost","html-slider-response","694","538619","0.0-690.0-0.0-1.3","cesarea","","Complicaciones de la anestesia; cesarea","50","54.4"
"","639.9000000003725","HRPVBpost_05_02","HRPVBpost","html-slider-response","695","539264","0.0-690.0-0.0-2.3","vaginal","","Complicaciones de la anestesia; vaginal","50","54.3"
"","472.2000000011176","HRPVBpost_11_00","HRPVBpost","html-button-response","696","539740","0.0-690.0-0.0-0.4","Depresión post parto","0","Depresión post parto","",""
"","635.4000000003725","HRPVBpost_11_01","HRPVBpost","html-slider-response","697","540379","0.0-690.0-0.0-1.4","cesarea","","Depresión post parto; cesarea","50","45.6"
"","610","HRPVBpost_11_02","HRPVBpost","html-slider-response","698","540993","0.0-690.0-0.0-2.4","vaginal","","Depresión post parto; vaginal","50","48.7"
"","390.09999999962747","HRPVBpost_08_00","HRPVBpost","html-button-response","699","541386","0.0-690.0-0.0-0.5","Infección de la herida","0","Infección de la herida","",""
"","575.1999999992549","HRPVBpost_08_02","HRPVBpost","html-slider-response","700","541965","0.0-690.0-0.0-1.5","vaginal","","Infección de la herida; vaginal","50","46.8"
"","604.6999999992549","HRPVBpost_08_01","HRPVBpost","html-slider-response","701","542574","0.0-690.0-0.0-2.5","cesarea","","Infección de la herida; cesarea","50","50.3"
"","482.69999999925494","HRPVBpost_09_00","HRPVBpost","html-button-response","702","543060","0.0-690.0-0.0-0.6","Lesión de la vagina","0","Lesión de la vagina","",""
"","653.5","HRPVBpost_09_01","HRPVBpost","html-slider-response","703","543717","0.0-690.0-0.0-1.6","cesarea","","Lesión de la vagina; cesarea","50","53.4"
"","896.6999999992549","HRPVBpost_09_02","HRPVBpost","html-slider-response","704","544617","0.0-690.0-0.0-2.6","vaginal","","Lesión de la vagina; vaginal","50","45.6"
