"view_history","rt","trialid","procedure","trial_type","trial_index","time_elapsed","internal_node_id","stimulus","response","question_order"
"[{""page_index"":0,""viewing_time"":935}]","935","ISP_000","ISP","instructions","347","399855","0.0-422.0-0.0","","",""
"","1415.7000000001863","ISP_001","ISP","survey-multi-choice","348","401275","0.0-423.0-0.0","{""Q0"":""Tengo problemas para empezar una actividad. Me falta iniciativa""}","{""Q0"":"" muchas veces""}","[0]"
"","1161.1999999999534","ISP_002","ISP","survey-multi-choice","349","402441","0.0-424.0-0.0","{""Q0"":""Me resulta difícil concentrarme en algo""}","{""Q0"":"" a veces si y a veces no""}","[0]"
"","1123.8000000000466","ISP_003","ISP","survey-multi-choice","350","403570","0.0-425.0-0.0","{""Q0"":""No puedo hacer dos cosas al mismo tiempo (por ejemplo, preparar la comida y hablar)""}","{""Q0"":"" pocas veces""}","[0]"
"","1276.3999999999069","ISP_004","ISP","survey-multi-choice","351","404852","0.0-426.0-0.0","{""Q0"":""Río o lloro con demasiada facilidad""}","{""Q0"":"" a veces si y a veces no""}","[0]"
"","1150.9000000001397","ISP_005","ISP","survey-multi-choice","352","406006","0.0-427.0-0.0","{""Q0"":""Me enfado mucho por cosas insignificantes. Me irrito con facilidad""}","{""Q0"":"" siempre o casi siempre""}","[0]"
"","1317.6000000000931","ISP_006","ISP","survey-multi-choice","353","407329","0.0-428.0-0.0","{""Q0"":""Tengo poca capacidad para resovler problemas""}","{""Q0"":"" nunca o casi nunca""}","[0]"
"","1334.5","ISP_007","ISP","survey-multi-choice","354","408668","0.0-429.0-0.0","{""Q0"":""Mezclo algunos episodios de mi vida con otros. Me confundo al intentar ponerlos en orden""}","{""Q0"":"" pocas veces""}","[0]"
"","1258.3999999999069","ISP_008","ISP","survey-multi-choice","355","409929","0.0-430.0-0.0","{""Q0"":""Llego tarde a mis citas""}","{""Q0"":"" siempre o casi siempre""}","[0]"
"","1307.1999999999534","ISP_009","ISP","survey-multi-choice","356","411240","0.0-431.0-0.0","{""Q0"":""Me cuesta adaptarme a los cambios de mis rutinas""}","{""Q0"":"" a veces si y a veces no""}","[0]"
"","1216.9000000001397","ISP_010","ISP","survey-multi-choice","357","412460","0.0-432.0-0.0","{""Q0"":""Hablo con desconocidos como si les conociera""}","{""Q0"":"" a veces si y a veces no""}","[0]"
"","1248.5999999998603","ISP_011","ISP","survey-multi-choice","358","413712","0.0-433.0-0.0","{""Q0"":""Me distraigo con facilidad""}","{""Q0"":"" nunca o casi nunca""}","[0]"
"","1285.1000000000931","ISP_012","ISP","survey-multi-choice","359","415000","0.0-434.0-0.0","{""Q0"":""Tengo problemas para cambiar de tema en las conversaciones""}","{""Q0"":"" nunca o casi nunca""}","[0]"
"","1281.4000000001397","ISP_013","ISP","survey-multi-choice","360","416284","0.0-435.0-0.0","{""Q0"":""Ciertas cosas me cabrean demasiado y en esos momentos me paso de la raya""}","{""Q0"":"" nunca o casi nunca""}","[0]"
"","1135.9000000001397","ISP_014","ISP","survey-multi-choice","361","417423","0.0-436.0-0.0","{""Q0"":""Estoy como aletargado, como adormecido""}","{""Q0"":"" muchas veces""}","[0]"
"","1178.3000000000466","ISP_015","ISP","survey-multi-choice","362","418604","0.0-437.0-0.0","{""Q0"":""Tengo dificultades para tomar decisiones""}","{""Q0"":"" siempre o casi siempre""}","[0]"
"","1133.8000000000466","ISP_016","ISP","survey-multi-choice","363","419740","0.0-438.0-0.0","{""Q0"":""Hablo fuera de turno interrumpiendo a los demás en las conversaciones""}","{""Q0"":"" muchas veces""}","[0]"
"","1137.1999999999534","ISP_017","ISP","survey-multi-choice","364","420881","0.0-439.0-0.0","{""Q0"":""Me olvido de que tengo que hacer cosas pero me acuerdo cuando me lo recuerdan""}","{""Q0"":"" muchas veces""}","[0]"
"","1277.1999999999534","ISP_018","ISP","survey-multi-choice","365","422161","0.0-440.0-0.0","{""Q0"":""Se me echa la hora encima con mucha facilidad""}","{""Q0"":"" siempre o casi siempre""}","[0]"
"","1430.6999999999534","ISP_019","ISP","survey-multi-choice","366","423594","0.0-441.0-0.0","{""Q0"":""No hago las cosas sin que alguien me diga que las tengo que hacer""}","{""Q0"":"" a veces si y a veces no""}","[0]"
"","1158.4000000001397","ISP_020","ISP","survey-multi-choice","367","424755","0.0-442.0-0.0","{""Q0"":""Tengo dificultades para seguir el argumento de una película o un libro""}","{""Q0"":"" nunca o casi nunca""}","[0]"
"","1242.8999999999069","ISP_021","ISP","survey-multi-choice","368","426002","0.0-443.0-0.0","{""Q0"":""Tengo dificultad para pensar cosas con antelación o para planificar el futuro""}","{""Q0"":"" a veces si y a veces no""}","[0]"
"","1182.6999999999534","ISP_022","ISP","survey-multi-choice","369","427187","0.0-444.0-0.0","{""Q0"":""Puedo pasar de la risa al llanto con facilidad""}","{""Q0"":"" muchas veces""}","[0]"
"","1155.8999999999069","ISP_023","ISP","survey-multi-choice","370","428346","0.0-445.0-0.0","{""Q0"":""Descuido mi higiene personal""}","{""Q0"":"" pocas veces""}","[0]"
"","1164.3000000000466","ISP_024","ISP","survey-multi-choice","371","429513","0.0-446.0-0.0","{""Q0"":""No me entusiasmo con las cosas. No me interesa ninguna actividad""}","{""Q0"":"" muchas veces""}","[0]"
"","1194.8000000000466","ISP_025","ISP","survey-multi-choice","372","430711","0.0-447.0-0.0","{""Q0"":""Corro riesgos Sólo por el placer de hacerlo aunque me meta en líos por ello""}","{""Q0"":"" muchas veces""}","[0]"
"","1181.8999999999069","ISP_026","ISP","survey-multi-choice","373","431896","0.0-448.0-0.0","{""Q0"":""Me cuesta cambiar de planes cuando las cosas están saliendo mal""}","{""Q0"":"" pocas veces""}","[0]"
"","1446.2999999998137","ISP_027","ISP","survey-multi-choice","374","433346","0.0-449.0-0.0","{""Q0"":""Cuento chistes inapropiados en situaciones inapropiadas""}","{""Q0"":"" nunca o casi nunca""}","[0]"
"","1187.0999999998603","ISP_028","ISP","survey-multi-choice","375","434537","0.0-450.0-0.0","{""Q0"":""Actúo como si las demás personas no existieran""}","{""Q0"":"" a veces si y a veces no""}","[0]"
"","1101.0999999998603","ISP_029","ISP","survey-multi-choice","376","435641","0.0-451.0-0.0","{""Q0"":""Me cuesta ponerme en marcha. Me falta energía""}","{""Q0"":"" pocas veces""}","[0]"
"","1116.3999999999069","ISP_030","ISP","survey-multi-choice","377","436760","0.0-452.0-0.0","{""Q0"":""Repito los mismos errores. No aprendo de la experiencia""}","{""Q0"":"" siempre o casi siempre""}","[0]"
"","1143.3000000000466","ISP_031","ISP","survey-multi-choice","378","437906","0.0-453.0-0.0","{""Q0"":""Cuando hay ruido en la calle tengo problemas para pensar con claridad""}","{""Q0"":"" muchas veces""}","[0]"
"","1080.5999999998603","ISP_032","ISP","survey-multi-choice","379","438990","0.0-454.0-0.0","{""Q0"":""Me cuesta planificar las cosas con antelación""}","{""Q0"":"" pocas veces""}","[0]"
"","1110.5","ISP_033","ISP","survey-multi-choice","380","440105","0.0-455.0-0.0","{""Q0"":""Toco o abrazo a la gente aunque no los conozca demasiado""}","{""Q0"":"" nunca o casi nunca""}","[0]"
"","1220.6999999999534","ISP_034","ISP","survey-multi-choice","381","441331","0.0-456.0-0.0","{""Q0"":""Doy portazos, golpeo muebles o lanzo cosas por el aire cuando me cabreo""}","{""Q0"":"" nunca o casi nunca""}","[0]"
"","1099.1999999999534","ISP_035","ISP","survey-multi-choice","382","442434","0.0-457.0-0.0","{""Q0"":""Me cuesta encontrar la solución a los problemas""}","{""Q0"":"" siempre o casi siempre""}","[0]"
"","1562.1999999999534","ISP_036","ISP","survey-multi-choice","383","443999","0.0-458.0-0.0","{""Q0"":""Hago las cosas impulsivamente""}","{""Q0"":"" nunca o casi nunca""}","[0]"
"","1240.3000000000466","ISP_037","ISP","survey-multi-choice","384","445244","0.0-459.0-0.0","{""Q0"":""Hago comentarios sobre temas muy personales delante de los demás""}","{""Q0"":"" a veces si y a veces no""}","[0]"
"","1228.3999999999069","ISP_038","ISP","survey-multi-choice","385","446475","0.0-460.0-0.0","{""Q0"":""Tengo ganas de hacer algunas cosas, pero luego no las hago""}","{""Q0"":"" nunca o casi nunca""}","[0]"
"","1173.6999999999534","ISP_039","ISP","survey-multi-choice","386","447652","0.0-461.0-0.0","{""Q0"":""Hago o digo cosas embarazosas""}","{""Q0"":"" a veces si y a veces no""}","[0]"
"","1107.5","ISP_040","ISP","survey-multi-choice","387","448765","0.0-462.0-0.0","{""Q0"":""Me confundo cuando estoy haciendo cosas en un orden""}","{""Q0"":"" a veces si y a veces no""}","[0]"
"","1114.7999999998137","ISP_041","ISP","survey-multi-choice","388","449882","0.0-463.0-0.0","{""Q0"":""Tengo explosiones emocionales sin una razón importante""}","{""Q0"":"" a veces si y a veces no""}","[0]"
"","1144","ISP_042","ISP","survey-multi-choice","389","451030","0.0-464.0-0.0","{""Q0"":""Tengo problemas para entender lo que otros quieren decir""}","{""Q0"":"" a veces si y a veces no""}","[0]"
"","1087","ISP_043","ISP","survey-multi-choice","390","452121","0.0-465.0-0.0","{""Q0"":""Me manifiesto ante los demás de una manera sensual. Coqueteo demasiado""}","{""Q0"":"" nunca o casi nunca""}","[0]"
"","1093.1999999999534","ISP_044","ISP","survey-multi-choice","391","453218","0.0-466.0-0.0","{""Q0"":""Hago o digo cosas que no debo cuando estoy con otras personas""}","{""Q0"":"" nunca o casi nunca""}","[0]"
"","1201.8999999999069","ISP_045","ISP","survey-multi-choice","392","454423","0.0-467.0-0.0","{""Q0"":""Hago comentarios sexuales inapropiados""}","{""Q0"":"" a veces si y a veces no""}","[0]"
"","1121.8000000000466","ISP_046","ISP","survey-multi-choice","393","455548","0.0-468.0-0.0","{""Q0"":""Todo me resulta indiferente. Me dan igual las cosas""}","{""Q0"":"" a veces si y a veces no""}","[0]"
