"view_history","rt","trialid","procedure","trial_type","trial_index","time_elapsed","internal_node_id","stimulus","response","question_order"
"[{""page_index"":0,""viewing_time"":640}]","641","Instructions_01","AntiBots","instructions","37","27031","0.0-48.0-0.0","","",""
"","1160","AntiBots_01","AntiBots","survey-multi-choice-vertical","38","28198","0.0-49.0-0.0","{""Q0"":""In the past 2 years, have you ever traveled to, or done any business with entities in Osgiliath?""}","{""Q0"":"" No, never""}",""
"","1181.699999999255","AntiBots_02","AntiBots","survey-multi-select","39","29385","0.0-50.0-0.0","{""Q0"":""Research has suggested that a person’s favorite car brand can tell us a lot about the way that they make financial decisions. In this case, however, we would like you to ignore this question entirely. Instead, please choose all of the response options provided. In other words, regardless of your actual favorite car brand, click all of the answers""}","{""Q0"":[""&nbsp;Toyota"",""&nbsp;Honda"",""&nbsp;Chevrolet""]}","[0]"
"","843","AntiBots_03","AntiBots","survey-multi-choice-vertical","40","30232","0.0-51.0-0.0","{""Q0"":""Lastly, it is vital to our study that we only include responses from people that devoted their full attention to this study. Otherwise, years of effort (the researchers' and the time of other participants) could be wasted. You will receive credit for this study no matter what. Please, tell us how much effort you put towards this study. \""I put forth _______ effort towards this study\""""}","{""Q0"":"" Almost no""}",""
"","625","AntiBots_04","AntiBots","survey-multi-choice-vertical","41","30859","0.0-52.0-0.0","{""Q0"":""In your honest opinion, should we use your data in our analysis in this study?""}","{""Q0"":"" No""}",""
"","681","AntiBots_05","AntiBots","survey-multi-choice-vertical","42","31543","0.0-53.0-0.0","{""Q0"":""And just out of curiosity, did you use any kind of calculator during this study?""}","{""Q0"":"" Yes""}",""
"","820","AntiBots_06","AntiBots","survey-text","43","32372","0.0-54.0-0.0","{""Q0"":""If you have any comments or suggestions, we really appreciate your feedback.You can also send us an email to gorkang@gmail.com. Thanks in advance!""}","{""Q0"":""L1uTp312rq5zhY9OmkXZB9ZuIAtiLRnxy5KZSwX9skgq2GgIas9efcLAGOKyDcX9kxPypAUmNLoiaNtuj""}",""
