"view_history","rt","trialid","procedure","trial_type","trial_index","time_elapsed","internal_node_id","stimulus","response"
"[{""page_index"":0,""viewing_time"":873}]","874","Instructions_01","CAS","instructions","91","70590","0.0-108.0-0.0","",""
"","907","CAS_001","CAS","survey-multi-choice-vertical","92","71500","0.0-109.0-0.0","{""Q0"":""Me siento mal cuando pienso en COVID-19.""}","{""Q0"":"" 0 No me sucede""}"
"","828","CAS_002","CAS","survey-multi-choice-vertical","93","72331","0.0-110.0-0.0","{""Q0"":""Siento que se me acelera el corazón cuando leo sobre COVID-19.""}","{""Q0"":"" 1 Casi nunca me sucede""}"
"","704","CAS_003","CAS","survey-multi-choice-vertical","94","73040","0.0-111.0-0.0","{""Q0"":""Me siento ansioso con respecto a COVID-19.""}","{""Q0"":"" 2 A veces me sucede""}"
"","722","CAS_004","CAS","survey-multi-choice-vertical","95","73765","0.0-112.0-0.0","{""Q0"":""Me siento incómodo cuando leo noticias sobre COVID-19.""}","{""Q0"":"" 1 Casi nunca me sucede""}"
"","775","CAS_005","CAS","survey-multi-choice-vertical","96","74544","0.0-113.0-0.0","{""Q0"":""Me cuesta relajarme cuando pienso en COVID-19.""}","{""Q0"":"" 2 A veces me sucede""}"
"","787","CAS_006","CAS","survey-multi-choice-vertical","97","75335","0.0-114.0-0.0","{""Q0"":""Siento que puedo entrar en pánico cuando me pongo al día sobre COVID-19.""}","{""Q0"":"" 1 Casi nunca me sucede""}"
"","864","CAS_007","CAS","survey-multi-choice-vertical","98","76207","0.0-115.0-0.0","{""Q0"":""Tengo miedo de infectarme con COVID-19.""}","{""Q0"":"" 1 Casi nunca me sucede""}"
