"success","timeout","failed_images","failed_audio","failed_video","trialid","procedure","trial_type","trial_index","time_elapsed","internal_node_id","rt","stimulus","button_pressed","response","slider_start"
"true","false","[]","[]","[]","EmpaTom_00","EmpaTom","preload","563","443009","0.0-605.0-0.0","","","","",""
"","","","","","Instructions_01","EmpaTom","html-button-response","564","443596","0.0-606.0-0.0","573.1999999992549","<div style=""max-width:600px;""><p>Descripcion de la tarea e instrucciones. Tom tiene Alzheimer....</p></div>","0","",""
"","","","","","EmpaTom_01","EmpaTom","video-button-response","565","454708","0.0-607.0-0.0","11101.300000000745","[""media/videos/EmpaTom/Entrevista1.mp4""]","","0",""
"","","","","","EmpaTom_02","EmpaTom","html-slider-response","566","455270","0.0-608.0-0.0","558.5","<div class='justified'>¿Cómo te sientes?</div></br>","","4","4"
"","","","","","EmpaTom_03","EmpaTom","html-slider-response","567","455816","0.0-609.0-0.0","542.2999999988824","<div class='justified'>¿Cuánta compasión sentiste por Tom?</div></br>","","5","4"
"","","","","","EmpaTom_04","EmpaTom","survey-multi-choice-vertical","568","456427","0.0-610.0-0.0","605","{""Q0"":""Tom piensa.""}","","{""Q0"":"" que es muy probable que olvide a su esposa producto del alzheimer""}",""
