"view_history","rt","trialid","procedure","trial_type","trial_index","time_elapsed","internal_node_id","stimulus","slider_start","response"
"[{""page_index"":0,""viewing_time"":468}]","469","Instructions_01","SBS","instructions","1318","949499","0.0-1380.0-0.0","","",""
"","639.5","SBS_01","SBS","html-slider-response","1319","950142","0.0-1381.0-0.0","<div class='justified'>1. Existe un Dios todopoderoso, omnisciente y amoroso.</div></br>","0","4"
"","571.1999999992549","SBS_02","SBS","html-slider-response","1320","950717","0.0-1382.0-0.0","<div class='justified'>2. Existe un ser espiritual espiritual maligno, a quien podríamos llamar el Diablo.</div></br>","0","1"
"","603.7000000011176","SBS_03","SBS","html-slider-response","1321","951325","0.0-1383.0-0.0","<div class='justified'>3. Existen buenos seres espirituales personales, a quienes podríamos llamar ángeles.</div></br>","0","-2"
"","637.5","SBS_04","SBS","html-slider-response","1322","951968","0.0-1384.0-0.0","<div class='justified'>4. Existen seres espirituales personales malvados, a quienes podríamos llamar demonios.</div></br>","0","-1"
"","623","SBS_05","SBS","html-slider-response","1323","952595","0.0-1385.0-0.0","<div class='justified'>5. Los seres humanos tienen almas inmateriales e inmortales.</div></br>","0","3"
"","609","SBS_06","SBS","html-slider-response","1324","953211","0.0-1386.0-0.0","<div class='justified'>6. Hay un reino espiritual además del físico.</div></br>","0","-2"
"","603.8999999985099","SBS_07","SBS","html-slider-response","1325","953819","0.0-1387.0-0.0","<div class='justified'>7. Algunas personas irán al cielo cuando mueran.</div></br>","0","0"
"","579.4000000003725","SBS_08","SBS","html-slider-response","1326","954403","0.0-1388.0-0.0","<div class='justified'>8. Algunas personas irán al infierno cuando mueran.</div></br>","0","1"
"","710.4000000003725","SBS_09","SBS","html-slider-response","1327","955118","0.0-1389.0-0.0","<div class='justified'>9. Los milagros, eventos divinamente causados que no tienen una explicación natural, pueden suceder y lo hacen.</div></br>","0","4"
"","731.1999999992549","SBS_10","SBS","html-slider-response","1328","955854","0.0-1390.0-0.0","<div class='justified'>10. Hay individuos que son mensajeros de Dios y / o pueden prever el futuro.</div></br>","0","2"
