"view_history","rt","trialid","procedure","trial_type","trial_index","time_elapsed","internal_node_id","stimulus","response"
"[{""page_index"":0,""viewing_time"":760}]","760","Instructions","RMET","instructions","136","151541","0.0-140.0-0.0","",""
"","1135","RMET_000","RMET","survey-multi-choice-CSCN-RMET","137","152682","0.0-141.0-0.0","{""Q0"":""""}","{""Q0"":"" EN PÁNICO""}"
"[{""page_index"":0,""viewing_time"":639}]","639","Instructions_001","RMET","instructions","138","153324","0.0-142.0-0.0-0.0","",""
"","1154","RMET_001","RMET","survey-multi-choice-CSCN-RMET","139","154485","0.0-144.0-0.0","{""Q0"":""""}","{""Q0"":""ABURRIDO""}"
"","1130","RMET_002","RMET","survey-multi-choice-CSCN-RMET","140","155621","0.0-145.0-0.0","{""Q0"":""""}","{""Q0"":""ARROGANTE""}"
"","1086","RMET_003","RMET","survey-multi-choice-CSCN-RMET","141","156712","0.0-146.0-0.0","{""Q0"":""""}","{""Q0"":""DESEO""}"
"","1354","RMET_004","RMET","survey-multi-choice-CSCN-RMET","142","158071","0.0-147.0-0.0","{""Q0"":""""}","{""Q0"":""RELAJADO""}"
"","1204","RMET_005","RMET","survey-multi-choice-CSCN-RMET","143","159280","0.0-148.0-0.0","{""Q0"":""""}","{""Q0"":""PREOCUPADO""}"
"","1345","RMET_006","RMET","survey-multi-choice-CSCN-RMET","144","160632","0.0-149.0-0.0","{""Q0"":""""}","{""Q0"":""FANTASIOSA""}"
"","1443","RMET_007","RMET","survey-multi-choice-CSCN-RMET","145","162084","0.0-150.0-0.0","{""Q0"":""""}","{""Q0"":""ARREPENTIDO""}"
"","1317","RMET_008","RMET","survey-multi-choice-CSCN-RMET","146","163409","0.0-151.0-0.0","{""Q0"":""""}","{""Q0"":""TÍMIDO""}"
"","1256","RMET_009","RMET","survey-multi-choice-CSCN-RMET","147","164672","0.0-152.0-0.0","{""Q0"":""""}","{""Q0"":""HOSTIL""}"
"","1184","RMET_010","RMET","survey-multi-choice-CSCN-RMET","148","165860","0.0-153.0-0.0","{""Q0"":""""}","{""Q0"":""ASUSTADO""}"
"","1081","RMET_011","RMET","survey-multi-choice-CSCN-RMET","149","166945","0.0-154.0-0.0","{""Q0"":""""}","{""Q0"":""ENTRETENIDO""}"
"","1099","RMET_012","RMET","survey-multi-choice-CSCN-RMET","150","168049","0.0-155.0-0.0","{""Q0"":""""}","{""Q0"":""INDIFERENTE""}"
"","1231","RMET_013","RMET","survey-multi-choice-CSCN-RMET","151","169286","0.0-156.0-0.0","{""Q0"":""""}","{""Q0"":""EXPECTANTE""}"
"","1252","RMET_014","RMET","survey-multi-choice-CSCN-RMET","152","170543","0.0-157.0-0.0","{""Q0"":""""}","{""Q0"":""DECEPCIONADO""}"
"","1246","RMET_015","RMET","survey-multi-choice-CSCN-RMET","153","171795","0.0-158.0-0.0","{""Q0"":""""}","{""Q0"":""ALENTADORA""}"
"","1196","RMET_016","RMET","survey-multi-choice-CSCN-RMET","154","172995","0.0-159.0-0.0","{""Q0"":""""}","{""Q0"":""COMPASIVO""}"
"","1028","RMET_017","RMET","survey-multi-choice-CSCN-RMET","155","174028","0.0-160.0-0.0","{""Q0"":""""}","{""Q0"":""JUGUETONA""}"
"","1102","RMET_018","RMET","survey-multi-choice-CSCN-RMET","156","175136","0.0-161.0-0.0","{""Q0"":""""}","{""Q0"":""ASUSTADA""}"
"","1142","RMET_019","RMET","survey-multi-choice-CSCN-RMET","157","176285","0.0-162.0-0.0","{""Q0"":""""}","{""Q0"":""VACILANTE""}"
"","1182","RMET_020","RMET","survey-multi-choice-CSCN-RMET","158","177475","0.0-163.0-0.0","{""Q0"":""""}","{""Q0"":""HORRORIZADO""}"
"","1023","RMET_021","RMET","survey-multi-choice-CSCN-RMET","159","178502","0.0-164.0-0.0","{""Q0"":""""}","{""Q0"":""EN PÁNICO""}"
"","1097","RMET_022","RMET","survey-multi-choice-CSCN-RMET","160","179603","0.0-165.0-0.0","{""Q0"":""""}","{""Q0"":""ANGUSTIADA""}"
"","1016","RMET_023","RMET","survey-multi-choice-CSCN-RMET","161","180623","0.0-166.0-0.0","{""Q0"":""""}","{""Q0"":""ARREPENTIDO""}"
"","1050","RMET_024","RMET","survey-multi-choice-CSCN-RMET","162","181678","0.0-167.0-0.0","{""Q0"":""""}","{""Q0"":""IRRITADO""}"
"","1050","RMET_025","RMET","survey-multi-choice-CSCN-RMET","163","182732","0.0-168.0-0.0","{""Q0"":""""}","{""Q0"":""INTERESADA""}"
"","1267","RMET_026","RMET","survey-multi-choice-CSCN-RMET","164","184005","0.0-169.0-0.0","{""Q0"":""""}","{""Q0"":""ANSIOSO""}"
"","1224","RMET_027","RMET","survey-multi-choice-CSCN-RMET","165","185235","0.0-170.0-0.0","{""Q0"":""""}","{""Q0"":""BROMISTA""}"
"","1144","RMET_028","RMET","survey-multi-choice-CSCN-RMET","166","186386","0.0-171.0-0.0","{""Q0"":""""}","{""Q0"":""AFECTUOSA""}"
"","1182","RMET_029","RMET","survey-multi-choice-CSCN-RMET","167","187575","0.0-172.0-0.0","{""Q0"":""""}","{""Q0"":""IRRITADA""}"
"","1314","RMET_030","RMET","survey-multi-choice-CSCN-RMET","168","188895","0.0-173.0-0.0","{""Q0"":""""}","{""Q0"":""DECEPCIONADA""}"
"","1297","RMET_031","RMET","survey-multi-choice-CSCN-RMET","169","190199","0.0-174.0-0.0","{""Q0"":""""}","{""Q0"":""DECAÍDA""}"
"","1188","RMET_032","RMET","survey-multi-choice-CSCN-RMET","170","191390","0.0-175.0-0.0","{""Q0"":""""}","{""Q0"":""DESCONCERTADO""}"
"","1108","RMET_033","RMET","survey-multi-choice-CSCN-RMET","171","192501","0.0-176.0-0.0","{""Q0"":""""}","{""Q0"":""CULPABLE""}"
"","1027","RMET_034","RMET","survey-multi-choice-CSCN-RMET","172","193532","0.0-177.0-0.0","{""Q0"":""""}","{""Q0"":""RECELOSA""}"
"","1327","RMET_035","RMET","survey-multi-choice-CSCN-RMET","173","194863","0.0-178.0-0.0","{""Q0"":""""}","{""Q0"":""NERVIOSA""}"
"","1236","RMET_036","RMET","survey-multi-choice-CSCN-RMET","174","196105","0.0-179.0-0.0","{""Q0"":""""}","{""Q0"":""AVERGONZADO""}"
