"view_history","rt","trialid","procedure","trial_type","trial_index","time_elapsed","internal_node_id","stimulus","response","question_order"
"[{""page_index"":0,""viewing_time"":1040}]","1041","Instructions_001","CSI","instructions","254","281275","0.0-320.0-0.0","","",""
"","1388.5999999999767","CSI_001","CSI","survey-multi-choice","255","282669","0.0-321.0-0.0","{""Q0"":""¿Usted ha sentido estrés y tensión frecuentemente?""}","{""Q0"":"" Hace más de un año""}","[0]"
"","1170.4000000000233","CSI_002","CSI","survey-multi-choice","256","283844","0.0-322.0-0.0","{""Q0"":""¿Usted ha sentido angustia y/o ansiedad frecuentemente?""}","{""Q0"":"" Al menos durante todo el último año""}","[0]"
"","1266.8000000000466","CSI_003","CSI","survey-multi-choice","257","285113","0.0-323.0-0.0","{""Q0"":""¿Usted ha sentido agobio y/o desánimo frecuentemente?""}","{""Q0"":"" Hace más de un año""}","[0]"
"","1210.5999999999767","CSI_004","CSI","survey-multi-choice","258","286327","0.0-324.0-0.0","{""Q0"":""¿Usted ha experimentado problemas de sueño frecuentemente?""}","{""Q0"":"" Solo en el último mes""}","[0]"
"","1192.0999999999767","CSI_005","CSI","survey-multi-choice","259","287522","0.0-325.0-0.0","{""Q0"":""¿Usted ha experimentado problemas de concentración y memoria frecuentemente?""}","{""Q0"":"" Hace más de un año""}","[0]"
"","1421.7999999999302","CSI_006","CSI","survey-multi-choice","260","288947","0.0-326.0-0.0","{""Q0"":""¿Usted ha sentido irritabilidad frecuentemente?""}","{""Q0"":"" Al menos en estos 6 meses""}","[0]"
"","1292.3000000000466","CSI_007","CSI","survey-multi-choice","261","290244","0.0-327.0-0.0","{""Q0"":""¿Usted ha experimentado fatiga persistente?""}","{""Q0"":"" Solo en el último mes""}","[0]"
