"view_history","rt","trialid","procedure","trial_type","trial_index","time_elapsed","internal_node_id","stimulus","response"
"[{""page_index"":0,""viewing_time"":617}]","618","Instructions_01","UCLA","instructions","1662","1215769","0.0-1734.0-0.0","",""
"","986","UCLA_001","UCLA","survey-multi-choice-vertical","1663","1216765","0.0-1735.0-0.0","{""Q0"":""1. ¿Con qué frecuencia sientes que te falta compañía?""}","{""Q0"":""Raramente""}"
"","871","UCLA_002","UCLA","survey-multi-choice-vertical","1664","1217649","0.0-1736.0-0.0","{""Q0"":""2. ¿Con qué frecuencia te sientes dejado fuera?""}","{""Q0"":""A veces""}"
"","856","UCLA_003","UCLA","survey-multi-choice-vertical","1665","1218516","0.0-1737.0-0.0","{""Q0"":""3. ¿Con qué frecuencia te sientes aislado de los demás?""}","{""Q0"":""Siempre""}"
"","806","UCLA_004","UCLA","survey-multi-choice-vertical","1666","1219339","0.0-1738.0-0.0","{""Q0"":""4. ¿Con qué frecuencia te sientes solo?""}","{""Q0"":""Siempre""}"
"","802","UCLA_005","UCLA","survey-multi-choice-vertical","1667","1220154","0.0-1739.0-0.0","{""Q0"":""5. ¿Con qué frecuencia sientes que ya no eres cercano a nadie?""}","{""Q0"":""Raramente""}"
"","770","UCLA_006","UCLA","survey-multi-choice-vertical","1668","1220934","0.0-1740.0-0.0","{""Q0"":""6. ¿Con qué frecuencia sientes que nadie te conoce muy bien?""}","{""Q0"":""Raramente""}"
"","876","UCLA_007","UCLA","survey-multi-choice-vertical","1669","1221821","0.0-1741.0-0.0","{""Q0"":""7. ¿Con qué frecuencia sientes que la gente está a tu alrededor, pero no contigo?""}","{""Q0"":""A veces""}"
"","856","UCLA_008","UCLA","survey-multi-choice-vertical","1670","1222688","0.0-1742.0-0.0","{""Q0"":""8. ¿Con qué frecuencia siente que estás \""en sintonía\"" con las personas que te rodean?""}","{""Q0"":""Raramente""}"
