"view_history","rt","trialid","procedure","trial_type","trial_index","time_elapsed","internal_node_id","stimulus","response","question_order"
"[{""page_index"":0,""viewing_time"":490}]","490","Instructions_01","DGLS","instructions","424","340772","0.0-458.0-0.0","","",""
"","776.9000000003725","DGLS_001","DGLS","survey-multi-choice","425","341552","0.0-459.0-0.0","{""Q0"":""Siempre hay alguien con quien puedo hablar de mis problemas diarios.""}","{""Q0"":"" No""}","[0]"
"","804.7999999988824","DGLS_002","DGLS","survey-multi-choice","426","342366","0.0-460.0-0.0","{""Q0"":""Echo de menos tener un buen amigo de verdad.""}","{""Q0"":"" No""}","[0]"
"","756.9000000003725","DGLS_003","DGLS","survey-multi-choice","427","343134","0.0-461.0-0.0","{""Q0"":""Siento una sensación de vacío a mi alrededor.""}","{""Q0"":"" No""}","[0]"
"","648.3000000007451","DGLS_004","DGLS","survey-multi-choice","428","343787","0.0-462.0-0.0","{""Q0"":""Hay suficientes personas a las que puedo recurrir en caso de necesidad.""}","{""Q0"":"" Si""}","[0]"
"","704.1999999992549","DGLS_005","DGLS","survey-multi-choice","429","344496","0.0-463.0-0.0","{""Q0"":""Echo de menos la compañía de otras personas.""}","{""Q0"":"" No""}","[0]"
"","709.3000000007451","DGLS_006","DGLS","survey-multi-choice","430","345209","0.0-464.0-0.0","{""Q0"":""Pienso que mi círculo de amistad es demasiado limitado.""}","{""Q0"":"" Más o menos""}","[0]"
"","628","DGLS_007","DGLS","survey-multi-choice","431","345841","0.0-465.0-0.0","{""Q0"":""Tengo mucha gente en la que confiar completamente.""}","{""Q0"":"" No""}","[0]"
"","703.7999999988824","DGLS_008","DGLS","survey-multi-choice","432","346548","0.0-466.0-0.0","{""Q0"":""Hay suficientes personas con las que tengo una amistad muy cercana.""}","{""Q0"":"" Más o menos""}","[0]"
"","636.9000000003725","DGLS_009","DGLS","survey-multi-choice","433","347189","0.0-467.0-0.0","{""Q0"":""Echo de menos tener gente a mi alrededor.""}","{""Q0"":"" Más o menos""}","[0]"
"","700.0999999996275","DGLS_010","DGLS","survey-multi-choice","434","347893","0.0-468.0-0.0","{""Q0"":""Me siente abandonado a menudo.""}","{""Q0"":"" Si""}","[0]"
"","954.3000000007451","DGLS_011","DGLS","survey-multi-choice","435","348850","0.0-469.0-0.0","{""Q0"":""Puede contar con mis amigos siempre que lo necesito.""}","{""Q0"":"" Si""}","[0]"
