"view_history","rt","trialid","procedure","trial_type","trial_index","time_elapsed","internal_node_id","stimulus","response","question_order"
"[{""page_index"":0,""viewing_time"":763}]","764","LASSI38_000","LASSI38","instructions","194","216208","0.0-258.0-0.0","","",""
"","1124.2999999999302","LASSI38_001","LASSI38","survey-multi-choice","195","217335","0.0-259.0-0.0","{""Q0"":""Me preocupa más conseguir un buen trabajo que terminar mis estudios""}","{""Q0"":"" Con frecuencia es una característica mía""}","[0]"
"","1283.1999999999534","LASSI38_002","LASSI38","survey-multi-choice","196","218621","0.0-260.0-0.0","{""Q0"":""Tengo muy claro lo que debo hacer para no fracasar en mis estudios""}","{""Q0"":"" Con frecuencia es una característica mía""}","[0]"
"","1246.2999999999302","LASSI38_003","LASSI38","survey-multi-choice","197","219870","0.0-261.0-0.0","{""Q0"":""La escuela no me prepara para la vida adulta""}","{""Q0"":"" Con frecuencia es una característica mía""}","[0]"
"","1163.4000000000233","LASSI38_004","LASSI38","survey-multi-choice","198","221035","0.0-262.0-0.0","{""Q0"":""Llevo al día mis tareas escolares o deberes""}","{""Q0"":"" Algo o un poco característico mío""}","[0]"
"","1318.1999999999534","LASSI38_005","LASSI38","survey-multi-choice","199","222358","0.0-263.0-0.0","{""Q0"":""Me he propuesto conseguir buenos resultados al acabar mis estudios""}","{""Q0"":"" No es una característica muy común en mí""}","[0]"
"","1254.8999999999069","LASSI38_006","LASSI38","survey-multi-choice","200","223618","0.0-264.0-0.0","{""Q0"":""Cuando lo que tengo que hacer es difícil, lo dejo y hago sólo lo más fácil""}","{""Q0"":"" Algo muy característico mío""}","[0]"
"","1399","LASSI38_007","LASSI38","survey-multi-choice","201","225020","0.0-265.0-0.0","{""Q0"":""Antes de ponerme a estudiar planifico cómo lo voy a hacer (cuánto tiempo, qué y en qué orden, dónde, etc.)""}","{""Q0"":"" Con frecuencia es una característica mía""}","[0]"
"","1124.5","LASSI38_008","LASSI38","survey-multi-choice","202","226150","0.0-266.0-0.0","{""Q0"":""Cuando me planifico el tiempo para estudiar, casi nunca respeto mi plan""}","{""Q0"":"" Algo muy característico mío""}","[0]"
"","1087.9000000000233","LASSI38_009","LASSI38","survey-multi-choice","203","227240","0.0-267.0-0.0","{""Q0"":""Sólo estudio cuando tengo evaluaciones""}","{""Q0"":"" Algo o un poco característico mío""}","[0]"
"","1229.5","LASSI38_010","LASSI38","survey-multi-choice","204","228472","0.0-268.0-0.0","{""Q0"":""Cuando tengo que hacer deberes de clase siempre lo suelo dejar para más tarde""}","{""Q0"":"" Algo muy característico mío""}","[0]"
"","1337.1999999999534","LASSI38_011","LASSI38","survey-multi-choice","205","229812","0.0-269.0-0.0","{""Q0"":""Acabo estudiando con prisas para casi todos los exámenes""}","{""Q0"":"" No es una característica muy común en mí""}","[0]"
"","1438","LASSI38_012","LASSI38","survey-multi-choice","206","231253","0.0-270.0-0.0","{""Q0"":""Hago mal las evaluaciones porque no sé organizarme el tiempo de estudio ni de trabajo""}","{""Q0"":"" Algo o un poco característico mío""}","[0]"
"","1154.5","LASSI38_013","LASSI38","survey-multi-choice","207","232410","0.0-271.0-0.0","{""Q0"":""Normalmente cuando empiezo a hacer un examen estoy seguro/a de que no tendré ningún problema para aprobar""}","{""Q0"":"" Algo o un poco característico mío""}","[0]"
"","1129.0999999999767","LASSI38_014","LASSI38","survey-multi-choice","208","233542","0.0-272.0-0.0","{""Q0"":""Siento pánico cuando tengo que realizar un examen importante y me pongo tan nervioso que no respondo todo lo que sé""}","{""Q0"":"" No es una característica muy común en mí""}","[0]"
"","1128.6000000000931","LASSI38_015","LASSI38","survey-multi-choice","209","234674","0.0-273.0-0.0","{""Q0"":""Me distraigo fácilmente cuando estoy estudiando o haciendo los deberes, sin ningún motivo""}","{""Q0"":"" Algo o un poco característico mío""}","[0]"
"","1163.1999999999534","LASSI38_016","LASSI38","survey-multi-choice","210","235840","0.0-274.0-0.0","{""Q0"":""Procuro aprender las palabras nuevas que van surgiendo cuando estudio""}","{""Q0"":"" Con frecuencia es una característica mía""}","[0]"
"","1115.0999999999767","LASSI38_017","LASSI38","survey-multi-choice","211","236958","0.0-275.0-0.0","{""Q0"":""Cuando estudio resumo los temas utilizando mis propias palabras""}","{""Q0"":"" Algo o un poco característico mío""}","[0]"
"","1092.7999999999302","LASSI38_018","LASSI38","survey-multi-choice","212","238053","0.0-276.0-0.0","{""Q0"":""Trato de obtener más información sobre lo que estudio para comprenderlo bien""}","{""Q0"":"" Algo muy característico mío""}","[0]"
"","1254.3000000000466","LASSI38_019","LASSI38","survey-multi-choice","213","239309","0.0-277.0-0.0","{""Q0"":""Intento relacionar lo que estoy estudiando con lo que ya sé y con mis propias experiencias""}","{""Q0"":"" Algo o un poco característico mío""}","[0]"
"","1267","LASSI38_020","LASSI38","survey-multi-choice","214","240580","0.0-278.0-0.0","{""Q0"":""Intento relacionar varias ideas del tema que estoy estudiando""}","{""Q0"":"" Algo o un poco característico mío""}","[0]"
"","1145.4000000000233","LASSI38_021","LASSI38","survey-multi-choice","215","241728","0.0-279.0-0.0","{""Q0"":""Cuando estudio distingo perfectamente las ideas principales de las secundarias""}","{""Q0"":"" Con frecuencia es una característica mía""}","[0]"
"","1159.8000000000466","LASSI38_022","LASSI38","survey-multi-choice","216","242890","0.0-280.0-0.0","{""Q0"":""Me resulta difícil saber cuáles son las ideas principales que debo recordar de un texto""}","{""Q0"":"" Con frecuencia es una característica mía""}","[0]"
"","1141.9000000000233","LASSI38_023","LASSI38","survey-multi-choice","217","244035","0.0-281.0-0.0","{""Q0"":""Cuando realizo algún trabajo escolar, a menudo me pierdo en los detalles y no recuerdo las ideas principales""}","{""Q0"":"" No es una característica mía""}","[0]"
"","1112.6999999999534","LASSI38_024","LASSI38","survey-multi-choice","218","245150","0.0-282.0-0.0","{""Q0"":""Antes de ponerme a estudiar un tema selecciono las ideas principales""}","{""Q0"":"" No es una característica mía""}","[0]"
"","1117.8999999999069","LASSI38_025","LASSI38","survey-multi-choice","219","246271","0.0-283.0-0.0","{""Q0"":""Cuando estudio utilizo algunas ayudas como subrayar en diferentes colores, o emplear letras en mayúscula para distinguir lo importante de lo que no lo es""}","{""Q0"":"" Algo muy característico mío""}","[0]"
"","1099","LASSI38_026","LASSI38","survey-multi-choice","220","247373","0.0-284.0-0.0","{""Q0"":""Cuando estudio trato de aprender tantas cosas como puedo de memoria""}","{""Q0"":"" Con frecuencia es una característica mía""}","[0]"
"","1161.8000000000466","LASSI38_027","LASSI38","survey-multi-choice","221","248537","0.0-285.0-0.0","{""Q0"":""Estudio de forma distinta según sea la asignatura""}","{""Q0"":"" No es una característica muy común en mí""}","[0]"
"","1113.9000000000233","LASSI38_028","LASSI38","survey-multi-choice","222","249653","0.0-286.0-0.0","{""Q0"":""Hago resúmenes o esquemas para entender mejor lo que estoy estudiando""}","{""Q0"":"" Algo o un poco característico mío""}","[0]"
"","1170.4000000000233","LASSI38_029","LASSI38","survey-multi-choice","223","250827","0.0-287.0-0.0","{""Q0"":""Suelo organizar los apuntes y otros materiales de clase en esquemas, tablas, diagramas o mapas conceptuales""}","{""Q0"":"" No es una característica muy común en mí""}","[0]"
"","1133.5999999999767","LASSI38_030","LASSI38","survey-multi-choice","224","251963","0.0-288.0-0.0","{""Q0"":""Utilizo los títulos de los apartados de un tema para encontrar la información que busco""}","{""Q0"":"" Con frecuencia es una característica mía""}","[0]"
"","1178.6999999999534","LASSI38_031","LASSI38","survey-multi-choice","225","253145","0.0-289.0-0.0","{""Q0"":""Cada día después de clase echo un vistazo a mis apuntes para comprobar si he comprendido los contenidos y corregir los errores""}","{""Q0"":"" Algo o un poco característico mío""}","[0]"
"","1220.5","LASSI38_032","LASSI38","survey-multi-choice","226","254368","0.0-290.0-0.0","{""Q0"":""Cuando estoy estudiando paro con frecuencia para pensar en lo que he leído, y luego lo vuelvo a leer""}","{""Q0"":"" Con frecuencia es una característica mía""}","[0]"
"","1435.0999999999767","LASSI38_033","LASSI38","survey-multi-choice","227","255806","0.0-291.0-0.0","{""Q0"":""Sólo estudio lo que me gusta""}","{""Q0"":"" No es una característica mía""}","[0]"
"","1276.5999999999767","LASSI38_034","LASSI38","survey-multi-choice","228","257088","0.0-292.0-0.0","{""Q0"":""Compruebo que sé lo que he estudiado""}","{""Q0"":"" Con frecuencia es una característica mía""}","[0]"
"","1389.3999999999069","LASSI38_035","LASSI38","survey-multi-choice","229","258481","0.0-293.0-0.0","{""Q0"":""Tengo problemas para planificar el estudio de un tema, no sé que pasos seguir""}","{""Q0"":"" No es una característica muy común en mí""}","[0]"
"","1160.5","LASSI38_036","LASSI38","survey-multi-choice","230","259644","0.0-294.0-0.0","{""Q0"":""Tengo problemas para entender las preguntas de los exámenes""}","{""Q0"":"" No es una característica mía""}","[0]"
"","1302.5","LASSI38_037","LASSI38","survey-multi-choice","231","260949","0.0-295.0-0.0","{""Q0"":""Cuando hago un examen me doy cuenta de lo que he estudiado mal""}","{""Q0"":"" Algo o un poco característico mío""}","[0]"
"","1188.5999999999767","LASSI38_038","LASSI38","survey-multi-choice","232","262141","0.0-296.0-0.0","{""Q0"":""No sé como estudiar algunas asignaturas""}","{""Q0"":"" No es una característica mía""}","[0]"
