"view_history","rt","trialid","procedure","trial_type","trial_index","time_elapsed","internal_node_id","stimulus","button_pressed"
"[{""page_index"":0,""viewing_time"":569},{""page_index"":1,""viewing_time"":595},{""page_index"":2,""viewing_time"":483}]","1648","Instructions_03","INFCONS","instructions","784","600594","0.0-776.0-0.0","",""
"","499.80000000074506","INFCONS_12","INFCONS","html-button-response","785","601097","0.0-777.0-0.0","<p><u><p><u>Riesgos para el <B>bebé</B></u></p><BR></u></p><p><b>Problemas respiratorios del recién nacido</b></p>Se da en 115 de 1000 partos vaginales y en 120 de 1000 partos por cesarea<BR><BR>","0"
"","453.19999999925494","INFCONS_13","INFCONS","html-button-response","786","601553","0.0-778.0-0.0","<p><u><p><u>Riesgos para el <B>bebé</B></u></p><BR></u></p><p><b>Lesión en el cerebro del bebe por falta de oxígeno</b></p>Se da en 2 de 1000 partos vaginales y en 2 de 1000 partos por cesarea<BR><BR>","0"
"","521.1999999992549","INFCONS_14","INFCONS","html-button-response","787","602078","0.0-779.0-0.0","<p><u><p><u>Riesgos para el <B>bebé</B></u></p><BR></u></p><p><b>Hospitalización en cuidados intensivos neonatales</b></p>Se da en 63 de 1000 partos vaginales y en 139 de 1000 partos por cesarea<BR><BR>","0"
"","456.40000000037253","INFCONS_15","INFCONS","html-button-response","788","602537","0.0-780.0-0.0","<p><u><p><u>Riesgos para el <B>bebé</B></u></p><BR></u></p><p><b>Dificultades para inicio temprano de lactancia materna</b></p>Se da en 227 de 1000 partos vaginales y en 311 de 1000 partos por cesarea<BR><BR>","0"
"[{""page_index"":0,""viewing_time"":414}]","414","Instructions_04","INFCONS","instructions","789","602954","0.0-781.0-0.0","",""
"","424.59999999962747","INFCONS_16","INFCONS","html-button-response","790","603383","0.0-782.0-0.0","<p><u><p><u>Riesgos para la <B>madre</B></u></p><BR></u></p><p><b>Complicaciones de la anestesia</b></p>Se da en 3 de 1000 partos vaginales y en 4 de 1000 partos por cesarea<BR><BR>","0"
"","517.5","INFCONS_17","INFCONS","html-button-response","791","603904","0.0-783.0-0.0","<p><u><p><u>Riesgos para la <B>madre</B></u></p><BR></u></p><p><b>Paro cardíaco</b></p>Se da en 0.3 de 1000 partos vaginales y en 1.9 de 1000 partos por cesarea<BR><BR>","0"
"","641","INFCONS_18","INFCONS","html-button-response","792","604549","0.0-784.0-0.0","<p><u><p><u>Riesgos para la <B>madre</B></u></p><BR></u></p><p><b>Histerectomía (extracción del útero)</b></p>Se da en 0.2 de 1000 partos vaginales y en 0.6 de 1000 partos por cesarea<BR><BR>","0"
"","391.09999999962747","INFCONS_19","INFCONS","html-button-response","793","604944","0.0-785.0-0.0","<p><u><p><u>Riesgos para la <B>madre</B></u></p><BR></u></p><p><b>Infección de la herida</b></p>Se da en 9 de 1000 partos vaginales y en 15 de 1000 partos por cesarea<BR><BR>","0"
"","386.3999999985099","INFCONS_20","INFCONS","html-button-response","794","605334","0.0-786.0-0.0","<p><u><p><u>Riesgos para la <B>madre</B></u></p><BR></u></p><p><b>Lesión de la vagina</b></p>Se da en 5.6 de 1000 partos vaginales y en 0 de 1000 partos por cesarea<BR><BR>","0"
"","400.90000000037253","INFCONS_21","INFCONS","html-button-response","795","605738","0.0-787.0-0.0","<p><u><p><u>Riesgos para la <B>madre</B></u></p><BR></u></p><p><b>Hospitalización de la madre en cuidados intensivos</b></p>Se da en 12 de 1000 partos vaginales y en 44 de 1000 partos por cesarea<BR><BR>","0"
"","467.3999999985099","INFCONS_22","INFCONS","html-button-response","796","606208","0.0-788.0-0.0","<p><u><p><u>Riesgos para la <B>madre</B></u></p><BR></u></p><p><b>Depresión post parto</b></p>Se da en 176 de 1000 partos vaginales y en 230 de 1000 partos por cesarea<BR><BR>","0"
