"view_history","rt","trialid","procedure","trial_type","trial_index","time_elapsed","internal_node_id","stimulus","slider_start","response"
"[{""page_index"":0,""viewing_time"":467}]","467","Instructions_001","DES","instructions","394","323742","0.0-427.0-0.0","","",""
"","660.0999999996275","DES_001","DES","html-slider-response","395","324408","0.0-428.0-0.0","<div class='justified'>Algunas personas tienen la experiencia de manejar un automóvil y derrepente percatarse de que no recuerdan qué ha pasado durante todo o parte del viaje. Seleccione un número que muestre qué porcentaje del tiempo esto le sucede a UD.</div><br>","50","100"
"","717.5","DES_002","DES","html-slider-response","396","325133","0.0-429.0-0.0","<div class='justified'>Algunas personas encuentran que a veces estan escuchando a alguien hablar y de repente se percatan que no estaban escuchando parte o todo de lo que se estaba diciendo. Seleccione un número que muestre qué porcentaje del tiempo le sucede a UD.</div><br>","50","0"
"","679.6999999992549","DES_003","DES","html-slider-response","397","325816","0.0-430.0-0.0","<div class='justified'>Algunas personas tienen la experiencia de encontrarse a sí mismos en un lugar y no tener idea de cómo llegaron allí. Seleccione un número que muestre qué porcentaje del tiempo esto le sucede a UD.</div><br>","50","0"
"","584.3999999985099","DES_004","DES","html-slider-response","398","326406","0.0-431.0-0.0","<div class='justified'>Algunas personas tienen la experiencia de encontrase a sí mismos vestidos con ropas que no recuerdan habérsela puesto. Seleccione un número que muestre qué porcentaje del tiempo esto le sucede a UD.</div><br>","50","100"
"","558.7000000011176","DES_005","DES","html-slider-response","399","326969","0.0-432.0-0.0","<div class='justified'>Algunas personas tienen la experiencia de encontrar nuevas cosas entre sus pertenencias que no recuerdan haber comprado. Seleccione un número que muestre qué porcentaje del tiempo esto le sucede a UD.</div><br>","50","0"
"","610.5999999996275","DES_006","DES","html-slider-response","400","327584","0.0-433.0-0.0","<div class='justified'>Algunas personas en ocasiones encuentran que son abordados por personas que no conocen quien lo llama por otro nombre o insiste en que se han conocido antes. Seleccione un número que muestre qué porcentaje del tiempo esto le sucede a UD.</div><br>","50","100"
"","558.0999999996275","DES_007","DES","html-slider-response","401","328146","0.0-434.0-0.0","<div class='justified'>Algunas personas a veces tienen la experiencia de sentirse como si estuvieran cerca de ellos o viéndose a si mismo y en realidad se ven a si mismo como si estuvieran mirando a otra persona. Seleccione un número que muestre qué porcentaje del tiempo esto le sucede a UD.</div><br>","50","0"
"","584","DES_008","DES","html-slider-response","402","328733","0.0-435.0-0.0","<div class='justified'>A algunas personas se les ha dicho que en ocasiones no reconocen amigos o miembros de su familia. Seleccione un número que muestre qué porcentaje del tiempo esto le sucede a UD.</div><br>","50","0"
"","543.2000000011176","DES_009","DES","html-slider-response","403","329279","0.0-436.0-0.0","<div class='justified'>Algunas personas encuentran que no tienen recuerdos de algunos eventos importantes de su vida (por ejemplo, una boda o graduación). Seleccione un número que muestre qué porcentaje del tiempo esto le sucede a UD.</div><br>","50","0"
"","547.0999999996275","DES_010","DES","html-slider-response","404","329829","0.0-437.0-0.0","<div class='justified'>Algunas personas tienen la experiencia de haber sido acusados de mentir cuando ellos no creen haber mentido. Seleccione un número que muestre qué porcentaje del tiempo esto le sucede a UD.</div><br>","50","0"
"","525.6999999992549","DES_011","DES","html-slider-response","405","330358","0.0-438.0-0.0","<div class='justified'>Algunas personas tienen la experiencia de mirarse en el espejo y no reconocerse a sí mismos. Seleccione un número que muestre qué porcentaje del tiempo esto le sucede a UD.</div><br>","50","0"
"","594.8000000007451","DES_012","DES","html-slider-response","406","330956","0.0-439.0-0.0","<div class='justified'>Algunas personas tienen la experiencia de sentir que otras personas, objetos y el mundo alrededor de ellos no es real. Seleccione un número que muestre qué porcentaje del tiempo esto le sucede a UD.</div><br>","50","0"
"","616.1999999992549","DES_013","DES","html-slider-response","407","331576","0.0-440.0-0.0","<div class='justified'>Algunas personas tienen la experiencia que sus cuerpos no les pertenecen a ellos. Seleccione un número que muestre qué porcentaje del tiempo esto le sucede a UD.</div><br>","50","0"
"","541","DES_014","DES","html-slider-response","408","332121","0.0-441.0-0.0","<div class='justified'>Algunas personas tienen la experiencia de que en ocasiones estan recordando un evento pasado tan vividamente que sienten como si estuvieran re-viviendo ese evento. Seleccione un número que muestre qué porcentaje del tiempo esto le sucede a UD.</div><br>","50","100"
"","564.7999999988824","DES_015","DES","html-slider-response","409","332689","0.0-442.0-0.0","<div class='justified'>Algunas personas tienen la experiencia de no estar seguros de si las cosas que ellos recuerdan sucedieron realmente o si solo lo soñaron. Seleccione un número que muestre qué porcentaje del tiempo esto le sucede a UD.</div><br>","50","100"
"","582","DES_016","DES","html-slider-response","410","333275","0.0-443.0-0.0","<div class='justified'>Algunas personas tienen la experiencia de estar en un sitio familiar pero encontrarlo como extraño o desconocido. Seleccione un número que muestre qué porcentaje del tiempo esto le sucede a UD.</div><br>","50","100"
"","609.1999999992549","DES_017","DES","html-slider-response","411","333890","0.0-444.0-0.0","<div class='justified'>Algunas personas encuentran que cuando estan viendo televisión o una película estan tan absortos en la historia que no se dan cuenta de otros eventos que suceden a su alrededor. Seleccione un número que muestre qué porcentaje del tiempo esto le sucede a UD.</div><br>","50","0"
"","606","DES_018","DES","html-slider-response","412","334499","0.0-445.0-0.0","<div class='justified'>Algunas personas encuentran que se involucran tanto en una fantasía que sienten como si realmente les estuviera sucediendo a ellos. Seleccione un número que muestre qué porcentaje del tiempo esto le sucede a UD.</div><br>","50","0"
"","550.8999999985099","DES_019","DES","html-slider-response","413","335053","0.0-446.0-0.0","<div class='justified'>Algunas personas encuentran que en ocasiones son capaces de ignorar el dolor. Seleccione un número que muestre qué porcentaje del tiempo esto le sucede a UD.</div><br>","50","100"
"","572.2999999988824","DES_020","DES","html-slider-response","414","335629","0.0-447.0-0.0","<div class='justified'>Algunas personas encuentran que en ocasiones estan mirando fijamente al espacio, sin pensar en nada, y no se percatan del paso del tiempo. Seleccione un número que muestre qué porcentaje del tiempo esto le sucede a UD.</div><br>","50","70"
"","638.1000000014901","DES_021","DES","html-slider-response","415","336272","0.0-448.0-0.0","<div class='justified'>Algunas personas en ocasiones encuentran que cuando estan solos hablan en voz alta a si mismos. . Seleccione un número que muestre qué porcentaje del tiempo esto le sucede a UD.</div><br>","50","50"
"","552.2999999988824","DES_022","DES","html-slider-response","416","336827","0.0-449.0-0.0","<div class='justified'>Algunas personas encuentran que en una situación ellos pueden actuar tan diferente comparado con otra situación que sienten casi como si fueran dos personas diferentes. Seleccione un número que muestre qué porcentaje del tiempo esto le sucede a UD.</div><br>","50","0"
"","547.8000000007451","DES_023","DES","html-slider-response","417","337378","0.0-450.0-0.0","<div class='justified'>Algunas personas en ocasiones encuentran que en ciertas situaciones son capaces de hacer cosas con tal facilidad y espontaneidad que usualmente serían difíciles para ellos (por ejemplo, deportes, trabajo, situaciones sociales, etc.). Seleccione un número que muestre qué porcentaje del tiempo esto le sucede a UD.</div><br>","50","100"
"","544.7999999988824","DES_024","DES","html-slider-response","418","337926","0.0-451.0-0.0","<div class='justified'>Algunas personas en ocasiones encuentran que no pueden recordar si han hecho algo o que solo pensaron en hacerlo (por ejemplo, no saber si han enviado una carta o solo haber pensado en enviarla). Seleccione un número que muestre qué porcentaje del tiempo esto le sucede a UD.</div><br>","50","0"
"","571.9000000003725","DES_025","DES","html-slider-response","419","338501","0.0-452.0-0.0","<div class='justified'>Algunas personas encuentran evidencias de haber hecho cosas que no recuerdan haber hecho. Seleccione un número que muestre qué porcentaje del tiempo esto le sucede a UD.</div><br>","50","0"
"","569.5999999996275","DES_026","DES","html-slider-response","420","339074","0.0-453.0-0.0","<div class='justified'>Algunas persona encuentran escritos, dibujos o notas entre sus pertenencias que ellos deben haber hecho pero no pueden recordar haberlas hecho. Seleccione un número que muestre qué porcentaje del tiempo esto le sucede a UD.</div><br>","50","0"
"","587.7000000011176","DES_027","DES","html-slider-response","421","339666","0.0-454.0-0.0","<div class='justified'>Algunas personas a veces encuentran que escuchan voces dentro de su cabeza que les dice que hagan cosas o comentarios sobre cosas que ellos están haciendo. Seleccione un número que muestre qué porcentaje del tiempo esto le sucede a UD.</div><br>","50","0"
"","603.5999999996275","DES_028","DES","html-slider-response","422","340274","0.0-455.0-0.0","<div class='justified'>Algunas personas a veces sienten como si estuvieran mirando al mundo a través de una niebla de manera que las personas y objetos parecen alejados o borrosos. Seleccione un número que muestre qué porcentaje del tiempo esto le sucede a UD.</div><br>","50","0"
