"view_history","rt","trialid","procedure","trial_type","trial_index","time_elapsed","internal_node_id","stimulus","response","question_order"
"[{""page_index"":0,""viewing_time"":399}]","399","Instructions_01","ECRRS","instructions","449","357062","0.0-485.0-0.0","","",""
"","686.4000000003725","ECRRS_001","ECRRS","survey-multi-choice","450","357753","0.0-486.0-0.0","{""Q0"":""Me ayuda acudir a esta persona en momentos de adversidad.""}","{""Q0"":"" No""}","[0]"
"","699.1999999992549","ECRRS_002","ECRRS","survey-multi-choice","451","358459","0.0-487.0-0.0","{""Q0"":""Suelo conversar de mis problemas y preocupaciones con esta persona.""}","{""Q0"":"" No""}","[0]"
"","728.7999999988824","ECRRS_003","ECRRS","survey-multi-choice","452","359197","0.0-488.0-0.0","{""Q0"":""Hablo más de mis cosas con esta persona.""}","{""Q0"":"" Si""}","[0]"
"","591.3000000007451","ECRRS_004","ECRRS","survey-multi-choice","453","359791","0.0-489.0-0.0","{""Q0"":""Me resulta fácil depender emocionalmente de esta persona.""}","{""Q0"":"" Si""}","[0]"
"","627.3000000007451","ECRRS_005","ECRRS","survey-multi-choice","454","360421","0.0-490.0-0.0","{""Q0"":""Me siento incómodo(a) abriéndome con esta persona.""}","{""Q0"":"" No aplica""}","[0]"
"","604.4000000003725","ECRRS_006","ECRRS","survey-multi-choice","455","361028","0.0-491.0-0.0","{""Q0"":""Prefiero no mostrarle a esta persona como en el fondo me siento.""}","{""Q0"":"" No aplica""}","[0]"
"","591.9000000003725","ECRRS_007","ECRRS","survey-multi-choice","456","361623","0.0-492.0-0.0","{""Q0"":""Habitualmente me preocupa que yo no le importe realmente a esta persona.""}","{""Q0"":"" No aplica""}","[0]"
"","615","ECRRS_008","ECRRS","survey-multi-choice","457","362240","0.0-493.0-0.0","{""Q0"":""Temo que esta persona pueda abandonarme.""}","{""Q0"":"" Si""}","[0]"
"","572.5999999996275","ECRRS_009","ECRRS","survey-multi-choice","458","362814","0.0-494.0-0.0","{""Q0"":""Me preocupa que esta persona no se preocupe tanto por mí como yo me preocupo por ella.""}","{""Q0"":"" No aplica""}","[0]"
