"view_history","rt","trialid","procedure","trial_type","trial_index","time_elapsed","internal_node_id","stimulus","slider_start","response"
"[{""page_index"":0,""viewing_time"":621}]","621","Instructions_01","ICvsID","instructions","717","553483","0.0-705.0-0.0","","",""
"","647.0999999996275","ICvsID_01","ICvsID","html-slider-response","718","554136","0.0-706.0-0.0","<div class='justified'><p>1. En la UCI de un hospital queda una cama libre. Un médico decide no asignar esa cama a un paciente con COVID19 pues estima que su probabilidad de supervivencia es baja y decide dejarla libre para un paciente con mejor pronóstico.</p><p>En relación con la situación responda:</p><p>¿Lo hecho por el médico estuvo bien o mal?</p></div></br>","0","-3"
"","693.0999999996275","ICvsID_02","ICvsID","html-slider-response","719","554835","0.0-707.0-0.0","<div class='justified'><p>1. En la UCI de un hospital queda una cama libre. Un médico decide no asignar esa cama a un paciente con COVID19 pues estima que su probabilidad de supervivencia es baja y decide dejarla libre para un paciente con mejor pronóstico.</p><p>En relación con la situación responda:</p><p>¿En qué medida cree que usted actuaría como este médico?</p></div></br>","3","2"
"","634.7000000011176","ICvsID_03","ICvsID","html-slider-response","720","555474","0.0-708.0-0.0","<div class='justified'><p>1. En la UCI de un hospital queda una cama libre. Un médico decide no asignar esa cama a un paciente con COVID19 pues estima que su probabilidad de supervivencia es baja y decide dejarla libre para un paciente con mejor pronóstico.</p><p>En relación con la situación responda:</p><p>¿En qué medida cree usted que lo hecho por este médico generó un daño?</p></div></br>","3","4"
"","597.4000000003725","ICvsID_04","ICvsID","html-slider-response","721","556075","0.0-709.0-0.0","<div class='justified'><p>2. Un individuo decide ignorar las medidas de confinamiento afirmando que lo hizo por problemas económicos. Una persona conoce la situación y decide denunciarlo a la policía.</p><p>En relación con la situación responda:</p><p>¿Lo hecho por la persona que denunció estuvo bien o mal?</p></div></br>","0","3"
"","683.7999999988824","ICvsID_05","ICvsID","html-slider-response","722","556762","0.0-710.0-0.0","<div class='justified'><p>2. Un individuo decide ignorar las medidas de confinamiento afirmando que lo hizo por problemas económicos. Una persona conoce la situación y decide denunciarlo a la policía.</p><p>En relación con la situación responda:</p><p>¿En qué medida cree que usted actuaría como esta persona?</p></div></br>","3","3"
"","768.1000000014901","ICvsID_06","ICvsID","html-slider-response","723","557536","0.0-711.0-0.0","<div class='justified'><p>2. Un individuo decide ignorar las medidas de confinamiento afirmando que lo hizo por problemas económicos. Una persona conoce la situación y decide denunciarlo a la policía.</p><p>En relación con la situación responda:</p><p>¿En qué medida cree usted que lo hecho por esta persona generó un daño?</p></div></br>","3","5"
"","579.1000000014901","ICvsID_07","ICvsID","html-slider-response","724","558119","0.0-712.0-0.0","<div class='justified'><p>3. Un cirujano debe decidir a quien dar un transplante de corazón entre dos pacientes. Uno de ellos es un adulto de 62 años con enfermedad coronaria, con familia extensa y buenos hábitos recientes. El otro es un estudiante de 23 años con una enfermedad cardiaca de origen desconocido, con patrones de consumo de riesgo y malos hábitos.  El cirujano decide realizar el trasplante al paciente de 23 años.</p><p>En relación con la situación responda:</p><p>¿En qué medida cree usted que lo que pasa en esta situación está bien o mal?</p></div></br>","0","0"
"","593.0999999996275","ICvsID_08","ICvsID","html-slider-response","725","558716","0.0-713.0-0.0","<div class='justified'><p>3. Un cirujano debe decidir a quien dar un transplante de corazón entre dos pacientes. Uno de ellos es un adulto de 62 años con enfermedad coronaria, con familia extensa y buenos hábitos recientes. El otro es un estudiante de 23 años con una enfermedad cardiaca de origen desconocido, con patrones de consumo de riesgo y malos hábitos.  El cirujano decide realizar el trasplante al paciente de 23 años.</p><p>En relación con la situación responda:</p><p>¿En qué medida cree que usted actuaría como esta persona?</p></div></br>","3","3"
"","606.4000000003725","ICvsID_09","ICvsID","html-slider-response","726","559327","0.0-714.0-0.0","<div class='justified'><p>3. Un cirujano debe decidir a quien dar un transplante de corazón entre dos pacientes. Uno de ellos es un adulto de 62 años con enfermedad coronaria, con familia extensa y buenos hábitos recientes. El otro es un estudiante de 23 años con una enfermedad cardiaca de origen desconocido, con patrones de consumo de riesgo y malos hábitos.  El cirujano decide realizar el trasplante al paciente de 23 años.</p><p>En relación con la situación responda:</p><p>¿En qué medida cree usted que lo hecho por esta persona generó un daño?</p></div></br>","3","2"
"","667.4000000003725","ICvsID_10","ICvsID","html-slider-response","727","559999","0.0-715.0-0.0","<div class='justified'><p>4. Un gobernante se dispone a decretar la imposición de un brazalete electrónico a los ciudadanos que hayan incumplido las normas de confinamiento, con la finalidad de controlar sus movimientos e impedir futuros incumplimientos.</p><p>En relación con la situación responda:</p><p>¿En qué medida cree usted que lo que pasa en esta situación está bien o mal?</p></div></br>","0","-3"
"","584.4000000003725","ICvsID_11","ICvsID","html-slider-response","728","560588","0.0-716.0-0.0","<div class='justified'><p>4. Un gobernante se dispone a decretar la imposición de un brazalete electrónico a los ciudadanos que hayan incumplido las normas de confinamiento, con la finalidad de controlar sus movimientos e impedir futuros incumplimientos.</p><p>En relación con la situación responda:</p><p>¿En qué medida cree que usted actuaría como esta persona?</p></div></br>","3","1"
"","576","ICvsID_12","ICvsID","html-slider-response","729","561168","0.0-717.0-0.0","<div class='justified'><p>4. Un gobernante se dispone a decretar la imposición de un brazalete electrónico a los ciudadanos que hayan incumplido las normas de confinamiento, con la finalidad de controlar sus movimientos e impedir futuros incumplimientos.</p><p>En relación con la situación responda:</p><p>¿En qué medida cree usted que lo hecho por esta persona generó un daño?</p></div></br>","3","4"
"","601.5","ICvsID_13","ICvsID","html-slider-response","730","561776","0.0-718.0-0.0","<div class='justified'><p>5. Un gobernante se dispone a aumentar el presupuesto militar para asegurarse que la gente cumpla el confinamiento ante una posible ampliación de la cuarentena.  En relación con la situación responda:</p><p>En relación con la situación responda:</p><p>¿En qué medida cree usted que lo que pasa en esta situación está bien o mal?</p></div></br>","0","-1"
"","573.6999999992549","ICvsID_14","ICvsID","html-slider-response","731","562353","0.0-719.0-0.0","<div class='justified'><p>5. Un gobernante se dispone a aumentar el presupuesto militar para asegurarse que la gente cumpla el confinamiento ante una posible ampliación de la cuarentena.  En relación con la situación responda:</p><p>En relación con la situación responda:</p><p>¿En qué medida cree que usted actuaría como esta persona?</p></div></br>","3","3"
"","604.5","ICvsID_15","ICvsID","html-slider-response","732","562960","0.0-720.0-0.0","<div class='justified'><p>5. Un gobernante se dispone a aumentar el presupuesto militar para asegurarse que la gente cumpla el confinamiento ante una posible ampliación de la cuarentena.  En relación con la situación responda:</p><p>En relación con la situación responda:</p><p>¿En qué medida cree usted que lo hecho por esta persona generó un daño?</p></div></br>","3","3"
"","516.8999999985099","ICvsID_16","ICvsID","html-slider-response","733","563480","0.0-721.0-0.0","<div class='justified'><p>6. Un hombre tiene una mascarilla (tapabocas) sobrante de alta protección. En su barrio un desconocido no tiene ninguna protección. El hombre decide donarle una mascarilla.</p><p>En relación con la situación responda:</p><p>¿En qué medida cree usted que lo que pasa en esta situación está bien o mal?</p></div></br>","0","-5"
"","576.0999999996275","ICvsID_17","ICvsID","html-slider-response","734","564060","0.0-722.0-0.0","<div class='justified'><p>6. Un hombre tiene una mascarilla (tapabocas) sobrante de alta protección. En su barrio un desconocido no tiene ninguna protección. El hombre decide donarle una mascarilla.</p><p>En relación con la situación responda:</p><p>¿En qué medida cree que usted actuaría como esta persona?</p></div></br>","3","2"
"","640.4000000003725","ICvsID_18","ICvsID","html-slider-response","735","564703","0.0-723.0-0.0","<div class='justified'><p>6. Un hombre tiene una mascarilla (tapabocas) sobrante de alta protección. En su barrio un desconocido no tiene ninguna protección. El hombre decide donarle una mascarilla.</p><p>En relación con la situación responda:</p><p>¿En qué medida cree usted que lo hecho por esta persona generó un daño?</p></div></br>","3","3"
"","622.5","ICvsID_19","ICvsID","html-slider-response","736","565330","0.0-724.0-0.0","<div class='justified'><p>7. Una mujer mayor con antecedentes de salud sabe que tiene pocas probabilidades de sobrevivir al COVID19. Al comenzar a sentir síntomas graves, decide quedarse en casa en lugar de ir al hospital para liberar esos recursos a posibles pacientes con mejor pronóstico.</p><p>En relación con la situación responda:</p><p>¿En qué medida cree usted que lo que pasa en esta situación está bien o mal?</p></div></br>","0","1"
"","594.9000000003725","ICvsID_20","ICvsID","html-slider-response","737","565928","0.0-725.0-0.0","<div class='justified'><p>7. Una mujer mayor con antecedentes de salud sabe que tiene pocas probabilidades de sobrevivir al COVID19. Al comenzar a sentir síntomas graves, decide quedarse en casa en lugar de ir al hospital para liberar esos recursos a posibles pacientes con mejor pronóstico.</p><p>En relación con la situación responda:</p><p>¿En qué medida cree que usted actuaría como esta persona?</p></div></br>","3","4"
"","582.4000000003725","ICvsID_21","ICvsID","html-slider-response","738","566514","0.0-726.0-0.0","<div class='justified'><p>7. Una mujer mayor con antecedentes de salud sabe que tiene pocas probabilidades de sobrevivir al COVID19. Al comenzar a sentir síntomas graves, decide quedarse en casa en lugar de ir al hospital para liberar esos recursos a posibles pacientes con mejor pronóstico.</p><p>En relación con la situación responda:</p><p>¿En qué medida cree usted que lo hecho por esta persona generó un daño?</p></div></br>","3","5"
"","682.1999999992549","ICvsID_22","ICvsID","html-slider-response","739","567200","0.0-727.0-0.0","<div class='justified'><p>8. Un hombre que gana el salario mínimo del país decide donar un 10% de su sueldo mensual para aportar a programas sociales de personas que viven en la calle.</p><p>En relación con la situación responda:</p><p>¿En qué medida cree usted que lo que pasa en esta situación está bien o mal?</p></div></br>","0","-4"
"","923.8000000007451","ICvsID_23","ICvsID","html-slider-response","740","568131","0.0-728.0-0.0","<div class='justified'><p>8. Un hombre que gana el salario mínimo del país decide donar un 10% de su sueldo mensual para aportar a programas sociales de personas que viven en la calle.</p><p>En relación con la situación responda:</p><p>¿En qué medida cree que usted actuaría como esta persona?</p></div></br>","3","5"
"","684.4000000003725","ICvsID_24","ICvsID","html-slider-response","741","568825","0.0-729.0-0.0","<div class='justified'><p>8. Un hombre que gana el salario mínimo del país decide donar un 10% de su sueldo mensual para aportar a programas sociales de personas que viven en la calle.</p><p>En relación con la situación responda:</p><p>¿En qué medida cree usted que lo hecho por esta persona generó un daño?</p></div></br>","3","1"
