"view_history","rt","trialid","procedure","trial_type","trial_index","time_elapsed","internal_node_id","stimulus","response","question_order"
"[{""page_index"":0,""viewing_time"":523}]","524","Instructions_01","ECRRS","instructions","449","360101","0.0-485.0-0.0","","",""
"","745.5999999996275","ECRRS_001","ECRRS","survey-multi-choice","450","360853","0.0-486.0-0.0","{""Q0"":""Me ayuda acudir a esta persona en momentos de adversidad.""}","{""Q0"":"" Si""}","[0]"
"","579.8999999985099","ECRRS_002","ECRRS","survey-multi-choice","451","361436","0.0-487.0-0.0","{""Q0"":""Suelo conversar de mis problemas y preocupaciones con esta persona.""}","{""Q0"":"" No aplica""}","[0]"
"","654.4000000003725","ECRRS_003","ECRRS","survey-multi-choice","452","362093","0.0-488.0-0.0","{""Q0"":""Hablo más de mis cosas con esta persona.""}","{""Q0"":"" No aplica""}","[0]"
"","631.2000000011176","ECRRS_004","ECRRS","survey-multi-choice","453","362727","0.0-489.0-0.0","{""Q0"":""Me resulta fácil depender emocionalmente de esta persona.""}","{""Q0"":"" No aplica""}","[0]"
"","649.4000000003725","ECRRS_005","ECRRS","survey-multi-choice","454","363380","0.0-490.0-0.0","{""Q0"":""Me siento incómodo(a) abriéndome con esta persona.""}","{""Q0"":"" Si""}","[0]"
"","625.8000000007451","ECRRS_006","ECRRS","survey-multi-choice","455","364009","0.0-491.0-0.0","{""Q0"":""Prefiero no mostrarle a esta persona como en el fondo me siento.""}","{""Q0"":"" No aplica""}","[0]"
"","632.7999999988824","ECRRS_007","ECRRS","survey-multi-choice","456","364645","0.0-492.0-0.0","{""Q0"":""Habitualmente me preocupa que yo no le importe realmente a esta persona.""}","{""Q0"":"" No aplica""}","[0]"
"","655.4000000003725","ECRRS_008","ECRRS","survey-multi-choice","457","365303","0.0-493.0-0.0","{""Q0"":""Temo que esta persona pueda abandonarme.""}","{""Q0"":"" No aplica""}","[0]"
"","620.5999999996275","ECRRS_009","ECRRS","survey-multi-choice","458","365927","0.0-494.0-0.0","{""Q0"":""Me preocupa que esta persona no se preocupe tanto por mí como yo me preocupo por ella.""}","{""Q0"":"" No aplica""}","[0]"
