"view_history","rt","trialid","procedure","trial_type","trial_index","time_elapsed","internal_node_id","stimulus","response"
"[{""page_index"":0,""viewing_time"":731}]","731","Instructions_01","PSS","instructions","1148","839651","0.0-1198.0-0.0","",""
"","842","PSS_001","PSS","survey-multi-choice-vertical","1149","840506","0.0-1199.0-0.0","{""Q0"":""En el último mes, ¿con qué frecuencia ha estado afectado por algo que ha ocurrido inesperadamente?""}","{""Q0"":"" 1 Casi nunca""}"
"","857","PSS_002","PSS","survey-multi-choice-vertical","1150","841372","0.0-1200.0-0.0","{""Q0"":""En el último mes, ¿con qué frecuencia se ha sentido incapaz de controlar las cosas importantes en su vida?""}","{""Q0"":"" 0 Nunca""}"
"","808","PSS_003","PSS","survey-multi-choice-vertical","1151","842197","0.0-1201.0-0.0","{""Q0"":""En el último mes, ¿con qué frecuencia se ha sentido nervioso o estresado?""}","{""Q0"":"" 1 Casi nunca""}"
"","867","PSS_004","PSS","survey-multi-choice-vertical","1152","843073","0.0-1202.0-0.0","{""Q0"":""En el último mes, ¿con qué frecuencia ha manejado con éxito los pequeños problemas irritantes de la vida?""}","{""Q0"":"" 1 Casi nunca""}"
"","828","PSS_005","PSS","survey-multi-choice-vertical","1153","843910","0.0-1203.0-0.0","{""Q0"":""En el último mes, ¿con qué frecuencia ha sentido que ha afrontado efectivamente los cambios importantes que han estado ocurriendo en su vida?""}","{""Q0"":"" 2 De vez en cuando""}"
"","828","PSS_006","PSS","survey-multi-choice-vertical","1154","844747","0.0-1204.0-0.0","{""Q0"":""En el último mes, ¿con qué frecuencia ha estado seguro sobre su capacidad para manejar sus problemas personales?""}","{""Q0"":"" 0 Nunca""}"
"","945","PSS_007","PSS","survey-multi-choice-vertical","1155","845703","0.0-1205.0-0.0","{""Q0"":""En el último mes, ¿con qué frecuencia ha sentido que las cosas le van bien?""}","{""Q0"":"" 1 Casi nunca""}"
"","900","PSS_008","PSS","survey-multi-choice-vertical","1156","846620","0.0-1206.0-0.0","{""Q0"":""En el último mes, ¿con qué frecuencia ha sentido que no podía afrontar todas las cosas que tenía que hacer?""}","{""Q0"":"" 3 A menudo""}"
"","825","PSS_009","PSS","survey-multi-choice-vertical","1157","847455","0.0-1207.0-0.0","{""Q0"":""En el último mes, ¿con qué frecuencia ha podido controlar las dificultades de su vida?""}","{""Q0"":"" 3 A menudo""}"
"","809","PSS_010","PSS","survey-multi-choice-vertical","1158","848272","0.0-1208.0-0.0","{""Q0"":""En el último mes, ¿con qué frecuencia se ha sentido al control de todo?""}","{""Q0"":"" 3 A menudo""}"
"","752","PSS_011","PSS","survey-multi-choice-vertical","1159","849033","0.0-1209.0-0.0","{""Q0"":""En el último mes, ¿con qué frecuencia ha estado enfadado porque las cosas que le han ocurrido estaban fuera de su control?""}","{""Q0"":"" 4 Muy a menudo""}"
"","870","PSS_012","PSS","survey-multi-choice-vertical","1160","849911","0.0-1210.0-0.0","{""Q0"":""En el último mes, ¿con qué frecuencia ha pensado sobre las cosas que le quedan por lograr?""}","{""Q0"":"" 0 Nunca""}"
"","789","PSS_013","PSS","survey-multi-choice-vertical","1161","850709","0.0-1211.0-0.0","{""Q0"":""En el último mes, ¿con qué frecuencia ha podido controlar la forma de pasar el tiempo?""}","{""Q0"":"" 4 Muy a menudo""}"
"","925","PSS_014","PSS","survey-multi-choice-vertical","1162","851642","0.0-1212.0-0.0","{""Q0"":""En el último mes, ¿con qué frecuencia ha sentido que las dificultades se acumulan tanto que no puede superarlas?""}","{""Q0"":"" 3 A menudo""}"
