"view_history","rt","trialid","procedure","trial_type","trial_index","time_elapsed","internal_node_id","stimulus","response","question_order"
"[{""page_index"":0,""viewing_time"":763}]","764","LASSI38_000","LASSI38","instructions","510","573219","0.0-612.0-0.0","","",""
"","1238.3999999999069","LASSI38_001","LASSI38","survey-multi-choice","511","574461","0.0-613.0-0.0","{""Q0"":""Me preocupa más conseguir un buen trabajo que terminar mis estudios""}","{""Q0"":"" Algo o un poco característico mío""}","[0]"
"","1193.1999999999534","LASSI38_002","LASSI38","survey-multi-choice","512","575658","0.0-614.0-0.0","{""Q0"":""Tengo muy claro lo que debo hacer para no fracasar en mis estudios""}","{""Q0"":"" Con frecuencia es una característica mía""}","[0]"
"","1101.6999999999534","LASSI38_003","LASSI38","survey-multi-choice","513","576763","0.0-615.0-0.0","{""Q0"":""La escuela no me prepara para la vida adulta""}","{""Q0"":"" No es una característica muy común en mí""}","[0]"
"","1116","LASSI38_004","LASSI38","survey-multi-choice","514","577881","0.0-616.0-0.0","{""Q0"":""Llevo al día mis tareas escolares o deberes""}","{""Q0"":"" No es una característica mía""}","[0]"
"","1106.6999999999534","LASSI38_005","LASSI38","survey-multi-choice","515","578991","0.0-617.0-0.0","{""Q0"":""Me he propuesto conseguir buenos resultados al acabar mis estudios""}","{""Q0"":"" Con frecuencia es una característica mía""}","[0]"
"","1142.7999999998137","LASSI38_006","LASSI38","survey-multi-choice","516","580137","0.0-618.0-0.0","{""Q0"":""Cuando lo que tengo que hacer es difícil, lo dejo y hago sólo lo más fácil""}","{""Q0"":"" Con frecuencia es una característica mía""}","[0]"
"","1175","LASSI38_007","LASSI38","survey-multi-choice","517","581315","0.0-619.0-0.0","{""Q0"":""Antes de ponerme a estudiar planifico cómo lo voy a hacer (cuánto tiempo, qué y en qué orden, dónde, etc.)""}","{""Q0"":"" Algo muy característico mío""}","[0]"
"","1181.1999999999534","LASSI38_008","LASSI38","survey-multi-choice","518","582500","0.0-620.0-0.0","{""Q0"":""Cuando me planifico el tiempo para estudiar, casi nunca respeto mi plan""}","{""Q0"":"" Algo o un poco característico mío""}","[0]"
"","1079.3999999999069","LASSI38_009","LASSI38","survey-multi-choice","519","583582","0.0-621.0-0.0","{""Q0"":""Sólo estudio cuando tengo evaluaciones""}","{""Q0"":"" No es una característica muy común en mí""}","[0]"
"","1183.9000000001397","LASSI38_010","LASSI38","survey-multi-choice","520","584769","0.0-622.0-0.0","{""Q0"":""Cuando tengo que hacer deberes de clase siempre lo suelo dejar para más tarde""}","{""Q0"":"" No es una característica muy común en mí""}","[0]"
"","1152.7000000001863","LASSI38_011","LASSI38","survey-multi-choice","521","585924","0.0-623.0-0.0","{""Q0"":""Acabo estudiando con prisas para casi todos los exámenes""}","{""Q0"":"" Algo muy característico mío""}","[0]"
"","1110.6000000000931","LASSI38_012","LASSI38","survey-multi-choice","522","587038","0.0-624.0-0.0","{""Q0"":""Hago mal las evaluaciones porque no sé organizarme el tiempo de estudio ni de trabajo""}","{""Q0"":"" Con frecuencia es una característica mía""}","[0]"
"","1112.2000000001863","LASSI38_013","LASSI38","survey-multi-choice","523","588153","0.0-625.0-0.0","{""Q0"":""Normalmente cuando empiezo a hacer un examen estoy seguro/a de que no tendré ningún problema para aprobar""}","{""Q0"":"" No es una característica mía""}","[0]"
"","1198.5","LASSI38_014","LASSI38","survey-multi-choice","524","589355","0.0-626.0-0.0","{""Q0"":""Siento pánico cuando tengo que realizar un examen importante y me pongo tan nervioso que no respondo todo lo que sé""}","{""Q0"":"" No es una característica mía""}","[0]"
"","1089.5999999998603","LASSI38_015","LASSI38","survey-multi-choice","525","590448","0.0-627.0-0.0","{""Q0"":""Me distraigo fácilmente cuando estoy estudiando o haciendo los deberes, sin ningún motivo""}","{""Q0"":"" Con frecuencia es una característica mía""}","[0]"
"","1152.5","LASSI38_016","LASSI38","survey-multi-choice","526","591604","0.0-628.0-0.0","{""Q0"":""Procuro aprender las palabras nuevas que van surgiendo cuando estudio""}","{""Q0"":"" Algo muy característico mío""}","[0]"
"","1157.1999999999534","LASSI38_017","LASSI38","survey-multi-choice","527","592765","0.0-629.0-0.0","{""Q0"":""Cuando estudio resumo los temas utilizando mis propias palabras""}","{""Q0"":"" Algo muy característico mío""}","[0]"
"","1140.8000000000466","LASSI38_018","LASSI38","survey-multi-choice","528","593908","0.0-630.0-0.0","{""Q0"":""Trato de obtener más información sobre lo que estudio para comprenderlo bien""}","{""Q0"":"" Con frecuencia es una característica mía""}","[0]"
"","1293.9000000001397","LASSI38_019","LASSI38","survey-multi-choice","529","595205","0.0-631.0-0.0","{""Q0"":""Intento relacionar lo que estoy estudiando con lo que ya sé y con mis propias experiencias""}","{""Q0"":"" No es una característica mía""}","[0]"
"","1128.7999999998137","LASSI38_020","LASSI38","survey-multi-choice","530","596337","0.0-632.0-0.0","{""Q0"":""Intento relacionar varias ideas del tema que estoy estudiando""}","{""Q0"":"" No es una característica mía""}","[0]"
"","1167.6000000000931","LASSI38_021","LASSI38","survey-multi-choice","531","597508","0.0-633.0-0.0","{""Q0"":""Cuando estudio distingo perfectamente las ideas principales de las secundarias""}","{""Q0"":"" No es una característica mía""}","[0]"
"","1129.4000000001397","LASSI38_022","LASSI38","survey-multi-choice","532","598640","0.0-634.0-0.0","{""Q0"":""Me resulta difícil saber cuáles son las ideas principales que debo recordar de un texto""}","{""Q0"":"" Con frecuencia es una característica mía""}","[0]"
"","1113.6000000000931","LASSI38_023","LASSI38","survey-multi-choice","533","599756","0.0-635.0-0.0","{""Q0"":""Cuando realizo algún trabajo escolar, a menudo me pierdo en los detalles y no recuerdo las ideas principales""}","{""Q0"":"" Con frecuencia es una característica mía""}","[0]"
"","1074.5","LASSI38_024","LASSI38","survey-multi-choice","534","600833","0.0-636.0-0.0","{""Q0"":""Antes de ponerme a estudiar un tema selecciono las ideas principales""}","{""Q0"":"" Algo o un poco característico mío""}","[0]"
"","1086.8999999999069","LASSI38_025","LASSI38","survey-multi-choice","535","601923","0.0-637.0-0.0","{""Q0"":""Cuando estudio utilizo algunas ayudas como subrayar en diferentes colores, o emplear letras en mayúscula para distinguir lo importante de lo que no lo es""}","{""Q0"":"" No es una característica muy común en mí""}","[0]"
"","1109.1000000000931","LASSI38_026","LASSI38","survey-multi-choice","536","603034","0.0-638.0-0.0","{""Q0"":""Cuando estudio trato de aprender tantas cosas como puedo de memoria""}","{""Q0"":"" Con frecuencia es una característica mía""}","[0]"
"","1131.5999999998603","LASSI38_027","LASSI38","survey-multi-choice","537","604168","0.0-639.0-0.0","{""Q0"":""Estudio de forma distinta según sea la asignatura""}","{""Q0"":"" Con frecuencia es una característica mía""}","[0]"
"","1135.6999999999534","LASSI38_028","LASSI38","survey-multi-choice","538","605308","0.0-640.0-0.0","{""Q0"":""Hago resúmenes o esquemas para entender mejor lo que estoy estudiando""}","{""Q0"":"" Algo o un poco característico mío""}","[0]"
"","1191","LASSI38_029","LASSI38","survey-multi-choice","539","606501","0.0-641.0-0.0","{""Q0"":""Suelo organizar los apuntes y otros materiales de clase en esquemas, tablas, diagramas o mapas conceptuales""}","{""Q0"":"" Algo muy característico mío""}","[0]"
"","1184.5","LASSI38_030","LASSI38","survey-multi-choice","540","607689","0.0-642.0-0.0","{""Q0"":""Utilizo los títulos de los apartados de un tema para encontrar la información que busco""}","{""Q0"":"" Algo muy característico mío""}","[0]"
"","1448.9000000001397","LASSI38_031","LASSI38","survey-multi-choice","541","609141","0.0-643.0-0.0","{""Q0"":""Cada día después de clase echo un vistazo a mis apuntes para comprobar si he comprendido los contenidos y corregir los errores""}","{""Q0"":"" Algo muy característico mío""}","[0]"
"","1076.6999999999534","LASSI38_032","LASSI38","survey-multi-choice","542","610221","0.0-644.0-0.0","{""Q0"":""Cuando estoy estudiando paro con frecuencia para pensar en lo que he leído, y luego lo vuelvo a leer""}","{""Q0"":"" No es una característica muy común en mí""}","[0]"
"","1097.0999999998603","LASSI38_033","LASSI38","survey-multi-choice","543","611321","0.0-645.0-0.0","{""Q0"":""Sólo estudio lo que me gusta""}","{""Q0"":"" Algo muy característico mío""}","[0]"
"","1089.8000000000466","LASSI38_034","LASSI38","survey-multi-choice","544","612414","0.0-646.0-0.0","{""Q0"":""Compruebo que sé lo que he estudiado""}","{""Q0"":"" Algo o un poco característico mío""}","[0]"
"","1101.3000000000466","LASSI38_035","LASSI38","survey-multi-choice","545","613518","0.0-647.0-0.0","{""Q0"":""Tengo problemas para planificar el estudio de un tema, no sé que pasos seguir""}","{""Q0"":"" No es una característica muy común en mí""}","[0]"
"","1111.1000000000931","LASSI38_036","LASSI38","survey-multi-choice","546","614633","0.0-648.0-0.0","{""Q0"":""Tengo problemas para entender las preguntas de los exámenes""}","{""Q0"":"" Con frecuencia es una característica mía""}","[0]"
"","1065.8999999999069","LASSI38_037","LASSI38","survey-multi-choice","547","615702","0.0-649.0-0.0","{""Q0"":""Cuando hago un examen me doy cuenta de lo que he estudiado mal""}","{""Q0"":"" No es una característica mía""}","[0]"
"","1062","LASSI38_038","LASSI38","survey-multi-choice","548","616767","0.0-650.0-0.0","{""Q0"":""No sé como estudiar algunas asignaturas""}","{""Q0"":"" Algo o un poco característico mío""}","[0]"
