"view_history","rt","trialid","procedure","trial_type","trial_index","time_elapsed","internal_node_id","stimulus","response","question_order"
"[{""page_index"":0,""viewing_time"":824}]","825","Instructions_001","SWBS","instructions","45","51536","0.0-48.0-0.0","","",""
"","1212.0999999999767","SWBS_001","SWBS","survey-multi-choice","46","52751","0.0-49.0-0.0","{""Q0"":""Siento que soy parte importante de mi comunidad.""}","{""Q0"":"" Un poco en desacuerdo""}","[0]"
"","1132.9000000000233","SWBS_002","SWBS","survey-multi-choice","47","53887","0.0-50.0-0.0","{""Q0"":""Creo que la gente me valora como persona.""}","{""Q0"":"" Ni de acuerdo ni en desacuerdo""}","[0]"
"","1173.6999999999534","SWBS_003","SWBS","survey-multi-choice","48","55063","0.0-51.0-0.0","{""Q0"":""Si tengo algo que decir, creo que la mayoría de la gente me escucharía.""}","{""Q0"":"" Ni de acuerdo ni en desacuerdo""}","[0]"
"","1123.0999999999767","SWBS_004","SWBS","survey-multi-choice","49","56188","0.0-52.0-0.0","{""Q0"":""Me siento cercana/o a otra gente.""}","{""Q0"":"" Totalmente de acuerdo""}","[0]"
"","1143.6999999999534","SWBS_005","SWBS","survey-multi-choice","50","57334","0.0-53.0-0.0","{""Q0"":""Si tuviera algo que decir, pienso que la gente no se lo tomaría en serio.""}","{""Q0"":"" Totalmente de acuerdo""}","[0]"
"","1089.7999999999302","SWBS_006","SWBS","survey-multi-choice","51","58426","0.0-54.0-0.0","{""Q0"":""No me siento pertenecer a ningún grupo social.""}","{""Q0"":"" Totalmente de acuerdo""}","[0]"
"","1160","SWBS_007","SWBS","survey-multi-choice","52","59588","0.0-55.0-0.0","{""Q0"":""La sociedad en la que vivo es una fuente de bienestar.""}","{""Q0"":"" Totalmente de acuerdo""}","[0]"
"","1171.3999999999069","SWBS_008","SWBS","survey-multi-choice","53","60763","0.0-56.0-0.0","{""Q0"":""Creo que la gente no es de fiar.""}","{""Q0"":"" Un poco en desacuerdo""}","[0]"
"","1190.5","SWBS_009","SWBS","survey-multi-choice","54","61956","0.0-57.0-0.0","{""Q0"":""Creo que las personas sólo piensan en sí mismas.""}","{""Q0"":"" Totalmente en desacuerdo""}","[0]"
"","1131.2000000000698","SWBS_010","SWBS","survey-multi-choice","55","63090","0.0-58.0-0.0","{""Q0"":""Creo que no se debe confiar en la gente.""}","{""Q0"":"" Un poco de acuerdo""}","[0]"
"","1127.5999999999767","SWBS_011","SWBS","survey-multi-choice","56","64220","0.0-59.0-0.0","{""Q0"":""Creo que la gente es egoísta.""}","{""Q0"":"" Ni de acuerdo ni en desacuerdo""}","[0]"
"","1148.5","SWBS_012","SWBS","survey-multi-choice","57","65370","0.0-60.0-0.0","{""Q0"":""Hoy en día, la gente es cada vez más deshonesta.""}","{""Q0"":"" Ni de acuerdo ni en desacuerdo""}","[0]"
"","1074","SWBS_013","SWBS","survey-multi-choice","58","66446","0.0-61.0-0.0","{""Q0"":""Las personas no se preocupan de los problemas de otros.""}","{""Q0"":"" Un poco de acuerdo""}","[0]"
"","1141.7000000000698","SWBS_014","SWBS","survey-multi-choice","59","67591","0.0-62.0-0.0","{""Q0"":""Creo que las personas son amables.""}","{""Q0"":"" Totalmente de acuerdo""}","[0]"
"","1234","SWBS_015","SWBS","survey-multi-choice","60","68828","0.0-63.0-0.0","{""Q0"":""Las personas no esperan nada a cambio cuando hacen un favor.""}","{""Q0"":"" Ni de acuerdo ni en desacuerdo""}","[0]"
"","1485.8999999999069","SWBS_016","SWBS","survey-multi-choice","61","70319","0.0-64.0-0.0","{""Q0"":""Creo que puedo aportar algo al mundo.""}","{""Q0"":"" Un poco en desacuerdo""}","[0]"
"","1463.5","SWBS_017","SWBS","survey-multi-choice","62","71789","0.0-65.0-0.0","{""Q0"":""No tengo nada importante que ofrecer a la sociedad.""}","{""Q0"":"" Un poco en desacuerdo""}","[0]"
"","1261.7999999999302","SWBS_018","SWBS","survey-multi-choice","63","73053","0.0-66.0-0.0","{""Q0"":""Mis actividades diarias no aportan nada que valga la pena a la sociedad.""}","{""Q0"":"" Un poco de acuerdo""}","[0]"
"","1740.8000000000466","SWBS_019","SWBS","survey-multi-choice","64","74796","0.0-67.0-0.0","{""Q0"":""No tengo ni el tiempo ni la energía para aportar algo a la sociedad.""}","{""Q0"":"" Totalmente de acuerdo""}","[0]"
"","1217.2999999999302","SWBS_020","SWBS","survey-multi-choice","65","76017","0.0-68.0-0.0","{""Q0"":""Pienso que lo que hago es importante para la sociedad.""}","{""Q0"":"" Totalmente de acuerdo""}","[0]"
"","1356.8000000000466","SWBS_021","SWBS","survey-multi-choice","66","77378","0.0-69.0-0.0","{""Q0"":""Lo que hago tiene alguna influencia sobre otras personas.""}","{""Q0"":"" Ni de acuerdo ni en desacuerdo""}","[0]"
"","1215.3000000000466","SWBS_022","SWBS","survey-multi-choice","67","78595","0.0-70.0-0.0","{""Q0"":""Para mí el progreso social es algo que no existe.""}","{""Q0"":"" Un poco de acuerdo""}","[0]"
"","1138.4000000000233","SWBS_023","SWBS","survey-multi-choice","68","79736","0.0-71.0-0.0","{""Q0"":""La sociedad no ofrece incentivos para gente como yo.""}","{""Q0"":"" Ni de acuerdo ni en desacuerdo""}","[0]"
"","1309.3000000000466","SWBS_024","SWBS","survey-multi-choice","69","81051","0.0-72.0-0.0","{""Q0"":""Veo que la sociedad está en continuo desarrollo.""}","{""Q0"":"" Un poco de acuerdo""}","[0]"
"","1213.5999999999767","SWBS_025","SWBS","survey-multi-choice","70","82269","0.0-73.0-0.0","{""Q0"":""No creo que instituciones como la justicia o el gobierno mejoren mi vida.""}","{""Q0"":"" Totalmente de acuerdo""}","[0]"
"","1031.5999999999767","SWBS_026","SWBS","survey-multi-choice","71","83303","0.0-74.0-0.0","{""Q0"":""La sociedad ya no progresa.""}","{""Q0"":"" Ni de acuerdo ni en desacuerdo""}","[0]"
"","1020.6999999999534","SWBS_027","SWBS","survey-multi-choice","72","84326","0.0-75.0-0.0","{""Q0"":""El mundo es cada vez un lugar mejor para la gente.""}","{""Q0"":"" Un poco de acuerdo""}","[0]"
"","1005.9000000000233","SWBS_028","SWBS","survey-multi-choice","73","85333","0.0-76.0-0.0","{""Q0"":""No entiendo lo que está pasando en el mundo.""}","{""Q0"":"" Totalmente en desacuerdo""}","[0]"
"","1003.4000000000233","SWBS_029","SWBS","survey-multi-choice","74","86338","0.0-77.0-0.0","{""Q0"":""El mundo es demasiado complejo para mí.""}","{""Q0"":"" Un poco de acuerdo""}","[0]"
"","1071","SWBS_030","SWBS","survey-multi-choice","75","87412","0.0-78.0-0.0","{""Q0"":""No merece la pena esforzarse en intentar comprender el mundo en el que vivo.""}","{""Q0"":"" Ni de acuerdo ni en desacuerdo""}","[0]"
"","1005.4000000000233","SWBS_031","SWBS","survey-multi-choice","76","88419","0.0-79.0-0.0","{""Q0"":""Muchas culturas son tan extrañas que no puedo comprenderlas.""}","{""Q0"":"" Ni de acuerdo ni en desacuerdo""}","[0]"
"","1064.3000000000466","SWBS_032","SWBS","survey-multi-choice","77","89486","0.0-80.0-0.0","{""Q0"":""Los científicos son los únicos que pueden entender cómo funciona el mundo.""}","{""Q0"":"" Un poco en desacuerdo""}","[0]"
"","1153","SWBS_033","SWBS","survey-multi-choice","78","90642","0.0-81.0-0.0","{""Q0"":""Me resulta fácil predecir lo que puede suceder en el futuro.""}","{""Q0"":"" Un poco en desacuerdo""}","[0]"
