"view_history","rt","trialid","procedure","trial_type","trial_index","time_elapsed","internal_node_id","stimulus","response","question_order"
"[{""page_index"":0,""viewing_time"":796}]","796","Instructions_01","STAITraits","instructions","486","575405","0.0-553.0-0.0","","",""
"","1089.4000000001397","STAITraits_001","STAITraits","survey-multi-choice","487","576499","0.0-554.0-0.0","{""Q0"":""Me siento bien.""}","{""Q0"":""A menudo""}","[0]"
"","1092.3000000000466","STAITraits_002","STAITraits","survey-multi-choice","488","577595","0.0-555.0-0.0","{""Q0"":""Me canso rápidamente.""}","{""Q0"":""A menudo""}","[0]"
"","1028.1999999999534","STAITraits_003","STAITraits","survey-multi-choice","489","578626","0.0-556.0-0.0","{""Q0"":""Siento ganas de llorar.""}","{""Q0"":""A veces""}","[0]"
"","1031.2000000001863","STAITraits_004","STAITraits","survey-multi-choice","490","579661","0.0-557.0-0.0","{""Q0"":""Me gustaría ser tan feliz como otros.""}","{""Q0"":""Casi Nunca""}","[0]"
"","1011.8000000000466","STAITraits_005","STAITraits","survey-multi-choice","491","580676","0.0-558.0-0.0","{""Q0"":""Pierdo oportunidades por no decidirme pronto.""}","{""Q0"":""Casi Nunca""}","[0]"
"","1022.5","STAITraits_006","STAITraits","survey-multi-choice","492","581701","0.0-559.0-0.0","{""Q0"":""Me siento descansado.""}","{""Q0"":""Casi Nunca""}","[0]"
"","1024","STAITraits_007","STAITraits","survey-multi-choice","493","582728","0.0-560.0-0.0","{""Q0"":""Soy una persona tranquila, serena y sosegada.""}","{""Q0"":""A veces""}","[0]"
"","993.8000000000466","STAITraits_008","STAITraits","survey-multi-choice","494","583724","0.0-561.0-0.0","{""Q0"":""Veo que las dificultades se amontonan y no puedo con ellas.""}","{""Q0"":""A menudo""}","[0]"
"","1082.7000000001863","STAITraits_009","STAITraits","survey-multi-choice","495","584810","0.0-562.0-0.0","{""Q0"":""Me preocupo demasiado por cosas sin importancia.""}","{""Q0"":""Casi siempre""}","[0]"
"","1010.1000000000931","STAITraits_010","STAITraits","survey-multi-choice","496","585823","0.0-563.0-0.0","{""Q0"":""Soy feliz.""}","{""Q0"":""Casi siempre""}","[0]"
"","1173.6000000000931","STAITraits_011","STAITraits","survey-multi-choice","497","587000","0.0-564.0-0.0","{""Q0"":""Suelo tomar las cosas demasiado seriamente.""}","{""Q0"":""Casi Nunca""}","[0]"
"","1078.8999999999069","STAITraits_012","STAITraits","survey-multi-choice","498","588082","0.0-565.0-0.0","{""Q0"":""Me falta confianza en mí mismo.""}","{""Q0"":""A menudo""}","[0]"
"","1028.5","STAITraits_013","STAITraits","survey-multi-choice","499","589115","0.0-566.0-0.0","{""Q0"":""Me siento seguro.""}","{""Q0"":""Casi siempre""}","[0]"
"","1023.7999999998137","STAITraits_014","STAITraits","survey-multi-choice","500","590142","0.0-567.0-0.0","{""Q0"":""No suelo afrontar las crisis o dificultades.""}","{""Q0"":""A veces""}","[0]"
"","1013","STAITraits_015","STAITraits","survey-multi-choice","501","591158","0.0-568.0-0.0","{""Q0"":""Me siento triste (melancólico).""}","{""Q0"":""A menudo""}","[0]"
"","1009.8999999999069","STAITraits_016","STAITraits","survey-multi-choice","502","592171","0.0-569.0-0.0","{""Q0"":""Estoy satisfecho.""}","{""Q0"":""Casi Nunca""}","[0]"
"","1033.3000000000466","STAITraits_017","STAITraits","survey-multi-choice","503","593206","0.0-570.0-0.0","{""Q0"":""Me rondan y molestan pensamientos sin importancia.""}","{""Q0"":""Casi siempre""}","[0]"
"","1013.6000000000931","STAITraits_018","STAITraits","survey-multi-choice","504","594223","0.0-571.0-0.0","{""Q0"":""Me afectan tanto los desengaños que no puedo olvidarlos.""}","{""Q0"":""Casi Nunca""}","[0]"
"","970.6999999999534","STAITraits_019","STAITraits","survey-multi-choice","505","595197","0.0-572.0-0.0","{""Q0"":""Soy una persona estable.""}","{""Q0"":""Casi siempre""}","[0]"
"","1028.6999999999534","STAITraits_020","STAITraits","survey-multi-choice","506","596229","0.0-573.0-0.0","{""Q0"":""Cuando pienso sobre asuntos y preocupaciones actuales me pongo tenso y agitado.""}","{""Q0"":""Casi Nunca""}","[0]"
