"view_history","rt","trialid","procedure","trial_type","trial_index","time_elapsed","internal_node_id","stimulus","response"
"[{""page_index"":0,""viewing_time"":604}]","605","Instructions","RMET","instructions","622","712747","0.0-694.0-0.0","",""
"","1162","RMET_000","RMET","survey-multi-choice-CSCN-RMET","623","713924","0.0-695.0-0.0","{""Q0"":""""}","{""Q0"":"" CELOSO""}"
"[{""page_index"":0,""viewing_time"":574}]","574","Instructions_002","RMET","instructions","624","714500","0.0-697.0-0.0-0.0","",""
"","1147","RMET_001","RMET","survey-multi-choice-CSCN-RMET","625","715659","0.0-698.0-0.0","{""Q0"":""""}","{""Q0"":""ABURRIDO""}"
"","1230","RMET_002","RMET","survey-multi-choice-CSCN-RMET","626","716895","0.0-699.0-0.0","{""Q0"":""""}","{""Q0"":""MOLESTO""}"
"","1042","RMET_003","RMET","survey-multi-choice-CSCN-RMET","627","717949","0.0-700.0-0.0","{""Q0"":""""}","{""Q0"":""DESEO""}"
"","1001","RMET_004","RMET","survey-multi-choice-CSCN-RMET","628","718962","0.0-701.0-0.0","{""Q0"":""""}","{""Q0"":""ENTRETENIDO""}"
"","1089","RMET_005","RMET","survey-multi-choice-CSCN-RMET","629","720061","0.0-702.0-0.0","{""Q0"":""""}","{""Q0"":""AMISTOSO""}"
"","1006","RMET_006","RMET","survey-multi-choice-CSCN-RMET","630","721079","0.0-703.0-0.0","{""Q0"":""""}","{""Q0"":""ALARMADA""}"
"","1017","RMET_007","RMET","survey-multi-choice-CSCN-RMET","631","722102","0.0-704.0-0.0","{""Q0"":""""}","{""Q0"":""ARREPENTIDO""}"
"","1079","RMET_008","RMET","survey-multi-choice-CSCN-RMET","632","723190","0.0-705.0-0.0","{""Q0"":""""}","{""Q0"":""TÍMIDO""}"
"","1157","RMET_009","RMET","survey-multi-choice-CSCN-RMET","633","724359","0.0-706.0-0.0","{""Q0"":""""}","{""Q0"":""HOSTIL""}"
"","1031","RMET_010","RMET","survey-multi-choice-CSCN-RMET","634","725396","0.0-707.0-0.0","{""Q0"":""""}","{""Q0"":""PRUDENTE""}"
"","985","RMET_011","RMET","survey-multi-choice-CSCN-RMET","635","726391","0.0-708.0-0.0","{""Q0"":""""}","{""Q0"":""SEDUCTOR""}"
"","945","RMET_012","RMET","survey-multi-choice-CSCN-RMET","636","727344","0.0-709.0-0.0","{""Q0"":""""}","{""Q0"":""ABOCHORNADO""}"
"","982","RMET_013","RMET","survey-multi-choice-CSCN-RMET","637","728337","0.0-710.0-0.0","{""Q0"":""""}","{""Q0"":""AMENAZANTE""}"
"","1006","RMET_014","RMET","survey-multi-choice-CSCN-RMET","638","729354","0.0-711.0-0.0","{""Q0"":""""}","{""Q0"":""DEPRIMIDO""}"
"","1230","RMET_015","RMET","survey-multi-choice-CSCN-RMET","639","730594","0.0-712.0-0.0","{""Q0"":""""}","{""Q0"":""AGOBIADA""}"
"","1027","RMET_016","RMET","survey-multi-choice-CSCN-RMET","640","731630","0.0-713.0-0.0","{""Q0"":""""}","{""Q0"":""CONSIDERADO""}"
"","1013","RMET_017","RMET","survey-multi-choice-CSCN-RMET","641","732649","0.0-714.0-0.0","{""Q0"":""""}","{""Q0"":""JUGUETONA""}"
"","940","RMET_018","RMET","survey-multi-choice-CSCN-RMET","642","733600","0.0-715.0-0.0","{""Q0"":""""}","{""Q0"":""ENTRETENIDA""}"
"","1139","RMET_019","RMET","survey-multi-choice-CSCN-RMET","643","734745","0.0-716.0-0.0","{""Q0"":""""}","{""Q0"":""ARROGANTE""}"
"","1139","RMET_020","RMET","survey-multi-choice-CSCN-RMET","644","735893","0.0-717.0-0.0","{""Q0"":""""}","{""Q0"":""CULPABLE""}"
"","1118","RMET_021","RMET","survey-multi-choice-CSCN-RMET","645","737022","0.0-718.0-0.0","{""Q0"":""""}","{""Q0"":""FANTASIOSA""}"
"","959","RMET_022","RMET","survey-multi-choice-CSCN-RMET","646","737988","0.0-719.0-0.0","{""Q0"":""""}","{""Q0"":""AGRADECIDA""}"
"","946","RMET_023","RMET","survey-multi-choice-CSCN-RMET","647","738946","0.0-720.0-0.0","{""Q0"":""""}","{""Q0"":""SATISFECHO""}"
"","916","RMET_024","RMET","survey-multi-choice-CSCN-RMET","648","739871","0.0-721.0-0.0","{""Q0"":""""}","{""Q0"":""ENTUSIASMADO""}"
"","891","RMET_025","RMET","survey-multi-choice-CSCN-RMET","649","740769","0.0-722.0-0.0","{""Q0"":""""}","{""Q0"":""EN PÁNICO""}"
"","940","RMET_026","RMET","survey-multi-choice-CSCN-RMET","650","741719","0.0-723.0-0.0","{""Q0"":""""}","{""Q0"":""ALARMADO""}"
"","948","RMET_027","RMET","survey-multi-choice-CSCN-RMET","651","742676","0.0-724.0-0.0","{""Q0"":""""}","{""Q0"":""PRUDENTE""}"
"","909","RMET_028","RMET","survey-multi-choice-CSCN-RMET","652","743592","0.0-725.0-0.0","{""Q0"":""""}","{""Q0"":""INTERESADA""}"
"","928","RMET_029","RMET","survey-multi-choice-CSCN-RMET","653","744530","0.0-726.0-0.0","{""Q0"":""""}","{""Q0"":""REFLEXIVA""}"
"","912","RMET_030","RMET","survey-multi-choice-CSCN-RMET","654","745451","0.0-727.0-0.0","{""Q0"":""""}","{""Q0"":""HOSTIL""}"
"","957","RMET_031","RMET","survey-multi-choice-CSCN-RMET","655","746419","0.0-728.0-0.0","{""Q0"":""""}","{""Q0"":""SEGURA""}"
"","881","RMET_032","RMET","survey-multi-choice-CSCN-RMET","656","747313","0.0-729.0-0.0","{""Q0"":""""}","{""Q0"":""SERIO""}"
"","990","RMET_033","RMET","survey-multi-choice-CSCN-RMET","657","748312","0.0-730.0-0.0","{""Q0"":""""}","{""Q0"":""PREOCUPADO""}"
"","1029","RMET_034","RMET","survey-multi-choice-CSCN-RMET","658","749351","0.0-731.0-0.0","{""Q0"":""""}","{""Q0"":""ATERRORIZADA""}"
"","988","RMET_035","RMET","survey-multi-choice-CSCN-RMET","659","750345","0.0-732.0-0.0","{""Q0"":""""}","{""Q0"":""PERPLEJA""}"
"","914","RMET_036","RMET","survey-multi-choice-CSCN-RMET","660","751269","0.0-733.0-0.0","{""Q0"":""""}","{""Q0"":""DESCONFIADO""}"
