"view_history","rt","trialid","procedure","trial_type","trial_index","time_elapsed","internal_node_id","stimulus","response","question_order"
"[{""page_index"":0,""viewing_time"":1057}]","1058","Instructions_001","CAMIR","instructions","57","42655","0.0-73.0-0.0","","",""
"","1015.1000000014901","CAMIR_001","CAMIR","survey-multi-choice","58","43677","0.0-74.0-0.0","{""Q0"":""Las amenazas de separación, de traslado a otro lugar, o de ruptura de los lazos familiares son parte de mis recuerdos infantiles.""}","{""Q0"":"" Muy falso""}","[0]"
"","902.6000000014901","CAMIR_002","CAMIR","survey-multi-choice","59","44582","0.0-75.0-0.0","{""Q0"":""Mis padres eran incapaces de tener autoridad cuando era necesario.""}","{""Q0"":"" Muy falso""}","[0]"
"","762.5999999996275","CAMIR_003","CAMIR","survey-multi-choice","60","45348","0.0-76.0-0.0","{""Q0"":""En caso de necesidad, estoy seguro(a) de que puedo contar con mis seres queridos para encontrar consuelo.""}","{""Q0"":"" Falso""}","[0]"
"","769.7999999988824","CAMIR_004","CAMIR","survey-multi-choice","61","46120","0.0-77.0-0.0","{""Q0"":""Desearía que mis hijos fueran más autónomos de lo que yo lo he sido.""}","{""Q0"":"" Falso""}","[0]"
"","758.1999999992549","CAMIR_005","CAMIR","survey-multi-choice","62","46883","0.0-78.0-0.0","{""Q0"":""En la vida de familia, el respeto a los padres es muy importante.""}","{""Q0"":"" Falso""}","[0]"
"","803.4000000003725","CAMIR_006","CAMIR","survey-multi-choice","63","47690","0.0-79.0-0.0","{""Q0"":""Cuando yo era niño(a), sabía que siempre encontraría consuelo en mis seres queridos.""}","{""Q0"":"" Verdadero""}","[0]"
"","864.5","CAMIR_007","CAMIR","survey-multi-choice","64","48558","0.0-80.0-0.0","{""Q0"":""Las relaciones con mis seres queridos durante mi niñez, me parecen, en general, positivas.""}","{""Q0"":"" Ni verdadero ni falso""}","[0]"
"","831","CAMIR_008","CAMIR","survey-multi-choice","65","49393","0.0-81.0-0.0","{""Q0"":""Detesto el sentimiento de depender de los demás.""}","{""Q0"":"" Verdadero""}","[0]"
"","770.2999999988824","CAMIR_009","CAMIR","survey-multi-choice","66","50167","0.0-82.0-0.0","{""Q0"":""Sólo cuento conmigo mismo para resolver mis problemas.""}","{""Q0"":"" Muy falso""}","[0]"
"","839.9000000003725","CAMIR_010","CAMIR","survey-multi-choice","67","51010","0.0-83.0-0.0","{""Q0"":""Cuando yo era niño(a), a menudo, mis seres queridos se mostraban impacientes e irritables.""}","{""Q0"":"" Muy verdadero""}","[0]"
"","728.5","CAMIR_011","CAMIR","survey-multi-choice","68","51742","0.0-84.0-0.0","{""Q0"":""Mis seres queridos siempre me han dado lo mejor de sí mismos.""}","{""Q0"":"" Muy verdadero""}","[0]"
"","740.2000000011176","CAMIR_012","CAMIR","survey-multi-choice","69","52485","0.0-85.0-0.0","{""Q0"":""No puedo concentrarme sobre otra cosa, sabiendo que alguno de mis seres queridos tiene problemas.""}","{""Q0"":"" Falso""}","[0]"
"","760.2999999988824","CAMIR_013","CAMIR","survey-multi-choice","70","53248","0.0-86.0-0.0","{""Q0"":""Cuando yo era niño(a), encontré suficiente cariño en mis seres queridos como para no buscarlo en otra parte.""}","{""Q0"":"" Ni verdadero ni falso""}","[0]"
"","809.0999999996275","CAMIR_014","CAMIR","survey-multi-choice","71","54060","0.0-87.0-0.0","{""Q0"":""Siempre estoy preocupado(a) por la pena que puedo causar a mis seres queridos al dejarlos.""}","{""Q0"":"" Falso""}","[0]"
"","791.5","CAMIR_015","CAMIR","survey-multi-choice","72","54856","0.0-88.0-0.0","{""Q0"":""Cuando era niño(a), tenían una actitud de dejarme hacer.""}","{""Q0"":"" Ni verdadero ni falso""}","[0]"
"","781.9000000003725","CAMIR_016","CAMIR","survey-multi-choice","73","55641","0.0-89.0-0.0","{""Q0"":""De adolescente, nadie de mi entorno entendía del todo mis preocupaciones.""}","{""Q0"":"" Ni verdadero ni falso""}","[0]"
"","731.3999999985099","CAMIR_017","CAMIR","survey-multi-choice","74","56375","0.0-90.0-0.0","{""Q0"":""Cuando yo era niño(a), teníamos mucha dificultad para tomar decisiones en familia.""}","{""Q0"":"" Verdadero""}","[0]"
"","758","CAMIR_018","CAMIR","survey-multi-choice","75","57136","0.0-91.0-0.0","{""Q0"":""Tengo la sensación de que nunca superaría la muerte de uno de mis seres queridos.""}","{""Q0"":"" Ni verdadero ni falso""}","[0]"
"","716.9000000003725","CAMIR_019","CAMIR","survey-multi-choice","76","57855","0.0-92.0-0.0","{""Q0"":""Los niños deben sentir que existe una autoridad respetada dentro de la familia.""}","{""Q0"":"" Muy verdadero""}","[0]"
"","782.4000000003725","CAMIR_020","CAMIR","survey-multi-choice","77","58640","0.0-93.0-0.0","{""Q0"":""Mis padres no se han dado cuenta que un niño(a) cuando crece tiene necesidad de tener vida propia.""}","{""Q0"":"" Muy falso""}","[0]"
"","746.7999999988824","CAMIR_021","CAMIR","survey-multi-choice","78","59391","0.0-94.0-0.0","{""Q0"":""Siento confianza en mis seres queridos.""}","{""Q0"":"" Muy verdadero""}","[0]"
"","835.6000000014901","CAMIR_022","CAMIR","survey-multi-choice","79","60230","0.0-95.0-0.0","{""Q0"":""Mis padres me han dado demasiada libertad para hacer todo lo que yo quería.""}","{""Q0"":"" Verdadero""}","[0]"
"","761.9000000003725","CAMIR_023","CAMIR","survey-multi-choice","80","60994","0.0-96.0-0.0","{""Q0"":""Cuando yo era niño(a), tuve que enfrentarme a la violencia de uno de mis seres queridos.""}","{""Q0"":"" Muy falso""}","[0]"
"","745","CAMIR_024","CAMIR","survey-multi-choice","81","61741","0.0-97.0-0.0","{""Q0"":""A partir de mi experiencia de niño(a), he comprendido que nunca somos suficientemente buenos para los padres.""}","{""Q0"":"" Muy falso""}","[0]"
"","736.6999999992549","CAMIR_025","CAMIR","survey-multi-choice","82","62480","0.0-98.0-0.0","{""Q0"":""Cuando yo era niño(a), se preocuparon tanto por mi salud y mi seguridad, que me sentía aprisionado(a).""}","{""Q0"":"" Falso""}","[0]"
"","753.0999999996275","CAMIR_026","CAMIR","survey-multi-choice","83","63237","0.0-99.0-0.0","{""Q0"":""Cuando me alejo de mis seres queridos, no me siento bien conmigo mismo.""}","{""Q0"":"" Falso""}","[0]"
"","799.3000000007451","CAMIR_027","CAMIR","survey-multi-choice","84","64038","0.0-100.0-0.0","{""Q0"":""Mis padres no podían evitar controlarlo todo: mi apariencia, mis resultados escolares e incluso mis amigos.""}","{""Q0"":"" Falso""}","[0]"
"","810.5","CAMIR_028","CAMIR","survey-multi-choice","85","64853","0.0-101.0-0.0","{""Q0"":""Cuando era niño(a), había peleas insoportables en casa.""}","{""Q0"":"" Verdadero""}","[0]"
"","777.1999999992549","CAMIR_029","CAMIR","survey-multi-choice","86","65634","0.0-102.0-0.0","{""Q0"":""Es importante que el niño aprenda a obedecer.""}","{""Q0"":"" Falso""}","[0]"
"","820.0999999996275","CAMIR_030","CAMIR","survey-multi-choice","87","66457","0.0-103.0-0.0","{""Q0"":""Cuando yo era niño(a), mis seres queridos me hacían sentir que les gustaba compartir su tiempo conmigo.""}","{""Q0"":"" Verdadero""}","[0]"
"","886.5","CAMIR_031","CAMIR","survey-multi-choice","88","67347","0.0-104.0-0.0","{""Q0"":""La idea de una separación momentánea con uno de mis seres queridos, me deja una sensación de inquietud.""}","{""Q0"":"" Ni verdadero ni falso""}","[0]"
"","945.2999999988824","CAMIR_032","CAMIR","survey-multi-choice","89","68296","0.0-105.0-0.0","{""Q0"":""A menudo, me siento preocupado(a), sin razón, por la salud de mis seres queridos.""}","{""Q0"":"" Muy verdadero""}","[0]"
