"view_history","rt","trialid","procedure","trial_type","trial_index","time_elapsed","internal_node_id","stimulus","response"
"[{""page_index"":0,""viewing_time"":517}]","517","Instructions_01","CAS","instructions","91","68014","0.0-108.0-0.0","",""
"","920","CAS_001","CAS","survey-multi-choice-vertical","92","68939","0.0-109.0-0.0","{""Q0"":""Me siento mal cuando pienso en COVID-19.""}","{""Q0"":"" 2 A veces me sucede""}"
"","1256","CAS_002","CAS","survey-multi-choice-vertical","93","70204","0.0-110.0-0.0","{""Q0"":""Siento que se me acelera el corazón cuando leo sobre COVID-19.""}","{""Q0"":"" 3 Me sucede mucho""}"
"","764","CAS_003","CAS","survey-multi-choice-vertical","94","70974","0.0-111.0-0.0","{""Q0"":""Me siento ansioso con respecto a COVID-19.""}","{""Q0"":"" 0 No me sucede""}"
"","761","CAS_004","CAS","survey-multi-choice-vertical","95","71741","0.0-112.0-0.0","{""Q0"":""Me siento incómodo cuando leo noticias sobre COVID-19.""}","{""Q0"":"" 2 A veces me sucede""}"
"","662","CAS_005","CAS","survey-multi-choice-vertical","96","72406","0.0-113.0-0.0","{""Q0"":""Me cuesta relajarme cuando pienso en COVID-19.""}","{""Q0"":"" 0 No me sucede""}"
"","695","CAS_006","CAS","survey-multi-choice-vertical","97","73104","0.0-114.0-0.0","{""Q0"":""Siento que puedo entrar en pánico cuando me pongo al día sobre COVID-19.""}","{""Q0"":"" 0 No me sucede""}"
"","780","CAS_007","CAS","survey-multi-choice-vertical","98","73887","0.0-115.0-0.0","{""Q0"":""Tengo miedo de infectarme con COVID-19.""}","{""Q0"":"" 0 No me sucede""}"
