"view_history","rt","trialid","procedure","trial_type","trial_index","time_elapsed","internal_node_id","stimulus","response"
"[{""page_index"":0,""viewing_time"":625}]","625","Instructions_01","Cov19Q","instructions","309","256134","0.0-335.0-0.0","",""
"","719","Cov19Q_01","Cov19Q","survey-multi-choice-vertical","310","256859","0.0-336.0-0.0","{""Q0"":""1. ¿Usted ha contraído Coronavirus (covid-19) en el último año?""}","{""Q0"":"" Si""}"
"","655","Cov19Q_02","Cov19Q","survey-multi-choice-vertical","311","257517","0.0-337.0-0.0","{""Q0"":""2. ¿Algún miembro de su hogar, que vive con usted, ha contraído Coronavirus (covid-19) en el último año?""}","{""Q0"":"" Si""}"
"","623","Cov19Q_03","Cov19Q","survey-multi-choice-vertical","312","258145","0.0-338.0-0.0","{""Q0"":""3. ¿Conoce de algún cercano (familiar, amigo, conocido), que ha contraído Coronavirus (covid-19) en el último año?""}","{""Q0"":"" Si""}"
"","887","Cov19Q_04","Cov19Q","survey-multi-choice-vertical","313","259037","0.0-339.0-0.0","{""Q0"":""4. Considerando la información de esta semana que usted maneja sobre la evolución del coronavirus ¿Qué tan grave considera la pandemia?""}","{""Q0"":"" Extremadamente grave""}"
"","877","Cov19Q_05","Cov19Q","survey-multi-choice-vertical","314","259919","0.0-340.0-0.0","{""Q0"":"" En el último tiempo han circulado teorías y supuestos sobre la pandemia del coronavirus. Al respecto, usted cree que:   5. El virus fue creado en un laboratorio.""}","{""Q0"":"" En desacuerdo""}"
"","779","Cov19Q_06","Cov19Q","survey-multi-choice-vertical","315","260703","0.0-341.0-0.0","{""Q0"":"" En el último tiempo han circulado teorías y supuestos sobre la pandemia del coronavirus. Al respecto, usted cree que:   6. El virus fue esparcido intencionalmente.""}","{""Q0"":"" Muy en desacuerdo""}"
"","776","Cov19Q_07","Cov19Q","survey-multi-choice-vertical","316","261485","0.0-342.0-0.0","{""Q0"":"" En el último tiempo han circulado teorías y supuestos sobre la pandemia del coronavirus. Al respecto, usted cree que:   7. El virus, independientemente si es natural o creado, ha sido utilizado a propósito para dominarnos y/o dañarnos.""}","{""Q0"":"" En desacuerdo""}"
"","936","Cov19Q_08","Cov19Q","survey-multi-choice-vertical","317","262437","0.0-343.0-0.0","{""Q0"":"" En el último tiempo han circulado teorías y supuestos sobre la pandemia del coronavirus. Al respecto, usted cree que:   8. Todo esto del virus y/o sus consecuencias es más bien un montaje, posiblemente falso.""}","{""Q0"":"" Muy de acuerdo""}"
"","916","Cov19Q_09","Cov19Q","survey-multi-choice-vertical","318","263360","0.0-344.0-0.0","{""Q0"":"" En el último tiempo han circulado teorías y supuestos sobre la pandemia del coronavirus. Al respecto, usted cree que:   9. Todo esto del virus y/o sus consecuencias es mucho menos grave de lo que se dice o no muy distinto que otros virus existentes (como la influenza o similares).""}","{""Q0"":"" Ni de acuerdo ni en desacuerdo""}"
