"view_history","rt","trialid","procedure","trial_type","trial_index","time_elapsed","internal_node_id","stimulus","response","slider_start"
"[{""page_index"":0,""viewing_time"":602}]","603","Instructions_01","ESZ","instructions","554","437008","0.0-595.0-0.0","","",""
"","902","ESZ_01","ESZ","survey-multi-choice-vertical","555","437920","0.0-596.0-0.0","{""Q0"":""1. ¿Piensa que debido al tiempo que dedica a su familiar no tiene suficiente tiempo para usted?""}","{""Q0"":"" Siempre""}",""
"","927","ESZ_02","ESZ","survey-multi-choice-vertical","556","438854","0.0-597.0-0.0","{""Q0"":""2. Se siente agobiado por intentar compatibilizar el cuidado de su familiar con otras responsabilidades (trabajo, familia)?""}","{""Q0"":"" Nunca""}",""
"","830","ESZ_03","ESZ","survey-multi-choice-vertical","557","439691","0.0-598.0-0.0","{""Q0"":""3. ¿Piensa que el cuidar de su familiar afecta negativamente la relación que Ud. tiene con otros miembros de su familia?""}","{""Q0"":"" Siempre""}",""
"","777","ESZ_04","ESZ","survey-multi-choice-vertical","558","440478","0.0-599.0-0.0","{""Q0"":""4. ¿Piensa que su salud ha empeorado debido a tener que cuidar a su familiar?""}","{""Q0"":"" Rara Vez""}",""
"","832","ESZ_05","ESZ","survey-multi-choice-vertical","559","441320","0.0-600.0-0.0","{""Q0"":""5. ¿Se siente tenso cuando está cerca de su familiar?""}","{""Q0"":"" Rara Vez""}",""
"","893","ESZ_06","ESZ","survey-multi-choice-vertical","560","442224","0.0-601.0-0.0","{""Q0"":""6. ¿Siente que ha perdido el control de su vida desde que comenzó la enfermedad de su familiar?""}","{""Q0"":"" Rara Vez""}",""
"","722.3000000007451","ESZ_07","ESZ","html-slider-response","561","442954","0.0-602.0-0.0","<div class=""justified""><p>7. Globalmente ¿Qué grado de “carga” experimenta por el hecho de cuidar a su familiar?</p></div>","3","3"
