"view_history","rt","trialid","procedure","trial_type","trial_index","time_elapsed","internal_node_id","stimulus","response","question_order","slider_start"
"[{""page_index"":0,""viewing_time"":438}]","439","Instructions_01","COVIDCONTROL","instructions","135","101981","0.0-152.0-0.0","","","",""
"","992.9000000003725","COVIDCONTROL_01","COVIDCONTROL","survey-multi-select","136","102980","0.0-153.0-0.0","{""Q0"":""Quién más vive en su casa además de usted actualmente? (puede marcar más de una alternativa)""}","{""Q0"":[""&nbsp;Hermano/a(s)/otro familiar menor de 60 años"",""&nbsp;Compañero(a) de vivienda menor de 60 años""]}","[0]",""
"","756","COVIDCONTROL_02","COVIDCONTROL","survey-multi-choice-vertical","137","103740","0.0-154.0-0.0","{""Q0"":""Si tuviera que elegir aquella situación que más lo(a) representa durante la pandemia del COVID-19, ¿cuál sería?""}","{""Q0"":"" Estoy en cuarentena/distanciamiento social obligatorio (decretado por el Gobierno y/o el sistema público de salud)""}","",""
"","722","COVIDCONTROL_03","COVIDCONTROL","survey-multi-choice-vertical","138","104466","0.0-155.0-0.0","{""Q0"":""De forma general, ¿cómo describiría su estado de salud en este último tiempo? Usted diría que es:""}","{""Q0"":"" Ni bueno ni malo""}","",""
"","1002.5999999996275","COVIDCONTROL_04","COVIDCONTROL","survey-multi-select","139","105476","0.0-156.0-0.0","{""Q0"":""A su alrededor, ¿ha habido diagnósticos de COVID-19? (Marque todas las alternativas que se ajusten a su realidad)""}","{""Q0"":[""&nbsp;No""]}","[0]",""
"","742","COVIDCONTROL_05","COVIDCONTROL","survey-multi-choice-vertical","140","106222","0.0-157.0-0.0","{""Q0"":""Qué tan en riesgo cree que se encuentra de: Infectarse con COVID-19""}","{""Q0"":"" Alto riesgo""}","",""
"","751","COVIDCONTROL_06","COVIDCONTROL","survey-multi-choice-vertical","141","106977","0.0-158.0-0.0","{""Q0"":""Qué tan en riesgo cree que se encuentra de: Experimentar una versión severa de la infección COVID-19""}","{""Q0"":"" Muy bajo riesgo""}","",""
"","736","COVIDCONTROL_07","COVIDCONTROL","survey-multi-choice-vertical","142","107717","0.0-159.0-0.0","{""Q0"":""Qué tan en riesgo cree que se encuentra de: Morir de COVID-19""}","{""Q0"":"" Ni bajo ni alto riesgo""}","",""
"","712","COVIDCONTROL_08","COVIDCONTROL","survey-multi-choice-vertical","143","108435","0.0-160.0-0.0","{""Q0"":""Qué tan en riesgo cree que se encuentran su familiares o amigos cercanos de: Infectarse con COVID-19""}","{""Q0"":"" Muy alto riesgo""}","",""
"","731","COVIDCONTROL_09","COVIDCONTROL","survey-multi-choice-vertical","144","109170","0.0-161.0-0.0","{""Q0"":""Qué tan en riesgo cree que se encuentran su familiares o amigos cercanos de: Experimentar una versión severa de la infección COVID-19""}","{""Q0"":"" Ni bajo ni alto riesgo""}","",""
"","780","COVIDCONTROL_10","COVIDCONTROL","survey-multi-choice-vertical","145","109954","0.0-162.0-0.0","{""Q0"":""Qué tan en riesgo cree que se encuentran su familiares o amigos cercanos de: Morir de COVID-19""}","{""Q0"":"" Muy bajo riesgo""}","",""
"","665","COVIDCONTROL_11","COVIDCONTROL","survey-multi-choice-vertical","146","110623","0.0-163.0-0.0","{""Q0"":""Cuando compara la situación financiera de su hogar antes y después de la pandemia por COVID-19, ¿considera que ahora es mejor, peor o que se ha mantenido igual que antes?""}","{""Q0"":"" No lo sé / Prefiero no responder""}","",""
"","800","COVIDCONTROL_12","COVIDCONTROL","survey-multi-choice-vertical","147","111428","0.0-164.0-0.0","{""Q0"":""¿Cuál de las siguientes frases describe mejor su situación laboral durante la pandemia por COVID-19?""}","{""Q0"":"" Tengo el mismo trabajo""}","",""
"","674.8000000007451","COVIDCONTROL_13","COVIDCONTROL","html-slider-response","148","112108","0.0-165.0-0.0","<div class=""justified"">¿En qué medida considera que las consecuencias de la pandemia han afectado su calidad de vida?</div></br>","8","","5"
