"view_history","rt","trialid","procedure","trial_type","trial_index","time_elapsed","internal_node_id","stimulus","response"
"[{""page_index"":0,""viewing_time"":526}]","526","Instructions_01","STAI","instructions","1542","1123727","0.0-1639.0-0.0","",""
"","861","STAI_01","STAI","survey-multi-choice-horizontal","1543","1124598","0.0-1640.0-0.0","{""Q0"":""1. Me siento calmado.""}","{""Q0"":""UN POCO""}"
"","772","STAI_02","STAI","survey-multi-choice-horizontal","1544","1125380","0.0-1641.0-0.0","{""Q0"":""2. Me siento seguro.""}","{""Q0"":""NADA""}"
"","789","STAI_03","STAI","survey-multi-choice-horizontal","1545","1126178","0.0-1642.0-0.0","{""Q0"":""3. Estoy tenso.""}","{""Q0"":""UN POCO""}"
"","802","STAI_04","STAI","survey-multi-choice-horizontal","1546","1126991","0.0-1643.0-0.0","{""Q0"":""4. Me siento disgustado.""}","{""Q0"":""BASTANTE""}"
"","860","STAI_05","STAI","survey-multi-choice-horizontal","1547","1127866","0.0-1644.0-0.0","{""Q0"":""5. Me siento a “mis anchas”.""}","{""Q0"":""BASTANTE""}"
"","841","STAI_06","STAI","survey-multi-choice-horizontal","1548","1128719","0.0-1645.0-0.0","{""Q0"":""6. Me siento alterado.""}","{""Q0"":""BASTANTE""}"
"","787","STAI_07","STAI","survey-multi-choice-horizontal","1549","1129519","0.0-1646.0-0.0","{""Q0"":""7. En este momento estoy preocupado por algún posible problema.""}","{""Q0"":""MUCHO""}"
"","883","STAI_08","STAI","survey-multi-choice-horizontal","1550","1130417","0.0-1647.0-0.0","{""Q0"":""8. Me siento satisfecho.""}","{""Q0"":""MUCHO""}"
"","772","STAI_09","STAI","survey-multi-choice-horizontal","1551","1131200","0.0-1648.0-0.0","{""Q0"":""9. Me siento asustado.""}","{""Q0"":""BASTANTE""}"
"","858","STAI_10","STAI","survey-multi-choice-horizontal","1552","1132072","0.0-1649.0-0.0","{""Q0"":""10. Me siento cómodo.""}","{""Q0"":""UN POCO""}"
"","796","STAI_11","STAI","survey-multi-choice-horizontal","1553","1132884","0.0-1650.0-0.0","{""Q0"":""11. Tengo confianza en mí mismo.""}","{""Q0"":""MUCHO""}"
"","770","STAI_12","STAI","survey-multi-choice-horizontal","1554","1133668","0.0-1651.0-0.0","{""Q0"":""12. Me siento nervioso.""}","{""Q0"":""MUCHO""}"
"","935","STAI_13","STAI","survey-multi-choice-horizontal","1555","1134613","0.0-1652.0-0.0","{""Q0"":""13. Me siento agitado.""}","{""Q0"":""BASTANTE""}"
"","1031","STAI_14","STAI","survey-multi-choice-horizontal","1556","1135659","0.0-1653.0-0.0","{""Q0"":""14. Me siento indeciso.""}","{""Q0"":""NADA""}"
"","807","STAI_15","STAI","survey-multi-choice-horizontal","1557","1136483","0.0-1654.0-0.0","{""Q0"":""15. Me siento tranquilo.""}","{""Q0"":""MUCHO""}"
"","803","STAI_16","STAI","survey-multi-choice-horizontal","1558","1137295","0.0-1655.0-0.0","{""Q0"":""16. Me siento “a gusto”.""}","{""Q0"":""UN POCO""}"
"","750","STAI_17","STAI","survey-multi-choice-horizontal","1559","1138056","0.0-1656.0-0.0","{""Q0"":""17. Estoy preocupado.""}","{""Q0"":""NADA""}"
"","741","STAI_18","STAI","survey-multi-choice-horizontal","1560","1138812","0.0-1657.0-0.0","{""Q0"":""18. Me siento aturdido.""}","{""Q0"":""BASTANTE""}"
"","811","STAI_19","STAI","survey-multi-choice-horizontal","1561","1139633","0.0-1658.0-0.0","{""Q0"":""19. Me siento equilibrado.""}","{""Q0"":""MUCHO""}"
"","780","STAI_20","STAI","survey-multi-choice-horizontal","1562","1140423","0.0-1659.0-0.0","{""Q0"":""20. Me siento bien.""}","{""Q0"":""NADA""}"
"","758","STAI_21","STAI","survey-multi-choice-horizontal","1563","1141190","0.0-1660.0-0.0","{""Q0"":""21. Me siento bien.""}","{""Q0"":""BASTANTE""}"
"","816","STAI_22","STAI","survey-multi-choice-horizontal","1564","1142014","0.0-1661.0-0.0","{""Q0"":""22. Me siento nervioso.""}","{""Q0"":""BASTANTE""}"
"","743","STAI_23","STAI","survey-multi-choice-horizontal","1565","1142766","0.0-1662.0-0.0","{""Q0"":""23. Me siento “a gusto” conmigo mismo.""}","{""Q0"":""MUCHO""}"
"","801","STAI_24","STAI","survey-multi-choice-horizontal","1566","1143577","0.0-1663.0-0.0","{""Q0"":""24. Quisiera ser tan feliz como otros parecen serlo.""}","{""Q0"":""BASTANTE""}"
"","818","STAI_25","STAI","survey-multi-choice-horizontal","1567","1144413","0.0-1664.0-0.0","{""Q0"":""25. Siento que fallo.""}","{""Q0"":""UN POCO""}"
"","818","STAI_26","STAI","survey-multi-choice-horizontal","1568","1145240","0.0-1665.0-0.0","{""Q0"":""26. Me siento descansado.""}","{""Q0"":""UN POCO""}"
"","812","STAI_27","STAI","survey-multi-choice-horizontal","1569","1146064","0.0-1666.0-0.0","{""Q0"":""27. Soy una persona tranquila, serena y calmada.""}","{""Q0"":""NADA""}"
"","729","STAI_28","STAI","survey-multi-choice-horizontal","1570","1146805","0.0-1667.0-0.0","{""Q0"":""28. Siento que las dificultades se me amontonan y no las puedo superar.""}","{""Q0"":""NADA""}"
"","793","STAI_29","STAI","survey-multi-choice-horizontal","1571","1147620","0.0-1668.0-0.0","{""Q0"":""29. Me preocupo demasiado por cosas sin importancia.""}","{""Q0"":""MUCHO""}"
"","745","STAI_30","STAI","survey-multi-choice-horizontal","1572","1148373","0.0-1669.0-0.0","{""Q0"":""30. Soy feliz.""}","{""Q0"":""UN POCO""}"
"","819","STAI_31","STAI","survey-multi-choice-horizontal","1573","1149202","0.0-1670.0-0.0","{""Q0"":""31. Tengo malos pensamientos.""}","{""Q0"":""NADA""}"
"","853","STAI_32","STAI","survey-multi-choice-horizontal","1574","1150067","0.0-1671.0-0.0","{""Q0"":""32. Me falta confianza en mí mismo.""}","{""Q0"":""NADA""}"
"","853","STAI_33","STAI","survey-multi-choice-horizontal","1575","1150933","0.0-1672.0-0.0","{""Q0"":""33. Me siento seguro.""}","{""Q0"":""UN POCO""}"
"","935","STAI_34","STAI","survey-multi-choice-horizontal","1576","1151899","0.0-1673.0-0.0","{""Q0"":""34. Puedo decidirme rápidamente.""}","{""Q0"":""BASTANTE""}"
"","868","STAI_35","STAI","survey-multi-choice-horizontal","1577","1152777","0.0-1674.0-0.0","{""Q0"":""35. Me siento “fuera de lugar”.""}","{""Q0"":""MUCHO""}"
"","804","STAI_36","STAI","survey-multi-choice-horizontal","1578","1153592","0.0-1675.0-0.0","{""Q0"":""36. Me siento satisfecho.""}","{""Q0"":""BASTANTE""}"
"","747","STAI_37","STAI","survey-multi-choice-horizontal","1579","1154352","0.0-1676.0-0.0","{""Q0"":""37. Algunas ideas poco importantes ocupan mi cabeza y me molestan.""}","{""Q0"":""BASTANTE""}"
"","816","STAI_38","STAI","survey-multi-choice-horizontal","1580","1155178","0.0-1677.0-0.0","{""Q0"":""38. Los desengaños me afectan tanto que no me los puedo sacar de la cabeza.""}","{""Q0"":""BASTANTE""}"
"","747","STAI_39","STAI","survey-multi-choice-horizontal","1581","1155940","0.0-1678.0-0.0","{""Q0"":""39. Soy una persona estable.""}","{""Q0"":""UN POCO""}"
"","839","STAI_40","STAI","survey-multi-choice-horizontal","1582","1156790","0.0-1679.0-0.0","{""Q0"":""40. Cuando pienso en las cosas que tengo entre manos me pongo nervioso y tenso.""}","{""Q0"":""UN POCO""}"
