"view_history","rt","trialid","procedure","trial_type","trial_index","time_elapsed","internal_node_id","stimulus","response","question_order"
"[{""page_index"":0,""viewing_time"":679}]","679","Instructions_001","SWBS","instructions","598","677243","0.0-700.0-0.0","","",""
"","1283.1000000000931","SWBS_001","SWBS","survey-multi-choice","599","678529","0.0-701.0-0.0","{""Q0"":""Siento que soy parte importante de mi comunidad.""}","{""Q0"":"" Un poco de acuerdo""}","[0]"
"","1159.6999999999534","SWBS_002","SWBS","survey-multi-choice","600","679693","0.0-702.0-0.0","{""Q0"":""Creo que la gente me valora como persona.""}","{""Q0"":"" Ni de acuerdo ni en desacuerdo""}","[0]"
"","1106","SWBS_003","SWBS","survey-multi-choice","601","680802","0.0-703.0-0.0","{""Q0"":""Si tengo algo que decir, creo que la mayoría de la gente me escucharía.""}","{""Q0"":"" Ni de acuerdo ni en desacuerdo""}","[0]"
"","1133.0999999998603","SWBS_004","SWBS","survey-multi-choice","602","681939","0.0-704.0-0.0","{""Q0"":""Me siento cercana/o a otra gente.""}","{""Q0"":"" Ni de acuerdo ni en desacuerdo""}","[0]"
"","1109.3999999999069","SWBS_005","SWBS","survey-multi-choice","603","683052","0.0-705.0-0.0","{""Q0"":""Si tuviera algo que decir, pienso que la gente no se lo tomaría en serio.""}","{""Q0"":"" Ni de acuerdo ni en desacuerdo""}","[0]"
"","1085.6999999999534","SWBS_006","SWBS","survey-multi-choice","604","684142","0.0-706.0-0.0","{""Q0"":""No me siento pertenecer a ningún grupo social.""}","{""Q0"":"" Ni de acuerdo ni en desacuerdo""}","[0]"
"","1122.1999999999534","SWBS_007","SWBS","survey-multi-choice","605","685268","0.0-707.0-0.0","{""Q0"":""La sociedad en la que vivo es una fuente de bienestar.""}","{""Q0"":"" Totalmente de acuerdo""}","[0]"
"","1152.8999999999069","SWBS_008","SWBS","survey-multi-choice","606","686425","0.0-708.0-0.0","{""Q0"":""Creo que la gente no es de fiar.""}","{""Q0"":"" Un poco de acuerdo""}","[0]"
"","1239","SWBS_009","SWBS","survey-multi-choice","607","687667","0.0-709.0-0.0","{""Q0"":""Creo que las personas sólo piensan en sí mismas.""}","{""Q0"":"" Ni de acuerdo ni en desacuerdo""}","[0]"
"","1149.1999999999534","SWBS_010","SWBS","survey-multi-choice","608","688820","0.0-710.0-0.0","{""Q0"":""Creo que no se debe confiar en la gente.""}","{""Q0"":"" Totalmente de acuerdo""}","[0]"
"","1133.3999999999069","SWBS_011","SWBS","survey-multi-choice","609","689957","0.0-711.0-0.0","{""Q0"":""Creo que la gente es egoísta.""}","{""Q0"":"" Un poco de acuerdo""}","[0]"
"","1133.2000000001863","SWBS_012","SWBS","survey-multi-choice","610","691094","0.0-712.0-0.0","{""Q0"":""Hoy en día, la gente es cada vez más deshonesta.""}","{""Q0"":"" Un poco en desacuerdo""}","[0]"
"","1069.1999999999534","SWBS_013","SWBS","survey-multi-choice","611","692166","0.0-713.0-0.0","{""Q0"":""Las personas no se preocupan de los problemas de otros.""}","{""Q0"":"" Un poco en desacuerdo""}","[0]"
"","1143.8000000000466","SWBS_014","SWBS","survey-multi-choice","612","693314","0.0-714.0-0.0","{""Q0"":""Creo que las personas son amables.""}","{""Q0"":"" Un poco de acuerdo""}","[0]"
"","1121.3999999999069","SWBS_015","SWBS","survey-multi-choice","613","694440","0.0-715.0-0.0","{""Q0"":""Las personas no esperan nada a cambio cuando hacen un favor.""}","{""Q0"":"" Un poco de acuerdo""}","[0]"
"","1101.4000000001397","SWBS_016","SWBS","survey-multi-choice","614","695544","0.0-716.0-0.0","{""Q0"":""Creo que puedo aportar algo al mundo.""}","{""Q0"":"" Un poco en desacuerdo""}","[0]"
"","1163.3000000000466","SWBS_017","SWBS","survey-multi-choice","615","696710","0.0-717.0-0.0","{""Q0"":""No tengo nada importante que ofrecer a la sociedad.""}","{""Q0"":"" Un poco de acuerdo""}","[0]"
"","1114.1999999999534","SWBS_018","SWBS","survey-multi-choice","616","697828","0.0-718.0-0.0","{""Q0"":""Mis actividades diarias no aportan nada que valga la pena a la sociedad.""}","{""Q0"":"" Ni de acuerdo ni en desacuerdo""}","[0]"
"","1273.9000000001397","SWBS_019","SWBS","survey-multi-choice","617","699105","0.0-719.0-0.0","{""Q0"":""No tengo ni el tiempo ni la energía para aportar algo a la sociedad.""}","{""Q0"":"" Un poco en desacuerdo""}","[0]"
"","1162.5999999998603","SWBS_020","SWBS","survey-multi-choice","618","700271","0.0-720.0-0.0","{""Q0"":""Pienso que lo que hago es importante para la sociedad.""}","{""Q0"":"" Totalmente de acuerdo""}","[0]"
"","1123.3999999999069","SWBS_021","SWBS","survey-multi-choice","619","701398","0.0-721.0-0.0","{""Q0"":""Lo que hago tiene alguna influencia sobre otras personas.""}","{""Q0"":"" Un poco de acuerdo""}","[0]"
"","1140.5","SWBS_022","SWBS","survey-multi-choice","620","702543","0.0-722.0-0.0","{""Q0"":""Para mí el progreso social es algo que no existe.""}","{""Q0"":"" Un poco de acuerdo""}","[0]"
"","1359.6000000000931","SWBS_023","SWBS","survey-multi-choice","621","703907","0.0-723.0-0.0","{""Q0"":""La sociedad no ofrece incentivos para gente como yo.""}","{""Q0"":"" Ni de acuerdo ni en desacuerdo""}","[0]"
"","1143.6000000000931","SWBS_024","SWBS","survey-multi-choice","622","705055","0.0-724.0-0.0","{""Q0"":""Veo que la sociedad está en continuo desarrollo.""}","{""Q0"":"" Ni de acuerdo ni en desacuerdo""}","[0]"
"","1096.0999999998603","SWBS_025","SWBS","survey-multi-choice","623","706155","0.0-725.0-0.0","{""Q0"":""No creo que instituciones como la justicia o el gobierno mejoren mi vida.""}","{""Q0"":"" Un poco en desacuerdo""}","[0]"
"","1108.6999999999534","SWBS_026","SWBS","survey-multi-choice","624","707268","0.0-726.0-0.0","{""Q0"":""La sociedad ya no progresa.""}","{""Q0"":"" Un poco de acuerdo""}","[0]"
"","1077.5","SWBS_027","SWBS","survey-multi-choice","625","708348","0.0-727.0-0.0","{""Q0"":""El mundo es cada vez un lugar mejor para la gente.""}","{""Q0"":"" Totalmente de acuerdo""}","[0]"
"","1175.3999999999069","SWBS_028","SWBS","survey-multi-choice","626","709527","0.0-728.0-0.0","{""Q0"":""No entiendo lo que está pasando en el mundo.""}","{""Q0"":"" Totalmente en desacuerdo""}","[0]"
"","1101.3000000000466","SWBS_029","SWBS","survey-multi-choice","627","710632","0.0-729.0-0.0","{""Q0"":""El mundo es demasiado complejo para mí.""}","{""Q0"":"" Totalmente de acuerdo""}","[0]"
"","1081.9000000001397","SWBS_030","SWBS","survey-multi-choice","628","711717","0.0-730.0-0.0","{""Q0"":""No merece la pena esforzarse en intentar comprender el mundo en el que vivo.""}","{""Q0"":"" Un poco de acuerdo""}","[0]"
"","1179","SWBS_031","SWBS","survey-multi-choice","629","712899","0.0-731.0-0.0","{""Q0"":""Muchas culturas son tan extrañas que no puedo comprenderlas.""}","{""Q0"":"" Un poco de acuerdo""}","[0]"
"","1085.6999999999534","SWBS_032","SWBS","survey-multi-choice","630","713987","0.0-732.0-0.0","{""Q0"":""Los científicos son los únicos que pueden entender cómo funciona el mundo.""}","{""Q0"":"" Un poco en desacuerdo""}","[0]"
"","1581.2999999998137","SWBS_033","SWBS","survey-multi-choice","631","715572","0.0-733.0-0.0","{""Q0"":""Me resulta fácil predecir lo que puede suceder en el futuro.""}","{""Q0"":"" Ni de acuerdo ni en desacuerdo""}","[0]"
