"view_history","rt","trialid","procedure","trial_type","trial_index","time_elapsed","internal_node_id","stimulus","response","question_order","slider_start"
"[{""page_index"":0,""viewing_time"":877}]","877","instructions_01","SDOBHQ","instructions","191","230787","0.0-201.0-0.0","","","",""
"","940","SDOBHQ_001","SDOBHQ","survey-text","192","231736","0.0-202.0-0.0","{""Q0"":""Por favor, indique su edad actual:""}","{""Q0"":""24""}","",""
"[{""page_index"":0,""viewing_time"":606}]","607","instructions_002","SDOBHQ","instructions","193","232344","0.0-203.0-0.0","","","",""
"","1066.6000000000931","SDOBHQ_002","SDOBHQ","survey-multi-choice","194","233413","0.0-204.0-0.0","{""Q0"":""¿Usted asistió a una escuela primaria privada o pública?""}","{""Q0"":"" No fui a la escuela""}","[0]",""
"[{""page_index"":0,""viewing_time"":605}]","605","instructions_003","SDOBHQ","instructions","195","234022","0.0-207.0-0.0","","","",""
"","796.4000000000233","SDOBHQ_005","SDOBHQ","survey-multi-choice","196","234820","0.0-208.0-0.0","{""Q0"":""Antes de cumplir 18 años, ¿Alguna vez trabajó?""}","{""Q0"":"" Si""}","[0]",""
"","21131","SDOBHQ_006","SDOBHQ","survey-text","197","255957","0.0-209.0-0.0-0.0","{""Q0"":""Aproximadamente, ¿Qué edad tenía usted cuando trabajó por primera vez?""}","{""Q0"":""17""}","",""
"","1339.0999999999767","SDOBHQ_007","SDOBHQ","survey-multi-select","198","257304","0.0-210.0-0.0-0.0","{""Q0"":""¿Por qué trabajó usted durante su infancia? Puede marcar más de una opción""}","{""Q0"":[""&nbsp;Por otra razón""]}","[0]",""
"","1011","SDOBHQ_008","SDOBHQ","survey-text","199","258321","0.0-211.0-0.0-0.0","{""Q0"":""Por que razón trabajó antes de los 18:""}","{""Q0"":""7fXFERVvO5MCKG4h5wqNzDiou55mSTjM1FrMvICNcEvCALFw6oIyMc6RgIuhn""}","",""
"","1089","SDOBHQ_009","SDOBHQ","survey-text","200","259414","0.0-212.0-0.0","{""Q0"":""¿Cuál es el empleo que ha realizado por más tiempo, incluyendo trabajos sin pago y trabajo como amo/a de casa? Si tuvo dos o más empleos por el mismo periódo de tiempo, por favor indique UNICAMENTE el empleo que requirió el mayor grado de destreza o entrenamiento.""}","{""Q0"":""NZ8pCLmzfMeoNuLndLejFRhKUii1AkMDjLaswnF8KYDqC457whIQ""}","",""
"","858","SDOBHQ_010","SDOBHQ","survey-text","201","260276","0.0-213.0-0.0","{""Q0"":""Indique el número de años y/o meses que trabajó en este empleo (por ejemplo 3 años y 4 meses):""}","{""Q0"":""F9IDhy9OMweJyYxMvAS""}","",""
"","1030","SDOBHQ_011","SDOBHQ","survey-text","202","261312","0.0-214.0-0.0","{""Q0"":""Describa con detalle las principales tareas o actividades de este empleo:""}","{""Q0"":""qN8TnvOSnIgPatGyVGR3zxDbzd1ycTaREbZ5EOP8MDdMu8ALX4OVxOw767aBzB1AM9zG2TfuFQWk8tTDA7SMgu""}","",""
"","970.4000000000233","SDOBHQ_012","SDOBHQ","survey-multi-choice","203","262286","0.0-215.0-0.0","{""Q0"":""¿Alguna vez ha tenido que trabajar el turno de noche por más de un año?""}","{""Q0"":"" Si""}","[0]",""
"","962","SDOBHQ_013","SDOBHQ","survey-text","204","263256","0.0-216.0-0.0-0.0","{""Q0"":""¿Por cuántos años usted trabajo el turno de noche?""}","{""Q0"":""45""}","",""
"[{""page_index"":0,""viewing_time"":796}]","798","instructions_004","SDOBHQ","instructions","205","264058","0.0-217.0-0.0","","","",""
"","947","SDOBHQ_014","SDOBHQ","survey-text","206","265013","0.0-218.0-0.0","{""Q0"":""¿Cuántos niños (incluyéndose a si mismo) vivieron en su hogar la mayor parte del tiempo cuando usted tenia de 0 a 10 años de edad?""}","{""Q0"":""31""}","",""
"","1366.5999999999767","SDOBHQ_015","SDOBHQ","survey-multi-choice","207","266383","0.0-219.0-0.0","{""Q0"":""En la casa donde usted vivió la mayor parte del tiempo los primeros 10 años de su vida, ¿Cuántos libros había aproximadamente? No cuente revistas, periódicos, ni libros escolares.""}","{""Q0"":"" Suficientes para llenar un librero o biblioteca (26 a 100)""}","[0]",""
"","1158.4000000000233","SDOBHQ_016","SDOBHQ","survey-multi-choice","208","267545","0.0-220.0-0.0","{""Q0"":""¿Alguno de sus hermanos(as) o hijos(as) murió antes de que ellos cumplieran 18 años?""}","{""Q0"":"" Si, Sus hermanos(as)""}","[0]",""
"","975","SDOBHQ_017","SDOBHQ","survey-text","209","268529","0.0-221.0-0.0-0.0","{""Q0"":""¿Cuántos hermanos(as) o hijos(as) murieron antes de los 18 años?""}","{""Q0"":""36""}","",""
"","1224.5999999999767","SDOBHQ_018","SDOBHQ","survey-multi-choice","210","269757","0.0-222.0-0.0","{""Q0"":""En los últimos 12 meses, ¿con qué frecuencia se ha contactado con sus seres queridos, con las personas que le importan y con las que se siente cercano/a? Por ejemplo, hablar con amigos por teléfono o internet, visitar amigos o familiares, ir a la iglesia u otras reuniones, tener una conversación con otra persona en su hogar.""}","{""Q0"":"" Menos de una vez a la semana""}","[0]",""
"[{""page_index"":0,""viewing_time"":574}]","575","instructions_005","SDOBHQ","instructions","211","270333","0.0-223.0-0.0","","","",""
"","1007.9000000000233","SDOBHQ_019","SDOBHQ","survey-multi-choice","212","271344","0.0-224.0-0.0","{""Q0"":""¿Creció con alguna figura materna?""}","{""Q0"":"" Si""}","[0]",""
"","984","SDOBHQ_020","SDOBHQ","survey-multi-choice","213","272331","0.0-225.0-0.0-0.0","{""Q0"":""¿Conoce la cantidad de años de escuela que completó su madre?""}","{""Q0"":"" Si""}","[0]",""
"","864","SDOBHQ_021","SDOBHQ","survey-text","214","273200","0.0-226.0-0.0-0.0","{""Q0"":""Indique el número total de años de escuela que completó su MADRE (no cuente los años que no terminó ni los años que haya repetido en la escuela):""}","{""Q0"":""63""}","",""
"","2244.70000000007","SDOBHQ_022","SDOBHQ","survey-multi-select","215","275454","0.0-227.0-0.0-0.0","{""Q0"":""Marque todos los certificados, diplomas, y/o grados de educación que recibió su MADRE:""}","{""Q0"":[""&nbsp;Ella fue a la escuela, pero no terminó ningún nivel, de tal manera que no tiene certificados, diplomas, o grados de educación"",""&nbsp;Educación preescolar (nido, guardería, etc.)"",""&nbsp;Educación secundaria alta, bachillerato, preparatoria, vocacional, media técnica o media humanista""]}","[0]",""
"","1024","SDOBHQ_023","SDOBHQ","survey-text","216","276481","0.0-228.0-0.0-0.0","{""Q0"":""¿Cuál fue el empleo que realizó su MADRE por más tiempo, incluyendo trabajos sin pago y trabajo como ama de casa? Si tuvo dos o más empleos por el mismo periódo de tiempo, por favor considere UNICAMENTE el empleo que requirió el mayor grado de destreza o entrenamiento.""}","{""Q0"":""wWYvJmqgcbRywF1be8KZifwtNcR4isEntqehpGwCCdzGnL0D98TVFB""}","",""
"","1119","SDOBHQ_024","SDOBHQ","survey-text","217","277609","0.0-229.0-0.0-0.0","{""Q0"":""Describa con detalle las principales tareas o actividades que hizo su MADRE para este empleo:""}","{""Q0"":""Y9ogOA2ZgMmQdQUntiOiIA0gQ1Rw0uf5cdK4GsopDxle""}","",""
"","1060.0999999999767","SDOBHQ_025","SDOBHQ","survey-multi-choice","218","278674","0.0-230.0-0.0","{""Q0"":""¿Creció con alguna figura paterna?""}","{""Q0"":"" Si""}","[0]",""
"","1002.7999999999302","SDOBHQ_026","SDOBHQ","survey-multi-choice","219","279681","0.0-231.0-0.0-0.0","{""Q0"":""¿Conoce la cantidad de años de escuela que completó su padre?""}","{""Q0"":"" No""}","[0]",""
"","2055.5","SDOBHQ_028","SDOBHQ","survey-multi-select","220","281745","0.0-233.0-0.0-0.0","{""Q0"":""Marque todos los certificados, diplomas, y/o grados de educación que recibió su PADRE:""}","{""Q0"":[""&nbsp;El fue a la escuela, pero no terminó ningún nivel, de tal manera que no tiene certificados, diplomas, o grados de educación"",""&nbsp;Educación preescolar (nido, guardería, etc.)"",""&nbsp;Educación primaria (escuela primaria)"",""&nbsp;Educación secundaria baja (escuela media)(en el caso de México equivale a tres años después de primaria)"",""&nbsp;Educación secundaria alta, bachillerato, preparatoria, vocacional, media técnica o media humanista""]}","[0]",""
"","1185","SDOBHQ_029","SDOBHQ","survey-text","221","282941","0.0-234.0-0.0-0.0","{""Q0"":""¿Cuál fue el empleo que realizó su PADRE por más tiempo, incluyendo trabajos sin pago y trabajo como amo de casa? Si tuvo dos o más empleos por el mismo periódo de tiempo, por favor considere UNICAMENTE el empleo que requirió el mayor grado de destreza o entrenamiento.""}","{""Q0"":""F9IDhy9OMweJyYxMvAS""}","",""
"","1012","SDOBHQ_030","SDOBHQ","survey-text","222","283958","0.0-235.0-0.0-0.0","{""Q0"":""Describa con detalle las principales tareas o actividades que hizo su PADRE para este empleo:""}","{""Q0"":""qN8TnvOSnIgPatGyVGR3zxDbzd1ycTaREbZ5EOP8MDdMu8ALX4OVxOw767aBzB1AM9zG2TfuFQWk8tTDA7SMgu""}","",""
"","1208.2000000000698","SDOBHQ_031","SDOBHQ","survey-multi-choice","223","285169","0.0-236.0-0.0","{""Q0"":""Durante los primeros 10 años se su vida, ¿Quien fue el principal proveedor económico en su hogar por la mayor cantidad de tiempo?""}","{""Q0"":"" Padre y Madre por igual""}","[0]",""
"","970.5999999999767","SDOBHQ_033","SDOBHQ","survey-multi-choice","224","286144","0.0-238.0-0.0","{""Q0"":""Durante los primeros 10 años de su vida, ¿Usted o alguno de sus hermanos/hermanas tuvieron que dejar la escuela para trabajar para apoyar las necesidades económicas del hogar?""}","{""Q0"":"" No sé""}","[0]",""
"[{""page_index"":0,""viewing_time"":656}]","657","instructions_006","SDOBHQ","instructions","225","286804","0.0-239.0-0.0","","","",""
"","1587.6999999999534","SDOBHQ_034","SDOBHQ","survey-multi-choice","226","288395","0.0-240.0-0.0","{""Q0"":""0 a 10 años de edad"",""Q1"":""35 a 40 años de edad"",""Q2"":""En los últimos 12 meses""}","{""Q0"":"" No"",""Q1"":"" Si"",""Q2"":"" No""}","[0,1,2]",""
"","1848.5999999999767","SDOBHQ_035","SDOBHQ","survey-multi-choice","227","290247","0.0-241.0-0.0","{""Q0"":""0 a 10 años de edad"",""Q1"":""35 a 40 años de edad"",""Q2"":""En los últimos 12 meses""}","{""Q0"":"" Si"",""Q1"":"" Si"",""Q2"":"" No""}","[0,1,2]",""
"","1868.4000000000233","SDOBHQ_036","SDOBHQ","survey-multi-choice","228","292118","0.0-242.0-0.0","{""Q0"":""0 a 10 años de edad"",""Q1"":""35 a 40 años de edad"",""Q2"":""En los últimos 12 meses""}","{""Q0"":"" No"",""Q1"":"" No aplica / Soy menor que este rango de edad"",""Q2"":"" No""}","[0,1,2]",""
"","1797.0999999999767","SDOBHQ_037","SDOBHQ","survey-multi-choice","229","293919","0.0-243.0-0.0","{""Q0"":""0 a 10 años de edad"",""Q1"":""35 a 40 años de edad"",""Q2"":""En los últimos 12 meses""}","{""Q0"":"" No"",""Q1"":"" No aplica / Soy menor que este rango de edad"",""Q2"":"" Si""}","[0,1,2]",""
"","1673.0999999999767","SDOBHQ_038","SDOBHQ","survey-multi-choice","230","295594","0.0-244.0-0.0","{""Q0"":""0 a 10 años de edad"",""Q1"":""35 a 40 años de edad"",""Q2"":""En los últimos 12 meses""}","{""Q0"":"" Si"",""Q1"":"" No aplica / Soy menor que este rango de edad"",""Q2"":"" No""}","[0,1,2]",""
"","1757.8000000000466","SDOBHQ_039","SDOBHQ","survey-multi-choice","231","297356","0.0-245.0-0.0","{""Q0"":""0 a 10 años de edad"",""Q1"":""35 a 40 años de edad"",""Q2"":""En los últimos 12 meses""}","{""Q0"":"" Si"",""Q1"":"" No"",""Q2"":"" Si""}","[0,1,2]",""
"","1590.0999999999767","SDOBHQ_040","SDOBHQ","survey-multi-choice","232","298950","0.0-246.0-0.0","{""Q0"":""0 a 10 años de edad"",""Q1"":""35 a 40 años de edad"",""Q2"":""En los últimos 12 meses""}","{""Q0"":"" No"",""Q1"":"" No aplica / Soy menor que este rango de edad"",""Q2"":"" No""}","[0,1,2]",""
"","1603","SDOBHQ_041","SDOBHQ","survey-multi-choice","233","300557","0.0-247.0-0.0","{""Q0"":""0 a 10 años de edad"",""Q1"":""35 a 40 años de edad"",""Q2"":""En los últimos 12 meses""}","{""Q0"":"" No"",""Q1"":"" No aplica / Soy menor que este rango de edad"",""Q2"":"" No""}","[0,1,2]",""
"","1565","SDOBHQ_042","SDOBHQ","survey-multi-choice","234","302125","0.0-248.0-0.0","{""Q0"":""0 a 10 años de edad"",""Q1"":""35 a 40 años de edad"",""Q2"":""En los últimos 12 meses""}","{""Q0"":"" No"",""Q1"":"" No aplica / Soy menor que este rango de edad"",""Q2"":"" Si""}","[0,1,2]",""
"","1536.7000000000698","SDOBHQ_043","SDOBHQ","survey-multi-choice","235","303664","0.0-249.0-0.0","{""Q0"":""0 a 10 años de edad"",""Q1"":""35 a 40 años de edad"",""Q2"":""En los últimos 12 meses""}","{""Q0"":"" Si"",""Q1"":"" Si"",""Q2"":"" No""}","[0,1,2]",""
"","907.0999999999767","SDOBHQ_044","SDOBHQ","survey-multi-choice","236","304574","0.0-250.0-0.0","{""Q0"":""Entre los 0 a 10 años de edad, díganos si su hogar tenía <b>Televisor</b>""}","{""Q0"":"" No""}","[0]",""
"","994.5999999999767","SDOBHQ_046","SDOBHQ","survey-multi-choice","237","305573","0.0-252.0-0.0","{""Q0"":""Entre los 35 y 40 años de edad, díganos si su hogar tenía <b>Televisor</b>""}","{""Q0"":"" No""}","[0]",""
"","894.0999999999767","SDOBHQ_048","SDOBHQ","survey-multi-choice","238","306470","0.0-254.0-0.0","{""Q0"":""En los últimos 12 meses, díganos si su hogar tenía <b>Televisor</b>""}","{""Q0"":"" No""}","[0]",""
"","908.8000000000466","SDOBHQ_050","SDOBHQ","survey-multi-choice","239","307382","0.0-256.0-0.0","{""Q0"":""Entre los 0 a 10 años de edad, díganos si su hogar tenía <b>Baño (inodoro, taza de baño, letrina, fosa séptica)</b>""}","{""Q0"":"" Si""}","[0]",""
"","876","SDOBHQ_051","SDOBHQ","survey-text","240","308263","0.0-257.0-0.0-0.0","{""Q0"":""Indique la cantidad de Baños (inodoro, taza de baño, letrina, fosa séptica) que tenía:""}","{""Q0"":""60""}","",""
"","990.1000000000931","SDOBHQ_052","SDOBHQ","survey-multi-choice","241","309256","0.0-258.0-0.0","{""Q0"":""Entre los 35 y 40 años de edad, díganos si su hogar tenía <b>Baño (inodoro, taza de baño, letrina, fosa séptica)</b>""}","{""Q0"":"" No""}","[0]",""
"","907.3999999999069","SDOBHQ_054","SDOBHQ","survey-multi-choice","242","310169","0.0-260.0-0.0","{""Q0"":""En los últimos 12 meses, díganos si su hogar tenía <b>Baño (inodoro, taza de baño, letrina, fosa séptica)</b>""}","{""Q0"":"" No""}","[0]",""
"","898.8000000000466","SDOBHQ_056","SDOBHQ","survey-multi-choice","243","311070","0.0-262.0-0.0","{""Q0"":""Entre los 0 a 10 años de edad, díganos si su hogar tenía <b>Automóvil para uso personal o familiar (no considere vehículos de trabajo, como vehículos de taxi, que pudieran utilizarse como vehículo personal o familiar)</b>""}","{""Q0"":"" No""}","[0]",""
"","977.6999999999534","SDOBHQ_058","SDOBHQ","survey-multi-choice","244","312051","0.0-264.0-0.0","{""Q0"":""Entre los 35 y 40 años de edad, díganos si su hogar tenía <b>Automóvil para uso personal o familiar (no considere vehículos de trabajo, como vehículos de taxi, que pudieran utilizarse como vehículo personal o familiar)</b>""}","{""Q0"":"" Si""}","[0]",""
"","877","SDOBHQ_059","SDOBHQ","survey-text","245","312933","0.0-265.0-0.0-0.0","{""Q0"":""Indique la cantidad de Automóviles para uso personal o familiar (no considere vehículos de trabajo, como vehículos de taxi, que pudieran utilizarse como vehículo personal o familiar) que tenía:""}","{""Q0"":""57""}","",""
"","890.0999999999767","SDOBHQ_060","SDOBHQ","survey-multi-choice","246","313825","0.0-266.0-0.0","{""Q0"":""En los últimos 12 meses, díganos si su hogar tenía <b>Automóvil para uso personal o familiar (no considere vehículos de trabajo, como vehículos de taxi, que pudieran utilizarse como vehículo personal o familiar)</b>""}","{""Q0"":"" No""}","[0]",""
"","1015.3999999999069","SDOBHQ_062","SDOBHQ","survey-multi-choice","247","314844","0.0-268.0-0.0","{""Q0"":""Entre los 0 a 10 años de edad, díganos si su hogar tenía <b>Computador(a)</b>""}","{""Q0"":"" Si""}","[0]",""
"","925","SDOBHQ_063","SDOBHQ","survey-text","248","315776","0.0-269.0-0.0-0.0","{""Q0"":""Indique la cantidad de Computadoras que tenía:""}","{""Q0"":""58""}","",""
"","1020.5999999999767","SDOBHQ_064","SDOBHQ","survey-multi-choice","249","316799","0.0-270.0-0.0","{""Q0"":""Entre los 35 y 40 años de edad, díganos si su hogar tenía <b>Computador(a)</b>""}","{""Q0"":"" No aplica / Soy menor que este rango de edad""}","[0]",""
"","899.6999999999534","SDOBHQ_066","SDOBHQ","survey-multi-choice","250","317701","0.0-272.0-0.0","{""Q0"":""En los últimos 12 meses, díganos si su hogar tenía <b>Computador(a)</b>""}","{""Q0"":"" No""}","[0]",""
"","900.5999999999767","SDOBHQ_068","SDOBHQ","survey-multi-choice","251","318605","0.0-274.0-0.0","{""Q0"":""Entre los 0 a 10 años de edad, díganos si su hogar tenía <b>Habitaciones, cuartos, o recámaras para uso personal (habitaciones que se usan sólo para dormir)</b>""}","{""Q0"":"" Si""}","[0]",""
"","900","SDOBHQ_069","SDOBHQ","survey-text","252","319511","0.0-275.0-0.0-0.0","{""Q0"":""Indique la cantidad de Habitaciones, cuartos, o recámaras para uso personal (habitaciones que se usan sólo para dormir) que tenía:""}","{""Q0"":""57""}","",""
"","1017.4000000000233","SDOBHQ_070","SDOBHQ","survey-multi-choice","253","320530","0.0-276.0-0.0","{""Q0"":""Entre los 35 y 40 años de edad, díganos si su hogar tenía <b>Habitaciones, cuartos, o recámaras para uso personal (habitaciones que se usan sólo para dormir)</b>""}","{""Q0"":"" No aplica / Soy menor que este rango de edad""}","[0]",""
"","950.4000000000233","SDOBHQ_072","SDOBHQ","survey-multi-choice","254","321485","0.0-278.0-0.0","{""Q0"":""En los últimos 12 meses, díganos si su hogar tenía <b>Habitaciones, cuartos, o recámaras para uso personal (habitaciones que se usan sólo para dormir)</b>""}","{""Q0"":"" Si""}","[0]",""
"","957","SDOBHQ_073","SDOBHQ","survey-text","255","322451","0.0-279.0-0.0-0.0","{""Q0"":""Indique la cantidad de Habitaciones, cuartos, o recámaras para uso personal (habitaciones que se usan sólo para dormir) que tenía:""}","{""Q0"":""60""}","",""
"[{""page_index"":0,""viewing_time"":876}]","876","instructions_007","SDOBHQ","instructions","256","323330","0.0-280.0-0.0","","","",""
"","989.2000000000698","SDOBHQ_074","SDOBHQ","survey-multi-choice","257","324323","0.0-281.0-0.0","{""Q0"":""A lo largo de su vida, ¿Alguna vez ha sido difícil para su familia cubrir los gastos de sus necesidades básicas como comida, ropa y vivienda?""}","{""Q0"":"" No""}","[0]",""
"","1016.2999999999302","SDOBHQ_076","SDOBHQ","survey-multi-choice","258","325344","0.0-283.0-0.0","{""Q0"":""A lo largo de su vida, ¿Cómo describiría usted las finanzas de su familia al llegar el fin de cada mes?""}","{""Q0"":"" Sobraba dinero para ahorrar""}","[0]",""
"","1874.3000000000466","SDOBHQ_077","SDOBHQ","survey-multi-choice","259","327222","0.0-284.0-0.0","{""Q0"":""Entre los 0 y 10 años de edad"",""Q1"":""Entre los 35 y 40 años de edad"",""Q2"":""En los últimos 12 meses""}","{""Q0"":"" Sobraba dinero para ahorrar"",""Q1"":"" Contaban con lo suficiente para cubrir lo necesario"",""Q2"":"" Contaban con lo suficiente para cubrir lo necesario""}","[0,1,2]",""
"","874.5","SDOBHQ_078","SDOBHQ","survey-multi-choice","260","328099","0.0-285.0-0.0","{""Q0"":""A lo largo de su vida, ¿Alguna vez ha sido difícil para su familia pagar por atención médica?""}","{""Q0"":"" Si""}","[0]",""
"","1922.8999999999069","SDOBHQ_079","SDOBHQ","survey-multi-choice","261","330026","0.0-286.0-0.0-0.0","{""Q0"":""Entre los 0 y 10 años de edad"",""Q1"":""Entre los 35 y 40 años de edad"",""Q2"":""En los últimos 12 meses""}","{""Q0"":"" Algo difícil"",""Q1"":"" Nada difícil"",""Q2"":"" Algo difícil""}","[0,1,2]",""
"","924","SDOBHQ_080","SDOBHQ","survey-multi-choice","262","330953","0.0-287.0-0.0","{""Q0"":""A lo largo de su vida, ¿Alguna vez ha comido menos de lo que usted pensaba debía haber comido debido a que usted o su familia no tenían suficiente dinero para comprar comida?""}","{""Q0"":"" No""}","[0]",""
"","893.7999999999302","SDOBHQ_082","SDOBHQ","survey-multi-choice","263","331850","0.0-289.0-0.0","{""Q0"":""A lo largo de su vida, ¿Alguna vez no pudo comer una comida balanceada o saludable debido a la falta de dinero u otros recursos?""}","{""Q0"":"" Si""}","[0]",""
"","1431.2000000000698","SDOBHQ_083","SDOBHQ","survey-multi-choice","264","333285","0.0-290.0-0.0-0.0","{""Q0"":""Entre los 0 y 10 años de edad"",""Q1"":""Entre los 35 y 40 años de edad"",""Q2"":""En los últimos 12 meses""}","{""Q0"":"" No"",""Q1"":"" No"",""Q2"":"" No""}","[0,1,2]",""
"[{""page_index"":0,""viewing_time"":631}]","631","instructions_008","SDOBHQ","instructions","265","333919","0.0-291.0-0.0","","","",""
"","1330.1999999999534","SDOBHQ_084","SDOBHQ","html-slider-response","266","335252","0.0-292.0-0.0","<div class='justified'>A nivel general ¿Dónde ubicaría usted su hogar durante toda su vida? En base a las instrucciones anteriores, marque la posición de su hogar respecto al resto de hogares de su comunidad a lo largo de su vida.</div></br>","10","","5"
"","794.9000000000233","SDOBHQ_085","SDOBHQ","html-slider-response","267","336050","0.0-293.0-0.0","<div class='justified'>Ahora, ¿Dónde ubicaría usted su hogar específicamente en el periódo de su vida hasta los 10 años de edad? Marque la posición de su hogar en su comunidad durante dicho periódo de vida.</div></br>","3","","5"
"","888.5","SDOBHQ_086","SDOBHQ","html-slider-response","268","336941","0.0-294.0-0.0","<div class='justified'>Ahora, ¿Dónde ubicaría usted su hogar específicamente en el periódo de su vida desde los 35  hasta los 45 años de edad? Marque la posición de su hogar en su comunidad durante dicho periódo de vida.</div></br>","10","","5"
"","972.7000000000698","SDOBHQ_087","SDOBHQ","html-slider-response","269","337917","0.0-295.0-0.0","<div class='justified'>Ahora, pensando en los últimos 12 meses, marque la posición de su hogar respecto al resto de su comunidad.</div></br>","7","","5"
"[{""page_index"":0,""viewing_time"":583}]","583","instructions_009","SDOBHQ","instructions","270","338500","0.0-296.0-0.0","","","",""
"","1184.5999999999767","SDOBHQ_088","SDOBHQ","survey-multi-choice","271","339688","0.0-297.0-0.0","{""Q0"":""Actualmente, ¿Usted realiza algún trabajo con y/o sin pago?""}","{""Q0"":"" No trabajo actualmente porque me jubilé""}","[0]",""
"","2414.100000000093","SDOBHQ_090","SDOBHQ","survey-multi-select","272","342112","0.0-299.0-0.0","{""Q0"":""Actualmente, ¿Cuáles son sus fuentes de ingresos? ¿De qué fuentes recibe dinero? Marque todas las opciones que correspondan.""}","{""Q0"":[""&nbsp;Salario de su trabajo actual"",""&nbsp;Pensión/plan de retiro"",""&nbsp;Renta/s de propiedad/es"",""&nbsp;Dinero/beneficios por discapacidad"",""&nbsp;Apoyo familiar (pareja, hijos, etc.)"",""&nbsp;Dinero que le envían familiares o amigos desde otro país"",""&nbsp;Otro""]}","[0]",""
"","903","SDOBHQ_091","SDOBHQ","survey-text","273","343020","0.0-300.0-0.0-0.0","{""Q0"":""Por favor anote cual es su otra fuente de ingresos:""}","{""Q0"":""J5klckVqvtKLKaWv0HV""}","",""
"","1160.6000000000931","SDOBHQ_092","SDOBHQ","survey-multi-choice","274","344184","0.0-301.0-0.0","{""Q0"":""Aproximadamente, ¿Qué proporción de los ingresos de su hogar se gastan en el costo del alquiler o la hipoteca.""}","{""Q0"":"" Entre dos tercios y la mitad""}","[0]",""
"","1107.4000000001397","SDOBHQ_093","SDOBHQ","survey-multi-choice","275","345295","0.0-302.0-0.0","{""Q0"":""Si su hogar perdiese todas sus fuentes actuales de ingresos (salario, asistencia pública u otros ingresos), ¿Cuánto tiempo podría seguir viviendo en su hogar actual y con los mismos estándares de vida?""}","{""Q0"":"" Menos de 1 mes""}","[0]",""
"[{""page_index"":0,""viewing_time"":702}]","703","instructions_010","SDOBHQ","instructions","276","346000","0.0-303.0-0.0","","","",""
"","1131.1000000000931","SDOBHQ_094","SDOBHQ","survey-multi-select","277","347136","0.0-304.0-0.0","{""Q0"":""¿Qué tipo de seguro de salud o cobertura médica tiene usted? Seleccione todas las opciones que apliquen.""}","{""Q0"":[""&nbsp;Seguro médico privado"",""&nbsp;No sé""]}","[0]",""
"","903.2000000001863","SDOBHQ_095","SDOBHQ","survey-multi-choice","278","348041","0.0-305.0-0.0","{""Q0"":""En los últimos 12 meses, ¿Ha tenido la necesidad de ver a un doctor o médico pero no le fue posible por alguna razón?""}","{""Q0"":"" No""}","[0]",""
"[{""page_index"":0,""viewing_time"":584}]","584","instructions_011","SDOBHQ","instructions","279","348627","0.0-308.0-0.0","","","",""
"","974.6000000000931","SDOBHQ_098","SDOBHQ","survey-multi-choice","280","349604","0.0-309.0-0.0","{""Q0"":""¿Con qué frecuencia su padre o madre, u otro adulto en su hogar, lo hicieron sentirse amado, apoyado, y cuidado?""}","{""Q0"":"" Frecuentemente""}","[0]",""
"","984.0999999998603","SDOBHQ_099","SDOBHQ","survey-multi-choice","281","350591","0.0-310.0-0.0","{""Q0"":""¿Con qué frecuencia su padre o madre, u otro adulto en su hogar, expresó afecto físico hacia usted, como abrazos u otros gestos físicos de calidez y afecto?""}","{""Q0"":"" Frecuentemente""}","[0]",""
"","1117.8999999999069","SDOBHQ_100","SDOBHQ","survey-multi-choice","282","351712","0.0-311.0-0.0","{""Q0"":""¿Con qué frecuencia diría que hubo peleas, discusiones, o gritos entre sus padres?""}","{""Q0"":"" Algunas veces""}","[0]",""
"","1149.8000000000466","SDOBHQ_101","SDOBHQ","survey-multi-choice","283","352864","0.0-312.0-0.0","{""Q0"":""¿Con qué frecuencia diría que hubo peleas, discusiones o gritos entre uno de sus padres y usted?""}","{""Q0"":"" Algunas veces""}","[0]",""
"","980.1999999999534","SDOBHQ_102","SDOBHQ","survey-multi-choice","284","353847","0.0-313.0-0.0","{""Q0"":""¿Con qué frecuencia diría que hubo peleas, discusiones o gritos entre uno de sus padres y uno de sus hermanos/hermanas?""}","{""Q0"":"" Frecuentemente""}","[0]",""
"","1019","SDOBHQ_103","SDOBHQ","survey-multi-choice","285","354869","0.0-314.0-0.0","{""Q0"":""¿Con qué frecuencia diría que hubo peleas, discusiones o gritos entre uno de sus hermanos/hermanas y usted?""}","{""Q0"":"" Nunca""}","[0]",""
"","950","SDOBHQ_104","SDOBHQ","survey-multi-choice","286","355823","0.0-315.0-0.0","{""Q0"":""En su niñez, ¿Vivió con alguien que era un bebedor problemático o alcohólico, o consumía drogas ilegales""}","{""Q0"":"" Frecuentemente""}","[0]",""
"","998.1999999999534","SDOBHQ_105","SDOBHQ","survey-multi-choice","287","356824","0.0-316.0-0.0","{""Q0"":""¿Diría usted que la casa en la que creció estaba bien organizada y administrada?""}","{""Q0"":"" Nunca""}","[0]",""
"","1115.2999999998137","SDOBHQ_106","SDOBHQ","survey-multi-choice","288","357942","0.0-317.0-0.0","{""Q0"":""¿Diría usted que fue descuidado/a durante su niñez, que lo/la dejaron solo/a para valerse por sí mismo/a?""}","{""Q0"":"" Nunca""}","[0]",""
"[{""page_index"":0,""viewing_time"":637}]","637","instructions_012","SDOBHQ","instructions","289","358582","0.0-318.0-0.0","","","",""
"","1042.8000000000466","SDOBHQ_107","SDOBHQ","survey-multi-choice","290","359627","0.0-319.0-0.0","{""Q0"":""¿Usted ha sufrido algún acto de violencia política o represión?""}","{""Q0"":"" Si""}","[0]",""
"","1531.5","SDOBHQ_108","SDOBHQ","survey-multi-select","291","361167","0.0-320.0-0.0-0.0","{""Q0"":""¿Cuándo le sucedió esto?:""}","{""Q0"":[""&nbsp;25 a 34 años de edad"",""&nbsp;35 a 45 años de edad"",""&nbsp;66 hasta hace un año"",""&nbsp;En los últimos 12 meses""]}","[0]",""
"","1066.8000000000466","SDOBHQ_109","SDOBHQ","survey-multi-choice","292","362237","0.0-321.0-0.0","{""Q0"":""¿Alguna vez alguien lo ha asaltado para robarle o tratar de robar sus pertenencias o cosas personales?""}","{""Q0"":"" Si""}","[0]",""
"","1740.8999999999069","SDOBHQ_110","SDOBHQ","survey-multi-select","293","363984","0.0-322.0-0.0-0.0","{""Q0"":""¿Cuándo le sucedió esto?:""}","{""Q0"":[""&nbsp;0 a 10 años de edad"",""&nbsp;25 a 34 años de edad"",""&nbsp;35 a 45 años de edad"",""&nbsp;46 a 65 años de edad"",""&nbsp;66 hasta hace un año"",""&nbsp;En los últimos 12 meses""]}","[0]",""
"","1234.1999999999534","SDOBHQ_111","SDOBHQ","survey-multi-choice","294","365222","0.0-323.0-0.0","{""Q0"":""¿Alguna vez alguien intentó o logró meterse a su casa para robar sus pertenencias?""}","{""Q0"":"" No sé""}","[0]",""
"","1188.3999999999069","SDOBHQ_113","SDOBHQ","survey-multi-choice","295","366413","0.0-325.0-0.0","{""Q0"":""¿Alguna vez estuvo presente durante un desastre “causado por el hombre” (como un choque de trenes, asalto a un banco, o un incendio) donde sintió que usted o sus seres queridos estaban en peligro de muerte o de ser lastimados?""}","{""Q0"":"" Si""}","[0]",""
"","1764.9000000001397","SDOBHQ_114","SDOBHQ","survey-multi-select","296","368189","0.0-326.0-0.0-0.0","{""Q0"":""¿Cuándo le sucedió esto?:""}","{""Q0"":[""&nbsp;0 a 10 años de edad"",""&nbsp;11 a 24 años de edad"",""&nbsp;25 a 34 años de edad"",""&nbsp;35 a 45 años de edad"",""&nbsp;66 hasta hace un año"",""&nbsp;En los últimos 12 meses""]}","[0]",""
"","956.8999999999069","SDOBHQ_115","SDOBHQ","survey-multi-choice","297","369149","0.0-327.0-0.0","{""Q0"":""¿Alguna vez ha estado en alguna situación en la cual sintió que podría morir o ser gravemente herido(a)?""}","{""Q0"":"" No""}","[0]",""
"","999.6999999999534","SDOBHQ_117","SDOBHQ","survey-multi-choice","298","370154","0.0-329.0-0.0","{""Q0"":""Fuera de situaciones laborales o profesionales, ¿Alguna vez vio a alguien gravemente herido o muerto?""}","{""Q0"":"" No""}","[0]",""
"","924.1000000000931","SDOBHQ_119","SDOBHQ","survey-multi-choice","299","371082","0.0-331.0-0.0","{""Q0"":""Fuera de situaciones laborales o profesionales, ¿Alguna vez vio cadáveres (que no haya sido en un funeral) o ha tenido que manipular cadáveres por alguna razón?""}","{""Q0"":"" Si""}","[0]",""
"","1659.1999999999534","SDOBHQ_120","SDOBHQ","survey-multi-select","300","372748","0.0-332.0-0.0-0.0","{""Q0"":""¿Cuándo le sucedió esto?:""}","{""Q0"":[""&nbsp;0 a 10 años de edad"",""&nbsp;11 a 24 años de edad"",""&nbsp;35 a 45 años de edad"",""&nbsp;46 a 65 años de edad"",""&nbsp;66 hasta hace un año"",""&nbsp;En los últimos 12 meses""]}","[0]",""
"[{""page_index"":0,""viewing_time"":577}]","577","instructions_013","SDOBHQ","instructions","301","373327","0.0-333.0-0.0","","","",""
"","948.8000000000466","SDOBHQ_121","SDOBHQ","survey-multi-choice","302","374279","0.0-334.0-0.0","{""Q0"":""¿Conoce usted su identidad étnica o grupo étnico? (ej. Chileno, mapuche, etc..)""}","{""Q0"":"" No pertenezco a ninguna identidad étnica o grupo étnico""}","[0]",""
"","1061.1000000000931","SDOBHQ_123","SDOBHQ","survey-multi-choice","303","375346","0.0-336.0-0.0","{""Q0"":""¿Conoce usted su raza o su grupo racial? (ej. Indígena, mixta, europea, etc)""}","{""Q0"":"" No pertenezco a ninguna raza o su grupo racial""}","[0]",""
"[{""page_index"":0,""viewing_time"":708},{""page_index"":1,""viewing_time"":867}]","1575","instructions_014","SDOBHQ","instructions","304","376924","0.0-338.0-0.0","","","",""
"","971.8000000000466","SDOBHQ_125","SDOBHQ","survey-multi-choice","305","377898","0.0-339.0-0.0","{""Q0"":""¿Alguna vez alguien (incluyendo un familiar o una amistad) le han golpeado, empujado o jalado el pelo?""}","{""Q0"":"" No""}","[0]",""
"","1164.9000000001397","SDOBHQ_129","SDOBHQ","survey-multi-choice","306","379069","0.0-343.0-0.0","{""Q0"":""¿Alguna vez alguien (incluyendo un familiar o una amistad) le atacó utilizando una pistola, cuchillo o alguna otra arma?""}","{""Q0"":"" No sé""}","[0]",""
"","1121.8000000000466","SDOBHQ_133","SDOBHQ","survey-multi-choice","307","380195","0.0-347.0-0.0","{""Q0"":""¿Alguna vez alguien (incluyendo un familiar o una amistad) le ha humillado o se ha burlado de usted?""}","{""Q0"":"" No sé""}","[0]",""
"","962.2999999998137","SDOBHQ_137","SDOBHQ","survey-multi-choice","308","381162","0.0-351.0-0.0","{""Q0"":""¿Alguna vez alguien (incluyendo un familiar o una amistad) le ha prohibido salir o que le visiten?""}","{""Q0"":"" Si""}","[0]",""
"","1661.8000000000466","SDOBHQ_138","SDOBHQ","survey-multi-select","309","382831","0.0-352.0-0.0-0.0","{""Q0"":""¿En qué periódo o periódos de su vida ocurrió esto?""}","{""Q0"":[""&nbsp;0 a 10 años de edad"",""&nbsp;11 a 24 años de edad"",""&nbsp;35 a 45 años de edad"",""&nbsp;46 a 65 años de edad"",""&nbsp;En los últimos 12 meses""]}","[0]",""
"","1596.1999999999534","SDOBHQ_139","SDOBHQ","survey-multi-select","310","384433","0.0-353.0-0.0-0.0","{""Q0"":""¿Qué relación tenía usted con la persona o personas que le trataron así?""}","{""Q0"":[""&nbsp;Otro miembro de la familia"",""&nbsp;Amigo(a)"",""&nbsp;Cuidador(a)""]}","[0]",""
"","1009.3999999999069","SDOBHQ_141","SDOBHQ","survey-multi-choice","311","385446","0.0-355.0-0.0","{""Q0"":""¿Alguna vez alguien (incluyendo un familiar o una amistad) le dejado de proporcionar necesidades básicas como ropa, calzado, o medicamentos que necesite, pese a tener el dinero para proporcionarle estas necesidades?""}","{""Q0"":"" No sé""}","[0]",""
"","920.3999999999069","SDOBHQ_145","SDOBHQ","survey-multi-choice","312","386370","0.0-359.0-0.0","{""Q0"":""¿Alguna vez alguien (incluyendo un familiar o una amistad) ha manejado su dinero sin su permiso?""}","{""Q0"":"" Si""}","[0]",""
"","1893.5999999998603","SDOBHQ_146","SDOBHQ","survey-multi-select","313","388270","0.0-360.0-0.0-0.0","{""Q0"":""¿En qué periódo o periódos de su vida ocurrió esto?""}","{""Q0"":[""&nbsp;0 a 10 años de edad"",""&nbsp;11 a 24 años de edad"",""&nbsp;25 a 34 años de edad"",""&nbsp;35 a 45 años de edad"",""&nbsp;46 a 65 años de edad"",""&nbsp;66 hasta hace un año"",""&nbsp;En los últimos 12 meses""]}","[0]",""
"","1822","SDOBHQ_147","SDOBHQ","survey-multi-select","314","390100","0.0-361.0-0.0-0.0","{""Q0"":""¿Qué relación tenía usted con la persona o personas que le trataron así?""}","{""Q0"":[""&nbsp;Padre, Padrastro-Tutor legal"",""&nbsp;Hijos(as)"",""&nbsp;Otro miembro de la familia"",""&nbsp;Otro""]}","[0]",""
"","994.4000000001397","SDOBHQ_149","SDOBHQ","survey-multi-choice","315","391097","0.0-363.0-0.0","{""Q0"":""¿Alguna vez alguien (incluyendo un familiar o una amistad) le ha presionado para que deje de ser el propietario de su casa o de alguna otra propiedad?""}","{""Q0"":"" Si""}","[0]",""
"","1819.5","SDOBHQ_150","SDOBHQ","survey-multi-select","316","392926","0.0-364.0-0.0-0.0","{""Q0"":""¿En qué periódo o periódos de su vida ocurrió esto?""}","{""Q0"":[""&nbsp;0 a 10 años de edad"",""&nbsp;11 a 24 años de edad"",""&nbsp;25 a 34 años de edad"",""&nbsp;35 a 45 años de edad"",""&nbsp;46 a 65 años de edad"",""&nbsp;66 hasta hace un año"",""&nbsp;En los últimos 12 meses""]}","[0]",""
"","1503.3000000000466","SDOBHQ_151","SDOBHQ","survey-multi-select","317","394438","0.0-365.0-0.0-0.0","{""Q0"":""¿Qué relación tenía usted con la persona o personas que le trataron así?""}","{""Q0"":[""&nbsp;Padre, Padrastro-Tutor legal"",""&nbsp;Hijos(as)""]}","[0]",""
"","966.4000000001397","SDOBHQ_153","SDOBHQ","survey-multi-choice","318","395408","0.0-367.0-0.0","{""Q0"":""¿Alguna vez alguien (incluyendo un familiar o amigos) le ha exigido tener relaciones sexuales, aunque usted no quiera?""}","{""Q0"":"" Si""}","[0]",""
"","1342.8999999999069","SDOBHQ_154","SDOBHQ","survey-multi-select","319","396759","0.0-368.0-0.0-0.0","{""Q0"":""¿En qué periódo o periódos de su vida ocurrió esto?""}","{""Q0"":[""&nbsp;0 a 10 años de edad""]}","[0]",""
"","2016.3999999999069","SDOBHQ_155","SDOBHQ","survey-multi-select","320","398782","0.0-369.0-0.0-0.0","{""Q0"":""¿Qué relación tenía usted con la persona o personas que le trataron así?""}","{""Q0"":[""&nbsp;Madre, Madrastra-Tutora legal"",""&nbsp;Padre, Padrastro-Tutor legal"",""&nbsp;Hijos(as)"",""&nbsp;Otro miembro de la familia"",""&nbsp;Amigo(a)"",""&nbsp;Cuidador(a)"",""&nbsp;Alguien desconocido"",""&nbsp;Otro""]}","[0]",""
"[{""page_index"":0,""viewing_time"":710},{""page_index"":1,""viewing_time"":685}]","1395","instructions_015","SDOBHQ","instructions","321","400179","0.0-371.0-0.0","","","",""
"","999.5","SDOBHQ_157","SDOBHQ","survey-multi-choice","322","401181","0.0-372.0-0.0","{""Q0"":""¿Ha habido momentos en su vida cotidiana en que le trataron con <b>menos</b> cortesía o respeto que otras personas?""}","{""Q0"":"" No sé""}","[0]",""
"","1336.6000000000931","SDOBHQ_173","SDOBHQ","survey-multi-choice","323","402524","0.0-388.0-0.0","{""Q0"":""¿Ha habido momentos en su vida cotidiana en que le trataron con <b>más</b> cortesía o respeto que otras personas?""}","{""Q0"":"" Si""}","[0]",""
"","1832.8000000000466","SDOBHQ_174","SDOBHQ","survey-multi-select","324","404364","0.0-389.0-0.0-0.0","{""Q0"":""¿En qué periódo o periódos de su vida ocurrió esto?""}","{""Q0"":[""&nbsp;0 a 10 años de edad"",""&nbsp;11 a 24 años de edad"",""&nbsp;25 a 34 años de edad"",""&nbsp;35 a 45 años de edad"",""&nbsp;46 a 65 años de edad"",""&nbsp;66 hasta hace un año"",""&nbsp;En los últimos 12 meses""]}","[0]",""
"","1144.3000000000466","SDOBHQ_175","SDOBHQ","survey-multi-choice","325","405512","0.0-390.0-0.0-0.0","{""Q0"":""Entre los 0 y los 10 años: ¿Con qué frecuencia le trataron de esta manera?""}","{""Q0"":"" Algunas veces al mes""}","[0]",""
"","1764.3999999999069","SDOBHQ_176","SDOBHQ","survey-multi-choice","326","407281","0.0-391.0-0.0-0.0","{""Q0"":""Entre los 0 y los 10 años: ¿Cuál o cuales cree usted que fue el principal motivo o causa de estas experiencias?""}","{""Q0"":"" Discapacidad física o mental""}","[0]",""
"","1193.0999999998603","SDOBHQ_177","SDOBHQ","survey-multi-choice","327","408478","0.0-392.0-0.0-0.0","{""Q0"":""Entre los 11 y 24 años de edad: ¿Con qué frecuencia le trataron de esta manera?""}","{""Q0"":"" Casi todos los días""}","[0]",""
"","1823.0999999998603","SDOBHQ_178","SDOBHQ","survey-multi-choice","328","410304","0.0-393.0-0.0-0.0","{""Q0"":""Entre los 11 y 24 años de edad: ¿Cuál o cuales cree usted que fue el principal motivo o causa de estas experiencias?""}","{""Q0"":"" Discapacidad física o mental""}","[0]",""
"","1192.8999999999069","SDOBHQ_179","SDOBHQ","survey-multi-choice","329","411500","0.0-394.0-0.0-0.0","{""Q0"":""Entre los 25 y 34 años de edad: ¿Con qué frecuencia le trataron de esta manera?""}","{""Q0"":"" Menos de una vez al año""}","[0]",""
"","1785.1000000000931","SDOBHQ_180","SDOBHQ","survey-multi-choice","330","413289","0.0-395.0-0.0-0.0","{""Q0"":""Entre los 25 y 34 años de edad: ¿Cuál o cuales cree usted que fue el principal motivo o causa de estas experiencias?""}","{""Q0"":"" Ascendencia, nacionalidad, lugar de origen""}","[0]",""
"","1230","SDOBHQ_181","SDOBHQ","survey-multi-choice","331","414522","0.0-396.0-0.0-0.0","{""Q0"":""Entre los 35 y 45 años de edad: ¿Con qué frecuencia le trataron de esta manera?""}","{""Q0"":"" Algunas veces al mes""}","[0]",""
"","1654.1999999999534","SDOBHQ_182","SDOBHQ","survey-multi-choice","332","416181","0.0-397.0-0.0-0.0","{""Q0"":""Entre los 35 y 45 años de edad: ¿Cuál o cuales cree usted que fue el principal motivo o causa de estas experiencias?""}","{""Q0"":"" Discapacidad física o mental""}","[0]",""
"","1205","SDOBHQ_183","SDOBHQ","survey-multi-choice","333","417389","0.0-398.0-0.0-0.0","{""Q0"":""Entre los 46 y 65 años de edad: ¿Con qué frecuencia le trataron de esta manera?""}","{""Q0"":"" Casi todos los días""}","[0]",""
"","1645.8000000000466","SDOBHQ_184","SDOBHQ","survey-multi-choice","334","419039","0.0-399.0-0.0-0.0","{""Q0"":""Entre los 46 y 65 años de edad: ¿Cuál o cuales cree usted que fue el principal motivo o causa de estas experiencias?""}","{""Q0"":"" Ascendencia, nacionalidad, lugar de origen""}","[0]",""
"","1150.5","SDOBHQ_185","SDOBHQ","survey-multi-choice","335","420192","0.0-400.0-0.0-0.0","{""Q0"":""Desde los 66 hasta hace un año: ¿Con qué frecuencia le trataron de esta manera?""}","{""Q0"":"" Algunas veces al año""}","[0]",""
"","1582.2000000001863","SDOBHQ_186","SDOBHQ","survey-multi-choice","336","421778","0.0-401.0-0.0-0.0","{""Q0"":""Desde los 66 hasta hace un año: ¿Cuál o cuales cree usted que fue el principal motivo o causa de estas experiencias?""}","{""Q0"":"" Ascendencia, nacionalidad, lugar de origen""}","[0]",""
"","1117.8000000000466","SDOBHQ_187","SDOBHQ","survey-multi-choice","337","422899","0.0-402.0-0.0-0.0","{""Q0"":""En los últimos 12 meses: ¿Con qué frecuencia le trataron de esta manera?""}","{""Q0"":"" Algunas veces al año""}","[0]",""
"","1694.8000000000466","SDOBHQ_188","SDOBHQ","survey-multi-choice","338","424598","0.0-403.0-0.0-0.0","{""Q0"":""En los últimos 12 meses: ¿Cuál o cuales cree usted que fue el principal motivo o causa de estas experiencias?""}","{""Q0"":"" Edad""}","[0]",""
