"view_history","rt","trialid","procedure","trial_type","trial_index","time_elapsed","internal_node_id","stimulus","response","question_order"
"[{""page_index"":0,""viewing_time"":820}]","821","Instructions_01","ASSIST","instructions","304","355231","0.0-384.0-0.0","","",""
"","1823.8999999999069","ASSIST_001","ASSIST","survey-multi-select","305","357066","0.0-385.0-0.0","{""Q0"":""Alguna vez en su vida, ¿Ha consumido alguna de las siguientes sustancias sin receta o indicación médica? (en caso de no haber consumido ninguna no seleccione nada).""}","{""Q0"":[""&nbsp;Marihuana"",""&nbsp;Cocaína""]}","[0]"
"","1045.9000000001397","ASSIST_015","ASSIST","survey-multi-choice","306","358117","0.0-387.0-0.0-0.2-0.2-0.2","{""Q0"":""En los últimos tres meses ¿Con qué frecuencia ha consumido Marihuana?""}","{""Q0"":"" Diariamente o casi a diario""}","[0]"
"","1112.3000000000466","ASSIST_016","ASSIST","survey-multi-choice","307","359232","0.0-387.0-0.0-0.2-1.2-0.2","{""Q0"":""En los últimos tres meses, ¿Con qué frecuencia ha tenido fuertes deseos o ansias de consumir Marihuana?""}","{""Q0"":"" 1 o 2 veces""}","[0]"
"","1294.1999999999534","ASSIST_017","ASSIST","survey-multi-choice","308","360531","0.0-387.0-0.0-0.2-2.2-0.2","{""Q0"":""En los últimos tres meses, ¿con que frecuencia ha tenido problemas de salud, sociales, legales o económicos debido al consumo de Marihuana?""}","{""Q0"":"" Diariamente o casi a diario""}","[0]"
"","1228","ASSIST_018","ASSIST","survey-multi-choice","309","361764","0.0-387.0-0.0-0.2-3.2-0.2","{""Q0"":""En los últimos tres meses, ¿con que frecuencia ha tenido problemas para cumplir con sus obligaciones habituales a causa del consumo de Marihuana?""}","{""Q0"":"" Nunca""}","[0]"
"","1312.1999999999534","ASSIST_019","ASSIST","survey-multi-choice","310","363082","0.0-387.0-0.0-0.2-4.2-0.2","{""Q0"":""¿Alguna vez amigos, familiares o alguien más le han mostrado preocupación por su consumo de Marihuana?""}","{""Q0"":"" Sí, en los últimos 3 meses""}","[0]"
"","1169.0999999998603","ASSIST_020","ASSIST","survey-multi-choice","311","364258","0.0-387.0-0.0-0.2-5.2-0.2","{""Q0"":""¿Alguna vez ha intentado controlar, reducir o dejar de consumir Marihuana?""}","{""Q0"":"" No, nunca""}","[0]"
"","1247.0999999998603","ASSIST_021","ASSIST","survey-multi-choice","312","365510","0.0-387.0-0.0-0.3-0.3-0.3","{""Q0"":""En los últimos tres meses ¿Con qué frecuencia ha consumido Cocaína?""}","{""Q0"":"" 1 o 2 veces""}","[0]"
"","1137.6999999999534","ASSIST_022","ASSIST","survey-multi-choice","313","366652","0.0-387.0-0.0-0.3-1.3-0.3","{""Q0"":""En los últimos tres meses, ¿Con qué frecuencia ha tenido fuertes deseos o ansias de consumir Cocaína?""}","{""Q0"":"" Diariamente o casi a diario""}","[0]"
"","1185.3000000000466","ASSIST_023","ASSIST","survey-multi-choice","314","367841","0.0-387.0-0.0-0.3-2.3-0.3","{""Q0"":""En los últimos tres meses, ¿con que frecuencia ha tenido problemas de salud, sociales, legales o económicos debido al consumo de Cocaína?""}","{""Q0"":"" Nunca""}","[0]"
"","1091.3999999999069","ASSIST_024","ASSIST","survey-multi-choice","315","368937","0.0-387.0-0.0-0.3-3.3-0.3","{""Q0"":""En los últimos tres meses, ¿con que frecuencia ha tenido problemas para cumplir con sus obligaciones habituales a causa del consumo de Cocaína?""}","{""Q0"":"" Mensualmente""}","[0]"
"","960.8000000000466","ASSIST_025","ASSIST","survey-multi-choice","316","369902","0.0-387.0-0.0-0.3-4.3-0.3","{""Q0"":""¿Alguna vez amigos, familiares o alguien más le han mostrado preocupación por su consumo de Cocaína?""}","{""Q0"":"" Sí, en los últimos 3 meses""}","[0]"
"","989.3999999999069","ASSIST_026","ASSIST","survey-multi-choice","317","370894","0.0-387.0-0.0-0.3-5.3-0.3","{""Q0"":""¿Alguna vez ha intentado controlar, reducir o dejar de consumir Cocaína?""}","{""Q0"":"" Sí, pero no en los últimos 3 meses""}","[0]"
"","935","ASSIST_051","ASSIST","survey-multi-choice","318","371833","0.0-388.0-0.0","{""Q0"":""¿Alguna vez ha consumido alguna droga por vía inyectada?""}","{""Q0"":"" Sí, pero no en los últimos 3 meses""}","[0]"
