"view_history","rt","trialid","procedure","trial_type","trial_index","time_elapsed","internal_node_id","stimulus","response","question_order"
"[{""page_index"":0,""viewing_time"":359}]","359","Instructions_01","DEBRIEF39","instructions","370","294996","0.0-400.0-0.0","","",""
"","1075.800000000745","DEBRIEF39_01","DEBRIEF39","survey-multi-select","371","296080","0.0-401.0-0.0","{""Q0"":""Esta tarea es muy sencilla, y su única finalidad es excluir robots del estudio. Por favor, selecciona únicamente el número once (menos uno) del siguiente listado""}","{""Q0"":[""10"",""25"",""80""]}","[0]"
"","693","DEBRIEF39_02","DEBRIEF39","survey-multi-choice-vertical","372","296777","0.0-402.0-0.0","{""Q0"":""Por último, es vital para nuestro estudio que solo incluyamos respuestas de personas que dedicaron toda su atención. De lo contrario, se podría perder el esfuerzo de los investigadores y de otros participantes.Indica cuánto esfuerzo pusiste en este estudio. Puse _____ esfuerzo en este estudio""}","{""Q0"":"" bastante""}",""
"","573","DEBRIEF39_03","DEBRIEF39","survey-text","373","297353","0.0-403.0-0.0","{""Q0"":""¡Gracias por tu tiempo y esfuerzo!Si tienes algún comentario o sugerencia con respecto al estudio que acabas de terminar, puedes escribirlo aquí.""}","{""Q0"":""NpZeShex1NgM7ALknRgLPcZsOUCbvKNobJMXvJL1RxvGS""}",""
