"view_history","rt","trialid","procedure","trial_type","trial_index","time_elapsed","internal_node_id","stimulus","response","question_order"
"[{""page_index"":0,""viewing_time"":815}]","816","LASSI38_000","LASSI38","instructions","96","106008","0.0-99.0-0.0","","",""
"","1243.1999999999534","LASSI38_001","LASSI38","survey-multi-choice","97","107255","0.0-100.0-0.0","{""Q0"":""Me preocupa más conseguir un buen trabajo que terminar mis estudios""}","{""Q0"":"" No es una característica muy común en mí""}","[0]"
"","1293.5","LASSI38_002","LASSI38","survey-multi-choice","98","108552","0.0-101.0-0.0","{""Q0"":""Tengo muy claro lo que debo hacer para no fracasar en mis estudios""}","{""Q0"":"" Con frecuencia es una característica mía""}","[0]"
"","1172.5999999999767","LASSI38_003","LASSI38","survey-multi-choice","99","109727","0.0-102.0-0.0","{""Q0"":""La escuela no me prepara para la vida adulta""}","{""Q0"":"" Algo o un poco característico mío""}","[0]"
"","1162.1000000000931","LASSI38_004","LASSI38","survey-multi-choice","100","110891","0.0-103.0-0.0","{""Q0"":""Llevo al día mis tareas escolares o deberes""}","{""Q0"":"" Algo muy característico mío""}","[0]"
"","1098.5","LASSI38_005","LASSI38","survey-multi-choice","101","111993","0.0-104.0-0.0","{""Q0"":""Me he propuesto conseguir buenos resultados al acabar mis estudios""}","{""Q0"":"" Con frecuencia es una característica mía""}","[0]"
"","1124.2999999999302","LASSI38_006","LASSI38","survey-multi-choice","102","113120","0.0-105.0-0.0","{""Q0"":""Cuando lo que tengo que hacer es difícil, lo dejo y hago sólo lo más fácil""}","{""Q0"":"" Algo o un poco característico mío""}","[0]"
"","1319.4000000000233","LASSI38_007","LASSI38","survey-multi-choice","103","114443","0.0-106.0-0.0","{""Q0"":""Antes de ponerme a estudiar planifico cómo lo voy a hacer (cuánto tiempo, qué y en qué orden, dónde, etc.)""}","{""Q0"":"" Algo o un poco característico mío""}","[0]"
"","1271.8000000000466","LASSI38_008","LASSI38","survey-multi-choice","104","115721","0.0-107.0-0.0","{""Q0"":""Cuando me planifico el tiempo para estudiar, casi nunca respeto mi plan""}","{""Q0"":"" Algo o un poco característico mío""}","[0]"
"","1251.7999999999302","LASSI38_009","LASSI38","survey-multi-choice","105","116976","0.0-108.0-0.0","{""Q0"":""Sólo estudio cuando tengo evaluaciones""}","{""Q0"":"" No es una característica muy común en mí""}","[0]"
"","1250.5","LASSI38_010","LASSI38","survey-multi-choice","106","118229","0.0-109.0-0.0","{""Q0"":""Cuando tengo que hacer deberes de clase siempre lo suelo dejar para más tarde""}","{""Q0"":"" Algo muy característico mío""}","[0]"
"","1165.0999999999767","LASSI38_011","LASSI38","survey-multi-choice","107","119398","0.0-110.0-0.0","{""Q0"":""Acabo estudiando con prisas para casi todos los exámenes""}","{""Q0"":"" Con frecuencia es una característica mía""}","[0]"
"","1165.4000000000233","LASSI38_012","LASSI38","survey-multi-choice","108","120566","0.0-111.0-0.0","{""Q0"":""Hago mal las evaluaciones porque no sé organizarme el tiempo de estudio ni de trabajo""}","{""Q0"":"" Algo muy característico mío""}","[0]"
"","1101","LASSI38_013","LASSI38","survey-multi-choice","109","121669","0.0-112.0-0.0","{""Q0"":""Normalmente cuando empiezo a hacer un examen estoy seguro/a de que no tendré ningún problema para aprobar""}","{""Q0"":"" No es una característica muy común en mí""}","[0]"
"","1157.5999999999767","LASSI38_014","LASSI38","survey-multi-choice","110","122829","0.0-113.0-0.0","{""Q0"":""Siento pánico cuando tengo que realizar un examen importante y me pongo tan nervioso que no respondo todo lo que sé""}","{""Q0"":"" Con frecuencia es una característica mía""}","[0]"
"","1118.0999999999767","LASSI38_015","LASSI38","survey-multi-choice","111","123949","0.0-114.0-0.0","{""Q0"":""Me distraigo fácilmente cuando estoy estudiando o haciendo los deberes, sin ningún motivo""}","{""Q0"":"" No es una característica muy común en mí""}","[0]"
"","1132.4000000000233","LASSI38_016","LASSI38","survey-multi-choice","112","125084","0.0-115.0-0.0","{""Q0"":""Procuro aprender las palabras nuevas que van surgiendo cuando estudio""}","{""Q0"":"" No es una característica mía""}","[0]"
"","1111.5","LASSI38_017","LASSI38","survey-multi-choice","113","126199","0.0-116.0-0.0","{""Q0"":""Cuando estudio resumo los temas utilizando mis propias palabras""}","{""Q0"":"" Con frecuencia es una característica mía""}","[0]"
"","1145.6999999999534","LASSI38_018","LASSI38","survey-multi-choice","114","127348","0.0-117.0-0.0","{""Q0"":""Trato de obtener más información sobre lo que estudio para comprenderlo bien""}","{""Q0"":"" No es una característica muy común en mí""}","[0]"
"","1232.2999999999302","LASSI38_019","LASSI38","survey-multi-choice","115","128583","0.0-118.0-0.0","{""Q0"":""Intento relacionar lo que estoy estudiando con lo que ya sé y con mis propias experiencias""}","{""Q0"":"" Con frecuencia es una característica mía""}","[0]"
"","1420","LASSI38_020","LASSI38","survey-multi-choice","116","130007","0.0-119.0-0.0","{""Q0"":""Intento relacionar varias ideas del tema que estoy estudiando""}","{""Q0"":"" No es una característica mía""}","[0]"
"","1111.8000000000466","LASSI38_021","LASSI38","survey-multi-choice","117","131121","0.0-120.0-0.0","{""Q0"":""Cuando estudio distingo perfectamente las ideas principales de las secundarias""}","{""Q0"":"" No es una característica muy común en mí""}","[0]"
"","1140.7999999999302","LASSI38_022","LASSI38","survey-multi-choice","118","132264","0.0-121.0-0.0","{""Q0"":""Me resulta difícil saber cuáles son las ideas principales que debo recordar de un texto""}","{""Q0"":"" No es una característica mía""}","[0]"
"","1207.2999999999302","LASSI38_023","LASSI38","survey-multi-choice","119","133474","0.0-122.0-0.0","{""Q0"":""Cuando realizo algún trabajo escolar, a menudo me pierdo en los detalles y no recuerdo las ideas principales""}","{""Q0"":"" No es una característica muy común en mí""}","[0]"
"","1154.2999999999302","LASSI38_024","LASSI38","survey-multi-choice","120","134631","0.0-123.0-0.0","{""Q0"":""Antes de ponerme a estudiar un tema selecciono las ideas principales""}","{""Q0"":"" Con frecuencia es una característica mía""}","[0]"
"","1143.0999999999767","LASSI38_025","LASSI38","survey-multi-choice","121","135777","0.0-124.0-0.0","{""Q0"":""Cuando estudio utilizo algunas ayudas como subrayar en diferentes colores, o emplear letras en mayúscula para distinguir lo importante de lo que no lo es""}","{""Q0"":"" Algo o un poco característico mío""}","[0]"
"","1123","LASSI38_026","LASSI38","survey-multi-choice","122","136901","0.0-125.0-0.0","{""Q0"":""Cuando estudio trato de aprender tantas cosas como puedo de memoria""}","{""Q0"":"" No es una característica mía""}","[0]"
"","1040.1999999999534","LASSI38_027","LASSI38","survey-multi-choice","123","137943","0.0-126.0-0.0","{""Q0"":""Estudio de forma distinta según sea la asignatura""}","{""Q0"":"" No es una característica mía""}","[0]"
"","1197.0999999999767","LASSI38_028","LASSI38","survey-multi-choice","124","139142","0.0-127.0-0.0","{""Q0"":""Hago resúmenes o esquemas para entender mejor lo que estoy estudiando""}","{""Q0"":"" Con frecuencia es una característica mía""}","[0]"
"","1138.5999999999767","LASSI38_029","LASSI38","survey-multi-choice","125","140283","0.0-128.0-0.0","{""Q0"":""Suelo organizar los apuntes y otros materiales de clase en esquemas, tablas, diagramas o mapas conceptuales""}","{""Q0"":"" Con frecuencia es una característica mía""}","[0]"
"","1261.7000000000698","LASSI38_030","LASSI38","survey-multi-choice","126","141549","0.0-129.0-0.0","{""Q0"":""Utilizo los títulos de los apartados de un tema para encontrar la información que busco""}","{""Q0"":"" No es una característica mía""}","[0]"
"","1137.7999999999302","LASSI38_031","LASSI38","survey-multi-choice","127","142689","0.0-130.0-0.0","{""Q0"":""Cada día después de clase echo un vistazo a mis apuntes para comprobar si he comprendido los contenidos y corregir los errores""}","{""Q0"":"" No es una característica muy común en mí""}","[0]"
"","1091.0999999999767","LASSI38_032","LASSI38","survey-multi-choice","128","143783","0.0-131.0-0.0","{""Q0"":""Cuando estoy estudiando paro con frecuencia para pensar en lo que he leído, y luego lo vuelvo a leer""}","{""Q0"":"" Con frecuencia es una característica mía""}","[0]"
"","1140.5999999999767","LASSI38_033","LASSI38","survey-multi-choice","129","144927","0.0-132.0-0.0","{""Q0"":""Sólo estudio lo que me gusta""}","{""Q0"":"" Algo muy característico mío""}","[0]"
"","1219.2999999999302","LASSI38_034","LASSI38","survey-multi-choice","130","146149","0.0-133.0-0.0","{""Q0"":""Compruebo que sé lo que he estudiado""}","{""Q0"":"" Algo muy característico mío""}","[0]"
"","1143.2000000000698","LASSI38_035","LASSI38","survey-multi-choice","131","147295","0.0-134.0-0.0","{""Q0"":""Tengo problemas para planificar el estudio de un tema, no sé que pasos seguir""}","{""Q0"":"" Con frecuencia es una característica mía""}","[0]"
"","1174.5999999999767","LASSI38_036","LASSI38","survey-multi-choice","132","148472","0.0-135.0-0.0","{""Q0"":""Tengo problemas para entender las preguntas de los exámenes""}","{""Q0"":"" No es una característica muy común en mí""}","[0]"
"","1186.6000000000931","LASSI38_037","LASSI38","survey-multi-choice","133","149661","0.0-136.0-0.0","{""Q0"":""Cuando hago un examen me doy cuenta de lo que he estudiado mal""}","{""Q0"":"" Algo o un poco característico mío""}","[0]"
"","1107.5999999999767","LASSI38_038","LASSI38","survey-multi-choice","134","150771","0.0-137.0-0.0","{""Q0"":""No sé como estudiar algunas asignaturas""}","{""Q0"":"" Con frecuencia es una característica mía""}","[0]"
