"view_history","rt","trialid","procedure","trial_type","trial_index","time_elapsed","internal_node_id","stimulus","slider_start","response"
"[{""page_index"":0,""viewing_time"":477}]","477","Instructions_01","PERMA","instructions","1114","821749","0.0-1131.0-0.0","","",""
"","671.5","PERMA_01","PERMA","html-slider-response","1115","822426","0.0-1132.0-0.0","<div class='justified'>1. En general ¿Con qué frecuencia sientes que estás progresando en alcanzar tus objetivos?</div><br>","4.5","9"
"","572.6999999992549","PERMA_02","PERMA","html-slider-response","1116","823003","0.0-1133.0-0.0","<div class='justified'>2. En general, ¿Con qué frecuencia te sientes absorto(a) (con atención plena) en lo que estás haciendo?</div><br>","4.5","10"
"","541.8000000007451","PERMA_03","PERMA","html-slider-response","1117","823548","0.0-1134.0-0.0","<div class='justified'>3. En general, ¿Con qué frecuencia te sientes contento(a)?</div><br>","4.5","1"
"","577.7000000011176","PERMA_04","PERMA","html-slider-response","1118","824129","0.0-1135.0-0.0","<div class='justified'>4. En general, ¿Con qué frecuencia te sientes ansioso(a)?</div><br>","4.5","9"
"","587.5999999996275","PERMA_05","PERMA","html-slider-response","1119","824721","0.0-1136.0-0.0","<div class='justified'>5. ¿Con qué frecuencia alcanzas las metas que te has fijado?</div><br>","4.5","6"
"","538.2000000011176","PERMA_06","PERMA","html-slider-response","1120","825264","0.0-1137.0-0.0","<div class='justified'>6. En general, ¿Cómo dirías que es tu salud?</div><br>","4.5","4"
"","552.1999999992549","PERMA_07","PERMA","html-slider-response","1121","825821","0.0-1138.0-0.0","<div class='justified'>7. En general, ¿En qué medida sientes que llevas una vida con propósito y sentido?</div><br>","4.5","10"
"","532.1999999992549","PERMA_08","PERMA","html-slider-response","1122","826360","0.0-1139.0-0.0","<div class='justified'>8. ¿En qué medida recibes ayuda y apoyo de otros cuando lo necesitas?</div><br>","4.5","8"
"","558.9000000003725","PERMA_09","PERMA","html-slider-response","1123","826922","0.0-1140.0-0.0","<div class='justified'>9. En general, ¿En qué medida sientes que lo que haces en tu vida es valioso?</div><br>","4.5","2"
"","531.9000000003725","PERMA_10","PERMA","html-slider-response","1124","827457","0.0-1141.0-0.0","<div class='justified'>10. En general, ¿Hasta qué punto te sientes emocionado(a) e interesado(a) por las cosas?</div><br>","4.5","8"
"","619.6999999992549","PERMA_11","PERMA","html-slider-response","1125","828080","0.0-1142.0-0.0","<div class='justified'>11. ¿Qué tan solo te sientes en tu vida diaria?</div><br>","4.5","6"
"","675.4000000003725","PERMA_12","PERMA","html-slider-response","1126","828760","0.0-1143.0-0.0","<div class='justified'>12. ¿Qué tan satisfecho(a) estás con tu estado (salud) físico actual?</div><br>","4.5","7"
"","641.9000000003725","PERMA_13","PERMA","html-slider-response","1127","829405","0.0-1144.0-0.0","<div class='justified'>13. En general, ¿Con qué frecuencia te sientes positivo(a)?</div><br>","4.5","10"
"","566.2000000011176","PERMA_14","PERMA","html-slider-response","1128","829975","0.0-1145.0-0.0","<div class='justified'>14.  En general, ¿Con qué frecuencia te sientes enojado(a)?</div><br>","4.5","3"
"","654.3000000007451","PERMA_15","PERMA","html-slider-response","1129","830633","0.0-1146.0-0.0","<div class='justified'>15. ¿Con qué frecuencia eres capaz de manejar tus responsabilidades?</div><br>","4.5","2"
"","536.5999999996275","PERMA_16","PERMA","html-slider-response","1130","831175","0.0-1147.0-0.0","<div class='justified'>16. En general, ¿Con qué frecuencia te sientes  triste?</div><br>","4.5","3"
"","654.5","PERMA_17","PERMA","html-slider-response","1131","831833","0.0-1148.0-0.0","<div class='justified'>17. ¿Con qué frecuencia pierdes la noción del tiempo haciendo algo que disfrutas?</div><br>","4.5","8"
"","595","PERMA_18","PERMA","html-slider-response","1132","832432","0.0-1149.0-0.0","<div class='justified'>18. En comparación con otras personas de tu misma edad y sexo, ¿Cómo está tu salud?</div><br>","4.5","2"
"","602.1000000014901","PERMA_19","PERMA","html-slider-response","1133","833039","0.0-1150.0-0.0","<div class='justified'>19. ¿Hasta qué punto te sientes querido(a)?</div><br>","4.5","6"
"","670.6999999992549","PERMA_20","PERMA","html-slider-response","1134","833713","0.0-1151.0-0.0","<div class='justified'>20. En general, ¿Hasta qué punto sientes que tienes un propósito en la vida?</div><br>","4.5","4"
"","642.0999999996275","PERMA_21","PERMA","html-slider-response","1135","834358","0.0-1152.0-0.0","<div class='justified'>21. ¿Qué tan satisfecho(a) estás con tus relaciones personales?</div><br>","4.5","8"
"","594.4000000003725","PERMA_22","PERMA","html-slider-response","1136","834956","0.0-1153.0-0.0","<div class='justified'>22. En general, ¿Hasta qué punto te sientes completo(a)?</div><br>","4.5","10"
"","612.3000000007451","PERMA_23","PERMA","html-slider-response","1137","835572","0.0-1154.0-0.0","<div class='justified'>23. Tomando todas las cosas juntas, ¿Qué tan feliz dirías que eres?</div><br>","4.5","2"
