"view_history","rt","trialid","procedure","trial_type","trial_index","time_elapsed","internal_node_id","stimulus","response","question_order"
"[{""page_index"":0,""viewing_time"":725}]","725","SPSI_000","SPSI","instructions","250","290590","0.0-329.0-0.0","","",""
"","1365.5","SPSI_001","SPSI","survey-multi-choice","251","291958","0.0-330.0-0.0","{""Q0"":""Me preocupo demasiado por mi problemas en vez de resolverlos""}","{""Q0"":"" Escasamente""}","[0]"
"","1253.4000000000233","SPSI_002","SPSI","survey-multi-choice","252","293217","0.0-331.0-0.0","{""Q0"":""Me siento temeroso/a cuando tengo problemas importantes""}","{""Q0"":"" Moderadamente""}","[0]"
"","1414.2000000000698","SPSI_003","SPSI","survey-multi-choice","253","294634","0.0-332.0-0.0","{""Q0"":""Cuando tomo decisiones, no examino todas mi opciones""}","{""Q0"":"" Escasamente""}","[0]"
"","1240.3999999999069","SPSI_004","SPSI","survey-multi-choice","254","295877","0.0-333.0-0.0","{""Q0"":""Cuando tomo decisiones, no pienso en los efectos que cada opción puede tener en otras personas""}","{""Q0"":"" Bastante""}","[0]"
"","1179.7999999999302","SPSI_005","SPSI","survey-multi-choice","255","297060","0.0-334.0-0.0","{""Q0"":""Cuando resuelvo problemas, pienso en varias ideas y combino algunas de ellas para encontrar una solución mejor""}","{""Q0"":"" Moderadamente""}","[0]"
"","1237.2000000000698","SPSI_006","SPSI","survey-multi-choice","256","298300","0.0-335.0-0.0","{""Q0"":""Me siento inseguro/a de mi mismo/A cuando tomo decisiones importantes""}","{""Q0"":"" Bastante""}","[0]"
"","1186.7000000000698","SPSI_007","SPSI","survey-multi-choice","257","299491","0.0-336.0-0.0","{""Q0"":""Cuando mi primer intento de resolver un problema fracasa , creo que si no me rindo llegaré a resolverlo""}","{""Q0"":"" Nada en absoluto""}","[0]"
"","1226.1999999999534","SPSI_008","SPSI","survey-multi-choice","258","300720","0.0-337.0-0.0","{""Q0"":""Cuando tengo un problema, hago lo primero que se me ocurre""}","{""Q0"":"" Bastante""}","[0]"
"","1142.3000000000466","SPSI_009","SPSI","survey-multi-choice","259","301865","0.0-338.0-0.0","{""Q0"":""Creo que mis problemas pueden ser solucionados""}","{""Q0"":"" Escasamente""}","[0]"
"","1155.5","SPSI_010","SPSI","survey-multi-choice","260","303024","0.0-339.0-0.0","{""Q0"":""Espero a ver si un problema desaparece antes de intentar resolverlo yo""}","{""Q0"":"" Nada en absoluto""}","[0]"
"","1162.0999999999767","SPSI_011","SPSI","survey-multi-choice","261","304188","0.0-340.0-0.0","{""Q0"":""Cuando resuelvo problemas, trato de encontrar qué es lo que me impide obtener lo que quiero""}","{""Q0"":"" Moderadamente""}","[0]"
"","1186.5999999999767","SPSI_012","SPSI","survey-multi-choice","262","305378","0.0-341.0-0.0","{""Q0"":""Cuando mis primeros intentos de resolver un problema fracasan , me frustro mucho""}","{""Q0"":"" Nada en absoluto""}","[0]"
"","1158.9000000000233","SPSI_013","SPSI","survey-multi-choice","263","306539","0.0-342.0-0.0","{""Q0"":""Dudo que sea capaz de resolver problemas difíciles no importa lo mucho que lo intente""}","{""Q0"":"" Nada en absoluto""}","[0]"
"","1212","SPSI_014","SPSI","survey-multi-choice","264","307754","0.0-343.0-0.0","{""Q0"":""Aplazo el resolver problemas tanto como sea posible""}","{""Q0"":"" Bastante""}","[0]"
"","1193.4000000000233","SPSI_015","SPSI","survey-multi-choice","265","308951","0.0-344.0-0.0","{""Q0"":""No me tomo el tiempo de comprobar si mi solución funcionó""}","{""Q0"":"" Escasamente""}","[0]"
"","1181.7999999999302","SPSI_016","SPSI","survey-multi-choice","266","310136","0.0-345.0-0.0","{""Q0"":""Hago todo lo posible para evitar resolver problemas""}","{""Q0"":"" Nada en absoluto""}","[0]"
"","1141.5","SPSI_017","SPSI","survey-multi-choice","267","311281","0.0-346.0-0.0","{""Q0"":""Los problemas difíciles me hacen sentir mal""}","{""Q0"":"" Bastante""}","[0]"
"","1274.2000000000698","SPSI_018","SPSI","survey-multi-choice","268","312559","0.0-347.0-0.0","{""Q0"":""Cuando resuelvo problemas, intento predecir los pros y los contras de cada opción""}","{""Q0"":"" Escasamente""}","[0]"
"","1204.9000000000233","SPSI_019","SPSI","survey-multi-choice","269","313767","0.0-348.0-0.0","{""Q0"":""Me enfrento a mis problemas tan pronto como sea posible""}","{""Q0"":"" Escasamente""}","[0]"
"","1237.5","SPSI_020","SPSI","survey-multi-choice","270","315008","0.0-349.0-0.0","{""Q0"":""Intento ser creativo y pensar en soluciones originales a los problemas""}","{""Q0"":"" Bastante""}","[0]"
"","1105.0999999999767","SPSI_021","SPSI","survey-multi-choice","271","316118","0.0-350.0-0.0","{""Q0"":""Cuando resuelvo problemas, utilizo la primera idea buena que se me pasa por la cabeza""}","{""Q0"":"" Moderadamente""}","[0]"
"","1184","SPSI_022","SPSI","survey-multi-choice","272","317305","0.0-351.0-0.0","{""Q0"":""Cuando resuelvo problemas, no se me ocurren muchas ideas""}","{""Q0"":"" Escasamente""}","[0]"
"","1195.5999999999767","SPSI_023","SPSI","survey-multi-choice","273","318504","0.0-352.0-0.0","{""Q0"":""Evito los problemas en vez de intentar resolverlos""}","{""Q0"":"" Nada en absoluto""}","[0]"
"","1341.5","SPSI_024","SPSI","survey-multi-choice","274","319850","0.0-353.0-0.0","{""Q0"":""Cuando tomo decisiones , pienso en las consecuencias a corto y a largo plazo de cada opción""}","{""Q0"":"" Escasamente""}","[0]"
"","1458","SPSI_025","SPSI","survey-multi-choice","275","321310","0.0-354.0-0.0","{""Q0"":""Después de llevar a la práctica una solcuión, analizo qué es lo que fue bien y qué es lo que fue mal""}","{""Q0"":"" Moderadamente""}","[0]"
"","1277.7000000000698","SPSI_026","SPSI","survey-multi-choice","276","322590","0.0-355.0-0.0","{""Q0"":""Después de intentar resolver un problema, compruebo si me siento mejor""}","{""Q0"":"" Nada en absoluto""}","[0]"
"","1172.0999999999767","SPSI_027","SPSI","survey-multi-choice","277","323765","0.0-356.0-0.0","{""Q0"":""Practico una solución antes de llevarla a cabo para mejorar mis posibilidades de éxito""}","{""Q0"":"" Escasamente""}","[0]"
"","1187.1999999999534","SPSI_028","SPSI","survey-multi-choice","278","324955","0.0-357.0-0.0","{""Q0"":""Creo que puedo resolver problemas difíciles yo solo si lo intento en serio""}","{""Q0"":"" Escasamente""}","[0]"
"","1241.4000000000233","SPSI_029","SPSI","survey-multi-choice","279","326200","0.0-358.0-0.0","{""Q0"":""Cuando tengo un problema, obtengo tantos datos acerca del mismo como sea posible""}","{""Q0"":"" Bastante""}","[0]"
"","1348.8000000000466","SPSI_030","SPSI","survey-multi-choice","280","327552","0.0-359.0-0.0","{""Q0"":""Aplazo el resolver problemas hasta que es demasiado tarde para hacer nada""}","{""Q0"":"" Completamente""}","[0]"
"","1194.5999999999767","SPSI_031","SPSI","survey-multi-choice","281","328750","0.0-360.0-0.0","{""Q0"":""Gasto más tiempo evitando mis problemas que resolviéndolos""}","{""Q0"":"" Bastante""}","[0]"
"","1167","SPSI_032","SPSI","survey-multi-choice","282","329920","0.0-361.0-0.0","{""Q0"":""Cuando tengo un problema, me altero tanto que no puedo pensar con claridad""}","{""Q0"":"" Escasamente""}","[0]"
"","1232.3999999999069","SPSI_033","SPSI","survey-multi-choice","283","331157","0.0-362.0-0.0","{""Q0"":""Antes de intentar resolver un problema, me marco un objetivo específico para saber exactamente donde voy""}","{""Q0"":"" Bastante""}","[0]"
"","1325.9000000000233","SPSI_034","SPSI","survey-multi-choice","284","332486","0.0-363.0-0.0","{""Q0"":""Cuando tomo decisiones, no me tomo el tiempo necesario para pensar en los pros y contras de cada opcion""}","{""Q0"":"" Completamente""}","[0]"
"","1250","SPSI_035","SPSI","survey-multi-choice","285","333739","0.0-364.0-0.0","{""Q0"":""Cuando fracaso en resolver un problema, intento encontrar qué es lo que falló y vuelvo a intentarlo""}","{""Q0"":"" Completamente""}","[0]"
"","1177.6999999999534","SPSI_036","SPSI","survey-multi-choice","286","334920","0.0-365.0-0.0","{""Q0"":""Odio resolver problemas""}","{""Q0"":"" Bastante""}","[0]"
"","1325.9000000000233","SPSI_037","SPSI","survey-multi-choice","287","336250","0.0-366.0-0.0","{""Q0"":""Después de llevar a la práctica una solución, compruebo hasta qué punto ha mejorado el problema""}","{""Q0"":"" Escasamente""}","[0]"
"","1211.8000000000466","SPSI_038","SPSI","survey-multi-choice","288","337464","0.0-367.0-0.0","{""Q0"":""Intento ver mis problemas como desafíos""}","{""Q0"":"" Escasamente""}","[0]"
"","1177.5","SPSI_039","SPSI","survey-multi-choice","289","338645","0.0-368.0-0.0","{""Q0"":""Cuando resuelvo problemas, se me ocurren muchas opciones""}","{""Q0"":"" Completamente""}","[0]"
"","1591.4000000001397","SPSI_040","SPSI","survey-multi-choice","290","340239","0.0-369.0-0.0","{""Q0"":""Cuando tomo decisiones, sopeso las consecuencias de cada opción""}","{""Q0"":"" Nada en absoluto""}","[0]"
"","1085.8000000000466","SPSI_041","SPSI","survey-multi-choice","291","341327","0.0-370.0-0.0","{""Q0"":""Cuando tengo un problema importante, me deprimo y no hago nada""}","{""Q0"":"" Moderadamente""}","[0]"
"","1088.0999999998603","SPSI_042","SPSI","survey-multi-choice","292","342418","0.0-371.0-0.0","{""Q0"":""Busco a alguien que me ayude a resolver los problemas dificiles.""}","{""Q0"":"" Nada en absoluto""}","[0]"
"","1373.6999999999534","SPSI_043","SPSI","survey-multi-choice","293","343794","0.0-372.0-0.0","{""Q0"":""Cuando tomo decisiones, pienso en los efectos de cada opción en mis sentimientos""}","{""Q0"":"" Escasamente""}","[0]"
"","1179.1000000000931","SPSI_044","SPSI","survey-multi-choice","294","344976","0.0-373.0-0.0","{""Q0"":""Cuando tengo un problema, busco en mi alrededor sus causas""}","{""Q0"":"" Nada en absoluto""}","[0]"
"","1144.1000000000931","SPSI_045","SPSI","survey-multi-choice","295","346123","0.0-374.0-0.0","{""Q0"":""Cuando tomo decisiones, sigo mis corazonadas sin pensar en lo que pueda pasar""}","{""Q0"":"" Completamente""}","[0]"
"","1209.3000000000466","SPSI_046","SPSI","survey-multi-choice","296","347335","0.0-375.0-0.0","{""Q0"":""Cuando tomo decisiones, utilizo un sistema para ayudarme a escoger la mejor opción""}","{""Q0"":"" Escasamente""}","[0]"
"","1214.3000000000466","SPSI_047","SPSI","survey-multi-choice","297","348553","0.0-376.0-0.0","{""Q0"":""Cuando resuelvo un problema, en todo momento intento mantener mi objetivo en mente""}","{""Q0"":"" Bastante""}","[0]"
"","1262.9000000001397","SPSI_048","SPSI","survey-multi-choice","298","349819","0.0-377.0-0.0","{""Q0"":""Miro los problemas desde diferentes ángulos""}","{""Q0"":"" Escasamente""}","[0]"
"","1173.9000000001397","SPSI_049","SPSI","survey-multi-choice","299","350998","0.0-378.0-0.0","{""Q0"":""Cuando no entiendo un problema, intento saber más acerca de él""}","{""Q0"":"" Moderadamente""}","[0]"
"","1145","SPSI_050","SPSI","survey-multi-choice","300","352146","0.0-379.0-0.0","{""Q0"":""Me desanimo y deprimo cuando fracasan mis primeros intentos de resolver un problema""}","{""Q0"":"" Bastante""}","[0]"
"","1181.8000000000466","SPSI_051","SPSI","survey-multi-choice","301","353330","0.0-380.0-0.0","{""Q0"":""No dedico el tiempo necesaro para examinar por que una solucion no funcionó""}","{""Q0"":"" Bastante""}","[0]"
"","1064.8000000000466","SPSI_052","SPSI","survey-multi-choice","302","354398","0.0-381.0-0.0","{""Q0"":""Creo que soy demasiado rápido/a cuando tomo decisiones""}","{""Q0"":"" Moderadamente""}","[0]"
