"view_history","rt","trialid","procedure","trial_type","trial_index","time_elapsed","internal_node_id","stimulus","response"
"[{""page_index"":0,""viewing_time"":545}]","545","Instructions_01","EAR","instructions","437","351150","0.0-472.0-0.0","",""
"","852","EAR_001","EAR","survey-multi-choice-vertical","438","352010","0.0-473.0-0.0","{""Q0"":""Siento que soy una persona digna de aprecio, al menos en igual medida que los demás.""}","{""Q0"":"" En desacuerdo""}"
"","731","EAR_002","EAR","survey-multi-choice-vertical","439","352747","0.0-474.0-0.0","{""Q0"":""Creo que tengo un buen número de cualidades.""}","{""Q0"":"" Muy de acuerdo""}"
"","701","EAR_003","EAR","survey-multi-choice-vertical","440","353453","0.0-475.0-0.0","{""Q0"":""En general, me inclino a pensar que soy un/a fracasado/a.""}","{""Q0"":"" Muy en desacuerdo""}"
"","695","EAR_004","EAR","survey-multi-choice-vertical","441","354154","0.0-476.0-0.0","{""Q0"":""Soy capaz de hacer las cosas tan bien como la mayoría de la gente.""}","{""Q0"":"" En desacuerdo""}"
"","699","EAR_005","EAR","survey-multi-choice-vertical","442","354869","0.0-477.0-0.0","{""Q0"":""Siento que no tengo muchos motivos para sentirme orgulloso/a de mi.""}","{""Q0"":"" En desacuerdo""}"
"","682","EAR_006","EAR","survey-multi-choice-vertical","443","355555","0.0-478.0-0.0","{""Q0"":""Tengo una actitud positiva hacia mí mismo/a.""}","{""Q0"":"" Muy de acuerdo""}"
"","648","EAR_007","EAR","survey-multi-choice-vertical","444","356209","0.0-479.0-0.0","{""Q0"":""En general, estoy satisfecho conmigo mismo/a.""}","{""Q0"":"" De acuerdo""}"
"","683","EAR_008","EAR","survey-multi-choice-vertical","445","356898","0.0-480.0-0.0","{""Q0"":""Desearía valorarme más a mi mismo/a.""}","{""Q0"":"" Muy de acuerdo""}"
"","772","EAR_009","EAR","survey-multi-choice-vertical","446","357676","0.0-481.0-0.0","{""Q0"":""A veces me siento verdaderamente inútil.""}","{""Q0"":"" En desacuerdo""}"
"","724","EAR_010","EAR","survey-multi-choice-vertical","447","358405","0.0-482.0-0.0","{""Q0"":""A veces pienso que no soy bueno/a para nada.""}","{""Q0"":"" En desacuerdo""}"
