"view_history","rt","trialid","procedure","trial_type","trial_index","time_elapsed","internal_node_id","stimulus","response"
"[{""page_index"":0,""viewing_time"":494}]","494","Instructions_01","RSS","instructions","1249","901541","0.0-1304.0-0.0","",""
"","982","RSS_01","RSS","survey-multi-choice-horizontal","1250","902534","0.0-1305.0-0.0","{""Q0"":""1. Siento que soy una persona digna de aprecio, al menos en igual medida que los demás.""}","{""Q0"":""Muy de acuerdo""}"
"","935","RSS_02","RSS","survey-multi-choice-horizontal","1251","903483","0.0-1306.0-0.0","{""Q0"":""2. Creo que tengo un buen número de cualidades.""}","{""Q0"":""Muy de acuerdo""}"
"","759","RSS_03","RSS","survey-multi-choice-horizontal","1252","904254","0.0-1307.0-0.0","{""Q0"":""3. En general, me inclino a pensar que soy un fracasado/a.""}","{""Q0"":""Muy en desacuerdo""}"
"","787","RSS_04","RSS","survey-multi-choice-horizontal","1253","905056","0.0-1308.0-0.0","{""Q0"":""4. Soy capaz de hacer las cosas tan bien como la mayoría de la gente.""}","{""Q0"":""En desacuerdo""}"
"","780","RSS_05","RSS","survey-multi-choice-horizontal","1254","905844","0.0-1309.0-0.0","{""Q0"":""5. Siento que no tengo muchos motivos para sentirme orgulloso/a de mi.""}","{""Q0"":""Muy en desacuerdo""}"
"","869","RSS_06","RSS","survey-multi-choice-horizontal","1255","906725","0.0-1310.0-0.0","{""Q0"":""6. Tengo una actitud positiva hacia mí mismo/a.""}","{""Q0"":""En desacuerdo""}"
"","783","RSS_07","RSS","survey-multi-choice-horizontal","1256","907521","0.0-1311.0-0.0","{""Q0"":""7. En general, estoy satisfecho conmigo mismo/a.""}","{""Q0"":""Muy en desacuerdo""}"
"","1032","RSS_08","RSS","survey-multi-choice-horizontal","1257","908565","0.0-1312.0-0.0","{""Q0"":""8. Desearía valorarme más a mi mismo/a.""}","{""Q0"":""Muy de acuerdo""}"
"","850","RSS_09","RSS","survey-multi-choice-horizontal","1258","909426","0.0-1313.0-0.0","{""Q0"":""9. A veces me siento verdaderamente inútil.""}","{""Q0"":""Muy de acuerdo""}"
"","741","RSS_10","RSS","survey-multi-choice-horizontal","1259","910177","0.0-1314.0-0.0","{""Q0"":""10. A veces pienso que no soy bueno/a para nada.""}","{""Q0"":""De acuerdo""}"
