"view_history","rt","trialid","procedure","trial_type","trial_index","time_elapsed","internal_node_id","stimulus","response"
"[{""page_index"":0,""viewing_time"":811}]","811","Instructions_01","CAS","instructions","91","69126","0.0-108.0-0.0","",""
"","918","CAS_001","CAS","survey-multi-choice-vertical","92","70048","0.0-109.0-0.0","{""Q0"":""Me siento mal cuando pienso en COVID-19.""}","{""Q0"":"" 3 Me sucede mucho""}"
"","791","CAS_002","CAS","survey-multi-choice-vertical","93","70844","0.0-110.0-0.0","{""Q0"":""Siento que se me acelera el corazón cuando leo sobre COVID-19.""}","{""Q0"":"" 1 Casi nunca me sucede""}"
"","685","CAS_003","CAS","survey-multi-choice-vertical","94","71533","0.0-111.0-0.0","{""Q0"":""Me siento ansioso con respecto a COVID-19.""}","{""Q0"":"" 1 Casi nunca me sucede""}"
"","701","CAS_004","CAS","survey-multi-choice-vertical","95","72238","0.0-112.0-0.0","{""Q0"":""Me siento incómodo cuando leo noticias sobre COVID-19.""}","{""Q0"":"" 0 No me sucede""}"
"","725","CAS_005","CAS","survey-multi-choice-vertical","96","72966","0.0-113.0-0.0","{""Q0"":""Me cuesta relajarme cuando pienso en COVID-19.""}","{""Q0"":"" 1 Casi nunca me sucede""}"
"","772","CAS_006","CAS","survey-multi-choice-vertical","97","73742","0.0-114.0-0.0","{""Q0"":""Siento que puedo entrar en pánico cuando me pongo al día sobre COVID-19.""}","{""Q0"":"" 2 A veces me sucede""}"
"","805","CAS_007","CAS","survey-multi-choice-vertical","98","74551","0.0-115.0-0.0","{""Q0"":""Tengo miedo de infectarme con COVID-19.""}","{""Q0"":"" 1 Casi nunca me sucede""}"
