"view_history","rt","trialid","procedure","trial_type","trial_index","time_elapsed","internal_node_id","stimulus","slider_start","response"
"[{""page_index"":0,""viewing_time"":562}]","562","Instructions_01","ESV","instructions","547","431844","0.0-587.0-0.0","","",""
"","651.9000000003725","ESV_01","ESV","html-slider-response","548","432499","0.0-588.0-0.0","<div class='justified'>¿Cuál fue la intensidad de la interacción con la persona con Alzheimer?</div>","4","0"
"","530.9000000003725","ESV_02","ESV","html-slider-response","549","433034","0.0-589.0-0.0","<div class='justified'>¿Cuál fue la emoción que sentió durante la interacción con la persona con Alzheimer?</div>","4","5"
"","620.0999999996275","ESV_03","ESV","html-slider-response","550","433658","0.0-590.0-0.0","<div class='justified'>Considerando la compasión como la sensación de cariño, apertura y calidez hacia la otra persona.<br>Durante la interacción, ¿sentí compasión?</div>","4","3"
"","639.6999999992549","ESV_04","ESV","html-slider-response","551","434301","0.0-591.0-0.0","<div class='justified'>Considerando la angustia como la sensación de incomodidad o sufrimiento propio al interactuar con el otro.<br> Durante la interacción, ¿sentí angustia?</div>","4","6"
"","559.2999999988824","ESV_05","ESV","html-slider-response","552","434863","0.0-592.0-0.0","<div class='justified'>Durante la interacción, ¿sentí frío/distancia con el otro?</div>","4","7"
