"stimulus","rt","response","trialid","procedure","trial_type","trial_index","time_elapsed","internal_node_id"
"{""Q0"":""¿Desea Ud. Recibir un breve informe acerca de sus respuestas en esta investigación?""}","1012","{""Q0"":"" Si, deseo recibir el informe""}","Report_001","Report","survey-multi-choice-vertical","1318","954988","0.0-1349.0-0.0"
"{""Q0"":""Indique nombre o alias que desee que aparezca personalizado en el informe.""}","663","{""Q0"":""ULeaz""}","Report_001_1","Report","survey-text","1319","955656","0.0-1350.0-0.0-0.0"
"{""Q0"":""Indique el correo donde se enviará el informe.""}","688.7000000011176","{""Q0"":""hdszK@gmail.com""}","Report_001_2","Report","survey-html-form","1320","956350","0.0-1351.0-0.0-0.0"
"{""Q0"":""¿Está de acuerdo con que guardemos sus datos de contacto, nombre, edad y mail, para que podamos contactarlo en el futuro para otras investigaciones? Esto no afectará su participación en el presente estudio.""}","671","{""Q0"":"" Si, acepto ser contactado en el futuro""}","Report_002","Report","survey-multi-choice-vertical","1321","957028","0.0-1352.0-0.0"
