"view_history","rt","trialid","procedure","trial_type","trial_index","time_elapsed","internal_node_id","stimulus","response"
"[{""page_index"":0,""viewing_time"":848}]","848","Instructions_01","RTS","instructions","1287","931413","0.0-1317.0-0.0","",""
"","682","RTS_01","RTS","survey-multi-choice-vertical","1288","932102","0.0-1318.0-0.0","{""Q0"":""1. Los horóscopos tienen razón con demasiada frecuencia para que sea una coincidencia.""}","{""Q0"":"" Falso""}"
"","675","RTS_02","RTS","survey-multi-choice-vertical","1289","932785","0.0-1319.0-0.0","{""Q0"":""2. A veces realizo ciertos pequeños rituales para alejarme de las influencias negativas.""}","{""Q0"":"" Falso""}"
"","663","RTS_03","RTS","survey-multi-choice-vertical","1290","933456","0.0-1320.0-0.0","{""Q0"":""3. He experimentado un estado alterado de conciencia en el que sentí que me volví cósmicamente iluminado.""}","{""Q0"":"" Falso""}"
"","712","RTS_04","RTS","survey-multi-choice-vertical","1291","934177","0.0-1321.0-0.0","{""Q0"":""4. En la actualidad, soy muy bueno imaginando y haciendo cosas.""}","{""Q0"":"" Verdadero""}"
"","684","RTS_05","RTS","survey-multi-choice-vertical","1292","934867","0.0-1322.0-0.0","{""Q0"":""5. He sentido que había recibido una sabiduría especial, para ser comunicada al resto de la humanidad.""}","{""Q0"":"" Verdadero""}"
"","683","RTS_06","RTS","survey-multi-choice-vertical","1293","935562","0.0-1323.0-0.0","{""Q0"":""6. A veces me he comportado de una manera mucho más impulsiva y/o desinhibida que de costumbre.""}","{""Q0"":"" Verdadero""}"
"","697","RTS_07","RTS","survey-multi-choice-vertical","1294","936268","0.0-1324.0-0.0","{""Q0"":""7. Me fascinan las nuevas ideas, tengan o no un valor práctico.""}","{""Q0"":"" Falso""}"
"","646","RTS_08","RTS","survey-multi-choice-vertical","1295","936921","0.0-1325.0-0.0","{""Q0"":""8. A veces he sentido una presencia maligna a mi alrededor, aunque no pude verla.""}","{""Q0"":"" Verdadero""}"
"","673","RTS_09","RTS","survey-multi-choice-vertical","1296","937601","0.0-1326.0-0.0","{""Q0"":""9. Mis pensamientos a veces han llegado tan rápido que no podía escribirlos todos lo suficientemente rápido.""}","{""Q0"":"" Falso""}"
"","601","RTS_10","RTS","survey-multi-choice-vertical","1297","938212","0.0-1327.0-0.0","{""Q0"":""10. Si ya no pudiera fingir, no sería yo, no sería la misma persona.""}","{""Q0"":"" Verdadero""}"
"","632","RTS_11","RTS","survey-multi-choice-vertical","1298","938851","0.0-1328.0-0.0","{""Q0"":""11. A veces experimento cosas como si fueran doblemente reales.""}","{""Q0"":"" Falso""}"
"","674","RTS_12","RTS","survey-multi-choice-vertical","1299","939531","0.0-1329.0-0.0","{""Q0"":""12. A veces es posible para mí estar completamente inmerso en la naturaleza o en el arte y sentir como si todo mi estado de conciencia se hubiera alterado temporalmente de alguna manera.""}","{""Q0"":"" Verdadero""}"
"","678","RTS_13","RTS","survey-multi-choice-vertical","1300","940215","0.0-1330.0-0.0","{""Q0"":""13. A menudo tengo un día en que las luces en espacios interiores parecen tan brillantes que me molestan los ojos.""}","{""Q0"":"" Verdadero""}"
"","763","RTS_14","RTS","survey-multi-choice-vertical","1301","940986","0.0-1331.0-0.0","{""Q0"":""14. Estoy convencido de que he tenido al menos una experiencia de telepatía entre otra persona y yo.""}","{""Q0"":"" Verdadero""}"
"","622","RTS_15","RTS","survey-multi-choice-vertical","1302","941616","0.0-1332.0-0.0","{""Q0"":""15. Estoy convencido de que soy psíquico.""}","{""Q0"":"" Verdadero""}"
"","617","RTS_16","RTS","survey-multi-choice-vertical","1303","942242","0.0-1333.0-0.0","{""Q0"":""16. He experimentado un estado alterado de conciencia que creo que transformó por completo (de manera positiva) la forma en que me miraba a mí mismo.""}","{""Q0"":"" Verdadero""}"
"","641","RTS_17","RTS","survey-multi-choice-vertical","1304","942889","0.0-1334.0-0.0","{""Q0"":""17. Estoy convencido de que he tenido un presentimiento sobre el futuro que se hizo realidad y que (creo) no fue solo una coincidencia.""}","{""Q0"":"" Falso""}"
"","615","RTS_18","RTS","survey-multi-choice-vertical","1305","943511","0.0-1335.0-0.0","{""Q0"":""18. Creo que realmente sé lo que algunas personas quieren decir cuando hablan de experiencias místicas.""}","{""Q0"":"" Verdadero""}"
"","677","RTS_19","RTS","survey-multi-choice-vertical","1306","944194","0.0-1336.0-0.0","{""Q0"":""19. He pasado por momentos en los que los olores parecían más fuertes y abrumadores de lo habitual.""}","{""Q0"":"" Falso""}"
"","656","RTS_20","RTS","survey-multi-choice-vertical","1307","944856","0.0-1337.0-0.0","{""Q0"":""20. Puedo sentir claramente de nuevo (revivir) en mi imaginación cosas tales como: la sensación de una suave brisa, arena cálida bajo los pies descalzos, la suavidad del pelaje, la hierba fresca, el calor del sol y el olor a hierba recién cortada.""}","{""Q0"":"" Verdadero""}"
"","647","RTS_21","RTS","survey-multi-choice-vertical","1308","945511","0.0-1338.0-0.0","{""Q0"":""21. Una persona debe tratar de comprender sus sueños y dejarse guiar por ellos o recibir advertencias de ellos.""}","{""Q0"":"" Falso""}"
"","636","RTS_22","RTS","survey-multi-choice-vertical","1309","946152","0.0-1339.0-0.0","{""Q0"":""22. Mientras escucho mi música favorita, además de sentirme tranquilo, relajado, feliz, etc., a menudo tengo un sentimiento de unidad con la música, o de estar en otro lugar o tiempo, o de recordar vívidamente el pasado. ""}","{""Q0"":"" Verdadero""}"
"","623","RTS_23","RTS","survey-multi-choice-vertical","1310","946782","0.0-1340.0-0.0","{""Q0"":""23. A veces siento de alguna manera la presencia de alguien que no está físicamente allí.""}","{""Q0"":"" Verdadero""}"
"","655","RTS_24","RTS","survey-multi-choice-vertical","1311","947443","0.0-1341.0-0.0","{""Q0"":""24. Estoy convencido de que es posible obtener información sobre los pensamientos, sentimientos o circunstancias de otra persona, de una manera que no depende de la predicción racional o de los canales sensoriales normales.""}","{""Q0"":"" Falso""}"
"","727","RTS_25","RTS","survey-multi-choice-vertical","1312","948177","0.0-1342.0-0.0","{""Q0"":""25. Durante varios días seguidos he tenido una conciencia tan elevada de las imágenes y los sonidos que no puedo ignorarlos.""}","{""Q0"":"" Falso""}"
"","723","RTS_26","RTS","survey-multi-choice-vertical","1313","948906","0.0-1343.0-0.0","{""Q0"":""26. A veces tengo la sensación de ganar o perder energía cuando ciertas personas me miran o me tocan.""}","{""Q0"":"" Verdadero""}"
"","766","RTS_27","RTS","survey-multi-choice-vertical","1314","949678","0.0-1344.0-0.0","{""Q0"":""27. Ahora que soy mayor, todavía creo de alguna manera en seres como elfos, brujas, duendes, hadas, etc.""}","{""Q0"":"" Falso""}"
"","633","RTS_28","RTS","survey-multi-choice-vertical","1315","950317","0.0-1345.0-0.0","{""Q0"":""28. A veces la gente piensa que soy un poco raro porque mis ideas son muy novedosas.""}","{""Q0"":"" Verdadero""}"
"","690","RTS_29","RTS","survey-multi-choice-vertical","1316","951014","0.0-1346.0-0.0","{""Q0"":""29. Cuando escucho música de órgano u otra música potente, a veces siento como si me elevaran en el aire.""}","{""Q0"":"" Falso""}"
