"view_history","rt","trialid","procedure","trial_type","trial_index","time_elapsed","internal_node_id","stimulus","slider_start","response"
"[{""page_index"":0,""viewing_time"":533}]","533","Instructions_01","PWb","instructions","1166","852953","0.0-1219.0-0.0","","",""
"","745.2000000011176","PWb_01","PWb","html-slider-response","1167","853711","0.0-1220.0-0.0","<div class='justified'>1.- Cuando repaso la historia de mi vida estoy contento/a con cómo han resultado las cosas.</div></br>","3","1"
"","640.5","PWb_02","PWb","html-slider-response","1168","854356","0.0-1221.0-0.0","<div class='justified'>2.- A menudo me siento solo/a porque tengo pocos amigos íntimos con quien compartir mis preocupaciones.</div></br>","3","6"
"","663.1999999992549","PWb_03","PWb","html-slider-response","1169","855024","0.0-1222.0-0.0","<div class='justified'>3.- No tengo miedo de expresar mis opiniones, incluso cuando son opuestas a las opiniones de la mayoría de la gente.</div></br>","3","5"
"","618.7999999988824","PWb_04","PWb","html-slider-response","1170","855648","0.0-1223.0-0.0","<div class='justified'>4.- Me preocupa cómo otra gente evalúa las elecciones que he hecho en mi vida.</div></br>","3","1"
"","743.9000000003725","PWb_05","PWb","html-slider-response","1171","856397","0.0-1224.0-0.0","<div class='justified'>5.- Me resulta difícil dirigir mi vida hacia un camino que me satisfaga.</div></br>","3","5"
"","694.5999999996275","PWb_06","PWb","html-slider-response","1172","857104","0.0-1225.0-0.0","<div class='justified'>6.- Disfruto haciendo planes para el futuro y trabajar para hacerlos realidad.</div></br>","3","4"
"","550.9000000003725","PWb_07","PWb","html-slider-response","1173","857658","0.0-1226.0-0.0","<div class='justified'>7.- En general, me siento seguro/a y positivo/a conmigo mismo/a.</div></br>","3","1"
"","604.7999999988824","PWb_08","PWb","html-slider-response","1174","858268","0.0-1227.0-0.0","<div class='justified'>8.- No tengo muchas personas que quieran escucharme cuando necesito hablar.</div></br>","3","6"
"","591.5","PWb_09","PWb","html-slider-response","1175","858862","0.0-1228.0-0.0","<div class='justified'>9.- Tiendo a preocuparme sobre lo que otra gente piensa de mí.</div></br>","3","3"
"","636","PWb_10","PWb","html-slider-response","1176","859502","0.0-1229.0-0.0","<div class='justified'>10.- Me juzgo por lo que yo creo que es importante, no por los valores que otros piensan que son importantes.</div></br>","3","1"
"","646.6999999992549","PWb_11","PWb","html-slider-response","1177","860154","0.0-1230.0-0.0","<div class='justified'>11.- He sido capaz de construir un hogar y un modo de vida a mi gusto.</div></br>","3","3"
"","647.4000000003725","PWb_12","PWb","html-slider-response","1178","860806","0.0-1231.0-0.0","<div class='justified'>12.- Soy una persona activa al realizar los proyectos que propuse para mí mismo/a.</div></br>","3","4"
"","570.1999999992549","PWb_13","PWb","html-slider-response","1179","861380","0.0-1232.0-0.0","<div class='justified'>13.- Si tuviera oportunidad, hay muchas cosas de mi mismo/a que cambiaría.</div></br>","3","4"
"","549.6999999992549","PWb_14","PWb","html-slider-response","1180","861934","0.0-1233.0-0.0","<div class='justified'>14.- Siento que mis amistades me aportan muchas cosas.</div></br>","3","4"
"","587.2999999988824","PWb_15","PWb","html-slider-response","1181","862526","0.0-1234.0-0.0","<div class='justified'>15.- Tiendo a estar influenciado/a por la gente con fuertes convicciones.</div></br>","3","1"
"","536.3999999985099","PWb_16","PWb","html-slider-response","1182","863067","0.0-1235.0-0.0","<div class='justified'>16.- En general, siento que soy responsable de la situación en la que vivo.</div></br>","3","3"
"","649.3999999985099","PWb_17","PWb","html-slider-response","1183","863721","0.0-1236.0-0.0","<div class='justified'>17.- Me siento bien cuando pienso en lo que he hecho en el pasado y lo que espero hacer en el futuro.</div></br>","3","5"
"","575.5","PWb_18","PWb","html-slider-response","1184","864301","0.0-1237.0-0.0","<div class='justified'>18.- Mis objetivos en la vida han sido más una fuente de satisfacción que de frustración para mí.</div></br>","3","6"
"","789.2000000011176","PWb_19","PWb","html-slider-response","1185","865094","0.0-1238.0-0.0","<div class='justified'>19.- Me gusta la mayor parte de los aspectos de mi personalidad.</div></br>","3","1"
"","546.7000000011176","PWb_20","PWb","html-slider-response","1186","865644","0.0-1239.0-0.0","<div class='justified'>20.- Me parece que la mayoría de las personas tienen más amigos que yo.</div></br>","3","2"
"","555.5999999996275","PWb_21","PWb","html-slider-response","1187","866203","0.0-1240.0-0.0","<div class='justified'>21.- Tengo confianza en mis opiniones incluso si son contrarias al consenso general.</div></br>","3","5"
"","521.5","PWb_22","PWb","html-slider-response","1188","866729","0.0-1241.0-0.0","<div class='justified'>22.- Las demandas de la vida diaria a menudo me deprimen.</div></br>","3","6"
"","550.0999999996275","PWb_23","PWb","html-slider-response","1189","867284","0.0-1242.0-0.0","<div class='justified'>23.- Tengo clara la dirección y el objetivo de mi vida.</div></br>","3","6"
"","547.2000000011176","PWb_24","PWb","html-slider-response","1190","867835","0.0-1243.0-0.0","<div class='justified'>24.- En general, con el tiempo siento que sigo aprendiendo más sobre mí mismo/a.</div></br>","3","5"
"","550.1000000014901","PWb_25","PWb","html-slider-response","1191","868389","0.0-1244.0-0.0","<div class='justified'>25.- En muchos aspectos, me siento decepcionado/a de mis logros en la vida.</div></br>","3","5"
"","532.0999999996275","PWb_26","PWb","html-slider-response","1192","868925","0.0-1245.0-0.0","<div class='justified'>26.- No he experimentado muchas relaciones cercanas y de confianza.</div></br>","3","6"
"","553","PWb_27","PWb","html-slider-response","1193","869481","0.0-1246.0-0.0","<div class='justified'>27.- Es difícil para mí expresar mis propias opiniones en asuntos polémicos.</div></br>","3","1"
"","545.6999999992549","PWb_28","PWb","html-slider-response","1194","870030","0.0-1247.0-0.0","<div class='justified'>28.- Soy bastante bueno/a manejando muchas de mis responsabilidades en la vida diaria.</div></br>","3","4"
"","569.6999999992549","PWb_29","PWb","html-slider-response","1195","870604","0.0-1248.0-0.0","<div class='justified'>29.- No tengo claro qué es lo que intento conseguir en la vida.</div></br>","3","4"
"","560.1999999992549","PWb_30","PWb","html-slider-response","1196","871167","0.0-1249.0-0.0","<div class='justified'>30.- Hace mucho tiempo que dejé de intentar hacer grandes mejoras o cambios en mi vida.</div></br>","3","6"
"","565.7999999988824","PWb_31","PWb","html-slider-response","1197","871737","0.0-1250.0-0.0","<div class='justified'>31.- En su mayor parte, me siento orgulloso/a de quien soy y la vida que llevo.</div></br>","3","6"
"","590.3000000007451","PWb_32","PWb","html-slider-response","1198","872330","0.0-1251.0-0.0","<div class='justified'>32.- Sé que puedo confiar en mis amigos, y ellos saben que pueden confiar en mí.</div></br>","3","1"
"","611","PWb_33","PWb","html-slider-response","1199","872945","0.0-1252.0-0.0","<div class='justified'>33.- A menudo cambio mis decisiones si mis amigos o mi familia están en desacuerdo.</div></br>","3","1"
"","602","PWb_34","PWb","html-slider-response","1200","873551","0.0-1253.0-0.0","<div class='justified'>34.- No quiero intentar nuevas formas de hacer las cosas; mi vida está bien como está.</div></br>","3","2"
"","583","PWb_35","PWb","html-slider-response","1201","874138","0.0-1254.0-0.0","<div class='justified'>35.- Pienso que es importante tener nuevas experiencias que desafíen lo que uno piensa sobre si mismo/a y sobre el mundo.</div></br>","3","2"
"","602.5","PWb_36","PWb","html-slider-response","1202","874745","0.0-1255.0-0.0","<div class='justified'>36.- Cuando pienso en ello, realmente con los años no he mejorado mucho como persona.</div></br>","3","6"
"","599.7999999988824","PWb_37","PWb","html-slider-response","1203","875349","0.0-1256.0-0.0","<div class='justified'>37.- Tengo la sensación de que con el tiempo me he desarrollado mucho como persona.</div></br>","3","3"
"","588.2000000011176","PWb_38","PWb","html-slider-response","1204","875942","0.0-1257.0-0.0","<div class='justified'>38.- Para mí, la vida ha sido un proceso continuo de estudio, cambio y crecimiento.</div></br>","3","6"
"","711.3999999985099","PWb_39","PWb","html-slider-response","1205","876658","0.0-1258.0-0.0","<div class='justified'>39.- Si me sintiera infeliz con mi situación de vida daría los pasos más eficaces para cambiarla</div></br>","3","4"
