"view_history","rt","trialid","procedure","trial_type","trial_index","time_elapsed","internal_node_id","stimulus","response"
"[{""page_index"":0,""viewing_time"":487}]","488","Instructions_01","CMApre","instructions","129","96817","0.0-145.0-0.0","",""
"","1199","CMApre_01","CMApre","survey-multi-choice-vertical","130","98024","0.0-146.0-0.0","{""Q0"":""First, how would you rate your memory at the present time?""}","{""Q0"":"" Very good""}"
"","672","CMApre_02","CMApre","survey-multi-choice-vertical","131","98701","0.0-147.0-0.0","{""Q0"":""Compared to two years ago, would you say your memory is better now, about the same, or worse now than it was then?""}","{""Q0"":"" Same""}"
"[{""page_index"":0,""viewing_time"":319}]","319","CMApre_03","CMApre","instructions","132","99022","0.0-148.0-0.0","",""
"[{""page_index"":0,""viewing_time"":449}]","450","CMApre_04","CMApre","instructions","133","99475","0.0-149.0-0.0","[""Woman"",""Rock"",""Blood"",""Corner"",""Shoes"",""Letter"",""Girl"",""House"",""Valley"",""Engine""]",""
