"view_history","rt","trialid","procedure","trial_type","trial_index","time_elapsed","internal_node_id","stimulus","slider_start","response"
"[{""page_index"":0,""viewing_time"":512}]","512","Instructions_01","SBS","instructions","1346","974925","0.0-1380.0-0.0","","",""
"","655","SBS_01","SBS","html-slider-response","1347","975585","0.0-1381.0-0.0","<div class='justified'>1. Existe un Dios todopoderoso, omnisciente y amoroso.</div></br>","0","3"
"","631.7999999988824","SBS_02","SBS","html-slider-response","1348","976220","0.0-1382.0-0.0","<div class='justified'>2. Existe un ser espiritual espiritual maligno, a quien podríamos llamar el Diablo.</div></br>","0","0"
"","598","SBS_03","SBS","html-slider-response","1349","976822","0.0-1383.0-0.0","<div class='justified'>3. Existen buenos seres espirituales personales, a quienes podríamos llamar ángeles.</div></br>","0","1"
"","567.3000000007451","SBS_04","SBS","html-slider-response","1350","977392","0.0-1384.0-0.0","<div class='justified'>4. Existen seres espirituales personales malvados, a quienes podríamos llamar demonios.</div></br>","0","4"
"","614.2999999988824","SBS_05","SBS","html-slider-response","1351","978011","0.0-1385.0-0.0","<div class='justified'>5. Los seres humanos tienen almas inmateriales e inmortales.</div></br>","0","-4"
"","588","SBS_06","SBS","html-slider-response","1352","978604","0.0-1386.0-0.0","<div class='justified'>6. Hay un reino espiritual además del físico.</div></br>","0","1"
"","707.1000000014901","SBS_07","SBS","html-slider-response","1353","979316","0.0-1387.0-0.0","<div class='justified'>7. Algunas personas irán al cielo cuando mueran.</div></br>","0","-1"
"","622.3000000007451","SBS_08","SBS","html-slider-response","1354","979943","0.0-1388.0-0.0","<div class='justified'>8. Algunas personas irán al infierno cuando mueran.</div></br>","0","4"
"","596.0999999996275","SBS_09","SBS","html-slider-response","1355","980544","0.0-1389.0-0.0","<div class='justified'>9. Los milagros, eventos divinamente causados que no tienen una explicación natural, pueden suceder y lo hacen.</div></br>","0","3"
"","663.9000000003725","SBS_10","SBS","html-slider-response","1356","981213","0.0-1390.0-0.0","<div class='justified'>10. Hay individuos que son mensajeros de Dios y / o pueden prever el futuro.</div></br>","0","0"
