"view_history","rt","trialid","procedure","trial_type","trial_index","time_elapsed","internal_node_id","stimulus","response"
"[{""page_index"":0,""viewing_time"":614}]","614","Instructions_01","CIT","instructions","120","91169","0.0-134.0-0.0","",""
"[{""page_index"":0,""viewing_time"":555}]","556","Instructions_01","CIT","instructions","121","91729","0.0-135.0-0.0","",""
"","761","CIT_01","CIT","survey-multi-choice-vertical","122","92503","0.0-136.0-0.0","{""Q0"":""1. Juana es atacada por un ladrón a solo 10 pasos de su casa. Susana es atacada por un ladrón a un kilómetro de su casa ¿Quién está más molesta por el atraco?""}","{""Q0"":""Ambas están igualmente molestas""}"
"","714","CIT_02","CIT","survey-multi-choice-vertical","123","93220","0.0-137.0-0.0","{""Q0"":""2. Ana se enferma después de comer en un restaurante que visita con frecuencia. Sara se enferma después de comer en un restaurante que nunca antes había visitado ¿Quién se arrepiente más de haber elegido este restaurante?""}","{""Q0"":""Sara""}"
"","654","CIT_03","CIT","survey-multi-choice-vertical","124","93877","0.0-138.0-0.0","{""Q0"":""3. Juan pierde su tren por 5 minutos. Eduardo pierde su tren por más de una hora. ¿Quién pasa más tiempo pensando en el tren perdido?""}","{""Q0"":""Ambas están igualmente molestas""}"
"","663","CIT_04","CIT","survey-multi-choice-vertical","125","94546","0.0-139.0-0.0","{""Q0"":""4. Pedro sufre un accidente automovilístico mientras manejaba en su camino habitual a casa. Carlos sufre un accidente automovilístico mientras prueba un nuevo camino a casa. ¿Quién piensa más en cómo se podría haber evitado su accidente?""}","{""Q0"":""Pedro""}"
