"view_history","rt","trialid","procedure","trial_type","trial_index","time_elapsed","internal_node_id","stimulus","response","question_order"
"[{""page_index"":0,""viewing_time"":715}]","716","ERSQ_000","ERSQ","instructions","508","596951","0.0-576.0-0.0","","",""
"","1153","ERSQ_001","ERSQ","survey-multi-choice","509","598107","0.0-577.0-0.0","{""Q0"":""Fui capaz de poner atención de manera consciente a mis sentimientos.""}","{""Q0"":"" Frecuentemente""}","[0]"
"","1150","ERSQ_002","ERSQ","survey-multi-choice","510","599260","0.0-578.0-0.0","{""Q0"":""Pude generar conscientemente sentimientos positivos.""}","{""Q0"":"" No del todo""}","[0]"
"","1113.5","ERSQ_003","ERSQ","survey-multi-choice","511","600377","0.0-579.0-0.0","{""Q0"":""Entendí mis reacciones emocionales.""}","{""Q0"":"" No del todo""}","[0]"
"","1092.5","ERSQ_004","ERSQ","survey-multi-choice","512","601472","0.0-580.0-0.0","{""Q0"":""Pude superar mis sentimientos negativos.""}","{""Q0"":"" Frecuentemente""}","[0]"
"","1097.3999999999069","ERSQ_005","ERSQ","survey-multi-choice","513","602573","0.0-581.0-0.0","{""Q0"":""Fui capaz de aceptar mis sentimientos negativos""}","{""Q0"":"" Casi siempre""}","[0]"
"","1085.2000000001863","ERSQ_006","ERSQ","survey-multi-choice","514","603661","0.0-582.0-0.0","{""Q0"":""Pude darles un nombre a mis sentimientos.""}","{""Q0"":"" Casi siempre""}","[0]"
"","1131.8999999999069","ERSQ_007","ERSQ","survey-multi-choice","515","604796","0.0-583.0-0.0","{""Q0"":""Tuve una clara percepción de los efectos físicos que tienen mis sentimientos.""}","{""Q0"":"" Frecuentemente""}","[0]"
"","1083.3000000000466","ERSQ_008","ERSQ","survey-multi-choice","516","605882","0.0-584.0-0.0","{""Q0"":""Hice lo que yo quería hacer incluso si tenía que enfrentar sentimientos negativos como consecuencia de ello.""}","{""Q0"":"" No del todo""}","[0]"
"","1167.9000000001397","ERSQ_009","ERSQ","survey-multi-choice","517","607053","0.0-585.0-0.0","{""Q0"":""Traté de tranquilizarme a mí mismo durante situaciones de angustia.""}","{""Q0"":"" No del todo""}","[0]"
"","1144.5999999998603","ERSQ_010","ERSQ","survey-multi-choice","518","608201","0.0-586.0-0.0","{""Q0"":""Fui capaz de influir en mis sentimientos negativos.""}","{""Q0"":"" No del todo""}","[0]"
"","1220","ERSQ_011","ERSQ","survey-multi-choice","519","609425","0.0-587.0-0.0","{""Q0"":""Supe lo que mis sentimientos significaban para mí.""}","{""Q0"":"" Frecuentemente""}","[0]"
"","1131.2999999998137","ERSQ_012","ERSQ","survey-multi-choice","520","610559","0.0-588.0-0.0","{""Q0"":""Pude enfocarme en mis emociones negativas cuando era necesario.""}","{""Q0"":"" Frecuentemente""}","[0]"
"","1174.5999999998603","ERSQ_013","ERSQ","survey-multi-choice","521","611736","0.0-589.0-0.0","{""Q0"":""Supe identificar las emociones que estaba sintiendo en ese momento.""}","{""Q0"":"" Algunas veces""}","[0]"
"","1108.6000000000931","ERSQ_014","ERSQ","survey-multi-choice","522","612847","0.0-590.0-0.0","{""Q0"":""Me di cuenta conscientemente cuando mi cuerpo reaccionó de una forma específica ante situaciones emocionales.""}","{""Q0"":"" Pocas veces""}","[0]"
"","1115.8999999999069","ERSQ_015","ERSQ","survey-multi-choice","523","613966","0.0-591.0-0.0","{""Q0"":""Traté de animarme durante situaciones de angustia emocional.""}","{""Q0"":"" Frecuentemente""}","[0]"
"","1136.3999999999069","ERSQ_016","ERSQ","survey-multi-choice","524","615106","0.0-592.0-0.0","{""Q0"":""Hice lo que yo quería hacer a pesar de mis sentimientos negativos.""}","{""Q0"":"" Frecuentemente""}","[0]"
"","1035.6999999999534","ERSQ_017","ERSQ","survey-multi-choice","525","616145","0.0-593.0-0.0","{""Q0"":""Estuve bien con mis sentimientos incluso cuando eran negativos.""}","{""Q0"":"" Algunas veces""}","[0]"
"","1126.9000000001397","ERSQ_018","ERSQ","survey-multi-choice","526","617276","0.0-594.0-0.0","{""Q0"":""Estaba seguro de que podría tolerar incluso sentimientos intensamente negativos.""}","{""Q0"":"" Casi siempre""}","[0]"
"","1144.6999999999534","ERSQ_019","ERSQ","survey-multi-choice","527","618424","0.0-595.0-0.0","{""Q0"":""Fui capaz de experimentar conscientemente mis sentimientos.""}","{""Q0"":"" Casi siempre""}","[0]"
"","1227.3999999999069","ERSQ_020","ERSQ","survey-multi-choice","528","619655","0.0-596.0-0.0","{""Q0"":""Fui consciente del por qué me sentía de la manera en que me sentía.""}","{""Q0"":"" Casi siempre""}","[0]"
"","1132.1999999999534","ERSQ_021","ERSQ","survey-multi-choice","529","620792","0.0-597.0-0.0","{""Q0"":""Supe que era capaz de influir en mis sentimientos.""}","{""Q0"":"" Pocas veces""}","[0]"
"","1130.8000000000466","ERSQ_022","ERSQ","survey-multi-choice","530","621927","0.0-598.0-0.0","{""Q0"":""Perseguí metas que eran importantes para mí, incluso al pensar que al hacerlo desencadenaría o intensificaría sentimientos negativos.""}","{""Q0"":"" Casi siempre""}","[0]"
"","1134.6999999999534","ERSQ_023","ERSQ","survey-multi-choice","531","623066","0.0-599.0-0.0","{""Q0"":""Fui capaz de experimentar mis sentimientos negativos sin tratar inmediatamente de luchar contra ellos.""}","{""Q0"":"" Algunas veces""}","[0]"
"","1093","ERSQ_024","ERSQ","survey-multi-choice","532","624162","0.0-600.0-0.0","{""Q0"":""Mis sensaciones físicas fueron un buen indicador de cómo me estaba sintiendo.""}","{""Q0"":"" Pocas veces""}","[0]"
"","1079.5","ERSQ_025","ERSQ","survey-multi-choice","533","625244","0.0-601.0-0.0","{""Q0"":""Tuve la suficiente claridad con respecto a las emociones que estaba experimentando.""}","{""Q0"":"" Frecuentemente""}","[0]"
"","1136","ERSQ_026","ERSQ","survey-multi-choice","534","626383","0.0-602.0-0.0","{""Q0"":""Pude tolerar mis sentimientos negativos.""}","{""Q0"":"" No del todo""}","[0]"
"","1142.8999999999069","ERSQ_027","ERSQ","survey-multi-choice","535","627528","0.0-603.0-0.0","{""Q0"":""Me ayudé a mí mismo durante situaciones de angustia emocional.""}","{""Q0"":"" Algunas veces""}","[0]"
