"view_history","rt","trialid","procedure","trial_type","trial_index","time_elapsed","internal_node_id","stimulus","response"
"[{""page_index"":0,""viewing_time"":608}]","610","Instructions_01","sProQOL","instructions","1837","1343088","0.0-1875.0-0.0","",""
"","1146","sProQOL_01","sProQOL","survey-multi-choice-vertical","1838","1344259","0.0-1876.0-0.0","{""Q0"":""1. Creo que he sido afectado negativamente por las experiencias traumáticas de aquellos a quienes he ayudado.""}","{""Q0"":"" Casi siempre""}"
"","1003","sProQOL_02","sProQOL","survey-multi-choice-vertical","1839","1345278","0.0-1877.0-0.0","{""Q0"":""2. Me siento “atrapado” por mi trabajo.""}","{""Q0"":"" Nunca""}"
"","1057","sProQOL_03","sProQOL","survey-multi-choice-vertical","1840","1346362","0.0-1878.0-0.0","{""Q0"":""3. Me gusta trabajar ayudando a la gente.""}","{""Q0"":"" Casi siempre""}"
"","1011","sProQOL_04","sProQOL","survey-multi-choice-vertical","1841","1347389","0.0-1879.0-0.0","{""Q0"":""4. Me siento deprimido como resultado de mi trabajo""}","{""Q0"":"" Nunca""}"
"","921","sProQOL_05","sProQOL","survey-multi-choice-vertical","1842","1348336","0.0-1880.0-0.0","{""Q0"":""5. Mi trabajo me hace sentirme satisfecho.""}","{""Q0"":"" Rara Vez""}"
"","909","sProQOL_06","sProQOL","survey-multi-choice-vertical","1843","1349279","0.0-1881.0-0.0","{""Q0"":""6. Por causa de mi trabajo me siento agotado.""}","{""Q0"":"" Casi siempre""}"
"","1014","sProQOL_07","sProQOL","survey-multi-choice-vertical","1844","1350320","0.0-1882.0-0.0","{""Q0"":""7. Me siento abrumado por la cantidad y tipo de trabajo que tengo que afrontar.""}","{""Q0"":"" Siempre""}"
"","997","sProQOL_08","sProQOL","survey-multi-choice-vertical","1845","1351334","0.0-1883.0-0.0","{""Q0"":""8. Como resultado de mi trabajo, tengo pensamientos molestos, repentinos, indeseados.""}","{""Q0"":"" Nunca""}"
"","961","sProQOL_09","sProQOL","survey-multi-choice-vertical","1846","1352324","0.0-1884.0-0.0","{""Q0"":""9. Estoy feliz por haber elegido hacer este trabajo.""}","{""Q0"":"" Siempre""}"
