"view_history","rt","trialid","procedure","trial_type","trial_index","time_elapsed","internal_node_id","stimulus","response"
"[{""page_index"":0,""viewing_time"":669}]","669","Instructions_01","SCSORF","instructions","1330","956542","0.0-1393.0-0.0","",""
"","866","SCSORF_01","SCSORF","survey-multi-choice-vertical","1331","957416","0.0-1394.0-0.0","{""Q0"":""1. Mi fe religiosa es extremadamente importante para mí.""}","{""Q0"":"" De acuerdo""}"
"","816","SCSORF_02","SCSORF","survey-multi-choice-vertical","1332","958240","0.0-1395.0-0.0","{""Q0"":""2. Rezo a diario.""}","{""Q0"":"" Fuertemente de acuerdo""}"
"","811","SCSORF_03","SCSORF","survey-multi-choice-vertical","1333","959059","0.0-1396.0-0.0","{""Q0"":""3. Considero mi fe una fuente de inspiración""}","{""Q0"":"" Fuertemente de acuerdo""}"
"","813","SCSORF_04","SCSORF","survey-multi-choice-vertical","1334","959880","0.0-1397.0-0.0","{""Q0"":""4. Considero que mi fe le otorga significado y propósito a mi vida.""}","{""Q0"":"" Fuertemente en desacuerdo""}"
"","750","SCSORF_05","SCSORF","survey-multi-choice-vertical","1335","960637","0.0-1398.0-0.0","{""Q0"":""5. Me considero activo/a en mi fe o iglesia.""}","{""Q0"":"" En desacuerdo""}"
"","746","SCSORF_06","SCSORF","survey-multi-choice-vertical","1336","961390","0.0-1399.0-0.0","{""Q0"":""6. Mi fe es una parte importante de quien soy como persona.""}","{""Q0"":"" Fuertemente en desacuerdo""}"
"","799","SCSORF_07","SCSORF","survey-multi-choice-vertical","1337","962199","0.0-1400.0-0.0","{""Q0"":""7. Mi relación con Dios es extremadamente importante para mí.""}","{""Q0"":"" Fuertemente de acuerdo""}"
"","802","SCSORF_08","SCSORF","survey-multi-choice-vertical","1338","963010","0.0-1401.0-0.0","{""Q0"":""8. Disfruto estando alrededor de otras personas que comparten mi fe.""}","{""Q0"":"" Fuertemente en desacuerdo""}"
"","747","SCSORF_09","SCSORF","survey-multi-choice-vertical","1339","963772","0.0-1402.0-0.0","{""Q0"":""9. Veo mi fe como una fuente de comodidad.""}","{""Q0"":"" En desacuerdo""}"
"","973","SCSORF_10","SCSORF","survey-multi-choice-vertical","1340","964755","0.0-1403.0-0.0","{""Q0"":""10. Mi fe impacta muchas de mis decisiones.""}","{""Q0"":"" Fuertemente en desacuerdo""}"
