"view_history","rt","trialid","procedure","trial_type","trial_index","time_elapsed","internal_node_id","stimulus","response","question_order"
"[{""page_index"":0,""viewing_time"":801}]","801","Instructions_01","STAITraits","instructions","287","321759","0.0-309.0-0.0","","",""
"","1351.5","STAITraits_001","STAITraits","survey-multi-choice","288","323114","0.0-310.0-0.0","{""Q0"":""Me siento bien.""}","{""Q0"":""A veces""}","[0]"
"","1253.9000000000233","STAITraits_002","STAITraits","survey-multi-choice","289","324371","0.0-311.0-0.0","{""Q0"":""Me canso rápidamente.""}","{""Q0"":""A veces""}","[0]"
"","1067.2000000000698","STAITraits_003","STAITraits","survey-multi-choice","290","325442","0.0-312.0-0.0","{""Q0"":""Siento ganas de llorar.""}","{""Q0"":""A menudo""}","[0]"
"","1078.7000000000698","STAITraits_004","STAITraits","survey-multi-choice","291","326523","0.0-313.0-0.0","{""Q0"":""Me gustaría ser tan feliz como otros.""}","{""Q0"":""A menudo""}","[0]"
"","1134.1999999999534","STAITraits_005","STAITraits","survey-multi-choice","292","327660","0.0-314.0-0.0","{""Q0"":""Pierdo oportunidades por no decidirme pronto.""}","{""Q0"":""A menudo""}","[0]"
"","1259.4000000000233","STAITraits_006","STAITraits","survey-multi-choice","293","328922","0.0-315.0-0.0","{""Q0"":""Me siento descansado.""}","{""Q0"":""Casi siempre""}","[0]"
"","1183.0999999999767","STAITraits_007","STAITraits","survey-multi-choice","294","330108","0.0-316.0-0.0","{""Q0"":""Soy una persona tranquila, serena y sosegada.""}","{""Q0"":""A veces""}","[0]"
"","1135.0999999999767","STAITraits_008","STAITraits","survey-multi-choice","295","331247","0.0-317.0-0.0","{""Q0"":""Veo que las dificultades se amontonan y no puedo con ellas.""}","{""Q0"":""Casi siempre""}","[0]"
"","1108.5","STAITraits_009","STAITraits","survey-multi-choice","296","332359","0.0-318.0-0.0","{""Q0"":""Me preocupo demasiado por cosas sin importancia.""}","{""Q0"":""A veces""}","[0]"
"","1076.9000000000233","STAITraits_010","STAITraits","survey-multi-choice","297","333440","0.0-319.0-0.0","{""Q0"":""Soy feliz.""}","{""Q0"":""Casi Nunca""}","[0]"
"","1210.3999999999069","STAITraits_011","STAITraits","survey-multi-choice","298","334654","0.0-320.0-0.0","{""Q0"":""Suelo tomar las cosas demasiado seriamente.""}","{""Q0"":""A veces""}","[0]"
"","1138.4000000000233","STAITraits_012","STAITraits","survey-multi-choice","299","335797","0.0-321.0-0.0","{""Q0"":""Me falta confianza en mí mismo.""}","{""Q0"":""A veces""}","[0]"
"","1557.3999999999069","STAITraits_013","STAITraits","survey-multi-choice","300","337357","0.0-322.0-0.0","{""Q0"":""Me siento seguro.""}","{""Q0"":""A veces""}","[0]"
"","1091.0999999999767","STAITraits_014","STAITraits","survey-multi-choice","301","338451","0.0-323.0-0.0","{""Q0"":""No suelo afrontar las crisis o dificultades.""}","{""Q0"":""Casi Nunca""}","[0]"
"","1061.3000000000466","STAITraits_015","STAITraits","survey-multi-choice","302","339515","0.0-324.0-0.0","{""Q0"":""Me siento triste (melancólico).""}","{""Q0"":""A menudo""}","[0]"
"","1107.3000000000466","STAITraits_016","STAITraits","survey-multi-choice","303","340625","0.0-325.0-0.0","{""Q0"":""Estoy satisfecho.""}","{""Q0"":""A veces""}","[0]"
"","1056","STAITraits_017","STAITraits","survey-multi-choice","304","341685","0.0-326.0-0.0","{""Q0"":""Me rondan y molestan pensamientos sin importancia.""}","{""Q0"":""Casi Nunca""}","[0]"
"","1092.2000000001863","STAITraits_018","STAITraits","survey-multi-choice","305","342781","0.0-327.0-0.0","{""Q0"":""Me afectan tanto los desengaños que no puedo olvidarlos.""}","{""Q0"":""Casi Nunca""}","[0]"
"","1000.5","STAITraits_019","STAITraits","survey-multi-choice","306","343784","0.0-328.0-0.0","{""Q0"":""Soy una persona estable.""}","{""Q0"":""A veces""}","[0]"
"","1048.8000000000466","STAITraits_020","STAITraits","survey-multi-choice","307","344837","0.0-329.0-0.0","{""Q0"":""Cuando pienso sobre asuntos y preocupaciones actuales me pongo tenso y agitado.""}","{""Q0"":""Casi Nunca""}","[0]"
