"view_history","rt","trialid","procedure","trial_type","trial_index","time_elapsed","internal_node_id","stimulus","response","question_order"
"[{""page_index"":0,""viewing_time"":1329}]","1329","Instructions_001","CTS2","instructions","183","210265","0.0-252.0-0.0","","",""
"","1735.0999999999767","CTS2_001","CTS2","survey-multi-choice","184","212003","0.0-253.0-0.0","{""Q0"":""Esa pareja me demostraba que le importaba aunque estuviéramos en desacuerdo.""}","{""Q0"":"" Una vez durante la relación""}","[0]"
"","1486.3999999999069","CTS2_002","CTS2","survey-multi-choice","185","213492","0.0-254.0-0.0","{""Q0"":""Esa pareja me explicaba sus puntos de desacuerdo.""}","{""Q0"":"" No en esta relación, pero si ha ocurrido en otra""}","[0]"
"","1465.4000000000233","CTS2_003","CTS2","survey-multi-choice","186","214962","0.0-255.0-0.0","{""Q0"":""Esa pareja me insultaba.""}","{""Q0"":"" No en esta relación, pero si ha ocurrido en otra""}","[0]"
"","1416.7999999999302","CTS2_004","CTS2","survey-multi-choice","187","216384","0.0-256.0-0.0","{""Q0"":""Esa pareja me lanzaba cosas para hacerme daño.""}","{""Q0"":"" 6 a 10 veces durante la relación""}","[0]"
"","1521.3000000000466","CTS2_005","CTS2","survey-multi-choice","188","217909","0.0-257.0-0.0","{""Q0"":""Esa pareja me torció el brazo o tiró del pelo.""}","{""Q0"":"" Dos veces durante la relación""}","[0]"
"","1516.8000000000466","CTS2_006","CTS2","survey-multi-choice","189","219431","0.0-258.0-0.0","{""Q0"":""Tuve un esguince, hematoma, o pequeño corte a causa de una pelea con esa pareja.""}","{""Q0"":"" Dos veces durante la relación""}","[0]"
"","1492.5999999999767","CTS2_007","CTS2","survey-multi-choice","190","220926","0.0-259.0-0.0","{""Q0"":""Esa pareja mostró respeto por mis sentimientos acerca de un problema.""}","{""Q0"":"" No en esta relación, pero si ha ocurrido en otra""}","[0]"
"","1557.8999999999069","CTS2_008","CTS2","survey-multi-choice","191","222487","0.0-260.0-0.0","{""Q0"":""Esa pareja me hizo tener sexo sin condón.""}","{""Q0"":"" 3 a 5 veces durante la relación""}","[0]"
"","1600.2999999999302","CTS2_009","CTS2","survey-multi-choice","192","224091","0.0-261.0-0.0","{""Q0"":""Esa pareja me apartó o empujó.""}","{""Q0"":"" Dos veces durante la relación""}","[0]"
"","1467","CTS2_010","CTS2","survey-multi-choice","193","225565","0.0-262.0-0.0","{""Q0"":""Esa pareja me forzó (o golpeó, sujetó o usó un arma) para obligarme a tener sexo oral o anal.""}","{""Q0"":"" 11 a 20 veces durante la relación""}","[0]"
"","1473.4000000000233","CTS2_011","CTS2","survey-multi-choice","194","227042","0.0-263.0-0.0","{""Q0"":""Esa pareja usó un cuchillo o un arma para hacerme daño.""}","{""Q0"":"" Dos veces durante la relación""}","[0]"
"","1738.1999999999534","CTS2_012","CTS2","survey-multi-choice","195","228784","0.0-264.0-0.0","{""Q0"":""Me desmayé al ser golpeada en la cabeza por esa pareja en una pelea.""}","{""Q0"":"" 11 a 20 veces durante la relación""}","[0]"
"","1727","CTS2_013","CTS2","survey-multi-choice","196","230514","0.0-265.0-0.0","{""Q0"":""Esa pareja me dijo, fea o gorda.""}","{""Q0"":"" 6 a 10 veces durante la relación""}","[0]"
"","1416.5","CTS2_014","CTS2","survey-multi-choice","197","231934","0.0-266.0-0.0","{""Q0"":""Esa pareja me pegó un puñetazo o con algo que podría haberme hecho daño.""}","{""Q0"":"" 3 a 5 veces durante la relación""}","[0]"
"","1339.0999999999767","CTS2_015","CTS2","survey-multi-choice","198","233277","0.0-267.0-0.0","{""Q0"":""Esa pareja ha destruido algo mío.""}","{""Q0"":"" 6 a 10 veces durante la relación""}","[0]"
"","1411.4000000000233","CTS2_016","CTS2","survey-multi-choice","199","234691","0.0-268.0-0.0","{""Q0"":""Fui al doctor a causa de una pelea con esa pareja.""}","{""Q0"":"" Dos veces durante la relación""}","[0]"
"","1427.1000000000931","CTS2_017","CTS2","survey-multi-choice","200","236120","0.0-269.0-0.0","{""Q0"":""Esa pareja me estranguló.""}","{""Q0"":"" Dos veces durante la relación""}","[0]"
"","1383.7000000000698","CTS2_018","CTS2","survey-multi-choice","201","237506","0.0-270.0-0.0","{""Q0"":""Esa pareja me gritaba.""}","{""Q0"":"" Más de 20 veces durante la relación""}","[0]"
"","1415.3999999999069","CTS2_019","CTS2","survey-multi-choice","202","238924","0.0-271.0-0.0","{""Q0"":""Esa pareja me golpeó contra la pared.""}","{""Q0"":"" 11 a 20 veces durante la relación""}","[0]"
"","1551.9000000000233","CTS2_020","CTS2","survey-multi-choice","203","240479","0.0-272.0-0.0","{""Q0"":""Esa pareja estaba segura que podríamos resolver un problema.""}","{""Q0"":"" Dos veces durante la relación""}","[0]"
"","1412","CTS2_021","CTS2","survey-multi-choice","204","241893","0.0-273.0-0.0","{""Q0"":""Necesité ver a un doctor a causa de una pelea con esa pareja, pero no lo he hecho.""}","{""Q0"":"" No en esta relación, pero si ha ocurrido en otra""}","[0]"
"","1374.1999999999534","CTS2_022","CTS2","survey-multi-choice","205","243270","0.0-274.0-0.0","{""Q0"":""Esa pareja me dio una paliza.""}","{""Q0"":"" 6 a 10 veces durante la relación""}","[0]"
"","1323.5","CTS2_023","CTS2","survey-multi-choice","206","244597","0.0-275.0-0.0","{""Q0"":""Esa pareja me jaloneó, o agarró con fuerza.""}","{""Q0"":"" 3 a 5 veces durante la relación""}","[0]"
"","1411.9000000000233","CTS2_024","CTS2","survey-multi-choice","207","246011","0.0-276.0-0.0","{""Q0"":""Esa pareja usó la fuerza (como golpear, sujetar, o usar un arma) para hacer que yo tuviera sexo.""}","{""Q0"":"" Dos veces durante la relación""}","[0]"
"","1343.5","CTS2_025","CTS2","survey-multi-choice","208","247358","0.0-277.0-0.0","{""Q0"":""Esa pareja ha salido furioso de la habitación o la casa durante una pelea.""}","{""Q0"":"" 6 a 10 veces durante la relación""}","[0]"
"","1423.4000000000233","CTS2_026","CTS2","survey-multi-choice","209","248784","0.0-278.0-0.0","{""Q0"":""Esa pareja insistió en tener sexo aun cuando yo no quería (pero sin usar fuerza física).""}","{""Q0"":"" Dos veces durante la relación""}","[0]"
"","1398.5","CTS2_027","CTS2","survey-multi-choice","210","250186","0.0-279.0-0.0","{""Q0"":""Esa pareja me abofeteó.""}","{""Q0"":"" Más de 20 veces durante la relación""}","[0]"
"","1396.2000000000698","CTS2_028","CTS2","survey-multi-choice","211","251586","0.0-280.0-0.0","{""Q0"":""Me rompí un hueso durante una pelea con esa pareja.""}","{""Q0"":"" Más de 20 veces durante la relación""}","[0]"
"","1408.4000000000233","CTS2_029","CTS2","survey-multi-choice","212","252998","0.0-281.0-0.0","{""Q0"":""Esa pareja usó amenazas para hacer que yo tuviera sexo oral o anal con él.""}","{""Q0"":"" 3 a 5 veces durante la relación""}","[0]"
"","1671.8000000000466","CTS2_030","CTS2","survey-multi-choice","213","254673","0.0-282.0-0.0","{""Q0"":""Esa pareja sugirió un arreglo frente a un desacuerdo.""}","{""Q0"":"" Esto nunca ha ocurrido""}","[0]"
"","1679.2999999999302","CTS2_031","CTS2","survey-multi-choice","214","256355","0.0-283.0-0.0","{""Q0"":""Esa pareja me quemó a propósito.""}","{""Q0"":"" 11 a 20 veces durante la relación""}","[0]"
"","1666.1999999999534","CTS2_032","CTS2","survey-multi-choice","215","258025","0.0-284.0-0.0","{""Q0"":""Esa pareja me insistió para tener sexo oral o anal (pero no ha usado fuerza física).""}","{""Q0"":"" 6 a 10 veces durante la relación""}","[0]"
"","1520.2000000000698","CTS2_033","CTS2","survey-multi-choice","216","259548","0.0-285.0-0.0","{""Q0"":""Esa pareja me dijo que soy una pésima amante.""}","{""Q0"":"" 3 a 5 veces durante la relación""}","[0]"
"","1545.9000000000233","CTS2_034","CTS2","survey-multi-choice","217","261099","0.0-286.0-0.0","{""Q0"":""Esa pareja hizo algo solo para fastidiarme.""}","{""Q0"":"" Más de 20 veces durante la relación""}","[0]"
"","1774.8999999999069","CTS2_035","CTS2","survey-multi-choice","218","262878","0.0-287.0-0.0","{""Q0"":""Esa pareja amenazó con golpearme o tirarme algo.""}","{""Q0"":"" Más de 20 veces durante la relación""}","[0]"
"","1680.6999999999534","CTS2_036","CTS2","survey-multi-choice","219","264562","0.0-288.0-0.0","{""Q0"":""Sentí un dolor físico que duró hasta el día siguiente a causa de una pelea con esa pareja.""}","{""Q0"":"" Más de 20 veces durante la relación""}","[0]"
"","1768.6999999999534","CTS2_037","CTS2","survey-multi-choice","220","266337","0.0-289.0-0.0","{""Q0"":""Esa pareja me ha dado patadas.""}","{""Q0"":"" 11 a 20 veces durante la relación""}","[0]"
"","1546.8000000000466","CTS2_038","CTS2","survey-multi-choice","221","267887","0.0-290.0-0.0","{""Q0"":""Esa pareja usó amenazas para tener sexo conmigo.""}","{""Q0"":"" 11 a 20 veces durante la relación""}","[0]"
"","1577.3000000000466","CTS2_039","CTS2","survey-multi-choice","222","269468","0.0-291.0-0.0","{""Q0"":""Accedí a probar una solución que sugirió esa pareja frente a un problema.""}","{""Q0"":"" 3 a 5 veces durante la relación""}","[0]"
