"view_history","rt","trialid","procedure","trial_type","trial_index","time_elapsed","internal_node_id","stimulus","response"
"[{""page_index"":0,""viewing_time"":525}]","526","Instructions_01","CAS","instructions","91","68703","0.0-108.0-0.0","",""
"","1262","CAS_001","CAS","survey-multi-choice-vertical","92","69972","0.0-109.0-0.0","{""Q0"":""Me siento mal cuando pienso en COVID-19.""}","{""Q0"":"" 1 Casi nunca me sucede""}"
"","828","CAS_002","CAS","survey-multi-choice-vertical","93","70807","0.0-110.0-0.0","{""Q0"":""Siento que se me acelera el corazón cuando leo sobre COVID-19.""}","{""Q0"":"" 1 Casi nunca me sucede""}"
"","728","CAS_003","CAS","survey-multi-choice-vertical","94","71540","0.0-111.0-0.0","{""Q0"":""Me siento ansioso con respecto a COVID-19.""}","{""Q0"":"" 0 No me sucede""}"
"","692","CAS_004","CAS","survey-multi-choice-vertical","95","72236","0.0-112.0-0.0","{""Q0"":""Me siento incómodo cuando leo noticias sobre COVID-19.""}","{""Q0"":"" 1 Casi nunca me sucede""}"
"","726","CAS_005","CAS","survey-multi-choice-vertical","96","72966","0.0-113.0-0.0","{""Q0"":""Me cuesta relajarme cuando pienso en COVID-19.""}","{""Q0"":"" 2 A veces me sucede""}"
"","796","CAS_006","CAS","survey-multi-choice-vertical","97","73766","0.0-114.0-0.0","{""Q0"":""Siento que puedo entrar en pánico cuando me pongo al día sobre COVID-19.""}","{""Q0"":"" 1 Casi nunca me sucede""}"
"","751","CAS_007","CAS","survey-multi-choice-vertical","98","74520","0.0-115.0-0.0","{""Q0"":""Tengo miedo de infectarme con COVID-19.""}","{""Q0"":"" 2 A veces me sucede""}"
