"view_history","rt","trialid","procedure","trial_type","trial_index","time_elapsed","internal_node_id","stimulus","response","question_order"
"[{""page_index"":0,""viewing_time"":707}]","707","ISP_000","ISP","instructions","435","494967","0.0-539.0-0.0","","",""
"","1300","ISP_001","ISP","survey-multi-choice","436","496269","0.0-540.0-0.0","{""Q0"":""Tengo problemas para empezar una actividad. Me falta iniciativa""}","{""Q0"":"" nunca o casi nunca""}","[0]"
"","1111.5","ISP_002","ISP","survey-multi-choice","437","497387","0.0-541.0-0.0","{""Q0"":""Me resulta difícil concentrarme en algo""}","{""Q0"":"" pocas veces""}","[0]"
"","1133.3000000000466","ISP_003","ISP","survey-multi-choice","438","498524","0.0-542.0-0.0","{""Q0"":""No puedo hacer dos cosas al mismo tiempo (por ejemplo, preparar la comida y hablar)""}","{""Q0"":"" muchas veces""}","[0]"
"","1179.6999999999534","ISP_004","ISP","survey-multi-choice","439","499707","0.0-543.0-0.0","{""Q0"":""Río o lloro con demasiada facilidad""}","{""Q0"":"" nunca o casi nunca""}","[0]"
"","1144.5999999998603","ISP_005","ISP","survey-multi-choice","440","500855","0.0-544.0-0.0","{""Q0"":""Me enfado mucho por cosas insignificantes. Me irrito con facilidad""}","{""Q0"":"" a veces si y a veces no""}","[0]"
"","1298.3000000000466","ISP_006","ISP","survey-multi-choice","441","502158","0.0-545.0-0.0","{""Q0"":""Tengo poca capacidad para resovler problemas""}","{""Q0"":"" pocas veces""}","[0]"
"","1383.8999999999069","ISP_007","ISP","survey-multi-choice","442","503552","0.0-546.0-0.0","{""Q0"":""Mezclo algunos episodios de mi vida con otros. Me confundo al intentar ponerlos en orden""}","{""Q0"":"" muchas veces""}","[0]"
"","1356.1999999999534","ISP_008","ISP","survey-multi-choice","443","504912","0.0-547.0-0.0","{""Q0"":""Llego tarde a mis citas""}","{""Q0"":"" siempre o casi siempre""}","[0]"
"","1466.3000000000466","ISP_009","ISP","survey-multi-choice","444","506382","0.0-548.0-0.0","{""Q0"":""Me cuesta adaptarme a los cambios de mis rutinas""}","{""Q0"":"" pocas veces""}","[0]"
"","1170.6000000000931","ISP_010","ISP","survey-multi-choice","445","507558","0.0-549.0-0.0","{""Q0"":""Hablo con desconocidos como si les conociera""}","{""Q0"":"" pocas veces""}","[0]"
"","1228.5","ISP_011","ISP","survey-multi-choice","446","508790","0.0-550.0-0.0","{""Q0"":""Me distraigo con facilidad""}","{""Q0"":"" muchas veces""}","[0]"
"","1373","ISP_012","ISP","survey-multi-choice","447","510165","0.0-551.0-0.0","{""Q0"":""Tengo problemas para cambiar de tema en las conversaciones""}","{""Q0"":"" siempre o casi siempre""}","[0]"
"","1288.5","ISP_013","ISP","survey-multi-choice","448","511456","0.0-552.0-0.0","{""Q0"":""Ciertas cosas me cabrean demasiado y en esos momentos me paso de la raya""}","{""Q0"":"" nunca o casi nunca""}","[0]"
"","1285.5999999998603","ISP_014","ISP","survey-multi-choice","449","512747","0.0-553.0-0.0","{""Q0"":""Estoy como aletargado, como adormecido""}","{""Q0"":"" nunca o casi nunca""}","[0]"
"","1197.5","ISP_015","ISP","survey-multi-choice","450","513948","0.0-554.0-0.0","{""Q0"":""Tengo dificultades para tomar decisiones""}","{""Q0"":"" a veces si y a veces no""}","[0]"
"","1179.1999999999534","ISP_016","ISP","survey-multi-choice","451","515131","0.0-555.0-0.0","{""Q0"":""Hablo fuera de turno interrumpiendo a los demás en las conversaciones""}","{""Q0"":"" nunca o casi nunca""}","[0]"
"","1245.0999999998603","ISP_017","ISP","survey-multi-choice","452","516380","0.0-556.0-0.0","{""Q0"":""Me olvido de que tengo que hacer cosas pero me acuerdo cuando me lo recuerdan""}","{""Q0"":"" muchas veces""}","[0]"
"","1129.7999999998137","ISP_018","ISP","survey-multi-choice","453","517512","0.0-557.0-0.0","{""Q0"":""Se me echa la hora encima con mucha facilidad""}","{""Q0"":"" a veces si y a veces no""}","[0]"
"","1356.3000000000466","ISP_019","ISP","survey-multi-choice","454","518873","0.0-558.0-0.0","{""Q0"":""No hago las cosas sin que alguien me diga que las tengo que hacer""}","{""Q0"":"" nunca o casi nunca""}","[0]"
"","1206.2000000001863","ISP_020","ISP","survey-multi-choice","455","520083","0.0-559.0-0.0","{""Q0"":""Tengo dificultades para seguir el argumento de una película o un libro""}","{""Q0"":"" pocas veces""}","[0]"
"","1172.5","ISP_021","ISP","survey-multi-choice","456","521259","0.0-560.0-0.0","{""Q0"":""Tengo dificultad para pensar cosas con antelación o para planificar el futuro""}","{""Q0"":"" nunca o casi nunca""}","[0]"
"","1139.1999999999534","ISP_022","ISP","survey-multi-choice","457","522403","0.0-561.0-0.0","{""Q0"":""Puedo pasar de la risa al llanto con facilidad""}","{""Q0"":"" muchas veces""}","[0]"
"","1412.7000000001863","ISP_023","ISP","survey-multi-choice","458","523821","0.0-562.0-0.0","{""Q0"":""Descuido mi higiene personal""}","{""Q0"":"" siempre o casi siempre""}","[0]"
"","1235.2000000001863","ISP_024","ISP","survey-multi-choice","459","525060","0.0-563.0-0.0","{""Q0"":""No me entusiasmo con las cosas. No me interesa ninguna actividad""}","{""Q0"":"" a veces si y a veces no""}","[0]"
"","1312.9000000001397","ISP_025","ISP","survey-multi-choice","460","526377","0.0-564.0-0.0","{""Q0"":""Corro riesgos Sólo por el placer de hacerlo aunque me meta en líos por ello""}","{""Q0"":"" siempre o casi siempre""}","[0]"
"","1246.4000000001397","ISP_026","ISP","survey-multi-choice","461","527629","0.0-565.0-0.0","{""Q0"":""Me cuesta cambiar de planes cuando las cosas están saliendo mal""}","{""Q0"":"" nunca o casi nunca""}","[0]"
"","1233.3999999999069","ISP_027","ISP","survey-multi-choice","462","528867","0.0-566.0-0.0","{""Q0"":""Cuento chistes inapropiados en situaciones inapropiadas""}","{""Q0"":"" pocas veces""}","[0]"
"","1227.5","ISP_028","ISP","survey-multi-choice","463","530097","0.0-567.0-0.0","{""Q0"":""Actúo como si las demás personas no existieran""}","{""Q0"":"" a veces si y a veces no""}","[0]"
"","1174.8000000000466","ISP_029","ISP","survey-multi-choice","464","531276","0.0-568.0-0.0","{""Q0"":""Me cuesta ponerme en marcha. Me falta energía""}","{""Q0"":"" muchas veces""}","[0]"
"","1217.8999999999069","ISP_030","ISP","survey-multi-choice","465","532497","0.0-569.0-0.0","{""Q0"":""Repito los mismos errores. No aprendo de la experiencia""}","{""Q0"":"" pocas veces""}","[0]"
"","1146.8000000000466","ISP_031","ISP","survey-multi-choice","466","533649","0.0-570.0-0.0","{""Q0"":""Cuando hay ruido en la calle tengo problemas para pensar con claridad""}","{""Q0"":"" nunca o casi nunca""}","[0]"
"","1181.6000000000931","ISP_032","ISP","survey-multi-choice","467","534835","0.0-571.0-0.0","{""Q0"":""Me cuesta planificar las cosas con antelación""}","{""Q0"":"" muchas veces""}","[0]"
"","1432.6999999999534","ISP_033","ISP","survey-multi-choice","468","536269","0.0-572.0-0.0","{""Q0"":""Toco o abrazo a la gente aunque no los conozca demasiado""}","{""Q0"":"" muchas veces""}","[0]"
"","1110.6999999999534","ISP_034","ISP","survey-multi-choice","469","537383","0.0-573.0-0.0","{""Q0"":""Doy portazos, golpeo muebles o lanzo cosas por el aire cuando me cabreo""}","{""Q0"":"" siempre o casi siempre""}","[0]"
"","1104.1999999999534","ISP_035","ISP","survey-multi-choice","470","538491","0.0-574.0-0.0","{""Q0"":""Me cuesta encontrar la solución a los problemas""}","{""Q0"":"" a veces si y a veces no""}","[0]"
"","1159.9000000001397","ISP_036","ISP","survey-multi-choice","471","539655","0.0-575.0-0.0","{""Q0"":""Hago las cosas impulsivamente""}","{""Q0"":"" pocas veces""}","[0]"
"","1192.5","ISP_037","ISP","survey-multi-choice","472","540850","0.0-576.0-0.0","{""Q0"":""Hago comentarios sobre temas muy personales delante de los demás""}","{""Q0"":"" pocas veces""}","[0]"
"","1109.5","ISP_038","ISP","survey-multi-choice","473","541963","0.0-577.0-0.0","{""Q0"":""Tengo ganas de hacer algunas cosas, pero luego no las hago""}","{""Q0"":"" siempre o casi siempre""}","[0]"
"","1083.3000000000466","ISP_039","ISP","survey-multi-choice","474","543052","0.0-578.0-0.0","{""Q0"":""Hago o digo cosas embarazosas""}","{""Q0"":"" muchas veces""}","[0]"
"","1212.1999999999534","ISP_040","ISP","survey-multi-choice","475","544266","0.0-579.0-0.0","{""Q0"":""Me confundo cuando estoy haciendo cosas en un orden""}","{""Q0"":"" nunca o casi nunca""}","[0]"
"","1103.8999999999069","ISP_041","ISP","survey-multi-choice","476","545373","0.0-580.0-0.0","{""Q0"":""Tengo explosiones emocionales sin una razón importante""}","{""Q0"":"" nunca o casi nunca""}","[0]"
"","1105.3000000000466","ISP_042","ISP","survey-multi-choice","477","546482","0.0-581.0-0.0","{""Q0"":""Tengo problemas para entender lo que otros quieren decir""}","{""Q0"":"" muchas veces""}","[0]"
"","1091.4000000001397","ISP_043","ISP","survey-multi-choice","478","547577","0.0-582.0-0.0","{""Q0"":""Me manifiesto ante los demás de una manera sensual. Coqueteo demasiado""}","{""Q0"":"" siempre o casi siempre""}","[0]"
"","1135","ISP_044","ISP","survey-multi-choice","479","548715","0.0-583.0-0.0","{""Q0"":""Hago o digo cosas que no debo cuando estoy con otras personas""}","{""Q0"":"" siempre o casi siempre""}","[0]"
"","1561.4000000001397","ISP_045","ISP","survey-multi-choice","480","550280","0.0-584.0-0.0","{""Q0"":""Hago comentarios sexuales inapropiados""}","{""Q0"":"" muchas veces""}","[0]"
"","1156","ISP_046","ISP","survey-multi-choice","481","551439","0.0-585.0-0.0","{""Q0"":""Todo me resulta indiferente. Me dan igual las cosas""}","{""Q0"":"" nunca o casi nunca""}","[0]"
