"view_history","rt","trialid","procedure","trial_type","trial_index","time_elapsed","internal_node_id","stimulus","response"
"[{""page_index"":0,""viewing_time"":452}]","453","Instructions_01","CRS","instructions","189","161807","0.0-208.0-0.0","",""
"","866","CRS_01","CRS","survey-multi-choice-vertical","190","162678","0.0-209.0-0.0","{""Q0"":""1. ¿Con qué frecuencia piensas en temas religiosos?""}","{""Q0"":"" A menudo""}"
"","790","CRS_02","CRS","survey-multi-choice-vertical","191","163473","0.0-210.0-0.0","{""Q0"":""2. ¿Hasta qué punto crees que Dios o algo divino existe?""}","{""Q0"":"" Mucho""}"
"","775","CRS_03","CRS","survey-multi-choice-vertical","192","164254","0.0-211.0-0.0","{""Q0"":""3. ¿Con qué frecuencia participas en servicios religiosos?""}","{""Q0"":"" Ocasionalmente""}"
"","851","CRS_04","CRS","survey-multi-choice-vertical","193","165109","0.0-212.0-0.0","{""Q0"":""4. ¿Con qué frecuencia rezas?""}","{""Q0"":"" Muy a menudo""}"
"","832","CRS_05","CRS","survey-multi-choice-vertical","194","165946","0.0-213.0-0.0","{""Q0"":""5. ¿Con qué frecuencia meditas?""}","{""Q0"":"" Nunca""}"
"","808","CRS_06","CRS","survey-multi-choice-vertical","195","166761","0.0-214.0-0.0","{""Q0"":""6. ¿Con qué frecuencia experimenta situaciones en las que tiene la sensación de que Dios o algo divino interviene en su vida?""}","{""Q0"":"" A menudo""}"
"","791","CRS_07","CRS","survey-multi-choice-vertical","196","167556","0.0-215.0-0.0","{""Q0"":""7. ¿Con qué frecuencia experimenta situaciones en las que tiene la sensación de ser uno con todos?""}","{""Q0"":"" Muy a menudo""}"
"","800","CRS_08","CRS","survey-multi-choice-vertical","197","168362","0.0-216.0-0.0","{""Q0"":""8. ¿Qué tan interesado está en aprender más sobre temas religiosos?""}","{""Q0"":"" Algo""}"
"","747","CRS_09","CRS","survey-multi-choice-vertical","198","169114","0.0-217.0-0.0","{""Q0"":""9. ¿Hasta qué punto crees en una vida futura? inmortalidad del alma, resurrección de los muertos o reencarnación?""}","{""Q0"":"" Un poco""}"
"","789","CRS_10","CRS","survey-multi-choice-vertical","199","169909","0.0-218.0-0.0","{""Q0"":""10. ¿Qué tan importante es participar en los servicios religiosos?""}","{""Q0"":"" Algo""}"
"","825","CRS_11","CRS","survey-multi-choice-vertical","200","170739","0.0-219.0-0.0","{""Q0"":""11. ¿Qué tan importante es la oración personal para ti?""}","{""Q0"":"" Algo""}"
"","839","CRS_12","CRS","survey-multi-choice-vertical","201","171582","0.0-220.0-0.0","{""Q0"":""12. ¿Qué tan importante es la meditación para ti?""}","{""Q0"":"" Nada""}"
"","800","CRS_13","CRS","survey-multi-choice-vertical","202","172386","0.0-221.0-0.0","{""Q0"":""13. ¿Con qué frecuencia experimentas situaciones en las que tienes la sensación de que Dios o algo divino quiere comunicarte o revelarte algo?""}","{""Q0"":"" A menudo""}"
"","775","CRS_14","CRS","survey-multi-choice-vertical","203","173166","0.0-222.0-0.0","{""Q0"":""14. ¿Con qué frecuencia experimenta situaciones en las que tiene la sensación de ser tocado por un poder divino?""}","{""Q0"":"" A menudo""}"
"","798","CRS_15","CRS","survey-multi-choice-vertical","204","173969","0.0-223.0-0.0","{""Q0"":""15. ¿Con qué frecuencia se mantiene informado sobre cuestiones religiosas a través de la radio, la televisión, internet, periódicos o libros?""}","{""Q0"":"" A menudo""}"
"","802","CRS_16","CRS","survey-multi-choice-vertical","205","174777","0.0-224.0-0.0","{""Q0"":""16. En tu opinión, ¿qué tan probable es que realmente exista un poder superior?""}","{""Q0"":"" Algo""}"
"","798","CRS_17","CRS","survey-multi-choice-vertical","206","175578","0.0-225.0-0.0","{""Q0"":""17. ¿Qué tan importante es para usted estar conectado a una comunidad religiosa?""}","{""Q0"":"" Un poco""}"
"","767","CRS_18","CRS","survey-multi-choice-vertical","207","176350","0.0-226.0-0.0","{""Q0"":""18. ¿Con qué frecuencia rezas espontáneamente cuando te inspiras en situaciones cotidianas?""}","{""Q0"":"" Muy a menudo""}"
"","833","CRS_19","CRS","survey-multi-choice-vertical","208","177188","0.0-227.0-0.0","{""Q0"":""19. ¿Con qué frecuencia intentas conectarte a lo divino espontáneamente cuando te inspiras en situaciones cotidianas?""}","{""Q0"":"" A menudo""}"
"","1173","CRS_20","CRS","survey-multi-choice-vertical","209","178365","0.0-228.0-0.0","{""Q0"":""20. ¿Con qué frecuencia experimenta situaciones en las que tiene la sensación de que Dios o algo divino está presente?""}","{""Q0"":"" Muy a menudo""}"
