"view_history","rt","trialid","procedure","trial_type","trial_index","time_elapsed","internal_node_id","stimulus","response","question_order"
"[{""page_index"":0,""viewing_time"":860}]","860","Instructions_01","SPM2Adultos","instructions","14","15214","0.0-16.0-0.0","","",""
"","1213.3000000000466","SPM2Adultos_001","SPM2Adultos","survey-multi-choice","15","16430","0.0-17.0-0.0","{""Q0"":""La luz del sol o luces brillantes me fastidian.""}","{""Q0"":"" Ocasionalmente""}","[0]"
"","1147.8000000000466","SPM2Adultos_002","SPM2Adultos","survey-multi-choice","16","17582","0.0-18.0-0.0","{""Q0"":""Yo tengo problemas para encontrar objetos en un estante.""}","{""Q0"":"" Nunca""}","[0]"
"","1109.3000000000466","SPM2Adultos_003","SPM2Adultos","survey-multi-choice","17","18695","0.0-19.0-0.0","{""Q0"":""Las luces que parpadean me fastidian.""}","{""Q0"":"" Ocasionalmente""}","[0]"
"","1266.7999999999302","SPM2Adultos_004","SPM2Adultos","survey-multi-choice","18","19965","0.0-20.0-0.0","{""Q0"":""Yo tengo problemas para seguir objetos que se mueven con la vista.""}","{""Q0"":"" Nunca""}","[0]"
"","1189.1999999999534","SPM2Adultos_005","SPM2Adultos","survey-multi-choice","19","21157","0.0-21.0-0.0","{""Q0"":""Yo me tropiezo con las cosas o con la gente porque no me doy cuenta de que están a mi paso (en mi camino).""}","{""Q0"":"" Frecuentemente""}","[0]"
"","1013.5999999999767","SPM2Adultos_006","SPM2Adultos","survey-multi-choice","20","22173","0.0-22.0-0.0","{""Q0"":""Yo tengo problemas para percibir los letreros de las calles o las señales de tránsito cuando estoy en un lugar nuevo.""}","{""Q0"":"" Nunca""}","[0]"
"","1022.6999999999534","SPM2Adultos_007","SPM2Adultos","survey-multi-choice","21","23198","0.0-23.0-0.0","{""Q0"":""Yo tengo dificultad para juzgar (medir) la velocidad de autos que se acercan.""}","{""Q0"":"" Frecuentemente""}","[0]"
"","1248","SPM2Adultos_008","SPM2Adultos","survey-multi-choice","22","24450","0.0-24.0-0.0","{""Q0"":""Yo tengo dificultad para encontrar lo que busco en un mapa o en la guía de un centro comercial.""}","{""Q0"":"" Ocasionalmente""}","[0]"
"","1251.5999999999767","SPM2Adultos_009","SPM2Adultos","survey-multi-choice","23","25705","0.0-25.0-0.0","{""Q0"":""Yo me distraigo por objetos que se mueven y que puedo ver con el rabillo del ojo.""}","{""Q0"":"" Ocasionalmente""}","[0]"
"","1294.7000000000698","SPM2Adultos_010","SPM2Adultos","survey-multi-choice","24","27002","0.0-26.0-0.0","{""Q0"":""Yo pierdo mi lugar cuando muevo la vista de un sitio a otro, por ejemplo leyendo de una línea de texto a la siguiente.""}","{""Q0"":"" Frecuentemente""}","[0]"
"","1177.1999999999534","SPM2Adultos_011","SPM2Adultos","survey-multi-choice","25","28184","0.0-27.0-0.0","{""Q0"":""Me fastidian los sonidos fuertes como el de una aspiradora.""}","{""Q0"":"" Ocasionalmente""}","[0]"
"","1084.5999999999767","SPM2Adultos_012","SPM2Adultos","survey-multi-choice","26","29271","0.0-28.0-0.0","{""Q0"":""Yo necesito estar en un sitio muy silencioso para poder trabajar o dormir.""}","{""Q0"":"" Frecuentemente""}","[0]"
"","1104.5","SPM2Adultos_013","SPM2Adultos","survey-multi-choice","27","30378","0.0-29.0-0.0","{""Q0"":""Yo me distraigo fácilmente con ruidos sutiles en el ambiente como el ruido del aire acondicionado o del refrigerador.""}","{""Q0"":"" Siempre""}","[0]"
"","993.0999999999767","SPM2Adultos_014","SPM2Adultos","survey-multi-choice","28","31375","0.0-30.0-0.0","{""Q0"":""Los sonidos fuertes o inesperados me hacen sobresaltar fácilmente.""}","{""Q0"":"" Nunca""}","[0]"
"","1049","SPM2Adultos_015","SPM2Adultos","survey-multi-choice","29","32426","0.0-31.0-0.0","{""Q0"":""Yo noto sonidos que los demás no notan.""}","{""Q0"":"" Siempre""}","[0]"
"","1160.0999999999767","SPM2Adultos_016","SPM2Adultos","survey-multi-choice","30","33588","0.0-32.0-0.0","{""Q0"":""Yo tengo dificultad para determinar de dónde provienen los sonidos o las voces.""}","{""Q0"":"" Ocasionalmente""}","[0]"
"","1224.7000000000698","SPM2Adultos_017","SPM2Adultos","survey-multi-choice","31","34815","0.0-33.0-0.0","{""Q0"":""Los sonidos agudos, como de silbatos o aparatos para hacer bulla en las fiestas, me molestan.""}","{""Q0"":"" Siempre""}","[0]"
"","1134.3999999999069","SPM2Adultos_018","SPM2Adultos","survey-multi-choice","32","35952","0.0-34.0-0.0","{""Q0"":""Yo evito los lugares donde hay música o ruido fuerte.""}","{""Q0"":"" Frecuentemente""}","[0]"
"","1260","SPM2Adultos_019","SPM2Adultos","survey-multi-choice","33","37215","0.0-35.0-0.0","{""Q0"":""Yo tengo dificultad para enfocarme en una película cuando hay ruidos cerca como el de gente abriendo envases de comida.""}","{""Q0"":"" Nunca""}","[0]"
"","1114.1000000000931","SPM2Adultos_020","SPM2Adultos","survey-multi-choice","34","38331","0.0-36.0-0.0","{""Q0"":""Yo tengo dificultad para oír a la gente cuando me están hablando en un sitio bullicioso como un restaurante.""}","{""Q0"":"" Ocasionalmente""}","[0]"
"","1055.2000000000698","SPM2Adultos_021","SPM2Adultos","survey-multi-choice","35","39389","0.0-37.0-0.0","{""Q0"":""Yo tengo dificultad para encontrar cosas en un bolsillo, una bolsa, o una mochila sin mirar.""}","{""Q0"":"" Nunca""}","[0]"
"","1071.2000000000698","SPM2Adultos_022","SPM2Adultos","survey-multi-choice","36","40463","0.0-38.0-0.0","{""Q0"":""No me gusta que la gente me toque o que esté demasiado cerca de mí""}","{""Q0"":"" Ocasionalmente""}","[0]"
"","1080.9000000000233","SPM2Adultos_023","SPM2Adultos","survey-multi-choice","37","41546","0.0-39.0-0.0","{""Q0"":""La sensación de ciertas ropas me disgusta.""}","{""Q0"":"" Nunca""}","[0]"
"","1025.2000000000698","SPM2Adultos_024","SPM2Adultos","survey-multi-choice","38","42575","0.0-40.0-0.0","{""Q0"":""Me disgusta tener cosas pegajosas o sucias en mis manos.""}","{""Q0"":"" Ocasionalmente""}","[0]"
"","1085.4000000000233","SPM2Adultos_025","SPM2Adultos","survey-multi-choice","39","43667","0.0-41.0-0.0","{""Q0"":""Otros tienen que decirme cuando necesito limpiarme algo de la cara porque yo no me doy cuenta de eso.""}","{""Q0"":"" Frecuentemente""}","[0]"
"","1178.6999999999534","SPM2Adultos_026","SPM2Adultos","survey-multi-choice","40","44849","0.0-42.0-0.0","{""Q0"":""La comida tiene que estar exactamente a la temperatura correcta para que yo me la coma.""}","{""Q0"":"" Nunca""}","[0]"
"","1248.4000000000233","SPM2Adultos_027","SPM2Adultos","survey-multi-choice","41","46100","0.0-43.0-0.0","{""Q0"":""Yo evito ciertas comidas debido a sus texturas.""}","{""Q0"":"" Frecuentemente""}","[0]"
"","1219.5","SPM2Adultos_028","SPM2Adultos","survey-multi-choice","42","47322","0.0-44.0-0.0","{""Q0"":""Se me caen las cosas porque no las siento deslizarse entre mis dedos.""}","{""Q0"":"" Nunca""}","[0]"
"","1061.9000000000233","SPM2Adultos_029","SPM2Adultos","survey-multi-choice","43","48386","0.0-45.0-0.0","{""Q0"":""Yo tengo problemas con cierres que no puedo ver (como para abotonar mi cuello sin un espejo).""}","{""Q0"":"" Nunca""}","[0]"
"","1086.3000000000466","SPM2Adultos_030","SPM2Adultos","survey-multi-choice","44","49475","0.0-46.0-0.0","{""Q0"":""Me es difícil sentir cuando la ropa se me ha enrollado en el cuerpo.""}","{""Q0"":"" Siempre""}","[0]"
"","1160.8000000000466","SPM2Adultos_031","SPM2Adultos","survey-multi-choice","45","50641","0.0-47.0-0.0","{""Q0"":""Yo evito probar comidas nuevas.""}","{""Q0"":"" Ocasionalmente""}","[0]"
"","1249.0999999999767","SPM2Adultos_032","SPM2Adultos","survey-multi-choice","46","51893","0.0-48.0-0.0","{""Q0"":""Yo noto fragancias u olores que otros no notan.""}","{""Q0"":"" Ocasionalmente""}","[0]"
"","1093","SPM2Adultos_033","SPM2Adultos","survey-multi-choice","47","52989","0.0-49.0-0.0","{""Q0"":""No me gusta comer en restaurantes debido a los diferentes olores y sabores.""}","{""Q0"":"" Nunca""}","[0]"
"","1099.8000000000466","SPM2Adultos_034","SPM2Adultos","survey-multi-choice","48","54091","0.0-50.0-0.0","{""Q0"":""Me fastidian olores que a los demás no les molestan.""}","{""Q0"":"" Ocasionalmente""}","[0]"
"","1056.7000000000698","SPM2Adultos_035","SPM2Adultos","survey-multi-choice","49","55150","0.0-51.0-0.0","{""Q0"":""Yo evito estar con grupos de gente en sitios encerrados, como en los ascensores o en habitaciones atestadas (saturadas), debido al olor.""}","{""Q0"":"" Frecuentemente""}","[0]"
"","1110.5","SPM2Adultos_036","SPM2Adultos","survey-multi-choice","50","56264","0.0-52.0-0.0","{""Q0"":""Cuando me encuentro con algo nuevo, me gusta olerlo""}","{""Q0"":"" Ocasionalmente""}","[0]"
"","1057.5","SPM2Adultos_037","SPM2Adultos","survey-multi-choice","51","57325","0.0-53.0-0.0","{""Q0"":""Los sabores de ciertas comidas me disgustan.""}","{""Q0"":"" Frecuentemente""}","[0]"
"","1015.7999999999302","SPM2Adultos_038","SPM2Adultos","survey-multi-choice","52","58343","0.0-54.0-0.0","{""Q0"":""Yo detecto sabores amargos o ácidos aunque sean muy leves.""}","{""Q0"":"" Ocasionalmente""}","[0]"
"","1087.4000000000233","SPM2Adultos_039","SPM2Adultos","survey-multi-choice","53","59432","0.0-55.0-0.0","{""Q0"":""Me gusta olfatear u oler a la gente.""}","{""Q0"":"" Ocasionalmente""}","[0]"
"","1111","SPM2Adultos_040","SPM2Adultos","survey-multi-choice","54","60546","0.0-56.0-0.0","{""Q0"":""Yo insisto en comer la misma marca de un cierto alimento debido al sabor.""}","{""Q0"":"" Siempre""}","[0]"
"","1175.9000000000233","SPM2Adultos_041","SPM2Adultos","survey-multi-choice","55","61725","0.0-57.0-0.0","{""Q0"":""Yo tiro la pelota con demasiada o con muy poca fuerza para embocarla.""}","{""Q0"":"" Ocasionalmente""}","[0]"
"","1077.8000000000466","SPM2Adultos_042","SPM2Adultos","survey-multi-choice","56","62805","0.0-58.0-0.0","{""Q0"":""Yo tiendo a derramar o botar las cosas que llevo en una azafate (bandeja).""}","{""Q0"":"" Siempre""}","[0]"
"","1041.2000000000698","SPM2Adultos_043","SPM2Adultos","survey-multi-choice","57","63848","0.0-59.0-0.0","{""Q0"":""Yo manejo los recipientes tan bruscamente o tan fuerte que se abollan, se rompen, o derraman.""}","{""Q0"":"" Frecuentemente""}","[0]"
"","1055.7999999999302","SPM2Adultos_044","SPM2Adultos","survey-multi-choice","58","64906","0.0-60.0-0.0","{""Q0"":""Yo agarro las cosas de un modo tan suelto que se me caen de la mano.""}","{""Q0"":"" Siempre""}","[0]"
"","1061.9000000000233","SPM2Adultos_045","SPM2Adultos","survey-multi-choice","59","65970","0.0-61.0-0.0","{""Q0"":""Yo rompo las cosas al presionarlas, jalarlas, o empujarlas demasiado fuerte.""}","{""Q0"":"" Frecuentemente""}","[0]"
"","1058.2999999999302","SPM2Adultos_046","SPM2Adultos","survey-multi-choice","60","67031","0.0-62.0-0.0","{""Q0"":""Yo vuelco (derramo) las cosas por accidente.""}","{""Q0"":"" Siempre""}","[0]"
"","1119.4000000000233","SPM2Adultos_047","SPM2Adultos","survey-multi-choice","61","68153","0.0-63.0-0.0","{""Q0"":""Yo tiendo a usar demasiada presión para la tarea que estoy haciendo, por ejemplo rompo las puntas de los lápices al escribir.""}","{""Q0"":"" Frecuentemente""}","[0]"
"","1294.7000000000698","SPM2Adultos_048","SPM2Adultos","survey-multi-choice","62","69451","0.0-64.0-0.0","{""Q0"":""Me gusta chocar mi cuerpo contra cosas.""}","{""Q0"":"" Ocasionalmente""}","[0]"
"","1444.4000000000233","SPM2Adultos_049","SPM2Adultos","survey-multi-choice","63","70903","0.0-65.0-0.0","{""Q0"":""Los demás se quejan de que yo empujo, pateo, abrazo, o pego demasiado fuerte.""}","{""Q0"":"" Ocasionalmente""}","[0]"
"","1170.7000000000698","SPM2Adultos_050","SPM2Adultos","survey-multi-choice","64","72077","0.0-66.0-0.0","{""Q0"":""Yo tiro las puertas al cerrarlas (portazos) o las empujo al abrirlas con demasiada fuerza.""}","{""Q0"":"" Nunca""}","[0]"
"","1159.9000000000233","SPM2Adultos_051","SPM2Adultos","survey-multi-choice","65","73239","0.0-67.0-0.0","{""Q0"":""No me gustan las actividades que me hagan echar la cabeza hacia atrás como para mirar algo que esté encima o para enjuagar mi cabello.""}","{""Q0"":"" Frecuentemente""}","[0]"
"","1380.7000000000698","SPM2Adultos_052","SPM2Adultos","survey-multi-choice","66","74623","0.0-68.0-0.0","{""Q0"":""No me gusta subir en ascensores o en escaleras mecánicas porque el movimiento me pone incómodo/a.""}","{""Q0"":"" Ocasionalmente""}","[0]"
"","1656.5999999999767","SPM2Adultos_053","SPM2Adultos","survey-multi-choice","67","76284","0.0-69.0-0.0","{""Q0"":""Yo evito caminar sobre superficies desiguales que requieren equilibrio como la tierra o el pasto.""}","{""Q0"":"" Nunca""}","[0]"
"","1229.9000000000233","SPM2Adultos_054","SPM2Adultos","survey-multi-choice","68","77516","0.0-70.0-0.0","{""Q0"":""Yo me tropiezo o pierdo el equilibrio.""}","{""Q0"":"" Ocasionalmente""}","[0]"
"","1087.6999999999534","SPM2Adultos_055","SPM2Adultos","survey-multi-choice","69","78608","0.0-71.0-0.0","{""Q0"":""Yo me siento incomódo/a en escaleras (subir y bajar).""}","{""Q0"":"" Nunca""}","[0]"
"","1161.1999999999534","SPM2Adultos_056","SPM2Adultos","survey-multi-choice","70","79772","0.0-72.0-0.0","{""Q0"":""Cuando me siento en el suelo tengo que apoyarme en algo.""}","{""Q0"":"" Siempre""}","[0]"
"","1151.9000000000233","SPM2Adultos_057","SPM2Adultos","survey-multi-choice","71","80928","0.0-73.0-0.0","{""Q0"":""Yo me mareo cuando giro mi cabeza de un lado a otro como al mirar en ambos sentidos antes de cruzar una calle.""}","{""Q0"":"" Frecuentemente""}","[0]"
"","1061","SPM2Adultos_058","SPM2Adultos","survey-multi-choice","72","81994","0.0-74.0-0.0","{""Q0"":""Yo me pongo incómodo/a cuando tengo que sentarme en un asiento sin respaldo.""}","{""Q0"":"" Ocasionalmente""}","[0]"
"","977.1999999999534","SPM2Adultos_059","SPM2Adultos","survey-multi-choice","73","82973","0.0-75.0-0.0","{""Q0"":""Yo me mezo o me doy vueltas en la silla cuando estoy sentada/o en un escritorio o una mesa.""}","{""Q0"":"" Nunca""}","[0]"
"","935.7000000000698","SPM2Adultos_060","SPM2Adultos","survey-multi-choice","74","83910","0.0-76.0-0.0","{""Q0"":""Yo me desplomo (me echo) o sujeto mi cabeza con las manos cuando estoy sentada/o en un escritorio.""}","{""Q0"":"" Ocasionalmente""}","[0]"
"","993.4000000000233","SPM2Adultos_061","SPM2Adultos","survey-multi-choice","75","84906","0.0-77.0-0.0","{""Q0"":""Yo necesito más práctica que los demás para adquirir una habilidad nueva.""}","{""Q0"":"" Ocasionalmente""}","[0]"
"","953.5","SPM2Adultos_062","SPM2Adultos","survey-multi-choice","76","85862","0.0-78.0-0.0","{""Q0"":""Yo tengo dificultad para planificar cómo cargar con varias cosas al mismo tiempo.""}","{""Q0"":"" Siempre""}","[0]"
"","963.5","SPM2Adultos_063","SPM2Adultos","survey-multi-choice","77","86827","0.0-79.0-0.0","{""Q0"":""Me es difícil mantener las cosas organizadas.""}","{""Q0"":"" Frecuentemente""}","[0]"
"","952","SPM2Adultos_064","SPM2Adultos","survey-multi-choice","78","87782","0.0-80.0-0.0","{""Q0"":""Yo necesito decir los pasos de una tarea dentro de mi mismo mientras la estoy haciendo.""}","{""Q0"":"" Frecuentemente""}","[0]"
"","920.2000000000698","SPM2Adultos_065","SPM2Adultos","survey-multi-choice","79","88704","0.0-81.0-0.0","{""Q0"":""Yo tengo dificultad para completar las tareas que requieren muchos pasos que tienen que ser hechos en el orden correcto.""}","{""Q0"":"" Siempre""}","[0]"
"","1038.7000000000698","SPM2Adultos_066","SPM2Adultos","survey-multi-choice","80","89745","0.0-82.0-0.0","{""Q0"":""Yo tengo dificultad para seguir los pasos de una tarea nueva, como los de una receta o de un manual de reparaciones.""}","{""Q0"":"" Frecuentemente""}","[0]"
"","1182.6999999999534","SPM2Adultos_067","SPM2Adultos","survey-multi-choice","81","90930","0.0-83.0-0.0","{""Q0"":""Yo tengo problemas para generar ideas para nuevas actividades.""}","{""Q0"":"" Ocasionalmente""}","[0]"
"","1175.2999999999302","SPM2Adultos_068","SPM2Adultos","survey-multi-choice","82","92110","0.0-84.0-0.0","{""Q0"":""Yo tengo problemas siguiendo un diagrama para construir algo por ejemplo para armar muebles.""}","{""Q0"":"" Nunca""}","[0]"
"","1201.5","SPM2Adultos_069","SPM2Adultos","survey-multi-choice","83","93313","0.0-85.0-0.0","{""Q0"":""Yo tengo dificultad usando mi imaginación para crear nuevos juegos o actividades cuando juego con niños.""}","{""Q0"":"" Frecuentemente""}","[0]"
"","1046.5999999999767","SPM2Adultos_070","SPM2Adultos","survey-multi-choice","84","94362","0.0-86.0-0.0","{""Q0"":""Yo tengo dificultad para generar ideas durante juegos como charadas (pasatiempos).""}","{""Q0"":"" Ocasionalmente""}","[0]"
"","938.3999999999069","SPM2Adultos_071","SPM2Adultos","survey-multi-choice","85","95303","0.0-87.0-0.0","{""Q0"":""Yo me llevo bien con los demás.""}","{""Q0"":"" Siempre""}","[0]"
"","973.8000000000466","SPM2Adultos_072","SPM2Adultos","survey-multi-choice","86","96278","0.0-88.0-0.0","{""Q0"":""Yo disfruto estando con mis amigos.""}","{""Q0"":"" Ocasionalmente""}","[0]"
"","1137.5","SPM2Adultos_073","SPM2Adultos","survey-multi-choice","87","97419","0.0-89.0-0.0","{""Q0"":""Yo evito actividades sociales con gente que no conozco.""}","{""Q0"":"" Nunca""}","[0]"
"","1090.9000000000233","SPM2Adultos_074","SPM2Adultos","survey-multi-choice","88","98512","0.0-90.0-0.0","{""Q0"":""Yo disfruto participando en reuniones familiares.""}","{""Q0"":"" Ocasionalmente""}","[0]"
"","1108.5","SPM2Adultos_075","SPM2Adultos","survey-multi-choice","89","99623","0.0-91.0-0.0","{""Q0"":""Yo me uno a actividades con otros sin perturbar la actividad que está en progreso.""}","{""Q0"":"" Ocasionalmente""}","[0]"
"","1005.1000000000931","SPM2Adultos_076","SPM2Adultos","survey-multi-choice","90","100631","0.0-92.0-0.0","{""Q0"":""Me es difícil hacer contacto visual con la gente cuando les hablo.""}","{""Q0"":"" Frecuentemente""}","[0]"
"","1150.7000000000698","SPM2Adultos_077","SPM2Adultos","survey-multi-choice","91","101786","0.0-93.0-0.0","{""Q0"":""Yo me quedo (atascado) pegado en un sólo tema cuando hablo con otros.""}","{""Q0"":"" Siempre""}","[0]"
"","1191.2000000000698","SPM2Adultos_078","SPM2Adultos","survey-multi-choice","92","102981","0.0-94.0-0.0","{""Q0"":""Los demás me dicen que parezco estar ignorando a la gente, cuando en realidad yo ni siquiera me había dado cuenta de que estaban ahí""}","{""Q0"":"" Frecuentemente""}","[0]"
"","1122.5","SPM2Adultos_079","SPM2Adultos","survey-multi-choice","93","104106","0.0-95.0-0.0","{""Q0"":""La gente me dice que yo hablo con voz demasiado suave o demasiado alta.""}","{""Q0"":"" Frecuentemente""}","[0]"
"","1073.5999999999767","SPM2Adultos_080","SPM2Adultos","survey-multi-choice","94","105184","0.0-96.0-0.0","{""Q0"":""Me gusta trabajar como parte de un equipo.""}","{""Q0"":"" Siempre""}","[0]"
