"view_history","rt","trialid","procedure","trial_type","trial_index","time_elapsed","internal_node_id","stimulus","response"
"[{""page_index"":0,""viewing_time"":520},{""page_index"":1,""viewing_time"":551}]","1071","Instructions_01","SILS","instructions","1389","1002100","0.0-1481.0-0.0","",""
"","1004","SILS_01","SILS","survey-multi-choice-horizontal","1390","1003116","0.0-1482.0-0.0","{""Q0"":"" Yo, como parte del equipo directivo:   1. Desarrollo un plan para fortalecer la convivencia al interior del establecimiento.""}","{""Q0"":""Rarasveces""}"
"","875","SILS_02","SILS","survey-multi-choice-horizontal","1391","1004010","0.0-1483.0-0.0","{""Q0"":"" Yo, como parte del equipo directivo:   2. Atiendo los conflictos de convivencia entre estamentos del establecimiento.""}","{""Q0"":"" Bastantea menudo""}"
"","858","SILS_03","SILS","survey-multi-choice-horizontal","1392","1004879","0.0-1484.0-0.0","{""Q0"":"" Yo, como parte del equipo directivo:   3. Establezco estándares escolares y expectativas claras para el equipo del establecimiento.""}","{""Q0"":"" Bastantea menudo""}"
"","826","SILS_04","SILS","survey-multi-choice-horizontal","1393","1005716","0.0-1485.0-0.0","{""Q0"":"" Yo, como parte del equipo directivo:   4. Soy experto/a acerca del liderazgo educativo.""}","{""Q0"":""Algunas  veces""}"
"","856","SILS_05","SILS","survey-multi-choice-horizontal","1394","1006582","0.0-1486.0-0.0","{""Q0"":"" Yo, como parte del equipo directivo:   5. Soy capaz de responder preguntas acerca del establecimiento.""}","{""Q0"":""Algunas  veces""}"
"","891","SILS_06","SILS","survey-multi-choice-horizontal","1395","1007488","0.0-1487.0-0.0","{""Q0"":"" Yo, como parte del equipo directivo:   6. Sé de lo que hablo cuando me refiero a temáticas educativas.""}","{""Q0"":""Rarasveces""}"
"","835","SILS_07","SILS","survey-multi-choice-horizontal","1396","1008340","0.0-1488.0-0.0","{""Q0"":"" Yo, como parte del equipo directivo:   7. Reconozco y aprecio los esfuerzos del personal del colegio/profesores/as en búsqueda de mejoras en sus prácticas.""}","{""Q0"":"" Siempre""}"
"","892","SILS_08","SILS","survey-multi-choice-horizontal","1397","1009243","0.0-1489.0-0.0","{""Q0"":"" Yo, como parte del equipo directivo:   8. Reconozco y aprecio los esfuerzos del personal del colegio/profesores/as con relación a sus necesidades y habilidades individuales.""}","{""Q0"":"" Siempre""}"
"","831","SILS_09","SILS","survey-multi-choice-horizontal","1398","1010088","0.0-1490.0-0.0","{""Q0"":"" Yo, como parte del equipo directivo:   9. Reconozco y aprecio los esfuerzos del personal del colegio/profesores/as de trabajar colaborativamente.""}","{""Q0"":""Nunca""}"
"","858","SILS_10","SILS","survey-multi-choice-horizontal","1399","1010958","0.0-1491.0-0.0","{""Q0"":"" Yo, como parte del equipo directivo:   10. Persevero frente a los desafíos que se presenten en el establecimiento.""}","{""Q0"":""Rarasveces""}"
"","808","SILS_11","SILS","survey-multi-choice-horizontal","1400","1011778","0.0-1492.0-0.0","{""Q0"":"" Yo, como parte del equipo directivo:   11. Reconozco y actúo de manera efectiva frente a desafíos..""}","{""Q0"":"" Siempre""}"
"","800","SILS_12","SILS","survey-multi-choice-horizontal","1401","1012591","0.0-1493.0-0.0","{""Q0"":"" Yo, como parte del equipo directivo:   12. Apoyo la implementación de buenas prácticas incluso frente a dificultades.""}","{""Q0"":""Rarasveces""}"
"","818","SILS_13","SILS","survey-multi-choice-horizontal","1402","1013420","0.0-1494.0-0.0","{""Q0"":"" Yo, como parte del equipo directivo:   13. Establezco sistemas de comunicación claros entre estamentos del establecimiento.""}","{""Q0"":""Rarasveces""}"
"","837","SILS_14","SILS","survey-multi-choice-horizontal","1403","1014267","0.0-1495.0-0.0","{""Q0"":"" Yo, como parte del equipo directivo:   14. Comunico regularmente los fracasos con el fin de superarlos..""}","{""Q0"":""Nunca""}"
"","1154","SILS_15","SILS","survey-multi-choice-horizontal","1404","1015434","0.0-1496.0-0.0","{""Q0"":"" Yo, como parte del equipo directivo:   15. Promuevo la comunicación asertiva y el respeto en el establecimiento.""}","{""Q0"":""Rarasveces""}"
"","883","SILS_16","SILS","survey-multi-choice-horizontal","1405","1016329","0.0-1497.0-0.0","{""Q0"":"" Yo, como parte del equipo directivo:   16. Hablo de forma optimista sobre el futuro, observando problemáticas desde distintos ángulos.""}","{""Q0"":""Rarasveces""}"
"","858","SILS_17","SILS","survey-multi-choice-horizontal","1406","1017198","0.0-1498.0-0.0","{""Q0"":"" Yo, como parte del equipo directivo:   17. Demuestro confianza en que las metas serán cumplidas.""}","{""Q0"":""Nunca""}"
"","885","SILS_18","SILS","survey-multi-choice-horizontal","1407","1018094","0.0-1499.0-0.0","{""Q0"":"" Yo, como parte del equipo directivo:   18. Enfatizo la importancia de tener una misión común.""}","{""Q0"":""Algunas  veces""}"
"","816","SILS_19","SILS","survey-multi-choice-horizontal","1408","1018922","0.0-1500.0-0.0","{""Q0"":"" Yo, como parte del equipo directivo:   19. Estoy disponible en caso de que necesiten mi ayuda.""}","{""Q0"":""Algunas  veces""}"
"","831","SILS_20","SILS","survey-multi-choice-horizontal","1409","1019765","0.0-1501.0-0.0","{""Q0"":"" Yo, como parte del equipo directivo:   20. Concentro toda mi atención cuando resuelvo problemas, errores o quejas.""}","{""Q0"":"" Bastantea menudo""}"
"","802","SILS_21","SILS","survey-multi-choice-horizontal","1410","1020595","0.0-1502.0-0.0","{""Q0"":"" Yo, como parte del equipo directivo:   21. Soy efectivo/a en satisfacer las necesidades de trabajo con otros/as.""}","{""Q0"":""Rarasveces""}"
