"view_history","rt","trialid","procedure","trial_type","trial_index","time_elapsed","internal_node_id","stimulus","response"
"[{""page_index"":0,""viewing_time"":416}]","416","Instructions_01","LSNS","instructions","861","649953","0.0-857.0-0.0","",""
"[{""page_index"":0,""viewing_time"":651}]","651","Instructions_01","LSNS","instructions","862","650608","0.0-858.0-0.0","",""
"","946","LSNS_001","LSNS","survey-multi-choice-vertical","863","651563","0.0-859.0-0.0","{""Q0"":""1. ¿Con cuántos parientes te encuentras o tiene noticias de ellos, por lo menos, una vez por mes?""}","{""Q0"":""de cinco a ocho""}"
"","924","LSNS_002","LSNS","survey-multi-choice-vertical","864","652496","0.0-860.0-0.0","{""Q0"":""2. ¿Con qué frecuencia te encuentras o tiene noticias del pariente con el que tiene más contacto?""}","{""Q0"":""mensualmente""}"
"","876","LSNS_003","LSNS","survey-multi-choice-vertical","865","653381","0.0-861.0-0.0","{""Q0"":""3. ¿Con cuántos parientes te sientes lo suficientemente cómodo como para conversar sobre tus asuntos personales?""}","{""Q0"":""de cinco a ocho""}"
"","854","LSNS_004","LSNS","survey-multi-choice-vertical","866","654249","0.0-862.0-0.0","{""Q0"":""4. ¿A cuántos parientes sientes lo suficientemente cercano como para llamarlos cuando necesitas ayuda?""}","{""Q0"":""dos""}"
"","870","LSNS_005","LSNS","survey-multi-choice-vertical","867","655133","0.0-863.0-0.0","{""Q0"":""5. Cuando uno de tus parientes tiene que tomar una decisión importante, ¿con qué frecuencia te lo comenta a tí?""}","{""Q0"":""con mucha frecuencia""}"
"","896","LSNS_006","LSNS","survey-multi-choice-vertical","868","656036","0.0-864.0-0.0","{""Q0"":""6. ¿Con qué frecuencia uno de tus parientes está disponible para hablar cuando tú tienes que tomar una decisión importante?""}","{""Q0"":""siempre""}"
"[{""page_index"":0,""viewing_time"":376}]","376","Instructions_01","LSNS","instructions","869","656415","0.0-865.0-0.0","",""
"","856","LSNS_007","LSNS","survey-multi-choice-vertical","870","657282","0.0-866.0-0.0","{""Q0"":""7. ¿Con cuántos amigos te encuentras o tienes noticias de ellos, por lo menos, una vez por mes?""}","{""Q0"":""de cinco a ocho""}"
"","831","LSNS_008","LSNS","survey-multi-choice-vertical","871","658122","0.0-867.0-0.0","{""Q0"":""8. ¿Con qué frecuencia te encuentras o tienes noticias del amigo con el que tiene más contacto?""}","{""Q0"":""algunas veces por semana""}"
"","927","LSNS_009","LSNS","survey-multi-choice-vertical","872","659061","0.0-868.0-0.0","{""Q0"":""9. ¿Con cuántos amigos te sientes lo suficientemente cómodo como para conversar sobre tus asuntos personales?""}","{""Q0"":""de cinco a ocho""}"
"","991","LSNS_010","LSNS","survey-multi-choice-vertical","873","660059","0.0-869.0-0.0","{""Q0"":""10. ¿A cuántos amigos sientes lo suficientemente cercano como para llamarlos cuando necesitas ayuda?""}","{""Q0"":""uno""}"
"","935","LSNS_011","LSNS","survey-multi-choice-vertical","874","661003","0.0-870.0-0.0","{""Q0"":""11. Cuando uno de tus amigos tiene que tomar una decisión importante, ¿con qué frecuencia te lo comenta a tí?""}","{""Q0"":""con mucha frecuencia""}"
"","899","LSNS_012","LSNS","survey-multi-choice-vertical","875","661912","0.0-871.0-0.0","{""Q0"":""12. ¿Con qué frecuencia uno de tus amigos está disponible para hablar cuando tú tienes que tomar una decisión importante?""}","{""Q0"":""con frecuencia""}"
