"view_history","rt","trialid","procedure","trial_type","trial_index","time_elapsed","internal_node_id","stimulus","response"
"[{""page_index"":0,""viewing_time"":521}]","521","Instructions_01","PSS","instructions","1173","859310","0.0-1198.0-0.0","",""
"","936","PSS_001","PSS","survey-multi-choice-vertical","1174","860254","0.0-1199.0-0.0","{""Q0"":""En el último mes, ¿con qué frecuencia ha estado afectado por algo que ha ocurrido inesperadamente?""}","{""Q0"":"" 4 Muy a menudo""}"
"","1088","PSS_002","PSS","survey-multi-choice-vertical","1175","861351","0.0-1200.0-0.0","{""Q0"":""En el último mes, ¿con qué frecuencia se ha sentido incapaz de controlar las cosas importantes en su vida?""}","{""Q0"":"" 0 Nunca""}"
"","894","PSS_003","PSS","survey-multi-choice-vertical","1176","862253","0.0-1201.0-0.0","{""Q0"":""En el último mes, ¿con qué frecuencia se ha sentido nervioso o estresado?""}","{""Q0"":"" 4 Muy a menudo""}"
"","846","PSS_004","PSS","survey-multi-choice-vertical","1177","863108","0.0-1202.0-0.0","{""Q0"":""En el último mes, ¿con qué frecuencia ha manejado con éxito los pequeños problemas irritantes de la vida?""}","{""Q0"":"" 3 A menudo""}"
"","822","PSS_005","PSS","survey-multi-choice-vertical","1178","863941","0.0-1203.0-0.0","{""Q0"":""En el último mes, ¿con qué frecuencia ha sentido que ha afrontado efectivamente los cambios importantes que han estado ocurriendo en su vida?""}","{""Q0"":"" 0 Nunca""}"
"","787","PSS_006","PSS","survey-multi-choice-vertical","1179","864742","0.0-1204.0-0.0","{""Q0"":""En el último mes, ¿con qué frecuencia ha estado seguro sobre su capacidad para manejar sus problemas personales?""}","{""Q0"":"" 4 Muy a menudo""}"
"","802","PSS_007","PSS","survey-multi-choice-vertical","1180","865552","0.0-1205.0-0.0","{""Q0"":""En el último mes, ¿con qué frecuencia ha sentido que las cosas le van bien?""}","{""Q0"":"" 2 De vez en cuando""}"
"","804","PSS_008","PSS","survey-multi-choice-vertical","1181","866365","0.0-1206.0-0.0","{""Q0"":""En el último mes, ¿con qué frecuencia ha sentido que no podía afrontar todas las cosas que tenía que hacer?""}","{""Q0"":"" 0 Nunca""}"
"","849","PSS_009","PSS","survey-multi-choice-vertical","1182","867224","0.0-1207.0-0.0","{""Q0"":""En el último mes, ¿con qué frecuencia ha podido controlar las dificultades de su vida?""}","{""Q0"":"" 2 De vez en cuando""}"
"","863","PSS_010","PSS","survey-multi-choice-vertical","1183","868097","0.0-1208.0-0.0","{""Q0"":""En el último mes, ¿con qué frecuencia se ha sentido al control de todo?""}","{""Q0"":"" 3 A menudo""}"
"","821","PSS_011","PSS","survey-multi-choice-vertical","1184","868927","0.0-1209.0-0.0","{""Q0"":""En el último mes, ¿con qué frecuencia ha estado enfadado porque las cosas que le han ocurrido estaban fuera de su control?""}","{""Q0"":"" 3 A menudo""}"
"","793","PSS_012","PSS","survey-multi-choice-vertical","1185","869739","0.0-1210.0-0.0","{""Q0"":""En el último mes, ¿con qué frecuencia ha pensado sobre las cosas que le quedan por lograr?""}","{""Q0"":"" 3 A menudo""}"
"","810","PSS_013","PSS","survey-multi-choice-vertical","1186","870560","0.0-1211.0-0.0","{""Q0"":""En el último mes, ¿con qué frecuencia ha podido controlar la forma de pasar el tiempo?""}","{""Q0"":"" 0 Nunca""}"
"","801","PSS_014","PSS","survey-multi-choice-vertical","1187","871374","0.0-1212.0-0.0","{""Q0"":""En el último mes, ¿con qué frecuencia ha sentido que las dificultades se acumulan tanto que no puede superarlas?""}","{""Q0"":"" 1 Casi nunca""}"
