"view_history","rt","trialid","procedure","trial_type","trial_index","time_elapsed","internal_node_id","stimulus","response"
"[{""page_index"":0,""viewing_time"":533}]","534","Instructions_01","FDMQ","instructions","570","456974","0.0-613.0-0.0","",""
"","729","FDMQ_01","FDMQ","survey-multi-choice-vertical","571","457712","0.0-614.0-0.0","{""Q0"":""1. Me gusta considerar todas las alternativas.""}","{""Q0"":"" No es verdad para mi""}"
"","623","FDMQ_02","FDMQ","survey-multi-choice-vertical","572","458343","0.0-615.0-0.0","{""Q0"":""2. Intento encontrar las desventajas de cada alternativa.""}","{""Q0"":"" A veces es verdad""}"
"","678","FDMQ_03","FDMQ","survey-multi-choice-vertical","573","459031","0.0-616.0-0.0","{""Q0"":""3. Tomo en consideración cuál sería la mejor manera de llevar adelante una decisión.""}","{""Q0"":"" No es verdad para mi""}"
"","671","FDMQ_04","FDMQ","survey-multi-choice-vertical","574","459708","0.0-617.0-0.0","{""Q0"":""4. Cuando tomo decisiones me gusta reunir mucha información.""}","{""Q0"":"" A veces es verdad""}"
"","670","FDMQ_05","FDMQ","survey-multi-choice-vertical","575","460383","0.0-618.0-0.0","{""Q0"":""5. Intento ser claro en mis objetivos antes de elegir.""}","{""Q0"":"" No es verdad para mi""}"
"","738","FDMQ_06","FDMQ","survey-multi-choice-vertical","576","461126","0.0-619.0-0.0","{""Q0"":""6. Tomo muchas precauciones antes de elegir.""}","{""Q0"":"" No es verdad para mi""}"
"","649","FDMQ_07","FDMQ","survey-multi-choice-vertical","577","461783","0.0-620.0-0.0","{""Q0"":""7. Siempre que afronto una decisión difícil, me siento pesimista respecto a poder encontrar una buena solución.""}","{""Q0"":"" No es verdad para mi""}"
"","616","FDMQ_08","FDMQ","survey-multi-choice-vertical","578","462406","0.0-621.0-0.0","{""Q0"":""8. Me siento como si estuviera bajo una tremenda presión de tiempo cuando tomo decisiones.""}","{""Q0"":"" No es verdad para mi""}"
"","659","FDMQ_09","FDMQ","survey-multi-choice-vertical","579","463070","0.0-622.0-0.0","{""Q0"":""9. La posibilidad de que alguna cosa de poca importancia pudiera salir mal hace que cambie abruptamente mi preferencia.""}","{""Q0"":"" A veces es verdad""}"
"","708","FDMQ_10","FDMQ","survey-multi-choice-vertical","580","463784","0.0-623.0-0.0","{""Q0"":""10. No puedo pensar correctamente si tengo que tomar decisiones apresuradas.""}","{""Q0"":"" No es verdad para mi""}"
"","635","FDMQ_11","FDMQ","survey-multi-choice-vertical","581","464426","0.0-624.0-0.0","{""Q0"":""11. Después de tomar una decisión, gasto cantidad de tiempo convenciéndome a mí mismo de que era correcta.""}","{""Q0"":"" No es verdad para mi""}"
"","658","FDMQ_12","FDMQ","survey-multi-choice-vertical","582","465090","0.0-625.0-0.0","{""Q0"":""12. Evito tomar decisiones.""}","{""Q0"":"" A veces es verdad""}"
"","618","FDMQ_13","FDMQ","survey-multi-choice-vertical","583","465714","0.0-626.0-0.0","{""Q0"":""13. No tomo decisiones a menos que no tenga más remedio.""}","{""Q0"":"" A veces es verdad""}"
"","650","FDMQ_14","FDMQ","survey-multi-choice-vertical","584","466369","0.0-627.0-0.0","{""Q0"":""14. Prefiero dejarles a otros tomar las decisiones.""}","{""Q0"":"" Es verdad para mi""}"
"","623","FDMQ_15","FDMQ","survey-multi-choice-vertical","585","466997","0.0-628.0-0.0","{""Q0"":""15. No me gusta asumir la responsabilidad de tomar decisiones.""}","{""Q0"":"" A veces es verdad""}"
"","667","FDMQ_16","FDMQ","survey-multi-choice-vertical","586","467669","0.0-629.0-0.0","{""Q0"":""16. Si una decisión puede ser tomada por otra persona o por mi, dejo que la otra persona la tome.""}","{""Q0"":"" Es verdad para mi""}"
"","654","FDMQ_17","FDMQ","survey-multi-choice-vertical","587","468328","0.0-630.0-0.0","{""Q0"":""17. Prefiero que las personas que están mejor informadas decidan por mí.""}","{""Q0"":"" Es verdad para mi""}"
"","617","FDMQ_18","FDMQ","survey-multi-choice-vertical","588","468951","0.0-631.0-0.0","{""Q0"":""18. Pierdo cantidad de tiempo en cuestiones triviales de menor importancia antes de llegar a la decisión final.""}","{""Q0"":"" No es verdad para mi""}"
"","674","FDMQ_19","FDMQ","survey-multi-choice-vertical","589","469629","0.0-632.0-0.0","{""Q0"":""19. Incluso después de haber tomado una decisión, retraso ponerla en práctica.""}","{""Q0"":"" No es verdad para mi""}"
"","661","FDMQ_20","FDMQ","survey-multi-choice-vertical","590","470295","0.0-633.0-0.0","{""Q0"":""20. Cuando tengo que tomar una decisión, espero mucho tiempo antes de empezar a pensar en ello.""}","{""Q0"":"" Es verdad para mi""}"
"","640","FDMQ_21","FDMQ","survey-multi-choice-vertical","591","470941","0.0-634.0-0.0","{""Q0"":""21. Retraso tomar decisiones hasta que es demasiado tarde.""}","{""Q0"":"" Es verdad para mi""}"
"","683","FDMQ_22","FDMQ","survey-multi-choice-vertical","592","471629","0.0-635.0-0.0","{""Q0"":""22. Aplazo tomar decisiones.""}","{""Q0"":"" No es verdad para mi""}"
