"view_history","rt","trialid","procedure","trial_type","trial_index","time_elapsed","internal_node_id","stimulus","slider_start","response"
"[{""page_index"":0,""viewing_time"":535}]","535","Instructions_01","SWBQ","instructions","1634","1198743","0.0-1705.0-0.0","","",""
"","682.4000000003725","SWBQ_01","SWBQ","html-slider-response","1635","1199430","0.0-1706.0-0.0","<div class='justified'>1. Siento amor por otras personas.</div></br>","3","2"
"","664.7999999988824","SWBQ_02","SWBQ","html-slider-response","1636","1200100","0.0-1707.0-0.0","<div class='justified'>2. Siento una relación personal con lo Divino / Dios.</div></br>","3","5"
"","657.5","SWBQ_03","SWBQ","html-slider-response","1637","1200760","0.0-1708.0-0.0","<div class='justified'>3. Siento lástima hacia los demás.</div></br>","3","3"
"","725.8000000007451","SWBQ_04","SWBQ","html-slider-response","1638","1201492","0.0-1709.0-0.0","<div class='justified'>4. Siento una conexión con la naturaleza.</div></br>","3","4"
"","605","SWBQ_05","SWBQ","html-slider-response","1639","1202102","0.0-1710.0-0.0","<div class='justified'>5. Tengo un sentido de identidad.</div></br>","3","2"
"","611.2999999988824","SWBQ_06","SWBQ","html-slider-response","1640","1202717","0.0-1711.0-0.0","<div class='justified'>6. Adoro al Divino / Creador.</div></br>","3","1"
"","635.0999999996275","SWBQ_07","SWBQ","html-slider-response","1641","1203358","0.0-1712.0-0.0","<div class='justified'>7. Siento asombro por una vista impresionante.</div></br>","3","5"
"","815","SWBQ_08","SWBQ","html-slider-response","1642","1204180","0.0-1713.0-0.0","<div class='justified'>8. Me siento confiado entre las personas.</div></br>","3","1"
"","564.2999999988824","SWBQ_09","SWBQ","html-slider-response","1643","1204749","0.0-1714.0-0.0","<div class='justified'>9. Siento autoconciencia.</div></br>","3","5"
"","646.2999999988824","SWBQ_10","SWBQ","html-slider-response","1644","1205400","0.0-1715.0-0.0","<div class='justified'>10. Siento unidad con la naturaleza.</div></br>","3","1"
"","574.6000000014901","SWBQ_11","SWBQ","html-slider-response","1645","1205978","0.0-1716.0-0.0","<div class='justified'>11. Siento unidad con lo Divino / Dios.</div></br>","3","1"
"","659.5","SWBQ_12","SWBQ","html-slider-response","1646","1206642","0.0-1717.0-0.0","<div class='justified'>12. Siento armonía con el medio ambiente.</div></br>","3","5"
"","558.4000000003725","SWBQ_13","SWBQ","html-slider-response","1647","1207205","0.0-1718.0-0.0","<div class='justified'>13. Siento paz con lo Divino / Dios.</div></br>","3","3"
"","590.8000000007451","SWBQ_14","SWBQ","html-slider-response","1648","1207800","0.0-1719.0-0.0","<div class='justified'>14. Siento alegría en la vida.</div></br>","3","5"
"","588.3000000007451","SWBQ_15","SWBQ","html-slider-response","1649","1208392","0.0-1720.0-0.0","<div class='justified'>15. Siento que la oración enriquece mi vida.</div></br>","3","4"
"","615.0999999996275","SWBQ_16","SWBQ","html-slider-response","1650","1209011","0.0-1721.0-0.0","<div class='justified'>16. Siento paz interior.</div></br>","3","2"
"","612.6999999992549","SWBQ_17","SWBQ","html-slider-response","1651","1209629","0.0-1722.0-0.0","<div class='justified'>17. Siento respeto por los demás.</div></br>","3","3"
"","628.9000000003725","SWBQ_18","SWBQ","html-slider-response","1652","1210261","0.0-1723.0-0.0","<div class='justified'>18. Siento que la vida tiene sentido.</div></br>","3","4"
"","633.4000000003725","SWBQ_19","SWBQ","html-slider-response","1653","1210899","0.0-1724.0-0.0","<div class='justified'>19. Siento amabilidad hacia otras personas.</div></br>","3","4"
"","569.6999999992549","SWBQ_20","SWBQ","html-slider-response","1654","1211472","0.0-1725.0-0.0","<div class='justified'>20. Siento 'magia' en el medio ambiente.</div></br>","3","4"
"","576.9000000003725","SWBQ_21","SWBQ","html-slider-response","1655","1212053","0.0-1726.0-0.0","<div class='justified'>21. Siento una conexión entre mí y los demás.</div></br>","3","4"
"","566.5999999996275","SWBQ_22","SWBQ","html-slider-response","1656","1212623","0.0-1727.0-0.0","<div class='justified'>22. Siento asombro hacia naturaleza.</div></br>","3","4"
"","682.5999999996275","SWBQ_23","SWBQ","html-slider-response","1657","1213311","0.0-1728.0-0.0","<div class='justified'>23. Siento que vivo en armonía con los demás.</div></br>","3","2"
"","602.4000000003725","SWBQ_24","SWBQ","html-slider-response","1658","1213918","0.0-1729.0-0.0","<div class='justified'>24. Me siento en armonía con la naturaleza.</div></br>","3","5"
"","636","SWBQ_25","SWBQ","html-slider-response","1659","1214558","0.0-1730.0-0.0","<div class='justified'>25. Siento fuerza interior.</div></br>","3","4"
"","664.3000000007451","SWBQ_26","SWBQ","html-slider-response","1660","1215228","0.0-1731.0-0.0","<div class='justified'>26. Siento que confío en las personas.</div></br>","3","2"
