"view_history","rt","trialid","procedure","trial_type","trial_index","time_elapsed","internal_node_id","stimulus","response","question_order"
"[{""page_index"":0,""viewing_time"":724}]","725","instructions_01","IFS","instructions","150","169674","0.0-211.0-0.0","","",""
"","1071.2999999999302","IFS_001","IFS","survey-multi-choice","151","170750","0.0-212.0-0.0","{""Q0"":""Aqui, como examinador debes decirle al participante lo siguiente: <b>“Mire atentamente lo que estoy haciendo”</b>. Acto seguido debes realizar frente al sujeto y por tres repeticiones consecutivas la serie de Luria:  “puño, canto, palma”.<br><br>Una vez terminadas las tres repeticiones debe decir lo siguiente: “Ahora haga lo mismo con su mano derecha, primero conmigo y después solo.” Acto seguido, como examinador, realizas las series 3 veces con el participante y luego le dices: <b>“Ahora, hágalo usted solo”</b>.""}","{""Q0"":"" Completó 6 series consecutivas solo""}","[0]"
"","1194.7999999999302","IFS_002","IFS","survey-multi-choice","152","171947","0.0-213.0-0.0","{""Q0"":""Aquí, como examinador debes decirle al participante lo siguiente: <b>“Le voy a pedir que golpee la mesa dos veces cuando yo golpee una vez”</b>. Para asegurarse que el paciente comprendió bien la consigna, realice una serie de 3 pruebas: 1-1-1.<br><br>Acto seguido decir: <b>“Ahora, golpee la mesa una vez cuando yo golpeo dos veces”</b>. Para asegurarse que el paciente comprendió bien la consigna, realice una serie de 3 pruebas: 2-2-2.<br><br>Ahora, decir <b>“Ahora integre las dos instrucciones en respuesta a mis golpes”</b> como examinador, realice la siguiente serie: 1-1-2-1-2-2-2-1-1-2.""}","{""Q0"":"" Cometió uno o dos errores""}","[0]"
"","1075.3999999999069","IFS_003","IFS","survey-multi-choice","153","173025","0.0-214.0-0.0","{""Q0"":""Iniciar diciéndole al participante: <b>“Ahora golpee una vez cuando yo golpeo una vez”</b>. Para asegurarse que el paciente comprendió bien la consigna, realice una serie de 3 pruebas: 1-1-1.<br><br>Acto seguido decir: <b>“Ahora no golpee cuando yo golpeo dos veces”</b>. Para asegurarse que el paciente comprendió bien la consigna, realice una serie de 3 pruebas: 2-2-2.<br><br>Ahora, como examinador, realiza la siguiente serie: 1-1-2-1-2-2-2-1-1-2.""}","{""Q0"":"" Golpeó <b>como el examinador</b> al menos 4 veces consecutivas""}","[0]"
"[{""page_index"":0,""viewing_time"":638}]","638","instructions_002","IFS","instructions","154","173665","0.0-215.0-0.0","","",""
"","874.3000000000466","IFS_004","IFS","survey-multi-choice","155","174542","0.0-216.0-0.0","{""Q0"":""¿El participante acertó la secuencia de esta sección?""}","{""Q0"":"" No""}","[0]"
"","904.5","IFS_005","IFS","survey-multi-choice","156","175450","0.0-217.0-0.0-0.0","{""Q0"":""¿El participante acertó la secuencia de esta sección?""}","{""Q0"":"" No""}","[0]"
"","1099.4000000000233","IFS_016","IFS","survey-multi-choice","157","176552","0.0-228.0-0.0","{""Q0"":""El participante debe decir: Diciembre, Noviembre, Octubre, Septiembre, Agosto, Julio, Junio, Mayo, Abril, Marzo, Febrero, Enero""}","{""Q0"":"" Cometió mas de un error""}","[0]"
"[{""page_index"":0,""viewing_time"":606},{""page_index"":1,""viewing_time"":619}]","1226","instructions_003","IFS","instructions","158","177780","0.0-229.0-0.0","","",""
"","1301.1999999999534","IFS_017","IFS","survey-multi-select","159","179087","0.0-230.0-0.0","{""Q0"":""A continuación se muestran las secuencias que el participante debe completar, mencióneselas en voz alta y marque las que él señale correctamente en la hoja""}","{""Q0"":[""&nbsp;2-4-3"",""&nbsp;3-4-2-1"",""&nbsp;1-4-2-3-4""]}","[0]"
"[{""page_index"":0,""viewing_time"":568}]","568","instructions_004","IFS","instructions","160","179657","0.0-231.0-0.0","","",""
"","906","IFS_018","IFS","survey-text","161","180567","0.0-232.0-0.0","{""Q0"":""A continuación escriba la respuesta del participante:""}","{""Q0"":""SBiIgBnppay1WijXivrKOIYCJu8CW0DsApTaFh""}",""
"","905.4000000000233","IFS_019","IFS","survey-multi-choice","162","181475","0.0-233.0-0.0","{""Q0"":""La respuesta ideal era: <b>“Los que hablan mucho, suelen hacer poco”</b>. A continuación puntúe que tanto se acerca la respuesta del participante.""}","{""Q0"":"" Se acerca pero no es ideal (se parece a la correcta, dió un ejemplo)""}","[0]"
"","1015","IFS_020","IFS","survey-text","163","182493","0.0-234.0-0.0","{""Q0"":""A continuación escriba la respuesta del participante:""}","{""Q0"":""NFp5L4uYFfA5KaX5g1ifMT5bB5Zt8owE1WYIwZsrpWKMaGOgLXhdu7aQanxkt3a1KcrY0cSwxTGnmYVVTZjGY9pc6Ey2EoNxIC""}",""
"","1138","IFS_021","IFS","survey-multi-choice","164","183634","0.0-235.0-0.0","{""Q0"":""La respuesta ideal era: <b>“Tomar una actitud positiva frente a las adversidades”</b>. A continuación puntúe que tanto se acerca la respuesta del participante.""}","{""Q0"":"" No se parece en nada a la respuesta ideal o no tiene relación al refrán""}","[0]"
"","1101","IFS_022","IFS","survey-text","165","184739","0.0-236.0-0.0","{""Q0"":""A continuación escriba la respuesta del participante:""}","{""Q0"":""vuduzEcKsItm6kWmiDADBhMmF""}",""
"","1164.4000000000233","IFS_023","IFS","survey-multi-choice","166","185907","0.0-237.0-0.0","{""Q0"":""La respuesta ideal era: <b>“Carecer de algo cuando por tu profesión u oficio, no debiera  faltarte”</b>. A continuación puntúe que tanto se acerca la respuesta del participante.""}","{""Q0"":"" Se acerca pero no es ideal (se parece a la correcta, dió un ejemplo)""}","[0]"
"[{""page_index"":0,""viewing_time"":649}]","649","instructions_005","IFS","instructions","167","186558","0.0-238.0-0.0","","",""
"","1026","IFS_024","IFS","survey-text","168","187588","0.0-239.0-0.0","{""Q0"":""Me pongo los zapatos y me ato los:""}","{""Q0"":""ahE2OSTBqjfnL9g3WZsaLp7troiDBLW5deVZZhnJi1wPSVRpn3H5Ek2Nx1nUaEOnZ1nR8C""}",""
"","1097","IFS_025","IFS","survey-text","169","188689","0.0-240.0-0.0","{""Q0"":""Peleaban como perro y:""}","{""Q0"":""4rQU0cJz8YaLXw1F1MdpXvFYytlJGTS5AG6qHhSSadicjNGdi9i4j9e0Fw1R33NJ6UGHD0RT3BAC1GQ""}",""
"[{""page_index"":0,""viewing_time"":719}]","719","instructions_005","IFS","instructions","170","189409","0.0-241.0-0.0","","",""
"","1102","IFS_026","IFS","survey-text","171","190517","0.0-242.0-0.0","{""Q0"":""Juan compró caramelos en el:""}","{""Q0"":""YFgFKb8mMMLUXFPQZ1aeCwOPXIvxyXJhSfyXIaJG0ygy7TfOAgw""}",""
"","1020.5","IFS_027","IFS","survey-multi-choice","172","191540","0.0-243.0-0.0","{""Q0"":""A continuación puntúe la respuesta del participante.""}","{""Q0"":"" Palabra exacta""}","[0]"
"","885","IFS_028","IFS","survey-text","173","192428","0.0-244.0-0.0","{""Q0"":""Ojo por ojo y diente por:""}","{""Q0"":""gQzs""}",""
"","1065.0999999999767","IFS_029","IFS","survey-multi-choice","174","193496","0.0-245.0-0.0","{""Q0"":""A continuación puntúe la respuesta del participante.""}","{""Q0"":"" Palabra diferente pero tiene una relación semántica""}","[0]"
"","1067","IFS_030","IFS","survey-text","175","194569","0.0-246.0-0.0","{""Q0"":""Lave la ropa con agua y:""}","{""Q0"":""qi5WESe9eNJZ8veS6CvJGiN1WGATKvYByUUaigAxg9Zep47tYV89AYf9ZlZmfDH5aM9SHOJa9d0okeRRmSzNzT""}",""
"","1351.6999999999534","IFS_031","IFS","survey-multi-choice","176","195921","0.0-247.0-0.0","{""Q0"":""A continuación puntúe la respuesta del participante.""}","{""Q0"":"" Palabra diferente pero tiene una relación semántica""}","[0]"
