"view_history","rt","trialid","procedure","trial_type","trial_index","time_elapsed","internal_node_id","stimulus","slider_start","response"
"[{""page_index"":0,""viewing_time"":634}]","634","Instructions_01","ERQ","instructions","522","416858","0.0-560.0-0.0","","",""
"","770.8000000007451","ERQ_001","ERQ","html-slider-response","523","417636","0.0-561.0-0.0","<div class='justified'>1. Cuando quiero sentir una emoción más positiva (como la alegría o la diversión), cambio lo que estoy pensando.</div></br>","4","4"
"","657.4000000003725","ERQ_002","ERQ","html-slider-response","524","418299","0.0-562.0-0.0","<div class='justified'>2. Mantengo mis emociones para mí mismo.</div></br>","4","2"
"","620.1999999992549","ERQ_003","ERQ","html-slider-response","525","418923","0.0-563.0-0.0","<div class='justified'>3. Cuando quiero sentir una emoción menos negativa (como tristeza o enojo), cambio lo que estoy pensando.</div></br>","4","3"
"","557","ERQ_004","ERQ","html-slider-response","526","419486","0.0-564.0-0.0","<div class='justified'>4. Cuando siento emociones positivas, tengo cuidado de no expresarlas.</div></br>","4","5"
"","568.9000000003725","ERQ_005","ERQ","html-slider-response","527","420061","0.0-565.0-0.0","<div class='justified'>5. Cuando me enfrento a una situación estresante, me hago pensar en ello de una manera que me ayuda a mantener la calma.</div></br>","4","2"
"","593.6999999992549","ERQ_006","ERQ","html-slider-response","528","420660","0.0-566.0-0.0","<div class='justified'>6. Controlo mis emociones al no expresarlas.</div></br>","4","2"
"","615.7000000011176","ERQ_007","ERQ","html-slider-response","529","421282","0.0-567.0-0.0","<div class='justified'>7. Cuando quiero sentir una emoción más positiva, cambio la forma en que estoy pensando en la situación.</div></br>","4","3"
"","628.9000000003725","ERQ_008","ERQ","html-slider-response","530","421917","0.0-568.0-0.0","<div class='justified'>8. Controlo mis emociones cambiando la forma en que pienso acerca de la situación en la que estoy.</div></br>","4","4"
"","1070","ERQ_009","ERQ","html-slider-response","531","422996","0.0-569.0-0.0","<div class='justified'>9. Cuando estoy sintiendo emociones negativas, me aseguro de no expresarlas.</div></br>","4","1"
"","618.2999999988824","ERQ_010","ERQ","html-slider-response","532","423619","0.0-570.0-0.0","<div class='justified'>10. Si quiero sentir una emoción menos negativa, cambio la forma en que pienso en la situación.</div></br>","4","1"
