"success","trialid","procedure","trial_type","trial_index","time_elapsed","internal_node_id","stimulus","rt","response","question_order"
"true","Instructions_01","DEMOGR","fullscreen","375","299689","0.0-406.0-0.0","","","",""
"","DEMOGR_01","DEMOGR","survey-text","376","302274","0.0-407.0-0.0","{""Q0"":""Indica tu edad""}","2580","{""Q0"":""24""}",""
"","DEMOGR_02","DEMOGR","survey-multi-choice-vertical","377","302899","0.0-408.0-0.0","{""Q0"":""Indica tu género""}","620","{""Q0"":"" Masculino""}",""
"","DEMOGR_03","DEMOGR","survey-html-form","378","303483","0.0-409.0-0.0","{""Q0"":""Indica tu correo electrónico personal(enviaremos la giftcard a este email cuando finalices las tareas)""}","580.9000000003725","{""Q0"":""xOnbekPs@gmail.com""}",""
"","DEMOGR_05","DEMOGR","survey-multi-choice-vertical","379","304056","0.0-410.0-0.0","{""Q0"":""¿Tienes algún tipo de daltonismo?""}","567","{""Q0"":"" Si""}",""
"","DEMOGR_06","DEMOGR","survey-html-form","380","312297","0.0-411.0-0.0","{""Q0"":""Elige del desplegable tu comuna de residencia.""}","8235.200000001118","{""Q0"":""San Rosendo""}",""
"","DEMOGR_07","DEMOGR","survey-multi-choice-vertical","381","313783","0.0-412.0-0.0","{""Q0"":""Indica tú nivel de estudios""}","1473","{""Q0"":"" Postgrado incompleta""}",""
"","DEMOGR_08","DEMOGR","survey-multi-choice-vertical","382","314623","0.0-413.0-0.0","{""Q0"":""¿Qué estas estudiando?""}","832","{""Q0"":"" Otro""}",""
"","DEMOGR_10","DEMOGR","survey-multi-choice-vertical","383","315474","0.0-415.0-0.0","{""Q0"":""Año completado de tus estudios""}","841","{""Q0"":"" Iniciada""}",""
"","DEMOGR_11","DEMOGR","survey-html-form","384","317478","0.0-416.0-0.0","{""Q0"":""Elige del desplegable la institución educativa a la que asistes. En caso de que no aparezca, introduce el nombre.""}","1996.2000000011176","{""Q0"":""Universidad Iberoamericana de Cs. y Tecnología (UNICIT)""}",""
"","DEMOGR_12","DEMOGR","survey-multi-choice-vertical","385","318847","0.0-417.0-0.0","{""Q0"":""Indica el nivel de estudios de tu madre""}","1350","{""Q0"":"" Universidad completa""}",""
"","DEMOGR_13","DEMOGR","survey-multi-choice-vertical","386","320191","0.0-418.0-0.0","{""Q0"":""Indica el nivel de estudios de tu padre""}","1332","{""Q0"":"" Sin educación formal""}",""
"","DEMOGR_14","DEMOGR","survey-multi-choice-vertical","387","321018","0.0-419.0-0.0","{""Q0"":""¿Qué tipo de seguro de salud tienes?""}","820","{""Q0"":"" FONASA A""}",""
"","DEMOGR_15","DEMOGR","survey-multi-choice-horizontal","388","321640","0.0-420.0-0.0","{""Q0"":""¿Alguna vez has estado embarazada?""}","617","{""Q0"":"" No""}",""
"","DEMOGR_16","DEMOGR","survey-multi-choice-horizontal","389","322263","0.0-421.0-0.0","{""Q0"":""¿Alguna vez has tenido un parto vaginal o cesarea?""}","618","{""Q0"":"" Si""}",""
"","DEMOGR_17","DEMOGR","survey-multi-choice-horizontal","390","322981","0.0-422.0-0.0","{""Q0"":""¿Quieres tener hijos en el futuro?""}","714","{""Q0"":"" Si""}",""
"","DEMOGR_18","DEMOGR","survey-text","391","323589","0.0-423.0-0.0","{""Q0"":""¿Cuántos hijos(as) te gustaría tener? (0, 1, 2, 3...)""}","604","{""Q0"":""58""}",""
"","DEMOGR_19","DEMOGR","survey-multi-select","392","324544","0.0-424.0-0.0","{""Q0"":""Indica si alguna de las siguientes personas o grupos ha tenido una cesarea (puedes marcar más de una opción):""}","948.5999999996275","{""Q0"":[""&nbsp;Madre"",""&nbsp;Hermanas"",""&nbsp;Amigas cercanas""]}","[0]"
