"view_history","rt","trialid","procedure","trial_type","trial_index","time_elapsed","internal_node_id","stimulus","slider_start","response"
"[{""page_index"":0,""viewing_time"":673}]","675","Instructions_01","ERQ","instructions","522","415737","0.0-560.0-0.0","","",""
"","656.1000000014901","ERQ_001","ERQ","html-slider-response","523","416406","0.0-561.0-0.0","<div class='justified'>1. Cuando quiero sentir una emoción más positiva (como la alegría o la diversión), cambio lo que estoy pensando.</div></br>","4","3"
"","512.3000000007451","ERQ_002","ERQ","html-slider-response","524","416922","0.0-562.0-0.0","<div class='justified'>2. Mantengo mis emociones para mí mismo.</div></br>","4","4"
"","651.5","ERQ_003","ERQ","html-slider-response","525","417577","0.0-563.0-0.0","<div class='justified'>3. Cuando quiero sentir una emoción menos negativa (como tristeza o enojo), cambio lo que estoy pensando.</div></br>","4","7"
"","519.5","ERQ_004","ERQ","html-slider-response","526","418100","0.0-564.0-0.0","<div class='justified'>4. Cuando siento emociones positivas, tengo cuidado de no expresarlas.</div></br>","4","3"
"","545.2000000011176","ERQ_005","ERQ","html-slider-response","527","418649","0.0-565.0-0.0","<div class='justified'>5. Cuando me enfrento a una situación estresante, me hago pensar en ello de una manera que me ayuda a mantener la calma.</div></br>","4","7"
"","520.6999999992549","ERQ_006","ERQ","html-slider-response","528","419173","0.0-566.0-0.0","<div class='justified'>6. Controlo mis emociones al no expresarlas.</div></br>","4","4"
"","606.5","ERQ_007","ERQ","html-slider-response","529","419785","0.0-567.0-0.0","<div class='justified'>7. Cuando quiero sentir una emoción más positiva, cambio la forma en que estoy pensando en la situación.</div></br>","4","6"
"","694.2999999988824","ERQ_008","ERQ","html-slider-response","530","420483","0.0-568.0-0.0","<div class='justified'>8. Controlo mis emociones cambiando la forma en que pienso acerca de la situación en la que estoy.</div></br>","4","7"
"","1057.5","ERQ_009","ERQ","html-slider-response","531","421546","0.0-569.0-0.0","<div class='justified'>9. Cuando estoy sintiendo emociones negativas, me aseguro de no expresarlas.</div></br>","4","2"
"","640.0999999996275","ERQ_010","ERQ","html-slider-response","532","422189","0.0-570.0-0.0","<div class='justified'>10. Si quiero sentir una emoción menos negativa, cambio la forma en que pienso en la situación.</div></br>","4","7"
