"view_history","rt","trialid","procedure","trial_type","trial_index","time_elapsed","internal_node_id","stimulus","response"
"[{""page_index"":0,""viewing_time"":631}]","631","Instructions_01","CRS","instructions","189","159823","0.0-208.0-0.0","",""
"","972","CRS_01","CRS","survey-multi-choice-vertical","190","160806","0.0-209.0-0.0","{""Q0"":""1. ¿Con qué frecuencia piensas en temas religiosos?""}","{""Q0"":"" Ocasionalmente""}"
"","812","CRS_02","CRS","survey-multi-choice-vertical","191","161624","0.0-210.0-0.0","{""Q0"":""2. ¿Hasta qué punto crees que Dios o algo divino existe?""}","{""Q0"":"" Mucho""}"
"","776","CRS_03","CRS","survey-multi-choice-vertical","192","162404","0.0-211.0-0.0","{""Q0"":""3. ¿Con qué frecuencia participas en servicios religiosos?""}","{""Q0"":"" Muy a menudo""}"
"","808","CRS_04","CRS","survey-multi-choice-vertical","193","163218","0.0-212.0-0.0","{""Q0"":""4. ¿Con qué frecuencia rezas?""}","{""Q0"":"" Ocasionalmente""}"
"","946","CRS_05","CRS","survey-multi-choice-vertical","194","164169","0.0-213.0-0.0","{""Q0"":""5. ¿Con qué frecuencia meditas?""}","{""Q0"":"" Ocasionalmente""}"
"","877","CRS_06","CRS","survey-multi-choice-vertical","195","165051","0.0-214.0-0.0","{""Q0"":""6. ¿Con qué frecuencia experimenta situaciones en las que tiene la sensación de que Dios o algo divino interviene en su vida?""}","{""Q0"":"" Muy a menudo""}"
"","735","CRS_07","CRS","survey-multi-choice-vertical","196","165790","0.0-215.0-0.0","{""Q0"":""7. ¿Con qué frecuencia experimenta situaciones en las que tiene la sensación de ser uno con todos?""}","{""Q0"":"" Muy a menudo""}"
"","758","CRS_08","CRS","survey-multi-choice-vertical","197","166552","0.0-216.0-0.0","{""Q0"":""8. ¿Qué tan interesado está en aprender más sobre temas religiosos?""}","{""Q0"":"" Un poco""}"
"","807","CRS_09","CRS","survey-multi-choice-vertical","198","167364","0.0-217.0-0.0","{""Q0"":""9. ¿Hasta qué punto crees en una vida futura? inmortalidad del alma, resurrección de los muertos o reencarnación?""}","{""Q0"":"" Un poco""}"
"","775","CRS_10","CRS","survey-multi-choice-vertical","199","168146","0.0-218.0-0.0","{""Q0"":""10. ¿Qué tan importante es participar en los servicios religiosos?""}","{""Q0"":"" Nada""}"
"","769","CRS_11","CRS","survey-multi-choice-vertical","200","168920","0.0-219.0-0.0","{""Q0"":""11. ¿Qué tan importante es la oración personal para ti?""}","{""Q0"":"" Mucho""}"
"","766","CRS_12","CRS","survey-multi-choice-vertical","201","169692","0.0-220.0-0.0","{""Q0"":""12. ¿Qué tan importante es la meditación para ti?""}","{""Q0"":"" Nada""}"
"","826","CRS_13","CRS","survey-multi-choice-vertical","202","170523","0.0-221.0-0.0","{""Q0"":""13. ¿Con qué frecuencia experimentas situaciones en las que tienes la sensación de que Dios o algo divino quiere comunicarte o revelarte algo?""}","{""Q0"":"" Ocasionalmente""}"
"","817","CRS_14","CRS","survey-multi-choice-vertical","203","171346","0.0-222.0-0.0","{""Q0"":""14. ¿Con qué frecuencia experimenta situaciones en las que tiene la sensación de ser tocado por un poder divino?""}","{""Q0"":"" Ocasionalmente""}"
"","787","CRS_15","CRS","survey-multi-choice-vertical","204","172137","0.0-223.0-0.0","{""Q0"":""15. ¿Con qué frecuencia se mantiene informado sobre cuestiones religiosas a través de la radio, la televisión, internet, periódicos o libros?""}","{""Q0"":"" Nunca""}"
"","775","CRS_16","CRS","survey-multi-choice-vertical","205","172919","0.0-224.0-0.0","{""Q0"":""16. En tu opinión, ¿qué tan probable es que realmente exista un poder superior?""}","{""Q0"":"" Nada""}"
"","743","CRS_17","CRS","survey-multi-choice-vertical","206","173668","0.0-225.0-0.0","{""Q0"":""17. ¿Qué tan importante es para usted estar conectado a una comunidad religiosa?""}","{""Q0"":"" Demasiado""}"
"","815","CRS_18","CRS","survey-multi-choice-vertical","207","174487","0.0-226.0-0.0","{""Q0"":""18. ¿Con qué frecuencia rezas espontáneamente cuando te inspiras en situaciones cotidianas?""}","{""Q0"":"" Rara vez""}"
"","827","CRS_19","CRS","survey-multi-choice-vertical","208","175318","0.0-227.0-0.0","{""Q0"":""19. ¿Con qué frecuencia intentas conectarte a lo divino espontáneamente cuando te inspiras en situaciones cotidianas?""}","{""Q0"":"" Ocasionalmente""}"
"","779","CRS_20","CRS","survey-multi-choice-vertical","209","176105","0.0-228.0-0.0","{""Q0"":""20. ¿Con qué frecuencia experimenta situaciones en las que tiene la sensación de que Dios o algo divino está presente?""}","{""Q0"":"" Nunca""}"
