"view_history","rt","trialid","procedure","trial_type","trial_index","time_elapsed","internal_node_id","stimulus","response"
"[{""page_index"":0,""viewing_time"":990}]","990","Instructions","Bank","instructions","49","36753","0.0-64.0-0.0","",""
"","920","Bank_01","Bank","survey-text","50","37679","0.0-65.0-0.0","{""Q0"":""Indique su nombre completo""}","{""Q0"":""IzDpkPy6VhAF1X8Fd5BQx2xV5d8VforBPBBDa4Cg4IHnJuEtlowwJdTWK6WumPHxJ2qCLxiIuFyi4Kim84""}"
"","712","Bank_02","Bank","survey-text","51","38395","0.0-66.0-0.0","{""Q0"":""Indique su rut , sin puntos ni guión y con dígito verificador""}","{""Q0"":""618540216""}"
"","981","Bank_03","Bank","survey-html-form","52","39381","0.0-67.0-0.0","{""Q0"":""Seleccione su Banco""}","{""Q0"":""BANCO FALABELLA""}"
"","731.3999999985099","Bank_04","Bank","survey-html-form","53","40116","0.0-68.0-0.0","{""Q0"":""Elija el tipo de cuenta""}","{""Q0"":""Cuenta de ahorro""}"
"","646","Bank_05","Bank","survey-text","54","40768","0.0-69.0-0.0","{""Q0"":""Indique número de cuenta""}","{""Q0"":""52""}"
"","1049.2000000011176","Bank_06","Bank","survey-html-form","55","41828","0.0-70.0-0.0","{""Q0"":""Indique su correo electrónico""}","{""Q0"":""29d45H@gmail.com""}"
