"view_history","rt","trialid","procedure","trial_type","trial_index","time_elapsed","internal_node_id","stimulus","response"
"[{""page_index"":0,""viewing_time"":477}]","477","Instructions_01","PSS","instructions","1173","862038","0.0-1198.0-0.0","",""
"","970","PSS_001","PSS","survey-multi-choice-vertical","1174","863020","0.0-1199.0-0.0","{""Q0"":""En el último mes, ¿con qué frecuencia ha estado afectado por algo que ha ocurrido inesperadamente?""}","{""Q0"":"" 4 Muy a menudo""}"
"","857","PSS_002","PSS","survey-multi-choice-vertical","1175","863888","0.0-1200.0-0.0","{""Q0"":""En el último mes, ¿con qué frecuencia se ha sentido incapaz de controlar las cosas importantes en su vida?""}","{""Q0"":"" 0 Nunca""}"
"","899","PSS_003","PSS","survey-multi-choice-vertical","1176","864796","0.0-1201.0-0.0","{""Q0"":""En el último mes, ¿con qué frecuencia se ha sentido nervioso o estresado?""}","{""Q0"":"" 4 Muy a menudo""}"
"","855","PSS_004","PSS","survey-multi-choice-vertical","1177","865660","0.0-1202.0-0.0","{""Q0"":""En el último mes, ¿con qué frecuencia ha manejado con éxito los pequeños problemas irritantes de la vida?""}","{""Q0"":"" 3 A menudo""}"
"","831","PSS_005","PSS","survey-multi-choice-vertical","1178","866504","0.0-1203.0-0.0","{""Q0"":""En el último mes, ¿con qué frecuencia ha sentido que ha afrontado efectivamente los cambios importantes que han estado ocurriendo en su vida?""}","{""Q0"":"" 0 Nunca""}"
"","826","PSS_006","PSS","survey-multi-choice-vertical","1179","867342","0.0-1204.0-0.0","{""Q0"":""En el último mes, ¿con qué frecuencia ha estado seguro sobre su capacidad para manejar sus problemas personales?""}","{""Q0"":"" 4 Muy a menudo""}"
"","850","PSS_007","PSS","survey-multi-choice-vertical","1180","868207","0.0-1205.0-0.0","{""Q0"":""En el último mes, ¿con qué frecuencia ha sentido que las cosas le van bien?""}","{""Q0"":"" 2 De vez en cuando""}"
"","788","PSS_008","PSS","survey-multi-choice-vertical","1181","869005","0.0-1206.0-0.0","{""Q0"":""En el último mes, ¿con qué frecuencia ha sentido que no podía afrontar todas las cosas que tenía que hacer?""}","{""Q0"":"" 0 Nunca""}"
"","874","PSS_009","PSS","survey-multi-choice-vertical","1182","869893","0.0-1207.0-0.0","{""Q0"":""En el último mes, ¿con qué frecuencia ha podido controlar las dificultades de su vida?""}","{""Q0"":"" 2 De vez en cuando""}"
"","904","PSS_010","PSS","survey-multi-choice-vertical","1183","870814","0.0-1208.0-0.0","{""Q0"":""En el último mes, ¿con qué frecuencia se ha sentido al control de todo?""}","{""Q0"":"" 3 A menudo""}"
"","881","PSS_011","PSS","survey-multi-choice-vertical","1184","871705","0.0-1209.0-0.0","{""Q0"":""En el último mes, ¿con qué frecuencia ha estado enfadado porque las cosas que le han ocurrido estaban fuera de su control?""}","{""Q0"":"" 3 A menudo""}"
"","839","PSS_012","PSS","survey-multi-choice-vertical","1185","872555","0.0-1210.0-0.0","{""Q0"":""En el último mes, ¿con qué frecuencia ha pensado sobre las cosas que le quedan por lograr?""}","{""Q0"":"" 3 A menudo""}"
"","877","PSS_013","PSS","survey-multi-choice-vertical","1186","873448","0.0-1211.0-0.0","{""Q0"":""En el último mes, ¿con qué frecuencia ha podido controlar la forma de pasar el tiempo?""}","{""Q0"":"" 0 Nunca""}"
"","904","PSS_014","PSS","survey-multi-choice-vertical","1187","874361","0.0-1212.0-0.0","{""Q0"":""En el último mes, ¿con qué frecuencia ha sentido que las dificultades se acumulan tanto que no puede superarlas?""}","{""Q0"":"" 1 Casi nunca""}"
