"view_history","rt","trialid","procedure","trial_type","trial_index","time_elapsed","internal_node_id","stimulus","response"
"[{""page_index"":0,""viewing_time"":501}]","501","Instructions_01","EAR","instructions","437","352530","0.0-472.0-0.0","",""
"","801","EAR_001","EAR","survey-multi-choice-vertical","438","353336","0.0-473.0-0.0","{""Q0"":""Siento que soy una persona digna de aprecio, al menos en igual medida que los demás.""}","{""Q0"":"" Muy en desacuerdo""}"
"","683","EAR_002","EAR","survey-multi-choice-vertical","439","354025","0.0-474.0-0.0","{""Q0"":""Creo que tengo un buen número de cualidades.""}","{""Q0"":"" En desacuerdo""}"
"","684","EAR_003","EAR","survey-multi-choice-vertical","440","354714","0.0-475.0-0.0","{""Q0"":""En general, me inclino a pensar que soy un/a fracasado/a.""}","{""Q0"":"" Muy de acuerdo""}"
"","697","EAR_004","EAR","survey-multi-choice-vertical","441","355417","0.0-476.0-0.0","{""Q0"":""Soy capaz de hacer las cosas tan bien como la mayoría de la gente.""}","{""Q0"":"" Muy de acuerdo""}"
"","683","EAR_005","EAR","survey-multi-choice-vertical","442","356105","0.0-477.0-0.0","{""Q0"":""Siento que no tengo muchos motivos para sentirme orgulloso/a de mi.""}","{""Q0"":"" En desacuerdo""}"
"","659","EAR_006","EAR","survey-multi-choice-vertical","443","356769","0.0-478.0-0.0","{""Q0"":""Tengo una actitud positiva hacia mí mismo/a.""}","{""Q0"":"" Muy en desacuerdo""}"
"","657","EAR_007","EAR","survey-multi-choice-vertical","444","357431","0.0-479.0-0.0","{""Q0"":""En general, estoy satisfecho conmigo mismo/a.""}","{""Q0"":"" De acuerdo""}"
"","639","EAR_008","EAR","survey-multi-choice-vertical","445","358074","0.0-480.0-0.0","{""Q0"":""Desearía valorarme más a mi mismo/a.""}","{""Q0"":"" En desacuerdo""}"
"","753","EAR_009","EAR","survey-multi-choice-vertical","446","358832","0.0-481.0-0.0","{""Q0"":""A veces me siento verdaderamente inútil.""}","{""Q0"":"" De acuerdo""}"
"","731","EAR_010","EAR","survey-multi-choice-vertical","447","359568","0.0-482.0-0.0","{""Q0"":""A veces pienso que no soy bueno/a para nada.""}","{""Q0"":"" En desacuerdo""}"
