"view_history","rt","trialid","procedure","trial_type","trial_index","time_elapsed","internal_node_id","stimulus","button_pressed"
"[{""page_index"":0,""viewing_time"":518},{""page_index"":1,""viewing_time"":510},{""page_index"":2,""viewing_time"":481}]","1509","Instructions_01","INFCONS","instructions","784","603034","0.0-776.0-0.0","",""
"","398.7000000011176","INFCONS_01","INFCONS","image-button-response","785","603439","0.0-777.0-0.0","media/images/INFCONS/Baby_respiratorios_VC.png","0"
"","414.69999999925494","INFCONS_02","INFCONS","image-button-response","786","603858","0.0-778.0-0.0","media/images/INFCONS/Baby_cerebro_VC.png","0"
"","418.90000000037253","INFCONS_03","INFCONS","image-button-response","787","604281","0.0-779.0-0.0","media/images/INFCONS/Baby_UCI_VC.png","0"
"","389.40000000037253","INFCONS_04","INFCONS","image-button-response","788","604674","0.0-780.0-0.0","media/images/INFCONS/Baby_lactancia_VC.png","0"
"[{""page_index"":0,""viewing_time"":378}]","378","Instructions_02","INFCONS","instructions","789","605056","0.0-781.0-0.0","",""
"","383","INFCONS_05","INFCONS","image-button-response","790","605443","0.0-782.0-0.0","media/images/INFCONS/Mother_anestesia_VC.png","0"
"","487","INFCONS_06","INFCONS","image-button-response","791","605934","0.0-783.0-0.0","media/images/INFCONS/Mother_paro_VC.png","0"
"","497.40000000037253","INFCONS_07","INFCONS","image-button-response","792","606437","0.0-784.0-0.0","media/images/INFCONS/Mother_histerectomia_VC.png","0"
"","477.2999999988824","INFCONS_08","INFCONS","image-button-response","793","606919","0.0-785.0-0.0","media/images/INFCONS/Mother_infeccion_VC.png","0"
"","401.5","INFCONS_09","INFCONS","image-button-response","794","607325","0.0-786.0-0.0","media/images/INFCONS/Mother_lesion_VC.png","0"
"","413.40000000037253","INFCONS_10","INFCONS","image-button-response","795","607741","0.0-787.0-0.0","media/images/INFCONS/Mother_UCI_VC.png","0"
"","419.40000000037253","INFCONS_11","INFCONS","image-button-response","796","608164","0.0-788.0-0.0","media/images/INFCONS/Mother_depresion_VC.png","0"
