"view_history","rt","trialid","procedure","trial_type","trial_index","time_elapsed","internal_node_id","stimulus","response"
"[{""page_index"":0,""viewing_time"":439}]","440","Instructions_01","IEC","instructions","759","578992","0.0-749.0-0.0","",""
"","1284","IEC_01","IEC","survey-multi-choice-vertical","760","580287","0.0-750.0-0.0","{""Q0"":""1. El que yo llegue a ser un líder depende principalmente de mis habilidades.""}","{""Q0"":"" Moderadamente de acuerdo.""}"
"","834","IEC_02","IEC","survey-multi-choice-vertical","761","581132","0.0-751.0-0.0","{""Q0"":""2. Mi vida ha sido influenciada en gran medida por eventos inesperados.""}","{""Q0"":"" Ligeramente de acuerdo.""}"
"","904","IEC_03","IEC","survey-multi-choice-vertical","762","582047","0.0-752.0-0.0","{""Q0"":""3. Yo siento que lo que pasa en mi vida está muy determinado por la gente que tiene poder (padres, jefes, políticos)""}","{""Q0"":"" Completamente en desacuerdo.""}"
"","843","IEC_04","IEC","survey-multi-choice-vertical","763","582900","0.0-753.0-0.0","{""Q0"":""4. El hecho de tener un accidente cuando voy manejando, depende principalmente de mi mismo.""}","{""Q0"":"" Completamente de acuerdo.""}"
"","821","IEC_05","IEC","survey-multi-choice-vertical","764","583729","0.0-754.0-0.0","{""Q0"":""5. Cuando hago planes, estoy casi seguro de que lo llevaré a cabo.""}","{""Q0"":"" Moderadamente en desacuerdo.""}"
"","893","IEC_06","IEC","survey-multi-choice-vertical","765","584630","0.0-755.0-0.0","{""Q0"":""6. Ciertamente, a veces no puedo evitar tener mala suerte con mis asuntos personales.""}","{""Q0"":"" Completamente en desacuerdo.""}"
"","865","IEC_07","IEC","survey-multi-choice-vertical","766","585502","0.0-756.0-0.0","{""Q0"":""7. Como yo tengo buena suerte, siempre las cosas me salen bien.""}","{""Q0"":"" Ligeramente de acuerdo.""}"
"","868","IEC_08","IEC","survey-multi-choice-vertical","767","586379","0.0-757.0-0.0","{""Q0"":""8. A pesar de estar bien capacitado, no conseguiré un buen empleo a menos que alguien influyente me ayude.""}","{""Q0"":"" Completamente de acuerdo.""}"
"","846","IEC_09","IEC","survey-multi-choice-vertical","768","587235","0.0-758.0-0.0","{""Q0"":""9. La cantidad de amigos que tengo está determinada por mi propia simpatía.""}","{""Q0"":"" Ligeramente en desacuerdo.""}"
"","835","IEC_10","IEC","survey-multi-choice-vertical","769","588080","0.0-759.0-0.0","{""Q0"":""10. He descubierto que si algo va a suceder, ello sucederá independientemente de lo que yo haga.""}","{""Q0"":"" Moderadamente en desacuerdo.""}"
"","868","IEC_11","IEC","survey-multi-choice-vertical","770","588956","0.0-760.0-0.0","{""Q0"":""11. Yo creo que los ricos y políticos controlan mi vida de muchas maneras diferentes.""}","{""Q0"":"" Ligeramente de acuerdo.""}"
"","816","IEC_12","IEC","survey-multi-choice-vertical","771","589780","0.0-761.0-0.0","{""Q0"":""12. Si tengo un accidente automovilístico ello se debe a mi mala suerte.""}","{""Q0"":"" Completamente en desacuerdo.""}"
"","888","IEC_13","IEC","survey-multi-choice-vertical","772","590674","0.0-762.0-0.0","{""Q0"":""13. La gente como yo tiene muy poca oportunidad de defender sus intereses personales cuando esos intereses entran en conflicto con los grupos poderosos (ricos, políticos).""}","{""Q0"":"" Moderadamente en desacuerdo.""}"
"","827","IEC_14","IEC","survey-multi-choice-vertical","773","591509","0.0-763.0-0.0","{""Q0"":""14. No siempre es apropiado para mí planear muy por adelantado porque de todas maneras muchas cosas resultan ser asunto de buena o mala suerte.""}","{""Q0"":"" Ligeramente de acuerdo.""}"
"","814","IEC_15","IEC","survey-multi-choice-vertical","774","592331","0.0-764.0-0.0","{""Q0"":""15. En este país, para uno lograr lo que quiere necesariamente tiene que halagar a alguien.""}","{""Q0"":"" Moderadamente de acuerdo.""}"
"","866","IEC_16","IEC","survey-multi-choice-vertical","775","593205","0.0-765.0-0.0","{""Q0"":""16. El que yo llegue a ser un líder dependerá de la suerte que yo tenga.""}","{""Q0"":"" Completamente de acuerdo.""}"
"","821","IEC_17","IEC","survey-multi-choice-vertical","776","594035","0.0-766.0-0.0","{""Q0"":""17. Yo siento que la gente que tiene algún poder sobre mí (padres, familiares, jefes), trata de decidir lo que sucederá en mi vida.""}","{""Q0"":"" Completamente en desacuerdo.""}"
"","868","IEC_18","IEC","survey-multi-choice-vertical","777","594916","0.0-767.0-0.0","{""Q0"":""18. En la mayoría de los casos yo puedo decidir lo que sucederá en mi vida.""}","{""Q0"":"" Ligeramente en desacuerdo.""}"
"","840","IEC_19","IEC","survey-multi-choice-vertical","778","595772","0.0-768.0-0.0","{""Q0"":""19. Normalmente soy capaz de defender mis intereses personales.""}","{""Q0"":"" Completamente de acuerdo.""}"
"","837","IEC_20","IEC","survey-multi-choice-vertical","779","596622","0.0-769.0-0.0","{""Q0"":""20. Si tengo un accidente cuando voy manejando, toda la culpa es del otro conductor.""}","{""Q0"":"" Completamente de acuerdo.""}"
"","822","IEC_21","IEC","survey-multi-choice-vertical","780","597453","0.0-770.0-0.0","{""Q0"":""21. Cuando logro lo que quiero es porque he trabajado mucho en ello.""}","{""Q0"":"" Moderadamente de acuerdo.""}"
"","867","IEC_22","IEC","survey-multi-choice-vertical","781","598328","0.0-771.0-0.0","{""Q0"":""22. Cuando quiero que mis planes me salgan bien, los preparo de manera que le den en el gusto a la gente que tiene influencia sobre mi (padres, jefes, etc.).""}","{""Q0"":"" Completamente de acuerdo.""}"
"","860","IEC_23","IEC","survey-multi-choice-vertical","782","599204","0.0-772.0-0.0","{""Q0"":""23. Mi vida está determinada por mis propias acciones.""}","{""Q0"":"" Ligeramente en desacuerdo.""}"
"","839","IEC_24","IEC","survey-multi-choice-vertical","783","600050","0.0-773.0-0.0","{""Q0"":""24. Tener pocos o muchos amigos depende del destino de cada uno.""}","{""Q0"":"" Completamente de acuerdo.""}"
