"view_history","rt","trialid","procedure","trial_type","trial_index","time_elapsed","internal_node_id","stimulus","slider_start","response"
"[{""page_index"":0,""viewing_time"":670}]","670","Instructions_001","AASR","instructions","578","662027","0.0-679.0-0.0","","",""
"","900.3000000000466","AASR_001","AASR","html-slider-response","579","662930","0.0-680.0-0.0","<div class='justified'>Encuentro que me es relativamente fácil acercarme a la gente.</div><br>","3","1"
"","787.3000000000466","AASR_002","AASR","html-slider-response","580","663721","0.0-681.0-0.0","<div class='justified'>Me resulta difícil apoyarme en otras personas.</div><br>","3","1"
"","779.8000000000466","AASR_003","AASR","html-slider-response","581","664505","0.0-682.0-0.0","<div class='justified'>A menudo me preocupa que los otros no me amen realmente.</div><br>","3","2"
"","760.8999999999069","AASR_004","AASR","html-slider-response","582","665270","0.0-683.0-0.0","<div class='justified'>Encuentro que los otros no se acercan a mi tanto como yo quisiera.</div><br>","3","4"
"","807","AASR_005","AASR","html-slider-response","583","666080","0.0-684.0-0.0","<div class='justified'>Me siento cómodo apoyándome en otras personas.</div><br>","3","4"
"","813.9000000001397","AASR_006","AASR","html-slider-response","584","666898","0.0-685.0-0.0","<div class='justified'>No me preocupa que la gente se acerque demasiado a mí.</div><br>","3","4"
"","791.3000000000466","AASR_007","AASR","html-slider-response","585","667693","0.0-686.0-0.0","<div class='justified'>Encuentro que las personas nunca están ahí cuando las necesitas.</div><br>","3","5"
"","787.1999999999534","AASR_008","AASR","html-slider-response","586","668484","0.0-687.0-0.0","<div class='justified'>Me siento algo incómodo estando cerca de otros.</div><br>","3","5"
"","818.3999999999069","AASR_009","AASR","html-slider-response","587","669305","0.0-688.0-0.0","<div class='justified'>A menudo me preocupa que los otros no quieran quedarse conmigo.</div><br>","3","1"
"","766","AASR_010","AASR","html-slider-response","588","670074","0.0-689.0-0.0","<div class='justified'>Cuando muestro mis sentimientos por otros me asusta que no sientan lo mismo por mí.</div><br>","3","5"
"","759.5999999998603","AASR_011","AASR","html-slider-response","589","670836","0.0-690.0-0.0","<div class='justified'>A menudo me pregunto si realmente le importo a las otras personas.</div><br>","3","1"
"","795.5","AASR_012","AASR","html-slider-response","590","671636","0.0-691.0-0.0","<div class='justified'>Me siento cómodo desarrollando relaciones cercanas con otros.</div><br>","3","4"
"","814.3000000000466","AASR_013","AASR","html-slider-response","591","672453","0.0-692.0-0.0","<div class='justified'>Me siento incómodo cuando cualquier persona se vuelve demasiado cercana emocionalmente a mí.</div><br>","3","4"
"","765.8000000000466","AASR_014","AASR","html-slider-response","592","673222","0.0-693.0-0.0","<div class='justified'>Sé que las personas estarán ahí cuando las necesite.</div><br>","3","5"
"","804.6000000000931","AASR_015","AASR","html-slider-response","593","674030","0.0-694.0-0.0","<div class='justified'>Quiero acercarme a la gente, pero me preocupa ser herido.</div><br>","3","5"
"","820.8000000000466","AASR_016","AASR","html-slider-response","594","674854","0.0-695.0-0.0","<div class='justified'>Encuentro difícil confiar completamente en otros.</div><br>","3","5"
"","897","AASR_017","AASR","html-slider-response","595","675756","0.0-696.0-0.0","<div class='justified'>A menudo las personas quieren que sea más cercano emocionalmente de lo que a mí me acomoda.</div><br>","3","5"
"","787.8999999999069","AASR_018","AASR","html-slider-response","596","676555","0.0-697.0-0.0","<div class='justified'>No estoy seguro de que siempre podré contar con las personas cuando las necesite.</div><br>","3","5"
