"view_history","rt","trialid","procedure","trial_type","trial_index","time_elapsed","internal_node_id","stimulus","response"
"[{""page_index"":0,""viewing_time"":492}]","492","Instructions_01","CRQ","instructions","150","112611","0.0-168.0-0.0","",""
"","1066","CRQ_01","CRQ","survey-multi-choice-vertical","151","113683","0.0-169.0-0.0","{""Q0"":""1. Escolaridad""}","{""Q0"":"" Media completa (=12 años)""}"
"","636","CRQ_02","CRQ","survey-multi-choice-vertical","152","114322","0.0-170.0-0.0","{""Q0"":""2. Escolaridad de los padres""}","{""Q0"":"" Básica o primaria""}"
"","690","CRQ_03","CRQ","survey-multi-choice-vertical","153","115016","0.0-171.0-0.0","{""Q0"":""3. Cursos de Formación""}","{""Q0"":"" Uno o dos""}"
"","749","CRQ_04","CRQ","survey-multi-choice-vertical","154","115768","0.0-172.0-0.0","{""Q0"":""4. Ocupación Laboral""}","{""Q0"":"" Calificado (ej: obrero calificado, trabajos manuales, artesanales)""}"
"","609","CRQ_05","CRQ","survey-multi-choice-vertical","155","116381","0.0-173.0-0.0","{""Q0"":""5. Formación Musical""}","{""Q0"":"" No toca ningún instrumento ni escucha música frecuentemente""}"
"","599","CRQ_06","CRQ","survey-multi-choice-vertical","156","116983","0.0-174.0-0.0","{""Q0"":""6. Idiomas""}","{""Q0"":"" Más de dos idiomas""}"
"","755","CRQ_07","CRQ","survey-multi-choice-vertical","157","117743","0.0-175.0-0.0","{""Q0"":""7. Actividad Lectora""}","{""Q0"":"" Nunca""}"
"","596","CRQ_08","CRQ","survey-multi-choice-vertical","158","118342","0.0-176.0-0.0","{""Q0"":""8. Juegos intelectuales (ajedrez, puzzle, crucigramas)""}","{""Q0"":"" Frecuente (más de 5 al mes)""}"
"[{""page_index"":0,""viewing_time"":329}]","329","Instructions_02","CRQ","instructions","159","118673","0.0-177.0-0.0","",""
"[{""page_index"":0,""viewing_time"":315},{""page_index"":1,""viewing_time"":373}]","688","Instructions_03","CRQ","instructions","160","119363","0.0-178.0-0.0","",""
"","1748","CRQ_09","CRQ","survey-multi-choice-vertical","161","121118","0.0-179.0-0.0","{""Q0"":""Juventud"",""Q1"":""Adultez"",""Q2"":""Madurez""}","{""Q0"":""0"",""Q1"":""0"",""Q2"":""3""}"
"","1782","CRQ_10","CRQ","survey-multi-choice-vertical","162","122908","0.0-180.0-0.0","{""Q0"":""Juventud"",""Q1"":""Adultez"",""Q2"":""Madurez""}","{""Q0"":""2"",""Q1"":""0"",""Q2"":""1""}"
"","1691","CRQ_11","CRQ","survey-multi-choice-vertical","163","124607","0.0-181.0-0.0","{""Q0"":""Juventud"",""Q1"":""Adultez"",""Q2"":""Madurez""}","{""Q0"":""1"",""Q1"":""4"",""Q2"":""0""}"
"","1548","CRQ_12","CRQ","survey-multi-choice-vertical","164","126163","0.0-182.0-0.0","{""Q0"":""Juventud"",""Q1"":""Adultez"",""Q2"":""Madurez""}","{""Q0"":""0"",""Q1"":""2"",""Q2"":""0""}"
"[{""page_index"":0,""viewing_time"":364},{""page_index"":1,""viewing_time"":387}]","751","Instructions_04","CRQ","instructions","165","126917","0.0-183.0-0.0","",""
"","1639","CRQ_13","CRQ","survey-multi-choice-vertical","166","128568","0.0-184.0-0.0","{""Q0"":""Juventud"",""Q1"":""Adultez"",""Q2"":""Madurez""}","{""Q0"":""0"",""Q1"":""2"",""Q2"":""0""}"
"","1734","CRQ_14","CRQ","survey-multi-choice-vertical","167","130309","0.0-185.0-0.0","{""Q0"":""Juventud"",""Q1"":""Adultez"",""Q2"":""Madurez""}","{""Q0"":""2"",""Q1"":""1"",""Q2"":""2""}"
"","1709","CRQ_15","CRQ","survey-multi-choice-vertical","168","132029","0.0-186.0-0.0","{""Q0"":""Juventud"",""Q1"":""Adultez"",""Q2"":""Madurez""}","{""Q0"":""1"",""Q1"":""0"",""Q2"":""1""}"
"","1659","CRQ_16","CRQ","survey-multi-choice-vertical","169","133701","0.0-187.0-0.0","{""Q0"":""Juventud"",""Q1"":""Adultez"",""Q2"":""Madurez""}","{""Q0"":""3"",""Q1"":""0"",""Q2"":""3""}"
"[{""page_index"":0,""viewing_time"":398},{""page_index"":1,""viewing_time"":461}]","859","Instructions_05","CRQ","instructions","170","134566","0.0-188.0-0.0","",""
"","1623","CRQ_17","CRQ","survey-multi-choice-vertical","171","136199","0.0-189.0-0.0","{""Q0"":""Juventud"",""Q1"":""Adultez"",""Q2"":""Madurez""}","{""Q0"":""3"",""Q1"":""0"",""Q2"":""3""}"
"","1671","CRQ_18","CRQ","survey-multi-choice-vertical","172","137880","0.0-190.0-0.0","{""Q0"":""Juventud"",""Q1"":""Adultez"",""Q2"":""Madurez""}","{""Q0"":""0"",""Q1"":""2"",""Q2"":""3""}"
"","1660","CRQ_19","CRQ","survey-multi-choice-vertical","173","139551","0.0-191.0-0.0","{""Q0"":""Juventud"",""Q1"":""Adultez"",""Q2"":""Madurez""}","{""Q0"":""4"",""Q1"":""0"",""Q2"":""3""}"
"","1502","CRQ_20","CRQ","survey-multi-choice-vertical","174","141062","0.0-192.0-0.0","{""Q0"":""Juventud"",""Q1"":""Adultez"",""Q2"":""Madurez""}","{""Q0"":""2"",""Q1"":""2"",""Q2"":""0""}"
"","1573","CRQ_21","CRQ","survey-multi-choice-vertical","175","142644","0.0-193.0-0.0","{""Q0"":""Juventud"",""Q1"":""Adultez"",""Q2"":""Madurez""}","{""Q0"":""0"",""Q1"":""2"",""Q2"":""1""}"
"","1571","CRQ_22","CRQ","survey-multi-choice-vertical","176","144229","0.0-194.0-0.0","{""Q0"":""Juventud"",""Q1"":""Adultez"",""Q2"":""Madurez""}","{""Q0"":""1"",""Q1"":""1"",""Q2"":""4""}"
"","1589","CRQ_23","CRQ","survey-multi-choice-vertical","177","145828","0.0-195.0-0.0","{""Q0"":""Juventud"",""Q1"":""Adultez"",""Q2"":""Madurez""}","{""Q0"":""0"",""Q1"":""4"",""Q2"":""2""}"
"","1572","CRQ_24","CRQ","survey-multi-choice-vertical","178","147412","0.0-196.0-0.0","{""Q0"":""Juventud"",""Q1"":""Adultez"",""Q2"":""Madurez""}","{""Q0"":""2"",""Q1"":""4"",""Q2"":""1""}"
"","1545","CRQ_25","CRQ","survey-multi-choice-vertical","179","148965","0.0-197.0-0.0","{""Q0"":""Juventud"",""Q1"":""Adultez"",""Q2"":""Madurez""}","{""Q0"":""2"",""Q1"":""4"",""Q2"":""1""}"
"","1602","CRQ_26","CRQ","survey-multi-choice-vertical","180","150575","0.0-198.0-0.0","{""Q0"":""Juventud"",""Q1"":""Adultez"",""Q2"":""Madurez""}","{""Q0"":""3"",""Q1"":""1"",""Q2"":""3""}"
"","1554","CRQ_27","CRQ","survey-multi-choice-vertical","181","152140","0.0-199.0-0.0","{""Q0"":""Juventud"",""Q1"":""Adultez"",""Q2"":""Madurez""}","{""Q0"":""3"",""Q1"":""1"",""Q2"":""2""}"
"","1661","CRQ_28","CRQ","survey-multi-choice-vertical","182","153808","0.0-200.0-0.0","{""Q0"":""Juventud"",""Q1"":""Adultez"",""Q2"":""Madurez""}","{""Q0"":""2"",""Q1"":""1"",""Q2"":""1""}"
"","1591","CRQ_29","CRQ","survey-multi-choice-vertical","183","155410","0.0-201.0-0.0","{""Q0"":""Juventud"",""Q1"":""Adultez"",""Q2"":""Madurez""}","{""Q0"":""4"",""Q1"":""1"",""Q2"":""0""}"
"[{""page_index"":0,""viewing_time"":381},{""page_index"":1,""viewing_time"":463}]","844","Instructions_06","CRQ","instructions","184","156256","0.0-202.0-0.0","",""
"","1496","CRQ_30","CRQ","survey-multi-choice-vertical","185","157762","0.0-203.0-0.0","{""Q0"":""Juventud"",""Q1"":""Adultez"",""Q2"":""Madurez""}","{""Q0"":""3"",""Q1"":""0"",""Q2"":""3""}"
"","1599","CRQ_31","CRQ","survey-multi-choice-vertical","186","159372","0.0-204.0-0.0","{""Q0"":""Juventud"",""Q1"":""Adultez"",""Q2"":""Madurez""}","{""Q0"":""2"",""Q1"":""4"",""Q2"":""1""}"
"","1923","CRQ_32","CRQ","survey-multi-choice-vertical","187","161346","0.0-205.0-0.0","{""Q0"":""Juventud"",""Q1"":""Adultez"",""Q2"":""Madurez""}","{""Q0"":""2"",""Q1"":""3"",""Q2"":""4""}"
