"view_history","rt","trialid","procedure","trial_type","trial_index","time_elapsed","internal_node_id","stimulus","response","question_order"
"[{""page_index"":0,""viewing_time"":755}]","755","Instructions_01","ASSIST","instructions","556","639435","0.0-672.0-0.0","","",""
"","1708.6000000000931","ASSIST_001","ASSIST","survey-multi-select","557","641154","0.0-673.0-0.0","{""Q0"":""Alguna vez en su vida, ¿Ha consumido alguna de las siguientes sustancias sin receta o indicación médica? (en caso de no haber consumido ninguna no seleccione nada).""}","{""Q0"":[""&nbsp;Tabaco"",""&nbsp;Marihuana"",""&nbsp;Opiáceos""]}","[0]"
"","1145.5","ASSIST_003","ASSIST","survey-multi-choice","558","642304","0.0-675.0-0.0-0.0-0.0-0.0","{""Q0"":""En los últimos tres meses ¿Con qué frecuencia ha consumido Tabaco?""}","{""Q0"":"" Diariamente o casi a diario""}","[0]"
"","1092.9000000001397","ASSIST_004","ASSIST","survey-multi-choice","559","643400","0.0-675.0-0.0-0.0-1.0-0.0","{""Q0"":""En los últimos tres meses, ¿Con qué frecuencia ha tenido fuertes deseos o ansias de consumir Tabaco?""}","{""Q0"":"" 1 o 2 veces""}","[0]"
"","1178.1999999999534","ASSIST_005","ASSIST","survey-multi-choice","560","644583","0.0-675.0-0.0-0.0-2.0-0.0","{""Q0"":""En los últimos tres meses, ¿con que frecuencia ha tenido problemas de salud, sociales, legales o económicos debido al consumo de Tabaco?""}","{""Q0"":"" Semanalmente""}","[0]"
"","1512.6999999999534","ASSIST_006","ASSIST","survey-multi-choice","561","646099","0.0-675.0-0.0-0.0-3.0-0.0","{""Q0"":""En los últimos tres meses, ¿con que frecuencia ha tenido problemas para cumplir con sus obligaciones habituales a causa del consumo de Tabaco?""}","{""Q0"":"" 1 o 2 veces""}","[0]"
"","990.7999999998137","ASSIST_007","ASSIST","survey-multi-choice","562","647087","0.0-675.0-0.0-0.0-4.0-0.0","{""Q0"":""¿Alguna vez amigos, familiares o alguien más le han mostrado preocupación por su consumo de Tabaco?""}","{""Q0"":"" No, nunca""}","[0]"
"","918","ASSIST_008","ASSIST","survey-multi-choice","563","648009","0.0-675.0-0.0-0.0-5.0-0.0","{""Q0"":""¿Alguna vez ha intentado controlar, reducir o dejar de consumir Tabaco?""}","{""Q0"":"" Sí, pero no en los últimos 3 meses""}","[0]"
"","1117.1999999999534","ASSIST_015","ASSIST","survey-multi-choice","564","649130","0.0-675.0-0.0-0.2-0.2-0.2","{""Q0"":""En los últimos tres meses ¿Con qué frecuencia ha consumido Marihuana?""}","{""Q0"":"" Mensualmente""}","[0]"
"","1087.4000000001397","ASSIST_016","ASSIST","survey-multi-choice","565","650221","0.0-675.0-0.0-0.2-1.2-0.2","{""Q0"":""En los últimos tres meses, ¿Con qué frecuencia ha tenido fuertes deseos o ansias de consumir Marihuana?""}","{""Q0"":"" 1 o 2 veces""}","[0]"
"","1073.3000000000466","ASSIST_017","ASSIST","survey-multi-choice","566","651298","0.0-675.0-0.0-0.2-2.2-0.2","{""Q0"":""En los últimos tres meses, ¿con que frecuencia ha tenido problemas de salud, sociales, legales o económicos debido al consumo de Marihuana?""}","{""Q0"":"" Diariamente o casi a diario""}","[0]"
"","1055.3000000000466","ASSIST_018","ASSIST","survey-multi-choice","567","652357","0.0-675.0-0.0-0.2-3.2-0.2","{""Q0"":""En los últimos tres meses, ¿con que frecuencia ha tenido problemas para cumplir con sus obligaciones habituales a causa del consumo de Marihuana?""}","{""Q0"":"" Semanalmente""}","[0]"
"","889.8999999999069","ASSIST_019","ASSIST","survey-multi-choice","568","653250","0.0-675.0-0.0-0.2-4.2-0.2","{""Q0"":""¿Alguna vez amigos, familiares o alguien más le han mostrado preocupación por su consumo de Marihuana?""}","{""Q0"":"" Sí, en los últimos 3 meses""}","[0]"
"","942.6000000000931","ASSIST_020","ASSIST","survey-multi-choice","569","654196","0.0-675.0-0.0-0.2-5.2-0.2","{""Q0"":""¿Alguna vez ha intentado controlar, reducir o dejar de consumir Marihuana?""}","{""Q0"":"" Sí, en los últimos 3 meses""}","[0]"
"","1059.1999999999534","ASSIST_039","ASSIST","survey-multi-choice","570","655260","0.0-675.0-0.0-0.6-0.6-0.6","{""Q0"":""En los últimos tres meses ¿Con qué frecuencia ha consumido Opiáceos?""}","{""Q0"":"" Mensualmente""}","[0]"
"","1037.1000000000931","ASSIST_040","ASSIST","survey-multi-choice","571","656301","0.0-675.0-0.0-0.6-1.6-0.6","{""Q0"":""En los últimos tres meses, ¿Con qué frecuencia ha tenido fuertes deseos o ansias de consumir Opiáceos?""}","{""Q0"":"" Semanalmente""}","[0]"
"","1094.5","ASSIST_041","ASSIST","survey-multi-choice","572","657398","0.0-675.0-0.0-0.6-2.6-0.6","{""Q0"":""En los últimos tres meses, ¿con que frecuencia ha tenido problemas de salud, sociales, legales o económicos debido al consumo de Opiáceos?""}","{""Q0"":"" Mensualmente""}","[0]"
"","1124","ASSIST_042","ASSIST","survey-multi-choice","573","658525","0.0-675.0-0.0-0.6-3.6-0.6","{""Q0"":""En los últimos tres meses, ¿con que frecuencia ha tenido problemas para cumplir con sus obligaciones habituales a causa del consumo de Opiáceos?""}","{""Q0"":"" Semanalmente""}","[0]"
"","942","ASSIST_043","ASSIST","survey-multi-choice","574","659470","0.0-675.0-0.0-0.6-4.6-0.6","{""Q0"":""¿Alguna vez amigos, familiares o alguien más le han mostrado preocupación por su consumo de Opiáceos?""}","{""Q0"":"" No, nunca""}","[0]"
"","952.5999999998603","ASSIST_044","ASSIST","survey-multi-choice","575","660426","0.0-675.0-0.0-0.6-5.6-0.6","{""Q0"":""¿Alguna vez ha intentado controlar, reducir o dejar de consumir Opiáceos?""}","{""Q0"":"" Sí, pero no en los últimos 3 meses""}","[0]"
"","919","ASSIST_051","ASSIST","survey-multi-choice","576","661349","0.0-676.0-0.0","{""Q0"":""¿Alguna vez ha consumido alguna droga por vía inyectada?""}","{""Q0"":"" Sí, pero no en los últimos 3 meses""}","[0]"
