"view_history","rt","trialid","procedure","trial_type","trial_index","time_elapsed","internal_node_id","stimulus","response"
"[{""page_index"":0,""viewing_time"":501}]","502","Instructions_01","SCSORF","instructions","1358","979457","0.0-1393.0-0.0","",""
"","800","SCSORF_01","SCSORF","survey-multi-choice-vertical","1359","980267","0.0-1394.0-0.0","{""Q0"":""1. Mi fe religiosa es extremadamente importante para mí.""}","{""Q0"":"" Fuertemente de acuerdo""}"
"","803","SCSORF_02","SCSORF","survey-multi-choice-vertical","1360","981078","0.0-1395.0-0.0","{""Q0"":""2. Rezo a diario.""}","{""Q0"":"" De acuerdo""}"
"","884","SCSORF_03","SCSORF","survey-multi-choice-vertical","1361","981970","0.0-1396.0-0.0","{""Q0"":""3. Considero mi fe una fuente de inspiración""}","{""Q0"":"" Fuertemente de acuerdo""}"
"","943","SCSORF_04","SCSORF","survey-multi-choice-vertical","1362","982922","0.0-1397.0-0.0","{""Q0"":""4. Considero que mi fe le otorga significado y propósito a mi vida.""}","{""Q0"":"" Fuertemente en desacuerdo""}"
"","734","SCSORF_05","SCSORF","survey-multi-choice-vertical","1363","983664","0.0-1398.0-0.0","{""Q0"":""5. Me considero activo/a en mi fe o iglesia.""}","{""Q0"":"" Fuertemente de acuerdo""}"
"","733","SCSORF_06","SCSORF","survey-multi-choice-vertical","1364","984405","0.0-1399.0-0.0","{""Q0"":""6. Mi fe es una parte importante de quien soy como persona.""}","{""Q0"":"" Fuertemente de acuerdo""}"
"","753","SCSORF_07","SCSORF","survey-multi-choice-vertical","1365","985167","0.0-1400.0-0.0","{""Q0"":""7. Mi relación con Dios es extremadamente importante para mí.""}","{""Q0"":"" De acuerdo""}"
"","715","SCSORF_08","SCSORF","survey-multi-choice-vertical","1366","985892","0.0-1401.0-0.0","{""Q0"":""8. Disfruto estando alrededor de otras personas que comparten mi fe.""}","{""Q0"":"" Fuertemente en desacuerdo""}"
"","749","SCSORF_09","SCSORF","survey-multi-choice-vertical","1367","986649","0.0-1402.0-0.0","{""Q0"":""9. Veo mi fe como una fuente de comodidad.""}","{""Q0"":"" Fuertemente de acuerdo""}"
"","751","SCSORF_10","SCSORF","survey-multi-choice-vertical","1368","987410","0.0-1403.0-0.0","{""Q0"":""10. Mi fe impacta muchas de mis decisiones.""}","{""Q0"":"" Fuertemente en desacuerdo""}"
