"view_history","rt","trialid","procedure","trial_type","trial_index","time_elapsed","internal_node_id","stimulus","response","question_order"
"[{""page_index"":0,""viewing_time"":763}]","764","LASSI38_000","LASSI38","instructions","5","3611","0.0-6.0-0.0","","",""
"","2296.9000000000233","LASSI38_001","LASSI38","survey-multi-choice","6","5915","0.0-7.0-0.0","{""Q0"":""Me preocupa más conseguir un buen trabajo que terminar mis estudios""}","{""Q0"":"" Algo o un poco característico mío""}","[0]"
"","1708.5","LASSI38_002","LASSI38","survey-multi-choice","7","7627","0.0-8.0-0.0","{""Q0"":""Tengo muy claro lo que debo hacer para no fracasar en mis estudios""}","{""Q0"":"" Con frecuencia es una característica mía""}","[0]"
"","1320.1999999999534","LASSI38_003","LASSI38","survey-multi-choice","8","8951","0.0-9.0-0.0","{""Q0"":""La escuela no me prepara para la vida adulta""}","{""Q0"":"" Con frecuencia es una característica mía""}","[0]"
"","1250.2000000000698","LASSI38_004","LASSI38","survey-multi-choice","9","10205","0.0-10.0-0.0","{""Q0"":""Llevo al día mis tareas escolares o deberes""}","{""Q0"":"" No es una característica muy común en mí""}","[0]"
"","1224","LASSI38_005","LASSI38","survey-multi-choice","10","11433","0.0-11.0-0.0","{""Q0"":""Me he propuesto conseguir buenos resultados al acabar mis estudios""}","{""Q0"":"" Con frecuencia es una característica mía""}","[0]"
"","1023.0999999999767","LASSI38_006","LASSI38","survey-multi-choice","11","12458","0.0-12.0-0.0","{""Q0"":""Cuando lo que tengo que hacer es difícil, lo dejo y hago sólo lo más fácil""}","{""Q0"":"" No es una característica mía""}","[0]"
"","1050","LASSI38_007","LASSI38","survey-multi-choice","12","13511","0.0-13.0-0.0","{""Q0"":""Antes de ponerme a estudiar planifico cómo lo voy a hacer (cuánto tiempo, qué y en qué orden, dónde, etc.)""}","{""Q0"":"" Con frecuencia es una característica mía""}","[0]"
"","1308.0999999999767","LASSI38_008","LASSI38","survey-multi-choice","13","14825","0.0-14.0-0.0","{""Q0"":""Cuando me planifico el tiempo para estudiar, casi nunca respeto mi plan""}","{""Q0"":"" No es una característica mía""}","[0]"
"","1393.5","LASSI38_009","LASSI38","survey-multi-choice","14","16224","0.0-15.0-0.0","{""Q0"":""Sólo estudio cuando tengo evaluaciones""}","{""Q0"":"" Algo o un poco característico mío""}","[0]"
"","1152.2999999999302","LASSI38_010","LASSI38","survey-multi-choice","15","17380","0.0-16.0-0.0","{""Q0"":""Cuando tengo que hacer deberes de clase siempre lo suelo dejar para más tarde""}","{""Q0"":"" Algo o un poco característico mío""}","[0]"
"","1206.6999999999534","LASSI38_011","LASSI38","survey-multi-choice","16","18590","0.0-17.0-0.0","{""Q0"":""Acabo estudiando con prisas para casi todos los exámenes""}","{""Q0"":"" Algo muy característico mío""}","[0]"
"","1134.6999999999534","LASSI38_012","LASSI38","survey-multi-choice","17","19729","0.0-18.0-0.0","{""Q0"":""Hago mal las evaluaciones porque no sé organizarme el tiempo de estudio ni de trabajo""}","{""Q0"":"" Con frecuencia es una característica mía""}","[0]"
"","1167.4000000000233","LASSI38_013","LASSI38","survey-multi-choice","18","20899","0.0-19.0-0.0","{""Q0"":""Normalmente cuando empiezo a hacer un examen estoy seguro/a de que no tendré ningún problema para aprobar""}","{""Q0"":"" Algo o un poco característico mío""}","[0]"
"","1171.4000000000233","LASSI38_014","LASSI38","survey-multi-choice","19","22073","0.0-20.0-0.0","{""Q0"":""Siento pánico cuando tengo que realizar un examen importante y me pongo tan nervioso que no respondo todo lo que sé""}","{""Q0"":"" No es una característica mía""}","[0]"
"","1037.9000000000233","LASSI38_015","LASSI38","survey-multi-choice","20","23114","0.0-21.0-0.0","{""Q0"":""Me distraigo fácilmente cuando estoy estudiando o haciendo los deberes, sin ningún motivo""}","{""Q0"":"" Algo o un poco característico mío""}","[0]"
"","1203.5999999999767","LASSI38_016","LASSI38","survey-multi-choice","21","24320","0.0-22.0-0.0","{""Q0"":""Procuro aprender las palabras nuevas que van surgiendo cuando estudio""}","{""Q0"":"" Algo muy característico mío""}","[0]"
"","1276.5","LASSI38_017","LASSI38","survey-multi-choice","22","25599","0.0-23.0-0.0","{""Q0"":""Cuando estudio resumo los temas utilizando mis propias palabras""}","{""Q0"":"" Con frecuencia es una característica mía""}","[0]"
"","1238.5","LASSI38_018","LASSI38","survey-multi-choice","23","26841","0.0-24.0-0.0","{""Q0"":""Trato de obtener más información sobre lo que estudio para comprenderlo bien""}","{""Q0"":"" Con frecuencia es una característica mía""}","[0]"
"","1199.8000000000466","LASSI38_019","LASSI38","survey-multi-choice","24","28044","0.0-25.0-0.0","{""Q0"":""Intento relacionar lo que estoy estudiando con lo que ya sé y con mis propias experiencias""}","{""Q0"":"" No es una característica mía""}","[0]"
"","1267.5","LASSI38_020","LASSI38","survey-multi-choice","25","29313","0.0-26.0-0.0","{""Q0"":""Intento relacionar varias ideas del tema que estoy estudiando""}","{""Q0"":"" No es una característica mía""}","[0]"
"","1224.5999999999767","LASSI38_021","LASSI38","survey-multi-choice","26","30541","0.0-27.0-0.0","{""Q0"":""Cuando estudio distingo perfectamente las ideas principales de las secundarias""}","{""Q0"":"" No es una característica muy común en mí""}","[0]"
"","1152.2999999999302","LASSI38_022","LASSI38","survey-multi-choice","27","31695","0.0-28.0-0.0","{""Q0"":""Me resulta difícil saber cuáles son las ideas principales que debo recordar de un texto""}","{""Q0"":"" No es una característica muy común en mí""}","[0]"
"","1156.5","LASSI38_023","LASSI38","survey-multi-choice","28","32855","0.0-29.0-0.0","{""Q0"":""Cuando realizo algún trabajo escolar, a menudo me pierdo en los detalles y no recuerdo las ideas principales""}","{""Q0"":"" No es una característica muy común en mí""}","[0]"
"","1247.5999999999767","LASSI38_024","LASSI38","survey-multi-choice","29","34106","0.0-30.0-0.0","{""Q0"":""Antes de ponerme a estudiar un tema selecciono las ideas principales""}","{""Q0"":"" Con frecuencia es una característica mía""}","[0]"
"","1313","LASSI38_025","LASSI38","survey-multi-choice","30","35422","0.0-31.0-0.0","{""Q0"":""Cuando estudio utilizo algunas ayudas como subrayar en diferentes colores, o emplear letras en mayúscula para distinguir lo importante de lo que no lo es""}","{""Q0"":"" Algo o un poco característico mío""}","[0]"
"","1108.9000000000233","LASSI38_026","LASSI38","survey-multi-choice","31","36536","0.0-32.0-0.0","{""Q0"":""Cuando estudio trato de aprender tantas cosas como puedo de memoria""}","{""Q0"":"" Con frecuencia es una característica mía""}","[0]"
"","1312.0999999999767","LASSI38_027","LASSI38","survey-multi-choice","32","37852","0.0-33.0-0.0","{""Q0"":""Estudio de forma distinta según sea la asignatura""}","{""Q0"":"" No es una característica mía""}","[0]"
"","1231","LASSI38_028","LASSI38","survey-multi-choice","33","39085","0.0-34.0-0.0","{""Q0"":""Hago resúmenes o esquemas para entender mejor lo que estoy estudiando""}","{""Q0"":"" Algo muy característico mío""}","[0]"
"","1162.8000000000466","LASSI38_029","LASSI38","survey-multi-choice","34","40250","0.0-35.0-0.0","{""Q0"":""Suelo organizar los apuntes y otros materiales de clase en esquemas, tablas, diagramas o mapas conceptuales""}","{""Q0"":"" Algo muy característico mío""}","[0]"
"","1071.8000000000466","LASSI38_030","LASSI38","survey-multi-choice","35","41323","0.0-36.0-0.0","{""Q0"":""Utilizo los títulos de los apartados de un tema para encontrar la información que busco""}","{""Q0"":"" No es una característica muy común en mí""}","[0]"
"","1129.5999999999767","LASSI38_031","LASSI38","survey-multi-choice","36","42455","0.0-37.0-0.0","{""Q0"":""Cada día después de clase echo un vistazo a mis apuntes para comprobar si he comprendido los contenidos y corregir los errores""}","{""Q0"":"" Algo o un poco característico mío""}","[0]"
"","1112.5","LASSI38_032","LASSI38","survey-multi-choice","37","43570","0.0-38.0-0.0","{""Q0"":""Cuando estoy estudiando paro con frecuencia para pensar en lo que he leído, y luego lo vuelvo a leer""}","{""Q0"":"" No es una característica muy común en mí""}","[0]"
"","1154.0999999999767","LASSI38_033","LASSI38","survey-multi-choice","38","44727","0.0-39.0-0.0","{""Q0"":""Sólo estudio lo que me gusta""}","{""Q0"":"" Algo o un poco característico mío""}","[0]"
"","1305.6000000000931","LASSI38_034","LASSI38","survey-multi-choice","39","46035","0.0-40.0-0.0","{""Q0"":""Compruebo que sé lo que he estudiado""}","{""Q0"":"" Algo o un poco característico mío""}","[0]"
"","1164.0999999999767","LASSI38_035","LASSI38","survey-multi-choice","40","47202","0.0-41.0-0.0","{""Q0"":""Tengo problemas para planificar el estudio de un tema, no sé que pasos seguir""}","{""Q0"":"" Con frecuencia es una característica mía""}","[0]"
"","1148.5","LASSI38_036","LASSI38","survey-multi-choice","41","48353","0.0-42.0-0.0","{""Q0"":""Tengo problemas para entender las preguntas de los exámenes""}","{""Q0"":"" Algo o un poco característico mío""}","[0]"
"","1234.3000000000466","LASSI38_037","LASSI38","survey-multi-choice","42","49589","0.0-43.0-0.0","{""Q0"":""Cuando hago un examen me doy cuenta de lo que he estudiado mal""}","{""Q0"":"" Algo muy característico mío""}","[0]"
"","1110","LASSI38_038","LASSI38","survey-multi-choice","43","50702","0.0-44.0-0.0","{""Q0"":""No sé como estudiar algunas asignaturas""}","{""Q0"":"" No es una característica mía""}","[0]"
