"view_history","rt","trialid","procedure","trial_type","trial_index","time_elapsed","internal_node_id","stimulus","response","slider_start"
"[{""page_index"":0,""viewing_time"":450}]","450","Instructions_01","MDDF","instructions","948","702202","0.0-949.0-0.0","","",""
"","1201","MDDF_01","MDDF","survey-multi-choice-vertical","949","703416","0.0-950.0-0.0","{""Q0"":""1. A un hombre joven le gusta escuchar a sus vecinos ancianos teniendo relaciones sexuales.¿En qué medida esto le parece inadecuado o adecuado?""}","{""Q0"":""Poco inadecuado""}",""
"","651","MDDF_02","MDDF","survey-multi-choice-vertical","950","704074","0.0-951.0-0.0","{""Q0"":""1. A un hombre joven le gusta escuchar a sus vecinos ancianos teniendo relaciones sexuales.¿Usted considera que en esta situación alguien ha sufrido un daño?""}","{""Q0"":"" Si""}",""
"","554.0999999996275","MDDF_03","MDDF","html-slider-response","951","704632","0.0-952.0-0.0-0.0","<div class='justified'>1. A un hombre joven le gusta escuchar a sus vecinos ancianos teniendo relaciones sexuales.</p><p>Si usted considera que alguien sufrió un daño en esta situación, ¿Que tanto daño cree usted que sufrió? </p></div></br>","6","4"
"","915","MDDF_04","MDDF","survey-multi-choice-vertical","952","705557","0.0-953.0-0.0","{""Q0"":""2. Una pareja de hermanos están de acuerdo en tener sexo protegido.¿En qué medida esto le parece inadecuado o adecuado?""}","{""Q0"":""Medianamente inadecuado""}",""
"","672","MDDF_05","MDDF","survey-multi-choice-vertical","953","706233","0.0-954.0-0.0","{""Q0"":""2. Una pareja de hermanos están de acuerdo en tener sexo protegido.¿Usted considera que en esta situación alguien ha sufrido un daño?""}","{""Q0"":"" Si""}",""
"","554.3000000007451","MDDF_06","MDDF","html-slider-response","954","706791","0.0-955.0-0.0-0.0","<div class='justified'>2. Una pareja de hermanos están de acuerdo en tener sexo protegido.</p><p>Si usted considera que alguien sufrió un daño en esta situación, ¿Que tanto daño cree usted que sufrió? </p></div></br>","2","4"
"[{""page_index"":0,""viewing_time"":378}]","378","Instructions_02","MDDF","instructions","955","707172","0.0-956.0-0.0","","",""
"","1089","MDDF_07","MDDF","survey-multi-choice-vertical","956","708274","0.0-957.0-0.0","{""Q0"":""1. Una mujer va deliberadamente a trabajar cuando tiene gripe/influenza.¿En qué medida esto le parece inadecuado o adecuado?""}","{""Q0"":""Medianamente adecuado""}",""
"","573","MDDF_08","MDDF","survey-multi-choice-vertical","957","708851","0.0-958.0-0.0","{""Q0"":""1. Una mujer va deliberadamente a trabajar cuando tiene gripe/influenza.¿Usted considera que en esta situación alguien ha sufrido un daño?""}","{""Q0"":"" Si""}",""
"","511.90000000037253","MDDF_09","MDDF","html-slider-response","958","709366","0.0-959.0-0.0-0.0","<div class='justified'>1. Una mujer va deliberadamente a trabajar cuando tiene gripe/influenza.</p><p>Si usted considera que alguien sufrió un daño en esta situación, ¿Que tanto daño cree usted que sufrió? </p></div></br>","3","4"
"","914","MDDF_10","MDDF","survey-multi-choice-vertical","959","710292","0.0-960.0-0.0","{""Q0"":""2. El dueño de un hotel no fumigará las camas infestadas de insectos porque es muy caro.¿En qué medida esto le parece inadecuado o adecuado?""}","{""Q0"":""Un poco adecuado""}",""
"","656","MDDF_11","MDDF","survey-multi-choice-vertical","960","710954","0.0-961.0-0.0","{""Q0"":""2. El dueño de un hotel no fumigará las camas infestadas de insectos porque es muy caro.¿Usted considera que en esta situación alguien ha sufrido un daño?""}","{""Q0"":"" Si""}",""
"","533.8000000007451","MDDF_12","MDDF","html-slider-response","961","711492","0.0-962.0-0.0-0.0","<div class='justified'>2. El dueño de un hotel no fumigará las camas infestadas de insectos porque es muy caro.</p><p>Si usted considera que alguien sufrió un daño en esta situación, ¿Que tanto daño cree usted que sufrió? </p></div></br>","1","4"
"","932","MDDF_13","MDDF","survey-multi-choice-vertical","962","712439","0.0-963.0-0.0","{""Q0"":""3. Un hombre no se molesta en lavarse las manos antes de preparar el biberón de su bebé.¿En qué medida esto le parece inadecuado o adecuado?""}","{""Q0"":""Altamente adecuado""}",""
"","666","MDDF_14","MDDF","survey-multi-choice-vertical","963","713109","0.0-964.0-0.0","{""Q0"":""3. Un hombre no se molesta en lavarse las manos antes de preparar el biberón de su bebé.¿Usted considera que en esta situación alguien ha sufrido un daño?""}","{""Q0"":"" Si""}",""
"","553","MDDF_15","MDDF","html-slider-response","964","713666","0.0-965.0-0.0-0.0","<div class='justified'>3. Un hombre no se molesta en lavarse las manos antes de preparar el biberón de su bebé.</p><p>Si usted considera que alguien sufrió un daño en esta situación, ¿Que tanto daño cree usted que sufrió? </p></div></br>","6","4"
"","991","MDDF_16","MDDF","survey-multi-choice-vertical","965","714672","0.0-966.0-0.0","{""Q0"":""4. Un hombre orina intencionalmente en el piso del baño.¿En qué medida esto le parece inadecuado o adecuado?""}","{""Q0"":""Un poco adecuado""}",""
"","636","MDDF_17","MDDF","survey-multi-choice-vertical","966","715313","0.0-967.0-0.0","{""Q0"":""4. Un hombre orina intencionalmente en el piso del baño.¿Usted considera que en esta situación alguien ha sufrido un daño?""}","{""Q0"":"" No""}",""
"","967","MDDF_19","MDDF","survey-multi-choice-vertical","967","716297","0.0-969.0-0.0","{""Q0"":""5. Alguien deja una rata muerta en la cocina de su vecino.¿En qué medida esto le parece inadecuado o adecuado?""}","{""Q0"":""Muy inadecuado""}",""
"","672","MDDF_20","MDDF","survey-multi-choice-vertical","968","716976","0.0-970.0-0.0","{""Q0"":""5. Alguien deja una rata muerta en la cocina de su vecino.¿Usted considera que en esta situación alguien ha sufrido un daño?""}","{""Q0"":"" No""}",""
"[{""page_index"":0,""viewing_time"":391}]","392","Instructions_03","MDDF","instructions","969","717370","0.0-972.0-0.0","","",""
"","945","MDDF_22","MDDF","survey-multi-choice-vertical","970","718327","0.0-973.0-0.0","{""Q0"":""1. Alguien toma un vaso de leche mientras se da cuenta que huele rancia.¿En qué medida esto le parece inadecuado o adecuado?""}","{""Q0"":""Poco inadecuado""}",""
"","652","MDDF_23","MDDF","survey-multi-choice-vertical","971","718984","0.0-974.0-0.0","{""Q0"":""1. Alguien toma un vaso de leche mientras se da cuenta que huele rancia.¿Usted considera que en esta situación alguien ha sufrido un daño?""}","{""Q0"":"" No""}",""
"","934","MDDF_25","MDDF","survey-multi-choice-vertical","972","719931","0.0-976.0-0.0","{""Q0"":""2. Alguien toca accidentalmente un cadáver.¿En qué medida esto le parece inadecuado o adecuado?""}","{""Q0"":""Un poco adecuado""}",""
"","578","MDDF_26","MDDF","survey-multi-choice-vertical","973","720515","0.0-977.0-0.0","{""Q0"":""2. Alguien toca accidentalmente un cadáver.¿Usted considera que en esta situación alguien ha sufrido un daño?""}","{""Q0"":"" No""}",""
"","961","MDDF_28","MDDF","survey-multi-choice-vertical","974","721489","0.0-979.0-0.0","{""Q0"":""3. Un hombre camina descalzo por el césped y pisa caca de perro fresca.¿En qué medida esto le parece inadecuado o adecuado?""}","{""Q0"":""Muy inadecuado""}",""
"","608","MDDF_29","MDDF","survey-multi-choice-vertical","975","722105","0.0-980.0-0.0","{""Q0"":""3. Un hombre camina descalzo por el césped y pisa caca de perro fresca.¿Usted considera que en esta situación alguien ha sufrido un daño?""}","{""Q0"":"" No""}",""
"","1023","MDDF_31","MDDF","survey-multi-choice-vertical","976","723146","0.0-982.0-0.0","{""Q0"":""4. La mano de una persona está cubierta de sangre luego de cortarse un dedo accidentalmente.¿En qué medida esto le parece inadecuado o adecuado?""}","{""Q0"":""Muy inadecuado""}",""
"","580","MDDF_32","MDDF","survey-multi-choice-vertical","977","723732","0.0-983.0-0.0","{""Q0"":""4. La mano de una persona está cubierta de sangre luego de cortarse un dedo accidentalmente.¿Usted considera que en esta situación alguien ha sufrido un daño?""}","{""Q0"":"" Si""}",""
"","599","MDDF_33","MDDF","html-slider-response","978","724336","0.0-984.0-0.0-0.0","<div class='justified'>4. La mano de una persona está cubierta de sangre luego de cortarse un dedo accidentalmente.</p><p>Si usted considera que alguien sufrió un daño en esta situación, ¿Que tanto daño cree usted que sufrió? </p></div></br>","7","4"
"","922","MDDF_34","MDDF","survey-multi-choice-vertical","979","725272","0.0-985.0-0.0","{""Q0"":""5. Una mujer bebió un vaso de agua que contenía la saliva de otra persona.¿En qué medida esto le parece inadecuado o adecuado?""}","{""Q0"":""Medianamente adecuado""}",""
"","637","MDDF_35","MDDF","survey-multi-choice-vertical","980","725914","0.0-986.0-0.0","{""Q0"":""5. Una mujer bebió un vaso de agua que contenía la saliva de otra persona.¿Usted considera que en esta situación alguien ha sufrido un daño?""}","{""Q0"":"" No""}",""
"","945","MDDF_37","MDDF","survey-multi-choice-vertical","981","726871","0.0-988.0-0.0","{""Q0"":""6. Una persona accidentalmente estornuda sobre otros pasajeros del tren.¿En qué medida esto le parece inadecuado o adecuado?""}","{""Q0"":""Medianamente inadecuado""}",""
"","807","MDDF_38","MDDF","survey-multi-choice-vertical","982","727683","0.0-989.0-0.0","{""Q0"":""6. Una persona accidentalmente estornuda sobre otros pasajeros del tren.¿Usted considera que en esta situación alguien ha sufrido un daño?""}","{""Q0"":"" Si""}",""
"","559.9000000003725","MDDF_39","MDDF","html-slider-response","983","728247","0.0-990.0-0.0-0.0","<div class='justified'>6. Una persona accidentalmente estornuda sobre otros pasajeros del tren.</p><p>Si usted considera que alguien sufrió un daño en esta situación, ¿Que tanto daño cree usted que sufrió? </p></div></br>","1","4"
"","881","MDDF_40","MDDF","survey-multi-choice-vertical","984","729140","0.0-991.0-0.0","{""Q0"":""7. Una mujer no lava sus manos después de usar el baño.¿En qué medida esto le parece inadecuado o adecuado?""}","{""Q0"":""Medianamente inadecuado""}",""
"","628","MDDF_41","MDDF","survey-multi-choice-vertical","985","729772","0.0-992.0-0.0","{""Q0"":""7. Una mujer no lava sus manos después de usar el baño.¿Usted considera que en esta situación alguien ha sufrido un daño?""}","{""Q0"":"" Si""}",""
"","555.6999999992549","MDDF_42","MDDF","html-slider-response","986","730333","0.0-993.0-0.0-0.0","<div class='justified'>7. Una mujer no lava sus manos después de usar el baño.</p><p>Si usted considera que alguien sufrió un daño en esta situación, ¿Que tanto daño cree usted que sufrió? </p></div></br>","6","4"
"[{""page_index"":0,""viewing_time"":405}]","405","Instructions_04","MDDF","instructions","987","730740","0.0-994.0-0.0","","",""
"","914","MDDF_43","MDDF","survey-multi-choice-vertical","988","731674","0.0-995.0-0.0","{""Q0"":""1. Un hombre toma el tren para ir al trabajo.¿En qué medida esto le parece inadecuado o adecuado?""}","{""Q0"":""Medianamente adecuado""}",""
"","590","MDDF_44","MDDF","survey-multi-choice-vertical","989","732269","0.0-996.0-0.0","{""Q0"":""1. Un hombre toma el tren para ir al trabajo.¿Usted considera que en esta situación alguien ha sufrido un daño?""}","{""Q0"":"" No""}",""
"","957","MDDF_46","MDDF","survey-multi-choice-vertical","990","733236","0.0-998.0-0.0","{""Q0"":""2. Una mujer va a un restaurante a cenar.¿En qué medida esto le parece inadecuado o adecuado?""}","{""Q0"":""Medianamente inadecuado""}",""
"","631","MDDF_47","MDDF","survey-multi-choice-vertical","991","733872","0.0-999.0-0.0","{""Q0"":""2. Una mujer va a un restaurante a cenar.¿Usted considera que en esta situación alguien ha sufrido un daño?""}","{""Q0"":"" Si""}",""
"","543.2999999988824","MDDF_48","MDDF","html-slider-response","992","734421","0.0-1000.0-0.0-0.0","<div class='justified'>2. Una mujer va a un restaurante a cenar.</p><p>Si usted considera que alguien sufrió un daño en esta situación, ¿Que tanto daño cree usted que sufrió? </p></div></br>","1","4"
"","970","MDDF_49","MDDF","survey-multi-choice-vertical","993","735402","0.0-1001.0-0.0","{""Q0"":""3. Una persona va a la tienda a comprar comestibles.¿En qué medida esto le parece inadecuado o adecuado?""}","{""Q0"":""Medianamente inadecuado""}",""
"","604","MDDF_50","MDDF","survey-multi-choice-vertical","994","736010","0.0-1002.0-0.0","{""Q0"":""3. Una persona va a la tienda a comprar comestibles.¿Usted considera que en esta situación alguien ha sufrido un daño?""}","{""Q0"":"" Si""}",""
"","514.5999999996275","MDDF_51","MDDF","html-slider-response","995","736528","0.0-1003.0-0.0-0.0","<div class='justified'>3. Una persona va a la tienda a comprar comestibles.</p><p>Si usted considera que alguien sufrió un daño en esta situación, ¿Que tanto daño cree usted que sufrió? </p></div></br>","6","4"
"","976","MDDF_52","MDDF","survey-multi-choice-vertical","996","737515","0.0-1004.0-0.0","{""Q0"":""4. Una persona toma el bus hacia la ciudad el fin de semana.¿En qué medida esto le parece inadecuado o adecuado?""}","{""Q0"":""Medianamente inadecuado""}",""
"","606","MDDF_53","MDDF","survey-multi-choice-vertical","997","738126","0.0-1005.0-0.0","{""Q0"":""4. Una persona toma el bus hacia la ciudad el fin de semana.¿Usted considera que en esta situación alguien ha sufrido un daño?""}","{""Q0"":"" No""}",""
"","1034","MDDF_55","MDDF","survey-multi-choice-vertical","998","739173","0.0-1007.0-0.0","{""Q0"":""5. Una persona tiende su cama en la mañana.¿En qué medida esto le parece inadecuado o adecuado?""}","{""Q0"":""Un poco adecuado""}",""
"","642","MDDF_56","MDDF","survey-multi-choice-vertical","999","739821","0.0-1008.0-0.0","{""Q0"":""5. Una persona tiende su cama en la mañana.¿Usted considera que en esta situación alguien ha sufrido un daño?""}","{""Q0"":"" Si""}",""
"","544.5999999996275","MDDF_57","MDDF","html-slider-response","1000","740371","0.0-1009.0-0.0-0.0","<div class='justified'>5. Una persona tiende su cama en la mañana.</p><p>Si usted considera que alguien sufrió un daño en esta situación, ¿Que tanto daño cree usted que sufrió? </p></div></br>","2","4"
"","947","MDDF_58","MDDF","survey-multi-choice-vertical","1001","741329","0.0-1010.0-0.0","{""Q0"":""6. Una persona toma el ascensor para ir al último piso de un edificio.¿En qué medida esto le parece inadecuado o adecuado?""}","{""Q0"":""Sin opinion""}",""
"","725","MDDF_59","MDDF","survey-multi-choice-vertical","1002","742060","0.0-1011.0-0.0","{""Q0"":""6. Una persona toma el ascensor para ir al último piso de un edificio.¿Usted considera que en esta situación alguien ha sufrido un daño?""}","{""Q0"":"" Si""}",""
"","617","MDDF_60","MDDF","html-slider-response","1003","742682","0.0-1012.0-0.0-0.0","<div class='justified'>6. Una persona toma el ascensor para ir al último piso de un edificio.</p><p>Si usted considera que alguien sufrió un daño en esta situación, ¿Que tanto daño cree usted que sufrió? </p></div></br>","7","4"
"","902","MDDF_61","MDDF","survey-multi-choice-vertical","1004","743597","0.0-1013.0-0.0","{""Q0"":""7. Una persona come una manzana al desayuno.¿En qué medida esto le parece inadecuado o adecuado?""}","{""Q0"":""Muy inadecuado""}",""
"","616","MDDF_62","MDDF","survey-multi-choice-vertical","1005","744218","0.0-1014.0-0.0","{""Q0"":""7. Una persona come una manzana al desayuno.¿Usted considera que en esta situación alguien ha sufrido un daño?""}","{""Q0"":"" No""}",""
