"view_history","rt","trialid","procedure","trial_type","trial_index","time_elapsed","internal_node_id","stimulus","slider_start","response"
"[{""page_index"":0,""viewing_time"":531}]","531","Instructions_01","OTRASRELIG","instructions","1049","766472","0.0-1088.0-0.0","","",""
"","607.5999999996275","OTRASRELIG_01","OTRASRELIG","html-slider-response","1050","767083","0.0-1089.0-0.0","<div class=""justified"">¿Qué tan importante considera que es Dios en su vida? </div></br>","3","3"
"","631","OTRASRELIG_02","OTRASRELIG","survey-multi-choice-vertical","1051","767720","0.0-1090.0-0.0","{""Q0"":""¿Cree usted en Dios?""}","","{""Q0"":"" No""}"
"","694","OTRASRELIG_03","OTRASRELIG","survey-multi-choice-vertical","1052","768420","0.0-1091.0-0.0","{""Q0"":""¿Cree usted en la vida después de la muerte?""}","","{""Q0"":"" Sí""}"
"","632","OTRASRELIG_04","OTRASRELIG","survey-multi-choice-vertical","1053","769058","0.0-1092.0-0.0","{""Q0"":""¿Cree usted en el Infierno?""}","","{""Q0"":"" Sí""}"
"","671","OTRASRELIG_05","OTRASRELIG","survey-multi-choice-vertical","1054","769734","0.0-1093.0-0.0","{""Q0"":""¿Cree usted en el Cielo?""}","","{""Q0"":"" Sí""}"
"","811","OTRASRELIG_06","OTRASRELIG","survey-multi-choice-vertical","1055","770554","0.0-1094.0-0.0","{""Q0"":""Fui criado(a)""}","","{""Q0"":"" Religioso(a), Protestante (evangélico(a))""}"
"","840","OTRASRELIG_08","OTRASRELIG","survey-multi-choice-vertical","1056","771401","0.0-1096.0-0.0","{""Q0"":""¿Cuál de los siguientes corresponde a su preferencia y/o afiliación religiosa?""}","","{""Q0"":"" Otro""}"
"","684","OTRASRELIG_09","OTRASRELIG","survey-text","1057","772092","0.0-1097.0-0.0-0.0","{""Q0"":""¿Cuál es su preferencia y/o afiliación religiosa?""}","","{""Q0"":""PF9qIRU7jtcdr355ztoU0zAM8eyPuFfUieNTzYJw6zDMp9vKv6tI2X""}"
"","806","OTRASRELIG_10","OTRASRELIG","survey-multi-choice-vertical","1058","772912","0.0-1098.0-0.0","{""Q0"":""¿Su familia y/o amigos pertenecen a su mismo grupo religioso?""}","","{""Q0"":"" Casi nadie o nadie""}"
"","967","OTRASRELIG_11","OTRASRELIG","survey-multi-choice-vertical","1059","773890","0.0-1099.0-0.0","{""Q0"":""Sin considerar matrimonios y funerales, y sin considerar el periodo de pandemia, ¿qué tan seguido asiste a servicios religiosos?""}","","{""Q0"":"" Más de una vez a la semana""}"
