"view_history","rt","trialid","procedure","trial_type","trial_index","time_elapsed","internal_node_id","stimulus","response"
"[{""page_index"":0,""viewing_time"":551}]","551","Instructions_01","IBT","instructions","706","545176","0.0-693.0-0.0","",""
"","1207","IBT_01","IBT","survey-multi-choice-horizontal","707","546391","0.0-694.0-0.0","{""Q0"":""A menudo compro cosas de manera espontánea.""}","{""Q0"":""Neutral""}"
"","971","IBT_02","IBT","survey-multi-choice-horizontal","708","547372","0.0-695.0-0.0","{""Q0"":""“Ya mismo” describe la forma en que compro las cosas.""}","{""Q0"":""En desacuerdo""}"
"","862","IBT_03","IBT","survey-multi-choice-horizontal","709","548241","0.0-696.0-0.0","{""Q0"":""A menudo compro cosas sin pensar.""}","{""Q0"":""Muy de acuerdo""}"
"","975","IBT_04","IBT","survey-multi-choice-horizontal","710","549227","0.0-697.0-0.0","{""Q0"":""Si veo algo que quiero, lo compro.""}","{""Q0"":""Muy de acuerdo""}"
"","940","IBT_05","IBT","survey-multi-choice-horizontal","711","550177","0.0-698.0-0.0","{""Q0"":""“Compro primero y pienso después” me describe bien.""}","{""Q0"":""Muy en desacuerdo""}"
"","879","IBT_06","IBT","survey-multi-choice-horizontal","712","551063","0.0-699.0-0.0","{""Q0"":""Algunas veces soy un poco insensato (irracional, ilógico) comprando.""}","{""Q0"":""Muy en desacuerdo""}"
"","843","IBT_07","IBT","survey-multi-choice-horizontal","713","551914","0.0-700.0-0.0","{""Q0"":""Compro cosas según cómo me siento en el momento.""}","{""Q0"":""Muy de acuerdo""}"
"","897","IBT_08","IBT","survey-multi-choice-horizontal","714","552821","0.0-701.0-0.0","{""Q0"":""Planifico cuidadosamente la mayoría de las compras.""}","{""Q0"":""Neutral""}"
"","863","IBT_09","IBT","survey-multi-choice-horizontal","715","553691","0.0-702.0-0.0","{""Q0"":""Algunas veces soy un poco imprudente con lo que compro.""}","{""Q0"":""Muy de acuerdo""}"
