"view_history","rt","trialid","procedure","trial_type","trial_index","time_elapsed","internal_node_id","stimulus","response","question_order"
"[{""page_index"":0,""viewing_time"":711}]","711","Instructions_001","CSI","instructions","395","455139","0.0-472.0-0.0","","",""
"","1168.8000000000466","CSI_001","CSI","survey-multi-choice","396","456312","0.0-473.0-0.0","{""Q0"":""¿Usted ha sentido estrés y tensión frecuentemente?""}","{""Q0"":"" Hace más de un año""}","[0]"
"","1163.1000000000931","CSI_002","CSI","survey-multi-choice","397","457479","0.0-474.0-0.0","{""Q0"":""¿Usted ha sentido angustia y/o ansiedad frecuentemente?""}","{""Q0"":"" Hace más de un año""}","[0]"
"","1170","CSI_003","CSI","survey-multi-choice","398","458652","0.0-475.0-0.0","{""Q0"":""¿Usted ha sentido agobio y/o desánimo frecuentemente?""}","{""Q0"":"" Al menos en estos 6 meses""}","[0]"
"","1159.6000000000931","CSI_004","CSI","survey-multi-choice","399","459814","0.0-476.0-0.0","{""Q0"":""¿Usted ha experimentado problemas de sueño frecuentemente?""}","{""Q0"":"" Solo en el último mes""}","[0]"
"","1229.5999999998603","CSI_005","CSI","survey-multi-choice","400","461048","0.0-477.0-0.0","{""Q0"":""¿Usted ha experimentado problemas de concentración y memoria frecuentemente?""}","{""Q0"":"" Al menos durante todo el último año""}","[0]"
"","1201.1999999999534","CSI_006","CSI","survey-multi-choice","401","462252","0.0-478.0-0.0","{""Q0"":""¿Usted ha sentido irritabilidad frecuentemente?""}","{""Q0"":"" Al menos en estos 6 meses""}","[0]"
"","1161.1000000000931","CSI_007","CSI","survey-multi-choice","402","463416","0.0-479.0-0.0","{""Q0"":""¿Usted ha experimentado fatiga persistente?""}","{""Q0"":"" No aplica""}","[0]"
