"view_history","rt","trialid","procedure","trial_type","trial_index","time_elapsed","internal_node_id","stimulus","response","question_order"
"[{""page_index"":0,""viewing_time"":709}]","709","instructions_01","IFS","instructions","427","518427","0.0-497.0-0.0","","",""
"","1207.8000000000466","IFS_001","IFS","survey-multi-choice","428","519639","0.0-498.0-0.0","{""Q0"":""Aqui, como examinador debes decirle al participante lo siguiente: <b>“Mire atentamente lo que estoy haciendo”</b>. Acto seguido debes realizar frente al sujeto y por tres repeticiones consecutivas la serie de Luria:  “puño, canto, palma”.<br><br>Una vez terminadas las tres repeticiones debe decir lo siguiente: “Ahora haga lo mismo con su mano derecha, primero conmigo y después solo.” Acto seguido, como examinador, realizas las series 3 veces con el participante y luego le dices: <b>“Ahora, hágalo usted solo”</b>.""}","{""Q0"":"" Completó al menos 3 series consecutivas por si solo""}","[0]"
"","1048.8999999999069","IFS_002","IFS","survey-multi-choice","429","520691","0.0-499.0-0.0","{""Q0"":""Aquí, como examinador debes decirle al participante lo siguiente: <b>“Le voy a pedir que golpee la mesa dos veces cuando yo golpee una vez”</b>. Para asegurarse que el paciente comprendió bien la consigna, realice una serie de 3 pruebas: 1-1-1.<br><br>Acto seguido decir: <b>“Ahora, golpee la mesa una vez cuando yo golpeo dos veces”</b>. Para asegurarse que el paciente comprendió bien la consigna, realice una serie de 3 pruebas: 2-2-2.<br><br>Ahora, decir <b>“Ahora integre las dos instrucciones en respuesta a mis golpes”</b> como examinador, realice la siguiente serie: 1-1-2-1-2-2-2-1-1-2.""}","{""Q0"":"" Sin errores""}","[0]"
"","1052.6000000000931","IFS_003","IFS","survey-multi-choice","430","521746","0.0-500.0-0.0","{""Q0"":""Iniciar diciéndole al participante: <b>“Ahora golpee una vez cuando yo golpeo una vez”</b>. Para asegurarse que el paciente comprendió bien la consigna, realice una serie de 3 pruebas: 1-1-1.<br><br>Acto seguido decir: <b>“Ahora no golpee cuando yo golpeo dos veces”</b>. Para asegurarse que el paciente comprendió bien la consigna, realice una serie de 3 pruebas: 2-2-2.<br><br>Ahora, como examinador, realiza la siguiente serie: 1-1-2-1-2-2-2-1-1-2.""}","{""Q0"":"" Cometió uno o dos errores""}","[0]"
"[{""page_index"":0,""viewing_time"":622}]","622","instructions_002","IFS","instructions","431","522370","0.0-501.0-0.0","","",""
"","1093.4000000001397","IFS_004","IFS","survey-multi-choice","432","523467","0.0-502.0-0.0","{""Q0"":""¿El participante acertó la secuencia de esta sección?""}","{""Q0"":"" No""}","[0]"
"","919.8999999999069","IFS_005","IFS","survey-multi-choice","433","524392","0.0-503.0-0.0-0.0","{""Q0"":""¿El participante acertó la secuencia de esta sección?""}","{""Q0"":"" No""}","[0]"
"","1064.1999999999534","IFS_016","IFS","survey-multi-choice","434","525462","0.0-514.0-0.0","{""Q0"":""El participante debe decir: Diciembre, Noviembre, Octubre, Septiembre, Agosto, Julio, Junio, Mayo, Abril, Marzo, Febrero, Enero""}","{""Q0"":"" Sin errores""}","[0]"
"[{""page_index"":0,""viewing_time"":684},{""page_index"":1,""viewing_time"":833}]","1517","instructions_003","IFS","instructions","435","526980","0.0-515.0-0.0","","",""
"","1222","IFS_017","IFS","survey-multi-select","436","528207","0.0-516.0-0.0","{""Q0"":""A continuación se muestran las secuencias que el participante debe completar, mencióneselas en voz alta y marque las que él señale correctamente en la hoja""}","{""Q0"":[""&nbsp;2-4-3"",""&nbsp;3-4-2-1"",""&nbsp;1-4-2-3-4""]}","[0]"
"[{""page_index"":0,""viewing_time"":656}]","656","instructions_004","IFS","instructions","437","528864","0.0-517.0-0.0","","",""
"","1090","IFS_018","IFS","survey-text","438","529958","0.0-518.0-0.0","{""Q0"":""A continuación escriba la respuesta del participante:""}","{""Q0"":""dnMlBM1KoBZC""}",""
"","932.8999999999069","IFS_019","IFS","survey-multi-choice","439","530893","0.0-519.0-0.0","{""Q0"":""La respuesta ideal era: <b>“Los que hablan mucho, suelen hacer poco”</b>. A continuación puntúe que tanto se acerca la respuesta del participante.""}","{""Q0"":"" Correcto (respuesta ideal)""}","[0]"
"","862","IFS_020","IFS","survey-text","440","531760","0.0-520.0-0.0","{""Q0"":""A continuación escriba la respuesta del participante:""}","{""Q0"":""IWL4DxBXRpfdClOD""}",""
"","933.8000000000466","IFS_021","IFS","survey-multi-choice","441","532698","0.0-521.0-0.0","{""Q0"":""La respuesta ideal era: <b>“Tomar una actitud positiva frente a las adversidades”</b>. A continuación puntúe que tanto se acerca la respuesta del participante.""}","{""Q0"":"" Se acerca pero no es ideal (se parece a la correcta, dió un ejemplo)""}","[0]"
"","907","IFS_022","IFS","survey-text","442","533612","0.0-522.0-0.0","{""Q0"":""A continuación escriba la respuesta del participante:""}","{""Q0"":""NVc7Z50a8wkwlv5""}",""
"","1042.6000000000931","IFS_023","IFS","survey-multi-choice","443","534658","0.0-523.0-0.0","{""Q0"":""La respuesta ideal era: <b>“Carecer de algo cuando por tu profesión u oficio, no debiera  faltarte”</b>. A continuación puntúe que tanto se acerca la respuesta del participante.""}","{""Q0"":"" Correcto (respuesta ideal)""}","[0]"
"[{""page_index"":0,""viewing_time"":598}]","599","instructions_005","IFS","instructions","444","535259","0.0-524.0-0.0","","",""
"","1125","IFS_024","IFS","survey-text","445","536388","0.0-525.0-0.0","{""Q0"":""Me pongo los zapatos y me ato los:""}","{""Q0"":""2xMJrG""}",""
"","876","IFS_025","IFS","survey-text","446","537267","0.0-526.0-0.0","{""Q0"":""Peleaban como perro y:""}","{""Q0"":""q""}",""
"[{""page_index"":0,""viewing_time"":641}]","641","instructions_005","IFS","instructions","447","537910","0.0-527.0-0.0","","",""
"","897","IFS_026","IFS","survey-text","448","538812","0.0-528.0-0.0","{""Q0"":""Juan compró caramelos en el:""}","{""Q0"":""IyZvlYr4vXFsHViBKoAUMO2ZTo2LGF2u2zh0yJh4G1uGW9N7xnT5emdssM3e4hHkWpL62an28QXRD8XOqkCXSNVOCj7nWzeG""}",""
"","981.5999999998603","IFS_027","IFS","survey-multi-choice","449","539796","0.0-529.0-0.0","{""Q0"":""A continuación puntúe la respuesta del participante.""}","{""Q0"":"" Palabra diferente pero tiene una relación semántica""}","[0]"
"","1038","IFS_028","IFS","survey-text","450","540839","0.0-530.0-0.0","{""Q0"":""Ojo por ojo y diente por:""}","{""Q0"":""QNeGfbTcIitnmSMmKVo5rQ3uKrpHxWfccalBELyL08PzhcN7JKogGtp3ai7OBlH""}",""
"","944.5","IFS_029","IFS","survey-multi-choice","451","541786","0.0-531.0-0.0","{""Q0"":""A continuación puntúe la respuesta del participante.""}","{""Q0"":"" Palabra exacta""}","[0]"
"","862","IFS_030","IFS","survey-text","452","542651","0.0-532.0-0.0","{""Q0"":""Lave la ropa con agua y:""}","{""Q0"":""Mk41SAOm7x6Xod1Jfv""}",""
"","932.1000000000931","IFS_031","IFS","survey-multi-choice","453","543586","0.0-533.0-0.0","{""Q0"":""A continuación puntúe la respuesta del participante.""}","{""Q0"":"" Palabra no tiene relación con el texto""}","[0]"
