"view_history","rt","trialid","procedure","trial_type","trial_index","time_elapsed","internal_node_id","stimulus","slider_start","response"
"[{""page_index"":0,""viewing_time"":537}]","537","Instructions_001","MAIA","instructions","880","663622","0.0-879.0-0.0","","",""
"","687.8000000007451","MAIA_001","MAIA","html-slider-response","881","664313","0.0-880.0-0.0","<div class='justified'>Cuando estoy tenso(a) noto dónde se ubica la tensión en mi cuerpo.</div>","2","2"
"","568.5","MAIA_002","MAIA","html-slider-response","882","664886","0.0-881.0-0.0","<div class='justified'>Me doy cuenta cuando me siento incómodo(a) en mi cuerpo.</div>","2","4"
"","580.5","MAIA_003","MAIA","html-slider-response","883","665470","0.0-882.0-0.0","<div class='justified'>Cuando estoy cómodo(a) lo noto en partes específicas de mi cuerpo.</div>","2","3"
"","563.4000000003725","MAIA_004","MAIA","html-slider-response","884","666038","0.0-883.0-0.0","<div class='justified'>Noto cambios en mi respiración, tales como cuando se hace más lenta o más rápida.</div>","2","3"
"","552","MAIA_005","MAIA","html-slider-response","885","666596","0.0-884.0-0.0","<div class='justified'>Noto la tensión física o el malestar solamente cuando se vuelve muy severo.</div>","2","2"
"","570.3000000007451","MAIA_006","MAIA","html-slider-response","886","667170","0.0-885.0-0.0","<div class='justified'>No me doy cuenta de las sensaciones de malestar.</div>","2","2"
"","566.7999999988824","MAIA_007","MAIA","html-slider-response","887","667740","0.0-886.0-0.0","<div class='justified'>Cuando siento dolor o malestar intento ignorarlo y continuar con lo que estaba haciendo.</div>","2","3"
"","593.0999999996275","MAIA_008","MAIA","html-slider-response","888","668337","0.0-887.0-0.0","<div class='justified'>Cuando siento dolor físico me enojo.</div>","2","3"
"","622.5","MAIA_009","MAIA","html-slider-response","889","668964","0.0-888.0-0.0","<div class='justified'>Si siento algún malestar me empieza a preocupar que algo no ande bien.</div>","2","4"
"","597.5999999996275","MAIA_010","MAIA","html-slider-response","890","669566","0.0-889.0-0.0","<div class='justified'>Puedo sentir alguna sensación física desagradable sin preocuparme por ella.</div>","2","4"
"","583.0999999996275","MAIA_011","MAIA","html-slider-response","891","670152","0.0-890.0-0.0","<div class='justified'>Puedo prestar atención a mi respiración sin ser distraído (a) por lo que pasa a mi alrededor.</div>","2","2"
"","543.8000000007451","MAIA_012","MAIA","html-slider-response","892","670699","0.0-891.0-0.0","<div class='justified'>Puedo tener conciencia de mis sensaciones corporales internas aun cuando hay muchas cosas sucediendo a mi alrededor.</div>","2","0"
"","572.9000000003725","MAIA_013","MAIA","html-slider-response","893","671277","0.0-892.0-0.0","<div class='justified'>Cuando estoy conversando con alguien puedo prestarle atención a mi postura.</div>","2","2"
"","603.5","MAIA_014","MAIA","html-slider-response","894","671883","0.0-893.0-0.0","<div class='justified'>Puedo volver a concentrarme en mi cuerpo si estoy distraído(a).</div>","2","1"
"","564.8000000007451","MAIA_015","MAIA","html-slider-response","895","672451","0.0-894.0-0.0","<div class='justified'>Puedo redirigir mi atención desde mis pensamientos a mis sensaciones corporales.</div>","2","0"
"","595.4000000003725","MAIA_016","MAIA","html-slider-response","896","673050","0.0-895.0-0.0","<div class='justified'>Puedo prestar atención a todo mi cuerpo incluso cuando una parte de mi siente dolor o malestar.</div>","2","2"
"","626.3999999985099","MAIA_017","MAIA","html-slider-response","897","673680","0.0-896.0-0.0","<div class='justified'>Soy capaz de concentrarme conscientemente en mi cuerpo de manera global.</div>","2","1"
"","555.2999999988824","MAIA_018","MAIA","html-slider-response","898","674240","0.0-897.0-0.0","<div class='justified'>Noto cómo mi cuerpo cambia cuando estoy enojado(a).</div>","2","3"
"","560.5","MAIA_019","MAIA","html-slider-response","899","674805","0.0-898.0-0.0","<div class='justified'>Cuando algo anda mal en mi vida puedo sentirlo en mi cuerpo.</div>","2","3"
"","563.5","MAIA_020","MAIA","html-slider-response","900","675373","0.0-899.0-0.0","<div class='justified'>Noto que mi cuerpo se siente diferente después de una experiencia apacible.</div>","2","0"
"","580.1999999992549","MAIA_021","MAIA","html-slider-response","901","675956","0.0-900.0-0.0","<div class='justified'>Noto que puedo respirar libre y fácilmente cuando me siento cómodo(a).</div>","2","4"
"","589.4000000003725","MAIA_022","MAIA","html-slider-response","902","676549","0.0-901.0-0.0","<div class='justified'>Noto cómo mi cuerpo cambia cuando me siento contento(a) / feliz.</div>","2","3"
"","542.7000000011176","MAIA_023","MAIA","html-slider-response","903","677095","0.0-902.0-0.0","<div class='justified'>Cuando me siento sobrepasado(a) puedo encontrar un lugar tranquilo dentro de mi.</div>","2","2"
"","585.5999999996275","MAIA_024","MAIA","html-slider-response","904","677685","0.0-903.0-0.0","<div class='justified'>Cuando dirijo la atención hacia mi cuerpo siento calma.</div>","2","0"
"","563.8000000007451","MAIA_025","MAIA","html-slider-response","905","678252","0.0-904.0-0.0","<div class='justified'>Puedo utilizar mi respiración para reducir la tensión.</div>","2","0"
"","606.9000000003725","MAIA_026","MAIA","html-slider-response","906","678863","0.0-905.0-0.0","<div class='justified'>Cuando estoy atrapado(a) en mis pensamientos puedo calmar mi mente concentrándome en mi cuerpo/respiración.</div>","2","0"
"","562.0999999996275","MAIA_027","MAIA","html-slider-response","907","679428","0.0-906.0-0.0","<div class='justified'>Estoy a la escucha de la información que envía mi cuerpo sobre mi estado emocional.</div>","2","1"
"","926.3999999985099","MAIA_028","MAIA","html-slider-response","908","680359","0.0-907.0-0.0","<div class='justified'>Cuando estoy alterado(a), me tomo el tiempo      para explorar cómo se siente mi cuerpo.</div>","2","3"
"","642.0999999996275","MAIA_029","MAIA","html-slider-response","909","681004","0.0-908.0-0.0","<div class='justified'>Escucho a mi cuerpo para saber qué hacer.</div>","2","2"
"","574.2999999988824","MAIA_030","MAIA","html-slider-response","910","681582","0.0-909.0-0.0","<div class='justified'>En mi cuerpo, estoy en casa.</div>","2","4"
"","546.5","MAIA_031","MAIA","html-slider-response","911","682132","0.0-910.0-0.0","<div class='justified'>Siento que mi cuerpo es un lugar seguro.</div>","2","0"
"","616.6999999992549","MAIA_032","MAIA","html-slider-response","912","682753","0.0-911.0-0.0","<div class='justified'>Confío en mis sensaciones corporales.</div>","2","5"
