"view_history","rt","trialid","procedure","trial_type","trial_index","time_elapsed","internal_node_id","stimulus","slider_start","response"
"[{""page_index"":0,""viewing_time"":650}]","651","Instructions_01","CS","instructions","251","200993","0.0-275.0-0.0","","",""
"","789.3999999985099","CS_01","CS","html-slider-response","252","201794","0.0-276.0-0.0","<div class='justified'>1. Presto mucha atención cuando otras personas me cuentan sus problemas.</div>","3","5"
"","786.0999999996275","CS_02","CS","html-slider-response","253","202584","0.0-277.0-0.0","<div class='justified'>2. Si veo que alguien está pasando por un momento difícil, trato de ser amable con esa persona.</div>","3","2"
"","650.1999999992549","CS_03","CS","html-slider-response","254","203237","0.0-278.0-0.0","<div class='justified'>3. No me preocupo por los problemas de los demás.</div>","3","1"
"","718.1999999992549","CS_04","CS","html-slider-response","255","203958","0.0-279.0-0.0","<div class='justified'>4. Todo el mundo se siente mal de vez en cuando, es parte de la vida.</div>","3","3"
"","682.6000000014901","CS_05","CS","html-slider-response","256","204644","0.0-280.0-0.0","<div class='justified'>5. Me doy cuenta cuando las personas están molestas, incluso si no dicen nada.</div>","3","4"
"","612.5","CS_06","CS","html-slider-response","257","205259","0.0-281.0-0.0","<div class='justified'>6. Me gusta estar presente para los otros en momentos de dificultad.</div>","3","3"
"","619.3999999985099","CS_07","CS","html-slider-response","258","205882","0.0-282.0-0.0","<div class='justified'>7. No pienso mucho en las preocupaciones de los demás.</div>","3","4"
"","557.2000000011176","CS_08","CS","html-slider-response","259","206442","0.0-283.0-0.0","<div class='justified'>8. Es importante reconocer que todas las personas tenemos debilidades y que nadie es perfecto.</div>","3","1"
"","565.9000000003725","CS_09","CS","html-slider-response","260","207010","0.0-284.0-0.0","<div class='justified'>9. Suelo escuchar con paciencia cuando la gente me cuenta sus problemas.</div>","3","3"
"","553.2000000011176","CS_10","CS","html-slider-response","261","207567","0.0-285.0-0.0","<div class='justified'>10. Mi corazón se dirige hacia las personas que no son felices.</div>","3","3"
"","497.69999999925494","CS_11","CS","html-slider-response","262","208069","0.0-286.0-0.0","<div class='justified'>11. Trato de evitar a las personas cuando están experimentando mucho dolor.</div>","3","3"
"","576.0999999996275","CS_12","CS","html-slider-response","263","208648","0.0-287.0-0.0","<div class='justified'>12. El sufrimiento es simplemente parte de nuestra experiencia humana.</div>","3","5"
"","496.80000000074506","CS_13","CS","html-slider-response","264","209149","0.0-288.0-0.0","<div class='justified'>13. Cuando los demás me cuentan sus problemas, trato de mantener una perspectiva equilibrada sobre la situación.</div>","3","1"
"","546.8000000007451","CS_14","CS","html-slider-response","265","209699","0.0-289.0-0.0","<div class='justified'>14. Cuando las personas están tristes, trato de consolarlas.</div>","3","3"
"","549.7000000011176","CS_15","CS","html-slider-response","266","210252","0.0-290.0-0.0","<div class='justified'>15. No me siento emocionalmente conectado con las personas que están sufriendo.</div>","3","2"
"","552.7999999988824","CS_16","CS","html-slider-response","267","210807","0.0-291.0-0.0","<div class='justified'>16. Pese a mis diferencias con los demás, sé que al igual que yo, todos tienen sus dolores.</div>","3","4"
