"view_history","rt","trialid","procedure","trial_type","trial_index","time_elapsed","internal_node_id","stimulus","response","question_order"
"[{""page_index"":0,""viewing_time"":557}]","557","Instructions_01","DGLS","instructions","424","344206","0.0-458.0-0.0","","",""
"","824","DGLS_001","DGLS","survey-multi-choice","425","345034","0.0-459.0-0.0","{""Q0"":""Siempre hay alguien con quien puedo hablar de mis problemas diarios.""}","{""Q0"":"" Si""}","[0]"
"","700.8000000007451","DGLS_002","DGLS","survey-multi-choice","426","345737","0.0-460.0-0.0","{""Q0"":""Echo de menos tener un buen amigo de verdad.""}","{""Q0"":"" No""}","[0]"
"","668","DGLS_003","DGLS","survey-multi-choice","427","346409","0.0-461.0-0.0","{""Q0"":""Siento una sensación de vacío a mi alrededor.""}","{""Q0"":"" Más o menos""}","[0]"
"","686.5","DGLS_004","DGLS","survey-multi-choice","428","347099","0.0-462.0-0.0","{""Q0"":""Hay suficientes personas a las que puedo recurrir en caso de necesidad.""}","{""Q0"":"" No""}","[0]"
"","623.5999999996275","DGLS_005","DGLS","survey-multi-choice","429","347725","0.0-463.0-0.0","{""Q0"":""Echo de menos la compañía de otras personas.""}","{""Q0"":"" Más o menos""}","[0]"
"","701.0999999996275","DGLS_006","DGLS","survey-multi-choice","430","348430","0.0-464.0-0.0","{""Q0"":""Pienso que mi círculo de amistad es demasiado limitado.""}","{""Q0"":"" Más o menos""}","[0]"
"","634.8999999985099","DGLS_007","DGLS","survey-multi-choice","431","349068","0.0-465.0-0.0","{""Q0"":""Tengo mucha gente en la que confiar completamente.""}","{""Q0"":"" Si""}","[0]"
"","654.5","DGLS_008","DGLS","survey-multi-choice","432","349726","0.0-466.0-0.0","{""Q0"":""Hay suficientes personas con las que tengo una amistad muy cercana.""}","{""Q0"":"" Si""}","[0]"
"","703.7000000011176","DGLS_009","DGLS","survey-multi-choice","433","350433","0.0-467.0-0.0","{""Q0"":""Echo de menos tener gente a mi alrededor.""}","{""Q0"":"" No""}","[0]"
"","748.8000000007451","DGLS_010","DGLS","survey-multi-choice","434","351185","0.0-468.0-0.0","{""Q0"":""Me siente abandonado a menudo.""}","{""Q0"":"" No""}","[0]"
"","827.2000000011176","DGLS_011","DGLS","survey-multi-choice","435","352017","0.0-469.0-0.0","{""Q0"":""Puede contar con mis amigos siempre que lo necesito.""}","{""Q0"":"" Si""}","[0]"
