"view_history","rt","trialid","procedure","trial_type","trial_index","time_elapsed","internal_node_id","stimulus","slider_start","response"
"[{""page_index"":0,""viewing_time"":493}]","493","Instructions_01","REI40","instructions","1207","877163","0.0-1261.0-0.0","","",""
"","665.4000000003725","REI40_01","REI40","html-slider-response","1208","877832","0.0-1262.0-0.0","<div class='justified'>No soy tan bueno/a resolviendo problemas complicados.</div></br>","3","5"
"","633.1000000014901","REI40_02","REI40","html-slider-response","1209","878469","0.0-1263.0-0.0","<div class='justified'>Si me basara en mis corazonadas, me equivocaría seguido.</div></br>","3","3"
"","603.5","REI40_03","REI40","html-slider-response","1210","879076","0.0-1264.0-0.0","<div class='justified'>Prefiero los problemas complejos antes que los simples.</div></br>","3","3"
"","598.4000000003725","REI40_04","REI40","html-slider-response","1211","879679","0.0-1265.0-0.0","<div class='justified'>Generalmente, no dependo de mis sentimientos para tomar decisiones.</div></br>","3","5"
"","554.2000000011176","REI40_05","REI40","html-slider-response","1212","880238","0.0-1266.0-0.0","<div class='justified'>No tengo problema en pensar las cosas con claridad.</div></br>","3","5"
"","537.0999999996275","REI40_06","REI40","html-slider-response","1213","880779","0.0-1267.0-0.0","<div class='justified'>Cuando se trata de confiar en la gente, usualmente me baso en mis corazonadas.</div></br>","3","4"
"","512.6999999992549","REI40_07","REI40","html-slider-response","1214","881296","0.0-1268.0-0.0","<div class='justified'>Pensar no es para mi una actividad agradable.</div></br>","3","1"
"","531","REI40_08","REI40","html-slider-response","1215","881830","0.0-1269.0-0.0","<div class='justified'>Me gusta confiar en mis primeras impresiones.</div></br>","3","4"
"","561.2000000011176","REI40_09","REI40","html-slider-response","1216","882396","0.0-1270.0-0.0","<div class='justified'>No soy una persona que piense de manera muy analítica.</div></br>","3","4"
"","548.9000000003725","REI40_10","REI40","html-slider-response","1217","882948","0.0-1271.0-0.0","<div class='justified'>Yo confío en mis corazonadas.</div></br>","3","2"
"","584","REI40_11","REI40","html-slider-response","1218","883537","0.0-1272.0-0.0","<div class='justified'>Disfruto resolviendo problemas que requieren pensar mucho.</div></br>","3","4"
"","593.5","REI40_12","REI40","html-slider-response","1219","884134","0.0-1273.0-0.0","<div class='justified'>Creo que es una tontería tomar decisiones basadas en los sentimientos.</div></br>","3","1"
"","738.9000000003725","REI40_13","REI40","html-slider-response","1220","884877","0.0-1274.0-0.0","<div class='justified'>Sospecho que mis corazonadas a veces son inadecuadas y otras veces adecuadas.</div></br>","3","1"
"","581.7999999988824","REI40_14","REI40","html-slider-response","1221","885463","0.0-1275.0-0.0","<div class='justified'>Usualmente tengo razones claras y explicables para mis decisiones.</div></br>","3","2"
"","633.0999999996275","REI40_15","REI40","html-slider-response","1222","886101","0.0-1276.0-0.0","<div class='justified'>Para mí es suficiente conocer la respuesta sin tener que entender el razonamiento detrás.</div></br>","3","2"
"","614.0999999996275","REI40_16","REI40","html-slider-response","1223","886721","0.0-1277.0-0.0","<div class='justified'>No quisiera depender de alguien que se describa a sí mismo como intuitivo.</div></br>","3","3"
"","637.3000000007451","REI40_17","REI40","html-slider-response","1224","887363","0.0-1278.0-0.0","<div class='justified'>generalmente usar la lógica me sirve para resolver mis problemas.</div></br>","3","3"
"","584.5999999996275","REI40_18","REI40","html-slider-response","1225","887952","0.0-1279.0-0.0","<div class='justified'>Disfruto de los desafíos intelectuales.</div></br>","3","1"
"","557.4000000003725","REI40_19","REI40","html-slider-response","1226","888513","0.0-1280.0-0.0","<div class='justified'>Generalmente, puedo sentir cuando una persona está equivocada o no a pesar de no poder explicar cómo lo sé.</div></br>","3","4"
"","586.8000000007451","REI40_20","REI40","html-slider-response","1227","889105","0.0-1281.0-0.0","<div class='justified'>Frecuentemente sigo mi instinto cuando decido qué hacer.</div></br>","3","1"
"","533.3000000007451","REI40_21","REI40","html-slider-response","1228","889644","0.0-1282.0-0.0","<div class='justified'>Probablemente, mis juicios apresurados no son tan buenos como los de la mayoría de la gente.</div></br>","3","4"
"","561.9000000003725","REI40_22","REI40","html-slider-response","1229","890211","0.0-1283.0-0.0","<div class='justified'>Razonar las cosas cuidadosamente, no es uno de mis puntos fuertes.</div></br>","3","1"
"","574.3000000007451","REI40_23","REI40","html-slider-response","1230","890789","0.0-1284.0-0.0","<div class='justified'>No me gustan las situaciones en las cuales tengo que confiar en mi intuición.</div></br>","3","3"
"","554.3000000007451","REI40_24","REI40","html-slider-response","1231","891347","0.0-1285.0-0.0","<div class='justified'>Trato de evitar situaciones que requieren pensar en profundidad sobre algo.</div></br>","3","1"
"","598.5","REI40_25","REI40","html-slider-response","1232","891949","0.0-1286.0-0.0","<div class='justified'>Confío en mis sentimientos iniciales sobre la gente.</div></br>","3","1"
"","618.1999999992549","REI40_26","REI40","html-slider-response","1233","892572","0.0-1287.0-0.0","<div class='justified'>Pienso de manera lógica.</div></br>","3","4"
"","571.5","REI40_27","REI40","html-slider-response","1234","893147","0.0-1288.0-0.0","<div class='justified'>Pienso que no es una buena idea confiar en las propias intuiciones para tomar decisiones importantes.</div></br>","3","5"
"","608","REI40_28","REI40","html-slider-response","1235","893759","0.0-1289.0-0.0","<div class='justified'>No me gusta tener que pensar mucho.</div></br>","3","1"
"","581.5","REI40_29","REI40","html-slider-response","1236","894345","0.0-1290.0-0.0","<div class='justified'>No tengo muy buena intuición.</div></br>","3","2"
"","524.6999999992549","REI40_30","REI40","html-slider-response","1237","894873","0.0-1291.0-0.0","<div class='justified'>No soy muy bueno resolviendo problemas que requieren un análisis lógico minucioso.</div></br>","3","2"
"","581.2000000011176","REI40_31","REI40","html-slider-response","1238","895458","0.0-1292.0-0.0","<div class='justified'>Creo que hay veces en que uno debería confiar en su intuición.</div></br>","3","5"
"","548.9000000003725","REI40_32","REI40","html-slider-response","1239","896012","0.0-1293.0-0.0","<div class='justified'>Disfruto pensando en términos abstractos.</div></br>","3","4"
"","590.5999999996275","REI40_33","REI40","html-slider-response","1240","896605","0.0-1294.0-0.0","<div class='justified'>Generalmente mis intuiciones me sirven para resolver mis problemas.</div></br>","3","2"
"","534","REI40_34","REI40","html-slider-response","1241","897143","0.0-1295.0-0.0","<div class='justified'>No razono bajo presión.</div></br>","3","5"
"","593.2999999988824","REI40_35","REI40","html-slider-response","1242","897740","0.0-1296.0-0.0","<div class='justified'>Tiendo a usar mi corazón como guía para mis acciones.</div></br>","3","5"
"","655.9000000003725","REI40_36","REI40","html-slider-response","1243","898403","0.0-1297.0-0.0","<div class='justified'>Pensar mucho y por un tiempo prolongado sobre algo me da poca satisfacción.</div></br>","3","3"
"","651.5","REI40_37","REI40","html-slider-response","1244","899058","0.0-1298.0-0.0","<div class='justified'>Casi nunca me equivoco cuando escucho mis sentimientos más profundos para encontrar una respuesta.</div></br>","3","3"
"","650.6000000014901","REI40_38","REI40","html-slider-response","1245","899713","0.0-1299.0-0.0","<div class='justified'>Soy mucho mejor que la mayoría de la gente para resolver las cosas de forma lógica.</div></br>","3","2"
"","674.1999999992549","REI40_39","REI40","html-slider-response","1246","900392","0.0-1300.0-0.0","<div class='justified'>La intuición puede ser una forma útil para resolver problemas.</div></br>","3","3"
"","639.7999999988824","REI40_40","REI40","html-slider-response","1247","901036","0.0-1301.0-0.0","<div class='justified'>Me gustaría mucho aprender nuevas formas de pensar.</div></br>","3","2"
