"view_history","rt","trialid","procedure","trial_type","trial_index","time_elapsed","internal_node_id","stimulus","response"
"[{""page_index"":0,""viewing_time"":867}]","867","Instructions_01","GHQ12","instructions","618","492886","0.0-664.0-0.0","",""
"","1204","GHQ12_001","GHQ12","survey-multi-choice-vertical","619","494106","0.0-665.0-0.0","{""Q0"":"" Últimamente, ¿Ha podido concentrarse bien en lo que hacía?""}","{""Q0"":"" Mejor que lo habitual""}"
"","1017","GHQ12_002","GHQ12","survey-multi-choice-vertical","620","495137","0.0-666.0-0.0","{""Q0"":"" Últimamente, ¿Sus preocupaciones le han hecho perder mucho sueño?""}","{""Q0"":"" No, en lo absoluto""}"
"","936","GHQ12_003","GHQ12","survey-multi-choice-vertical","621","496085","0.0-667.0-0.0","{""Q0"":"" Últimamente, ¿Ha sentido que está desempeñando un papel útil en la vida?""}","{""Q0"":"" Igual que lo habitual""}"
"","1001","GHQ12_004","GHQ12","survey-multi-choice-vertical","622","497094","0.0-668.0-0.0","{""Q0"":"" Últimamente, ¿Se ha sentido capaz de tomar decisiones?""}","{""Q0"":"" Mucho menos que lo habitual""}"
"","1109","GHQ12_005","GHQ12","survey-multi-choice-vertical","623","498213","0.0-669.0-0.0","{""Q0"":"" Últimamente, ¿Se ha notado constantemente agobiado y en tensión?""}","{""Q0"":"" No más que lo habitual""}"
"","930","GHQ12_006","GHQ12","survey-multi-choice-vertical","624","499154","0.0-670.0-0.0","{""Q0"":"" Últimamente, ¿Ha tenido la sensación de que no puede superar sus dificultades?""}","{""Q0"":"" Algo más que lo habitual""}"
"","957","GHQ12_007","GHQ12","survey-multi-choice-vertical","625","500120","0.0-671.0-0.0","{""Q0"":"" Últimamente, ¿Ha sido capaz de disfrutar de sus actividades normales de cada día?""}","{""Q0"":"" Igual que lo habitual""}"
"","799","GHQ12_008","GHQ12","survey-multi-choice-vertical","626","500928","0.0-672.0-0.0","{""Q0"":"" Últimamente, ¿Ha sido capaz de hacer frente adecuadamente a sus problemas?""}","{""Q0"":"" Mucho menos que lo habitual""}"
"","781","GHQ12_009","GHQ12","survey-multi-choice-vertical","627","501715","0.0-673.0-0.0","{""Q0"":"" Últimamente, ¿Se ha sentido poco feliz o deprimido?""}","{""Q0"":"" Mucho más que lo habitual""}"
"","766","GHQ12_010","GHQ12","survey-multi-choice-vertical","628","502489","0.0-674.0-0.0","{""Q0"":"" Últimamente, ¿Ha perdido confianza en sí mismo?""}","{""Q0"":"" Algo más que lo habitual""}"
"","695","GHQ12_011","GHQ12","survey-multi-choice-vertical","629","503190","0.0-675.0-0.0","{""Q0"":"" Últimamente, ¿Ha pensado que usted es una persona que no vale para nada?""}","{""Q0"":"" No, en absoluto""}"
"","729","GHQ12_012","GHQ12","survey-multi-choice-vertical","630","503925","0.0-676.0-0.0","{""Q0"":"" Últimamente, ¿Se siente razonablemente feliz considerando todas las circunstancias?""}","{""Q0"":"" Más que lo habitual""}"
