"view_history","rt","trialid","procedure","trial_type","trial_index","time_elapsed","internal_node_id","stimulus","response"
"[{""page_index"":0,""viewing_time"":542}]","543","Instructions_01","OBJNUM","instructions","1038","760120","0.0-1076.0-0.0","",""
"","680","OBJNUM_01","OBJNUM","survey-text","1039","760808","0.0-1077.0-0.0","{""Q0"":""Imagina que lanzamos una moneda no trucada en 1.000 ocasiones. Haz una estimación: ¿Cuántas veces saldrá cara en los 1.000 intentos?""}","{""Q0"":""50""}"
"","573","OBJNUM_02","OBJNUM","survey-text","1040","761386","0.0-1078.0-0.0","{""Q0"":""La probabilidad de ganar un premio de $10.000 en la lotería es del 1%. Haz una estimación: Si 1.000 personas compran un boleto de lotería, ¿cuántas ganarán el premio de $10.000?""}","{""Q0"":""62""}"
"","621","OBJNUM_03","OBJNUM","survey-text","1041","762013","0.0-1079.0-0.0","{""Q0"":""En un concurso de un periódico local la probabilidad de ganar un coche es de 1 entre 1.000. ¿Qué porcentaje de participaciones en dicho concurso ganaría el coche?""}","{""Q0"":""63""}"
"","655","OBJNUM_04","OBJNUM","survey-text","1042","762674","0.0-1080.0-0.0","{""Q0"":""Imagina que lanzamos un dado no trucado en 1.000 ocasiones. ¿En cuántas de estas 1.000 ocasiones crees que saldrá un número par (2, 4, 6)?""}","{""Q0"":""39""}"
"","679","OBJNUM_05","OBJNUM","survey-multi-choice-vertical","1043","763361","0.0-1081.0-0.0","{""Q0"":""¿Cuál de las siguientes cantidades representa un riesgo mayor de contraer una enfermedad?""}","{""Q0"":"" 1 de 10""}"
"","680","OBJNUM_06","OBJNUM","survey-multi-choice-vertical","1044","764048","0.0-1082.0-0.0","{""Q0"":""¿Cuál de las siguientes cantidades representa un riesgo mayor de contraer una enfermedad?""}","{""Q0"":"" 5%""}"
"","629","OBJNUM_07","OBJNUM","survey-text","1045","764684","0.0-1083.0-0.0","{""Q0"":""Si la probabilidad de contraer una enfermedad es del 10 %, ¿cuántas personas esperas que contraigan la enfermedad en un grupo de 1,000?""}","{""Q0"":""25""}"
"","591","OBJNUM_08","OBJNUM","survey-text","1046","765280","0.0-1084.0-0.0","{""Q0"":""Si la probabilidad de contraer una enfermedad es de 20 en 100, esto implicaría que hay una probabilidad del _______ % de contraer la enfermedad""}","{""Q0"":""27""}"
"","648","OBJNUM_09","OBJNUM","survey-text","1047","765934","0.0-1085.0-0.0","{""Q0"":""Si el riesgo de que una persona llamada A contraiga una enfermedad es de 1 entre 100 en diez años, y el riesgo de que la contraiga una persona llamada B es el doble que A, ¿cuál es el riesgo de que la contraiga B? (____ entre 100)""}","{""Q0"":""30""}"
