"view_history","rt","trialid","procedure","trial_type","trial_index","time_elapsed","internal_node_id","stimulus","response"
"[{""page_index"":0,""viewing_time"":478}]","478","Instructions_01","EAR","instructions","437","349342","0.0-472.0-0.0","",""
"","862","EAR_001","EAR","survey-multi-choice-vertical","438","350210","0.0-473.0-0.0","{""Q0"":""Siento que soy una persona digna de aprecio, al menos en igual medida que los demás.""}","{""Q0"":"" Muy de acuerdo""}"
"","884","EAR_002","EAR","survey-multi-choice-vertical","439","351098","0.0-474.0-0.0","{""Q0"":""Creo que tengo un buen número de cualidades.""}","{""Q0"":"" Muy en desacuerdo""}"
"","747","EAR_003","EAR","survey-multi-choice-vertical","440","351851","0.0-475.0-0.0","{""Q0"":""En general, me inclino a pensar que soy un/a fracasado/a.""}","{""Q0"":"" Muy de acuerdo""}"
"","661","EAR_004","EAR","survey-multi-choice-vertical","441","352518","0.0-476.0-0.0","{""Q0"":""Soy capaz de hacer las cosas tan bien como la mayoría de la gente.""}","{""Q0"":"" Muy en desacuerdo""}"
"","651","EAR_005","EAR","survey-multi-choice-vertical","442","353174","0.0-477.0-0.0","{""Q0"":""Siento que no tengo muchos motivos para sentirme orgulloso/a de mi.""}","{""Q0"":"" En desacuerdo""}"
"","722","EAR_006","EAR","survey-multi-choice-vertical","443","353901","0.0-478.0-0.0","{""Q0"":""Tengo una actitud positiva hacia mí mismo/a.""}","{""Q0"":"" Muy de acuerdo""}"
"","733","EAR_007","EAR","survey-multi-choice-vertical","444","354639","0.0-479.0-0.0","{""Q0"":""En general, estoy satisfecho conmigo mismo/a.""}","{""Q0"":"" Muy de acuerdo""}"
"","641","EAR_008","EAR","survey-multi-choice-vertical","445","355286","0.0-480.0-0.0","{""Q0"":""Desearía valorarme más a mi mismo/a.""}","{""Q0"":"" En desacuerdo""}"
"","689","EAR_009","EAR","survey-multi-choice-vertical","446","355979","0.0-481.0-0.0","{""Q0"":""A veces me siento verdaderamente inútil.""}","{""Q0"":"" Muy en desacuerdo""}"
"","674","EAR_010","EAR","survey-multi-choice-vertical","447","356658","0.0-482.0-0.0","{""Q0"":""A veces pienso que no soy bueno/a para nada.""}","{""Q0"":"" De acuerdo""}"
