"view_history","rt","trialid","procedure","trial_type","trial_index","time_elapsed","internal_node_id","stimulus","response"
"[{""page_index"":0,""viewing_time"":473}]","473","Instructions_01","SRSav","instructions","1551","1134287","0.0-1619.0-0.0","",""
"","978","SRSav_01","SRSav","survey-multi-choice-vertical","1552","1135279","0.0-1620.0-0.0","{""Q0"":""1. ¿Con qué frecuencia asiste a los servicios de la iglesia?""}","{""Q0"":""Varias veces a la semana""}"
"","922","SRSav_02","SRSav","survey-multi-choice-vertical","1553","1136224","0.0-1621.0-0.0","{""Q0"":""2. ¿Con qué frecuencia participas en otras actividades religiosas? (actividades grupales, es decir, clases de escuela dominical para adultos, grupos de estudio bíblico, grupos de oración, etc.)""}","{""Q0"":""Raramente""}"
"[{""page_index"":0,""viewing_time"":404}]","405","Instructions_02","SRSav","instructions","1554","1136631","0.0-1622.0-0.0","",""
"","1170","SRSav_03","SRSav","survey-multi-choice-vertical","1555","1137813","0.0-1623.0-0.0","{""Q0"":""3. ¿Con qué frecuencia rezas en privado?""}","{""Q0"":""Varias veces a la semana""}"
"","906","SRSav_04","SRSav","survey-multi-choice-vertical","1556","1138732","0.0-1624.0-0.0","{""Q0"":""4. ¿Con qué frecuencia lees la Biblia u otros religiosos? literatura (revistas, periódicos, libros) en casa?""}","{""Q0"":""Varias veces al día""}"
"","875","SRSav_05","SRSav","survey-multi-choice-vertical","1557","1139620","0.0-1625.0-0.0","{""Q0"":""5. ¿Con qué frecuencia escuchas o ves programas religiosos en radio o televisión?""}","{""Q0"":""Solo ocasionalmente""}"
"[{""page_index"":0,""viewing_time"":438}]","438","Instructions_03","SRSav","instructions","1558","1140062","0.0-1626.0-0.0","",""
"","854","SRSav_06","SRSav","survey-multi-choice-vertical","1559","1140928","0.0-1627.0-0.0","{""Q0"":""6. Mi fe involucra toda mi vida.""}","{""Q0"":""Tiende a no ser cierto""}"
"","816","SRSav_07","SRSav","survey-multi-choice-vertical","1560","1141757","0.0-1628.0-0.0","{""Q0"":""7. En mi vida, experimento la presencia de lo divino (es decir, de Dios).""}","{""Q0"":""Tiende a no ser cierto""}"
"","818","SRSav_08","SRSav","survey-multi-choice-vertical","1561","1142586","0.0-1629.0-0.0","{""Q0"":""8. Aunque soy una persona religiosa, me niego a dejar que consideraciones religiosas influyan en mis asuntos cotidianos.""}","{""Q0"":""Definitivamente cierto de mí""}"
"","851","SRSav_09","SRSav","survey-multi-choice-vertical","1562","1143450","0.0-1630.0-0.0","{""Q0"":""9. Nada es tan importante para mí como servir a Dios como mejor se hacerlo.""}","{""Q0"":""Definitivamente cierto de mí""}"
"","856","SRSav_10","SRSav","survey-multi-choice-vertical","1563","1144322","0.0-1631.0-0.0","{""Q0"":""10. Mi fe a veces restringe mis acciones.""}","{""Q0"":""Definitivamente no es cierto para mí""}"
"","829","SRSav_11","SRSav","survey-multi-choice-vertical","1564","1145161","0.0-1632.0-0.0","{""Q0"":""11. Mis creencias religiosas son lo que realmente se encuentra detrás de todo mi enfoque de vida.""}","{""Q0"":""Tiende a ser verdad""}"
"","881","SRSav_12","SRSav","survey-multi-choice-vertical","1565","1146052","0.0-1633.0-0.0","{""Q0"":""12. Me esfuerzo por llevar mi religión a todos los demás aspectos de mi vida.""}","{""Q0"":""Tiende a no ser cierto""}"
"","856","SRSav_13","SRSav","survey-multi-choice-vertical","1566","1146922","0.0-1634.0-0.0","{""Q0"":""13. Uno debe buscar la guía de Dios al tomar decisiones importantes.""}","{""Q0"":""Tiende a estar de acuerdo""}"
"","926","SRSav_14","SRSav","survey-multi-choice-vertical","1567","1147860","0.0-1635.0-0.0","{""Q0"":""14. Aunque creo en la religión, siento que hay muchas cosas más importantes en la vida.""}","{""Q0"":""Tiende a estar en desacuerdo""}"
"","872","SRSav_15","SRSav","survey-multi-choice-vertical","1568","1148746","0.0-1636.0-0.0","{""Q0"":""15. No importa tanto lo que yo crea siempre y cuando lleve una vida moral.""}","{""Q0"":""Tiende a estar en desacuerdo""}"
