"view_history","rt","trialid","procedure","trial_type","trial_index","time_elapsed","internal_node_id","stimulus","response","question_order"
"[{""page_index"":0,""viewing_time"":636}]","636","Instructions_001","PSQQ","instructions","601","674822","0.0-681.0-0.0","","",""
"","1103.8000000000466","PSQQ_001","PSQQ","survey-html-form","602","675936","0.0-682.0-0.0","{""Q0"":""Durante el último mes, ¿cuál ha sido, normalmente, su hora de acostarse? (responder en formato de 24 horas)""}","{""hours"":""10"",""minutes"":""10""}",""
"","1162.5","PSQQ_002","PSQQ","survey-multi-choice","603","677101","0.0-683.0-0.0","{""Q0"":""¿Cuánto tiempo habrá tardado en dormirse, normalmente, las noches del último mes?""}","{""Q0"":"" Entre 31-60 min""}","[0]"
"","1016.9000000001397","PSQQ_003","PSQQ","survey-html-form","604","678121","0.0-684.0-0.0","{""Q0"":""Durante el último mes, ¿a qué hora se ha levantado habitualmente por la mañana? (responder en formato de 24 horas)""}","{""hours"":""18"",""minutes"":""39""}",""
"","903","PSQQ_004","PSQQ","survey-text","605","679031","0.0-685.0-0.0","{""Q0"":""¿Cuántas horas calcula que habrá dormido verdaderamente cada noche durante el último mes?""}","{""Q0"":""13""}",""
"","984","PSQQ_005","PSQQ","survey-multi-choice","606","680018","0.0-686.0-0.0","{""Q0"":""No poder concliliar el sueño en la primera media hora:""}","{""Q0"":"" Ninguna vez en el último mes""}","[0]"
"","1035.6999999999534","PSQQ_006","PSQQ","survey-multi-choice","607","681057","0.0-687.0-0.0","{""Q0"":""Despertarse durante la noche o de madrugada:""}","{""Q0"":"" Ninguna vez en el último mes""}","[0]"
"","1016.1999999999534","PSQQ_007","PSQQ","survey-multi-choice","608","682077","0.0-688.0-0.0","{""Q0"":""Tener que levantarse para ir al baño:""}","{""Q0"":"" Ninguna vez en el último mes""}","[0]"
"","1039.6000000000931","PSQQ_008","PSQQ","survey-multi-choice","609","683120","0.0-689.0-0.0","{""Q0"":""No poder respirar bien:""}","{""Q0"":"" Menos de una vez a la semana""}","[0]"
"","989.6999999999534","PSQQ_009","PSQQ","survey-multi-choice","610","684113","0.0-690.0-0.0","{""Q0"":""Toser o roncar ruidosamente:""}","{""Q0"":"" Una o dos veces a la semana""}","[0]"
"","1076.9000000001397","PSQQ_010","PSQQ","survey-multi-choice","611","685195","0.0-691.0-0.0","{""Q0"":""Sentir frío:""}","{""Q0"":"" Ninguna vez en el último mes""}","[0]"
"","1035.6000000000931","PSQQ_011","PSQQ","survey-multi-choice","612","686233","0.0-692.0-0.0","{""Q0"":""Sentir demasiado calor:""}","{""Q0"":"" Ninguna vez en el último mes""}","[0]"
"","1182","PSQQ_012","PSQQ","survey-multi-choice","613","687419","0.0-693.0-0.0","{""Q0"":""Tener pesadillas o malos sueños:""}","{""Q0"":"" Menos de una vez a la semana""}","[0]"
"","1082.5","PSQQ_013","PSQQ","survey-multi-choice","614","688505","0.0-694.0-0.0","{""Q0"":""Sufrir dolores:""}","{""Q0"":"" Tres o más veces a la semana""}","[0]"
"","854.6000000000931","PSQQ_014","PSQQ","survey-multi-choice","615","689363","0.0-695.0-0.0","{""Q0"":""¿Existe alguna otra razón por la cual no pueda dormir?""}","{""Q0"":"" Sí""}","[0]"
"","888","PSQQ_015","PSQQ","survey-text","616","690255","0.0-696.0-0.0-0.0","{""Q0"":""Por favor, explique la razón:""}","{""Q0"":""JzsGezPxB5VXtE""}",""
"","1017","PSQQ_016","PSQQ","survey-multi-choice","617","691274","0.0-697.0-0.0-0.0","{""Q0"":""Durante el último mes, cuántas veces ha tenido usted problemas para dormir por la razón que mencionó.""}","{""Q0"":"" Tres o más veces a la semana""}","[0]"
"","997.5999999998603","PSQQ_017","PSQQ","survey-multi-choice","618","692275","0.0-698.0-0.0","{""Q0"":""Durante el último mes, ¿cómo valoraría en conjunto, la calidad de su sueño?""}","{""Q0"":"" Muy buena""}","[0]"
"","1018.5999999998603","PSQQ_018","PSQQ","survey-multi-choice","619","693297","0.0-699.0-0.0","{""Q0"":""Durante el último mes, ¿cuántas veces habrá tomado medicinas (por su cuenta o recetadas por el médico) para dormir?""}","{""Q0"":"" Tres o más veces a la semana""}","[0]"
"","987.1000000000931","PSQQ_019","PSQQ","survey-multi-choice","620","694288","0.0-700.0-0.0","{""Q0"":""Durante el último mes, ¿cuántas veces ha sentido somnolencia mientras conducía, comía o desarrollaba alguna otra actividad?""}","{""Q0"":"" Una o dos veces a la semana""}","[0]"
"","992.8999999999069","PSQQ_020","PSQQ","survey-multi-choice","621","695285","0.0-701.0-0.0","{""Q0"":""Durante el último mes, ¿ha representado para usted mucho problema el tener ánimos para realizar alguna de las actividades detalladas en la pregunta anterior?""}","{""Q0"":"" Sólo un leve problema""}","[0]"
"","1153.6999999999534","PSQQ_021","PSQQ","survey-multi-choice","622","696443","0.0-702.0-0.0","{""Q0"":""¿Cómo durmió usted el día de ayer?""}","{""Q0"":"" Muy mal""}","[0]"
"","887","PSQQ_022","PSQQ","survey-text","623","697334","0.0-703.0-0.0","{""Q0"":""¿Qué edad sientes que tienes con respecto a tu edad real: mayor edad, la misma edad o menor edad? Indica la edad que percibes tener:""}","{""Q0"":""17""}",""
