"view_history","rt","trialid","procedure","trial_type","trial_index","time_elapsed","internal_node_id","stimulus","response"
"[{""page_index"":0,""viewing_time"":445}]","445","Instructions","PBSr","instructions","1061","774344","0.0-1102.0-0.0","",""
"","1088","PBSr_001","PBSr","survey-multi-choice-vertical","1062","775443","0.0-1103.0-0.0","{""Q0"":""El alma sigue existiendo aunque el cuerpo pueda morir.""}","{""Q0"":"" 4 No sé / No tengo certeza""}"
"","944","PBSr_002","PBSr","survey-multi-choice-vertical","1063","776406","0.0-1104.0-0.0","{""Q0"":""Algunos individuos pueden levitar (levantar) objetos a través de fuerzas mentales.""}","{""Q0"":"" 5 Un poco de acuerdo""}"
"","942","PBSr_003","PBSr","survey-multi-choice-vertical","1064","777362","0.0-1105.0-0.0","{""Q0"":""La magia negra realmente existe.""}","{""Q0"":"" 2 Moderadamente en desacuerdo""}"
"","963","PBSr_004","PBSr","survey-multi-choice-vertical","1065","778335","0.0-1106.0-0.0","{""Q0"":""Los gatos negros traen mala suerte.""}","{""Q0"":"" 7 Muy de acuerdo""}"
"","1032","PBSr_005","PBSr","survey-multi-choice-vertical","1066","779379","0.0-1107.0-0.0","{""Q0"":""Tu mente o alma puede salir del cuerpo y viajar (proyección astral).""}","{""Q0"":"" 3 Un poco en desacuerdo""}"
"","1051","PBSr_006","PBSr","survey-multi-choice-vertical","1067","780442","0.0-1108.0-0.0","{""Q0"":""El abominable hombre de las nieves, o pie grande del Tíbet, existe.""}","{""Q0"":"" 7 Muy de acuerdo""}"
"","979","PBSr_007","PBSr","survey-multi-choice-vertical","1068","781433","0.0-1109.0-0.0","{""Q0"":""La astrología es una forma precisa de predecir el futuro.""}","{""Q0"":"" 6 Moderadamente de acuerdo""}"
"","1258","PBSr_008","PBSr","survey-multi-choice-vertical","1069","782705","0.0-1110.0-0.0","{""Q0"":""Existe el diablo.""}","{""Q0"":"" 2 Moderadamente en desacuerdo""}"
"","963","PBSr_009","PBSr","survey-multi-choice-vertical","1070","783679","0.0-1111.0-0.0","{""Q0"":""La telekinesis, mover objetos a través de poderes psíquicos, existe.""}","{""Q0"":"" 1 Muy en desacuerdo""}"
"","1011","PBSr_010","PBSr","survey-multi-choice-vertical","1071","784703","0.0-1112.0-0.0","{""Q0"":""Las brujas existen.""}","{""Q0"":"" 6 Moderadamente de acuerdo""}"
"","929","PBSr_011","PBSr","survey-multi-choice-vertical","1072","785642","0.0-1113.0-0.0","{""Q0"":""Si quiebras un espejo, tendrás mala suerte.""}","{""Q0"":"" 6 Moderadamente de acuerdo""}"
"","918","PBSr_012","PBSr","survey-multi-choice-vertical","1073","786577","0.0-1114.0-0.0","{""Q0"":""Durante estados alterados, como el sueño o los trances, el espíritu puede salir del cuerpo.""}","{""Q0"":"" 5 Un poco de acuerdo""}"
"","983","PBSr_013","PBSr","survey-multi-choice-vertical","1074","787570","0.0-1115.0-0.0","{""Q0"":""El monstruo del lago Ness en Escocia, existe.""}","{""Q0"":"" 1 Muy en desacuerdo""}"
"","909","PBSr_014","PBSr","survey-multi-choice-vertical","1075","788491","0.0-1116.0-0.0","{""Q0"":""El horóscopo dice el futuro de las personas de forma precisa.""}","{""Q0"":"" 4 No sé / No tengo certeza""}"
"","999","PBSr_015","PBSr","survey-multi-choice-vertical","1076","789502","0.0-1117.0-0.0","{""Q0"":""Creo en Dios.""}","{""Q0"":"" 2 Moderadamente en desacuerdo""}"
"","931","PBSr_016","PBSr","survey-multi-choice-vertical","1077","790450","0.0-1118.0-0.0","{""Q0"":""Los pensamientos de una persona pueden influir en el movimiento de un objeto físico.""}","{""Q0"":"" 1 Muy en desacuerdo""}"
"","958","PBSr_017","PBSr","survey-multi-choice-vertical","1078","791419","0.0-1119.0-0.0","{""Q0"":""A través del uso de pócimas y conjuros, es posible lanzar hechizos sobre las personas.""}","{""Q0"":"" 3 Un poco en desacuerdo""}"
"","915","PBSr_018","PBSr","survey-multi-choice-vertical","1079","792348","0.0-1120.0-0.0","{""Q0"":""El número “13” es de mala suerte.""}","{""Q0"":"" 5 Un poco de acuerdo""}"
"","937","PBSr_019","PBSr","survey-multi-choice-vertical","1080","793297","0.0-1121.0-0.0","{""Q0"":""La reencarnación existe.""}","{""Q0"":"" 6 Moderadamente de acuerdo""}"
"","887","PBSr_020","PBSr","survey-multi-choice-vertical","1081","794196","0.0-1122.0-0.0","{""Q0"":""Hay vida en otros planetas.""}","{""Q0"":"" 2 Moderadamente en desacuerdo""}"
"","987","PBSr_021","PBSr","survey-multi-choice-vertical","1082","795209","0.0-1123.0-0.0","{""Q0"":""Algunos psíquicos pueden predecir el futuro de forma precisa.""}","{""Q0"":"" 2 Moderadamente en desacuerdo""}"
"","973","PBSr_022","PBSr","survey-multi-choice-vertical","1083","796196","0.0-1124.0-0.0","{""Q0"":""Existe un Cielo y un Infierno.""}","{""Q0"":"" 7 Muy de acuerdo""}"
"","999","PBSr_023","PBSr","survey-multi-choice-vertical","1084","797210","0.0-1125.0-0.0","{""Q0"":""Leer la mente no es posible.""}","{""Q0"":"" 4 No sé / No tengo certeza""}"
"","987","PBSr_024","PBSr","survey-multi-choice-vertical","1085","798214","0.0-1126.0-0.0","{""Q0"":""Hay casos reales de brujería.""}","{""Q0"":"" 7 Muy de acuerdo""}"
"","927","PBSr_025","PBSr","survey-multi-choice-vertical","1086","799154","0.0-1127.0-0.0","{""Q0"":""Es posible comunicarse con los muertos.""}","{""Q0"":"" 4 No sé / No tengo certeza""}"
"","941","PBSr_026","PBSr","survey-multi-choice-vertical","1087","800118","0.0-1128.0-0.0","{""Q0"":""Algunas personas tienen la inexplicable habilidad de predecir el futuro.""}","{""Q0"":"" 3 Un poco en desacuerdo""}"
