"view_history","rt","trialid","procedure","trial_type","trial_index","time_elapsed","internal_node_id","stimulus","response","question_order"
"[{""page_index"":0,""viewing_time"":751}]","752","Instructions_01","SPM2Adultos","instructions","304","351577","0.0-372.0-0.0","","",""
"","1086.6999999999534","SPM2Adultos_001","SPM2Adultos","survey-multi-choice","305","352666","0.0-373.0-0.0","{""Q0"":""La luz del sol o luces brillantes me fastidian.""}","{""Q0"":"" Ocasionalmente""}","[0]"
"","1035.8999999999069","SPM2Adultos_002","SPM2Adultos","survey-multi-choice","306","353705","0.0-374.0-0.0","{""Q0"":""Yo tengo problemas para encontrar objetos en un estante.""}","{""Q0"":"" Siempre""}","[0]"
"","1055.3000000000466","SPM2Adultos_003","SPM2Adultos","survey-multi-choice","307","354763","0.0-375.0-0.0","{""Q0"":""Las luces que parpadean me fastidian.""}","{""Q0"":"" Nunca""}","[0]"
"","1037.3999999999069","SPM2Adultos_004","SPM2Adultos","survey-multi-choice","308","355804","0.0-376.0-0.0","{""Q0"":""Yo tengo problemas para seguir objetos que se mueven con la vista.""}","{""Q0"":"" Siempre""}","[0]"
"","1255.1999999999534","SPM2Adultos_005","SPM2Adultos","survey-multi-choice","309","357062","0.0-377.0-0.0","{""Q0"":""Yo me tropiezo con las cosas o con la gente porque no me doy cuenta de que están a mi paso (en mi camino).""}","{""Q0"":"" Nunca""}","[0]"
"","1185.8000000000466","SPM2Adultos_006","SPM2Adultos","survey-multi-choice","310","358251","0.0-378.0-0.0","{""Q0"":""Yo tengo problemas para percibir los letreros de las calles o las señales de tránsito cuando estoy en un lugar nuevo.""}","{""Q0"":"" Ocasionalmente""}","[0]"
"","1040.6000000000931","SPM2Adultos_007","SPM2Adultos","survey-multi-choice","311","359295","0.0-379.0-0.0","{""Q0"":""Yo tengo dificultad para juzgar (medir) la velocidad de autos que se acercan.""}","{""Q0"":"" Frecuentemente""}","[0]"
"","1007.5","SPM2Adultos_008","SPM2Adultos","survey-multi-choice","312","360305","0.0-380.0-0.0","{""Q0"":""Yo tengo dificultad para encontrar lo que busco en un mapa o en la guía de un centro comercial.""}","{""Q0"":"" Nunca""}","[0]"
"","1141.6999999999534","SPM2Adultos_009","SPM2Adultos","survey-multi-choice","313","361451","0.0-381.0-0.0","{""Q0"":""Yo me distraigo por objetos que se mueven y que puedo ver con el rabillo del ojo.""}","{""Q0"":"" Ocasionalmente""}","[0]"
"","1152.7000000001863","SPM2Adultos_010","SPM2Adultos","survey-multi-choice","314","362608","0.0-382.0-0.0","{""Q0"":""Yo pierdo mi lugar cuando muevo la vista de un sitio a otro, por ejemplo leyendo de una línea de texto a la siguiente.""}","{""Q0"":"" Ocasionalmente""}","[0]"
"","1282.4000000001397","SPM2Adultos_011","SPM2Adultos","survey-multi-choice","315","363895","0.0-383.0-0.0","{""Q0"":""Me fastidian los sonidos fuertes como el de una aspiradora.""}","{""Q0"":"" Ocasionalmente""}","[0]"
"","1369.4000000001397","SPM2Adultos_012","SPM2Adultos","survey-multi-choice","316","365269","0.0-384.0-0.0","{""Q0"":""Yo necesito estar en un sitio muy silencioso para poder trabajar o dormir.""}","{""Q0"":"" Nunca""}","[0]"
"","1137","SPM2Adultos_013","SPM2Adultos","survey-multi-choice","317","366410","0.0-385.0-0.0","{""Q0"":""Yo me distraigo fácilmente con ruidos sutiles en el ambiente como el ruido del aire acondicionado o del refrigerador.""}","{""Q0"":"" Ocasionalmente""}","[0]"
"","1084.8000000000466","SPM2Adultos_014","SPM2Adultos","survey-multi-choice","318","367500","0.0-386.0-0.0","{""Q0"":""Los sonidos fuertes o inesperados me hacen sobresaltar fácilmente.""}","{""Q0"":"" Siempre""}","[0]"
"","1138.3999999999069","SPM2Adultos_015","SPM2Adultos","survey-multi-choice","319","368642","0.0-387.0-0.0","{""Q0"":""Yo noto sonidos que los demás no notan.""}","{""Q0"":"" Nunca""}","[0]"
"","1048.8999999999069","SPM2Adultos_016","SPM2Adultos","survey-multi-choice","320","369693","0.0-388.0-0.0","{""Q0"":""Yo tengo dificultad para determinar de dónde provienen los sonidos o las voces.""}","{""Q0"":"" Ocasionalmente""}","[0]"
"","1099.8999999999069","SPM2Adultos_017","SPM2Adultos","survey-multi-choice","321","370794","0.0-389.0-0.0","{""Q0"":""Los sonidos agudos, como de silbatos o aparatos para hacer bulla en las fiestas, me molestan.""}","{""Q0"":"" Nunca""}","[0]"
"","1143.3999999999069","SPM2Adultos_018","SPM2Adultos","survey-multi-choice","322","371940","0.0-390.0-0.0","{""Q0"":""Yo evito los lugares donde hay música o ruido fuerte.""}","{""Q0"":"" Frecuentemente""}","[0]"
"","1024.8999999999069","SPM2Adultos_019","SPM2Adultos","survey-multi-choice","323","372967","0.0-391.0-0.0","{""Q0"":""Yo tengo dificultad para enfocarme en una película cuando hay ruidos cerca como el de gente abriendo envases de comida.""}","{""Q0"":"" Siempre""}","[0]"
"","1256.2000000001863","SPM2Adultos_020","SPM2Adultos","survey-multi-choice","324","374227","0.0-392.0-0.0","{""Q0"":""Yo tengo dificultad para oír a la gente cuando me están hablando en un sitio bullicioso como un restaurante.""}","{""Q0"":"" Ocasionalmente""}","[0]"
"","1163.4000000001397","SPM2Adultos_021","SPM2Adultos","survey-multi-choice","325","375394","0.0-393.0-0.0","{""Q0"":""Yo tengo dificultad para encontrar cosas en un bolsillo, una bolsa, o una mochila sin mirar.""}","{""Q0"":"" Ocasionalmente""}","[0]"
"","1196.3000000000466","SPM2Adultos_022","SPM2Adultos","survey-multi-choice","326","376593","0.0-394.0-0.0","{""Q0"":""No me gusta que la gente me toque o que esté demasiado cerca de mí""}","{""Q0"":"" Frecuentemente""}","[0]"
"","1189.1000000000931","SPM2Adultos_023","SPM2Adultos","survey-multi-choice","327","377786","0.0-395.0-0.0","{""Q0"":""La sensación de ciertas ropas me disgusta.""}","{""Q0"":"" Ocasionalmente""}","[0]"
"","1192.5","SPM2Adultos_024","SPM2Adultos","survey-multi-choice","328","378982","0.0-396.0-0.0","{""Q0"":""Me disgusta tener cosas pegajosas o sucias en mis manos.""}","{""Q0"":"" Nunca""}","[0]"
"","1202.6999999999534","SPM2Adultos_025","SPM2Adultos","survey-multi-choice","329","380188","0.0-397.0-0.0","{""Q0"":""Otros tienen que decirme cuando necesito limpiarme algo de la cara porque yo no me doy cuenta de eso.""}","{""Q0"":"" Ocasionalmente""}","[0]"
"","1060.5","SPM2Adultos_026","SPM2Adultos","survey-multi-choice","330","381252","0.0-398.0-0.0","{""Q0"":""La comida tiene que estar exactamente a la temperatura correcta para que yo me la coma.""}","{""Q0"":"" Siempre""}","[0]"
"","1146.4000000001397","SPM2Adultos_027","SPM2Adultos","survey-multi-choice","331","382402","0.0-399.0-0.0","{""Q0"":""Yo evito ciertas comidas debido a sus texturas.""}","{""Q0"":"" Nunca""}","[0]"
"","1091.0999999998603","SPM2Adultos_028","SPM2Adultos","survey-multi-choice","332","383497","0.0-400.0-0.0","{""Q0"":""Se me caen las cosas porque no las siento deslizarse entre mis dedos.""}","{""Q0"":"" Nunca""}","[0]"
"","1056.2000000001863","SPM2Adultos_029","SPM2Adultos","survey-multi-choice","333","384556","0.0-401.0-0.0","{""Q0"":""Yo tengo problemas con cierres que no puedo ver (como para abotonar mi cuello sin un espejo).""}","{""Q0"":"" Siempre""}","[0]"
"","1135","SPM2Adultos_030","SPM2Adultos","survey-multi-choice","334","385695","0.0-402.0-0.0","{""Q0"":""Me es difícil sentir cuando la ropa se me ha enrollado en el cuerpo.""}","{""Q0"":"" Ocasionalmente""}","[0]"
"","1127.6999999999534","SPM2Adultos_031","SPM2Adultos","survey-multi-choice","335","386827","0.0-403.0-0.0","{""Q0"":""Yo evito probar comidas nuevas.""}","{""Q0"":"" Siempre""}","[0]"
"","1080.9000000001397","SPM2Adultos_032","SPM2Adultos","survey-multi-choice","336","387911","0.0-404.0-0.0","{""Q0"":""Yo noto fragancias u olores que otros no notan.""}","{""Q0"":"" Frecuentemente""}","[0]"
"","1154","SPM2Adultos_033","SPM2Adultos","survey-multi-choice","337","389068","0.0-405.0-0.0","{""Q0"":""No me gusta comer en restaurantes debido a los diferentes olores y sabores.""}","{""Q0"":"" Siempre""}","[0]"
"","1053.8000000000466","SPM2Adultos_034","SPM2Adultos","survey-multi-choice","338","390126","0.0-406.0-0.0","{""Q0"":""Me fastidian olores que a los demás no les molestan.""}","{""Q0"":"" Nunca""}","[0]"
"","1118.5","SPM2Adultos_035","SPM2Adultos","survey-multi-choice","339","391249","0.0-407.0-0.0","{""Q0"":""Yo evito estar con grupos de gente en sitios encerrados, como en los ascensores o en habitaciones atestadas (saturadas), debido al olor.""}","{""Q0"":"" Siempre""}","[0]"
"","1087","SPM2Adultos_036","SPM2Adultos","survey-multi-choice","340","392340","0.0-408.0-0.0","{""Q0"":""Cuando me encuentro con algo nuevo, me gusta olerlo""}","{""Q0"":"" Frecuentemente""}","[0]"
"","1053.0999999998603","SPM2Adultos_037","SPM2Adultos","survey-multi-choice","341","393395","0.0-409.0-0.0","{""Q0"":""Los sabores de ciertas comidas me disgustan.""}","{""Q0"":"" Ocasionalmente""}","[0]"
"","1110.5","SPM2Adultos_038","SPM2Adultos","survey-multi-choice","342","394510","0.0-410.0-0.0","{""Q0"":""Yo detecto sabores amargos o ácidos aunque sean muy leves.""}","{""Q0"":"" Nunca""}","[0]"
"","1023.6000000000931","SPM2Adultos_039","SPM2Adultos","survey-multi-choice","343","395536","0.0-411.0-0.0","{""Q0"":""Me gusta olfatear u oler a la gente.""}","{""Q0"":"" Ocasionalmente""}","[0]"
"","1181.7000000001863","SPM2Adultos_040","SPM2Adultos","survey-multi-choice","344","396722","0.0-412.0-0.0","{""Q0"":""Yo insisto en comer la misma marca de un cierto alimento debido al sabor.""}","{""Q0"":"" Ocasionalmente""}","[0]"
"","1116.3000000000466","SPM2Adultos_041","SPM2Adultos","survey-multi-choice","345","397843","0.0-413.0-0.0","{""Q0"":""Yo tiro la pelota con demasiada o con muy poca fuerza para embocarla.""}","{""Q0"":"" Ocasionalmente""}","[0]"
"","1157.1000000000931","SPM2Adultos_042","SPM2Adultos","survey-multi-choice","346","399003","0.0-414.0-0.0","{""Q0"":""Yo tiendo a derramar o botar las cosas que llevo en una azafate (bandeja).""}","{""Q0"":"" Siempre""}","[0]"
"","1072.8000000000466","SPM2Adultos_043","SPM2Adultos","survey-multi-choice","347","400078","0.0-415.0-0.0","{""Q0"":""Yo manejo los recipientes tan bruscamente o tan fuerte que se abollan, se rompen, o derraman.""}","{""Q0"":"" Nunca""}","[0]"
"","1438.2000000001863","SPM2Adultos_044","SPM2Adultos","survey-multi-choice","348","401520","0.0-416.0-0.0","{""Q0"":""Yo agarro las cosas de un modo tan suelto que se me caen de la mano.""}","{""Q0"":"" Siempre""}","[0]"
"","1185.8999999999069","SPM2Adultos_045","SPM2Adultos","survey-multi-choice","349","402710","0.0-417.0-0.0","{""Q0"":""Yo rompo las cosas al presionarlas, jalarlas, o empujarlas demasiado fuerte.""}","{""Q0"":"" Frecuentemente""}","[0]"
"","1049","SPM2Adultos_046","SPM2Adultos","survey-multi-choice","350","403762","0.0-418.0-0.0","{""Q0"":""Yo vuelco (derramo) las cosas por accidente.""}","{""Q0"":"" Siempre""}","[0]"
"","1020.1999999999534","SPM2Adultos_047","SPM2Adultos","survey-multi-choice","351","404785","0.0-419.0-0.0","{""Q0"":""Yo tiendo a usar demasiada presión para la tarea que estoy haciendo, por ejemplo rompo las puntas de los lápices al escribir.""}","{""Q0"":"" Nunca""}","[0]"
"","1191.0999999998603","SPM2Adultos_048","SPM2Adultos","survey-multi-choice","352","405981","0.0-420.0-0.0","{""Q0"":""Me gusta chocar mi cuerpo contra cosas.""}","{""Q0"":"" Nunca""}","[0]"
"","1094.6999999999534","SPM2Adultos_049","SPM2Adultos","survey-multi-choice","353","407079","0.0-421.0-0.0","{""Q0"":""Los demás se quejan de que yo empujo, pateo, abrazo, o pego demasiado fuerte.""}","{""Q0"":"" Frecuentemente""}","[0]"
"","1256.1999999999534","SPM2Adultos_050","SPM2Adultos","survey-multi-choice","354","408340","0.0-422.0-0.0","{""Q0"":""Yo tiro las puertas al cerrarlas (portazos) o las empujo al abrirlas con demasiada fuerza.""}","{""Q0"":"" Frecuentemente""}","[0]"
"","1236.1000000000931","SPM2Adultos_051","SPM2Adultos","survey-multi-choice","355","409579","0.0-423.0-0.0","{""Q0"":""No me gustan las actividades que me hagan echar la cabeza hacia atrás como para mirar algo que esté encima o para enjuagar mi cabello.""}","{""Q0"":"" Nunca""}","[0]"
"","1056.1000000000931","SPM2Adultos_052","SPM2Adultos","survey-multi-choice","356","410638","0.0-424.0-0.0","{""Q0"":""No me gusta subir en ascensores o en escaleras mecánicas porque el movimiento me pone incómodo/a.""}","{""Q0"":"" Siempre""}","[0]"
"","1207.5","SPM2Adultos_053","SPM2Adultos","survey-multi-choice","357","411848","0.0-425.0-0.0","{""Q0"":""Yo evito caminar sobre superficies desiguales que requieren equilibrio como la tierra o el pasto.""}","{""Q0"":"" Frecuentemente""}","[0]"
"","1137.1000000000931","SPM2Adultos_054","SPM2Adultos","survey-multi-choice","358","412989","0.0-426.0-0.0","{""Q0"":""Yo me tropiezo o pierdo el equilibrio.""}","{""Q0"":"" Frecuentemente""}","[0]"
"","1111.9000000001397","SPM2Adultos_055","SPM2Adultos","survey-multi-choice","359","414105","0.0-427.0-0.0","{""Q0"":""Yo me siento incomódo/a en escaleras (subir y bajar).""}","{""Q0"":"" Nunca""}","[0]"
"","1062.1999999999534","SPM2Adultos_056","SPM2Adultos","survey-multi-choice","360","415172","0.0-428.0-0.0","{""Q0"":""Cuando me siento en el suelo tengo que apoyarme en algo.""}","{""Q0"":"" Ocasionalmente""}","[0]"
"","1053.5","SPM2Adultos_057","SPM2Adultos","survey-multi-choice","361","416229","0.0-429.0-0.0","{""Q0"":""Yo me mareo cuando giro mi cabeza de un lado a otro como al mirar en ambos sentidos antes de cruzar una calle.""}","{""Q0"":"" Nunca""}","[0]"
"","1046","SPM2Adultos_058","SPM2Adultos","survey-multi-choice","362","417279","0.0-430.0-0.0","{""Q0"":""Yo me pongo incómodo/a cuando tengo que sentarme en un asiento sin respaldo.""}","{""Q0"":"" Frecuentemente""}","[0]"
"","1221.8999999999069","SPM2Adultos_059","SPM2Adultos","survey-multi-choice","363","418503","0.0-431.0-0.0","{""Q0"":""Yo me mezo o me doy vueltas en la silla cuando estoy sentada/o en un escritorio o una mesa.""}","{""Q0"":"" Frecuentemente""}","[0]"
"","1087.8000000000466","SPM2Adultos_060","SPM2Adultos","survey-multi-choice","364","419594","0.0-432.0-0.0","{""Q0"":""Yo me desplomo (me echo) o sujeto mi cabeza con las manos cuando estoy sentada/o en un escritorio.""}","{""Q0"":"" Siempre""}","[0]"
"","1063.4000000001397","SPM2Adultos_061","SPM2Adultos","survey-multi-choice","365","420660","0.0-433.0-0.0","{""Q0"":""Yo necesito más práctica que los demás para adquirir una habilidad nueva.""}","{""Q0"":"" Frecuentemente""}","[0]"
"","1123.2000000001863","SPM2Adultos_062","SPM2Adultos","survey-multi-choice","366","421786","0.0-434.0-0.0","{""Q0"":""Yo tengo dificultad para planificar cómo cargar con varias cosas al mismo tiempo.""}","{""Q0"":"" Ocasionalmente""}","[0]"
"","1094.8000000000466","SPM2Adultos_063","SPM2Adultos","survey-multi-choice","367","422884","0.0-435.0-0.0","{""Q0"":""Me es difícil mantener las cosas organizadas.""}","{""Q0"":"" Frecuentemente""}","[0]"
"","1310.6999999999534","SPM2Adultos_064","SPM2Adultos","survey-multi-choice","368","424197","0.0-436.0-0.0","{""Q0"":""Yo necesito decir los pasos de una tarea dentro de mi mismo mientras la estoy haciendo.""}","{""Q0"":"" Frecuentemente""}","[0]"
"","1148.1999999999534","SPM2Adultos_065","SPM2Adultos","survey-multi-choice","369","425348","0.0-437.0-0.0","{""Q0"":""Yo tengo dificultad para completar las tareas que requieren muchos pasos que tienen que ser hechos en el orden correcto.""}","{""Q0"":"" Frecuentemente""}","[0]"
"","1603.1999999999534","SPM2Adultos_066","SPM2Adultos","survey-multi-choice","370","426954","0.0-438.0-0.0","{""Q0"":""Yo tengo dificultad para seguir los pasos de una tarea nueva, como los de una receta o de un manual de reparaciones.""}","{""Q0"":"" Ocasionalmente""}","[0]"
"","1017.3000000000466","SPM2Adultos_067","SPM2Adultos","survey-multi-choice","371","427975","0.0-439.0-0.0","{""Q0"":""Yo tengo problemas para generar ideas para nuevas actividades.""}","{""Q0"":"" Frecuentemente""}","[0]"
"","1051.8000000000466","SPM2Adultos_068","SPM2Adultos","survey-multi-choice","372","429030","0.0-440.0-0.0","{""Q0"":""Yo tengo problemas siguiendo un diagrama para construir algo por ejemplo para armar muebles.""}","{""Q0"":"" Frecuentemente""}","[0]"
"","1030.3999999999069","SPM2Adultos_069","SPM2Adultos","survey-multi-choice","373","430064","0.0-441.0-0.0","{""Q0"":""Yo tengo dificultad usando mi imaginación para crear nuevos juegos o actividades cuando juego con niños.""}","{""Q0"":"" Nunca""}","[0]"
"","1071.5","SPM2Adultos_070","SPM2Adultos","survey-multi-choice","374","431140","0.0-442.0-0.0","{""Q0"":""Yo tengo dificultad para generar ideas durante juegos como charadas (pasatiempos).""}","{""Q0"":"" Ocasionalmente""}","[0]"
"","1036.8999999999069","SPM2Adultos_071","SPM2Adultos","survey-multi-choice","375","432179","0.0-443.0-0.0","{""Q0"":""Yo me llevo bien con los demás.""}","{""Q0"":"" Siempre""}","[0]"
"","1038.5","SPM2Adultos_072","SPM2Adultos","survey-multi-choice","376","433221","0.0-444.0-0.0","{""Q0"":""Yo disfruto estando con mis amigos.""}","{""Q0"":"" Nunca""}","[0]"
"","974.1999999999534","SPM2Adultos_073","SPM2Adultos","survey-multi-choice","377","434199","0.0-445.0-0.0","{""Q0"":""Yo evito actividades sociales con gente que no conozco.""}","{""Q0"":"" Frecuentemente""}","[0]"
"","1072.5","SPM2Adultos_074","SPM2Adultos","survey-multi-choice","378","435274","0.0-446.0-0.0","{""Q0"":""Yo disfruto participando en reuniones familiares.""}","{""Q0"":"" Frecuentemente""}","[0]"
"","1038.3000000000466","SPM2Adultos_075","SPM2Adultos","survey-multi-choice","379","436316","0.0-447.0-0.0","{""Q0"":""Yo me uno a actividades con otros sin perturbar la actividad que está en progreso.""}","{""Q0"":"" Nunca""}","[0]"
"","1062.8000000000466","SPM2Adultos_076","SPM2Adultos","survey-multi-choice","380","437381","0.0-448.0-0.0","{""Q0"":""Me es difícil hacer contacto visual con la gente cuando les hablo.""}","{""Q0"":"" Siempre""}","[0]"
"","1074.8999999999069","SPM2Adultos_077","SPM2Adultos","survey-multi-choice","381","438459","0.0-449.0-0.0","{""Q0"":""Yo me quedo (atascado) pegado en un sólo tema cuando hablo con otros.""}","{""Q0"":"" Nunca""}","[0]"
"","1020.6000000000931","SPM2Adultos_078","SPM2Adultos","survey-multi-choice","382","439482","0.0-450.0-0.0","{""Q0"":""Los demás me dicen que parezco estar ignorando a la gente, cuando en realidad yo ni siquiera me había dado cuenta de que estaban ahí""}","{""Q0"":"" Nunca""}","[0]"
"","974.6999999999534","SPM2Adultos_079","SPM2Adultos","survey-multi-choice","383","440460","0.0-451.0-0.0","{""Q0"":""La gente me dice que yo hablo con voz demasiado suave o demasiado alta.""}","{""Q0"":"" Nunca""}","[0]"
"","1004","SPM2Adultos_080","SPM2Adultos","survey-multi-choice","384","441466","0.0-452.0-0.0","{""Q0"":""Me gusta trabajar como parte de un equipo.""}","{""Q0"":"" Siempre""}","[0]"
