"view_history","rt","trialid","procedure","trial_type","trial_index","time_elapsed","internal_node_id","stimulus","response","question_order"
"[{""page_index"":0,""viewing_time"":737}]","738","ERSQ_000","ERSQ","instructions","509","575393","0.0-578.0-0.0","","",""
"","1134.6000000000931","ERSQ_001","ERSQ","survey-multi-choice","510","576531","0.0-579.0-0.0","{""Q0"":""Fui capaz de poner atención de manera consciente a mis sentimientos.""}","{""Q0"":"" Pocas veces""}","[0]"
"","1082.8999999999069","ERSQ_002","ERSQ","survey-multi-choice","511","577617","0.0-580.0-0.0","{""Q0"":""Pude generar conscientemente sentimientos positivos.""}","{""Q0"":"" Pocas veces""}","[0]"
"","1157.2999999998137","ERSQ_003","ERSQ","survey-multi-choice","512","578779","0.0-581.0-0.0","{""Q0"":""Entendí mis reacciones emocionales.""}","{""Q0"":"" No del todo""}","[0]"
"","1059","ERSQ_004","ERSQ","survey-multi-choice","513","579841","0.0-582.0-0.0","{""Q0"":""Pude superar mis sentimientos negativos.""}","{""Q0"":"" Pocas veces""}","[0]"
"","1195.7000000001863","ERSQ_005","ERSQ","survey-multi-choice","514","581039","0.0-583.0-0.0","{""Q0"":""Fui capaz de aceptar mis sentimientos negativos""}","{""Q0"":"" Casi siempre""}","[0]"
"","1134.5","ERSQ_006","ERSQ","survey-multi-choice","515","582177","0.0-584.0-0.0","{""Q0"":""Pude darles un nombre a mis sentimientos.""}","{""Q0"":"" No del todo""}","[0]"
"","1204.6000000000931","ERSQ_007","ERSQ","survey-multi-choice","516","583385","0.0-585.0-0.0","{""Q0"":""Tuve una clara percepción de los efectos físicos que tienen mis sentimientos.""}","{""Q0"":"" No del todo""}","[0]"
"","1169.8999999999069","ERSQ_008","ERSQ","survey-multi-choice","517","584559","0.0-586.0-0.0","{""Q0"":""Hice lo que yo quería hacer incluso si tenía que enfrentar sentimientos negativos como consecuencia de ello.""}","{""Q0"":"" Pocas veces""}","[0]"
"","1272.3999999999069","ERSQ_009","ERSQ","survey-multi-choice","518","585835","0.0-587.0-0.0","{""Q0"":""Traté de tranquilizarme a mí mismo durante situaciones de angustia.""}","{""Q0"":"" Algunas veces""}","[0]"
"","1093.8000000000466","ERSQ_010","ERSQ","survey-multi-choice","519","586932","0.0-588.0-0.0","{""Q0"":""Fui capaz de influir en mis sentimientos negativos.""}","{""Q0"":"" Casi siempre""}","[0]"
"","1121.8000000000466","ERSQ_011","ERSQ","survey-multi-choice","520","588057","0.0-589.0-0.0","{""Q0"":""Supe lo que mis sentimientos significaban para mí.""}","{""Q0"":"" No del todo""}","[0]"
"","1148.6999999999534","ERSQ_012","ERSQ","survey-multi-choice","521","589210","0.0-590.0-0.0","{""Q0"":""Pude enfocarme en mis emociones negativas cuando era necesario.""}","{""Q0"":"" Casi siempre""}","[0]"
"","1158.1000000000931","ERSQ_013","ERSQ","survey-multi-choice","522","590372","0.0-591.0-0.0","{""Q0"":""Supe identificar las emociones que estaba sintiendo en ese momento.""}","{""Q0"":"" Pocas veces""}","[0]"
"","1186.9000000001397","ERSQ_014","ERSQ","survey-multi-choice","523","591561","0.0-592.0-0.0","{""Q0"":""Me di cuenta conscientemente cuando mi cuerpo reaccionó de una forma específica ante situaciones emocionales.""}","{""Q0"":"" Pocas veces""}","[0]"
"","1090.0999999998603","ERSQ_015","ERSQ","survey-multi-choice","524","592654","0.0-593.0-0.0","{""Q0"":""Traté de animarme durante situaciones de angustia emocional.""}","{""Q0"":"" Pocas veces""}","[0]"
"","1071.4000000001397","ERSQ_016","ERSQ","survey-multi-choice","525","593729","0.0-594.0-0.0","{""Q0"":""Hice lo que yo quería hacer a pesar de mis sentimientos negativos.""}","{""Q0"":"" Frecuentemente""}","[0]"
"","1224.5","ERSQ_017","ERSQ","survey-multi-choice","526","594957","0.0-595.0-0.0","{""Q0"":""Estuve bien con mis sentimientos incluso cuando eran negativos.""}","{""Q0"":"" Algunas veces""}","[0]"
"","1171.1000000000931","ERSQ_018","ERSQ","survey-multi-choice","527","596132","0.0-596.0-0.0","{""Q0"":""Estaba seguro de que podría tolerar incluso sentimientos intensamente negativos.""}","{""Q0"":"" Frecuentemente""}","[0]"
"","1101.6000000000931","ERSQ_019","ERSQ","survey-multi-choice","528","597237","0.0-597.0-0.0","{""Q0"":""Fui capaz de experimentar conscientemente mis sentimientos.""}","{""Q0"":"" Casi siempre""}","[0]"
"","1191.3000000000466","ERSQ_020","ERSQ","survey-multi-choice","529","598431","0.0-598.0-0.0","{""Q0"":""Fui consciente del por qué me sentía de la manera en que me sentía.""}","{""Q0"":"" Frecuentemente""}","[0]"
"","1126.6999999999534","ERSQ_021","ERSQ","survey-multi-choice","530","599560","0.0-599.0-0.0","{""Q0"":""Supe que era capaz de influir en mis sentimientos.""}","{""Q0"":"" Casi siempre""}","[0]"
"","1121","ERSQ_022","ERSQ","survey-multi-choice","531","600684","0.0-600.0-0.0","{""Q0"":""Perseguí metas que eran importantes para mí, incluso al pensar que al hacerlo desencadenaría o intensificaría sentimientos negativos.""}","{""Q0"":"" No del todo""}","[0]"
"","1123.6000000000931","ERSQ_023","ERSQ","survey-multi-choice","532","601811","0.0-601.0-0.0","{""Q0"":""Fui capaz de experimentar mis sentimientos negativos sin tratar inmediatamente de luchar contra ellos.""}","{""Q0"":"" Casi siempre""}","[0]"
"","1074.3000000000466","ERSQ_024","ERSQ","survey-multi-choice","533","602889","0.0-602.0-0.0","{""Q0"":""Mis sensaciones físicas fueron un buen indicador de cómo me estaba sintiendo.""}","{""Q0"":"" Frecuentemente""}","[0]"
"","1149.1000000000931","ERSQ_025","ERSQ","survey-multi-choice","534","604041","0.0-603.0-0.0","{""Q0"":""Tuve la suficiente claridad con respecto a las emociones que estaba experimentando.""}","{""Q0"":"" Pocas veces""}","[0]"
"","1165.6999999999534","ERSQ_026","ERSQ","survey-multi-choice","535","605210","0.0-604.0-0.0","{""Q0"":""Pude tolerar mis sentimientos negativos.""}","{""Q0"":"" Algunas veces""}","[0]"
"","1116","ERSQ_027","ERSQ","survey-multi-choice","536","606328","0.0-605.0-0.0","{""Q0"":""Me ayudé a mí mismo durante situaciones de angustia emocional.""}","{""Q0"":"" Algunas veces""}","[0]"
