"view_history","rt","trialid","procedure","trial_type","trial_index","time_elapsed","internal_node_id","stimulus","response"
"[{""page_index"":0,""viewing_time"":783}]","783","Instructions","RMET","instructions","515","585846","0.0-591.0-0.0","",""
"","1162","RMET_000","RMET","survey-multi-choice-CSCN-RMET","516","587015","0.0-592.0-0.0","{""Q0"":""""}","{""Q0"":"" CELOSO""}"
"[{""page_index"":0,""viewing_time"":589}]","589","Instructions_002","RMET","instructions","517","587607","0.0-594.0-0.0-0.0","",""
"","1100","RMET_001","RMET","survey-multi-choice-CSCN-RMET","518","588714","0.0-595.0-0.0","{""Q0"":""""}","{""Q0"":""JUGUETÓN""}"
"","1061","RMET_002","RMET","survey-multi-choice-CSCN-RMET","519","589781","0.0-596.0-0.0","{""Q0"":""""}","{""Q0"":""MOLESTO""}"
"","1071","RMET_003","RMET","survey-multi-choice-CSCN-RMET","520","590860","0.0-597.0-0.0","{""Q0"":""""}","{""Q0"":""DESEO""}"
"","1473","RMET_004","RMET","survey-multi-choice-CSCN-RMET","521","592341","0.0-598.0-0.0","{""Q0"":""""}","{""Q0"":""RELAJADO""}"
"","1016","RMET_005","RMET","survey-multi-choice-CSCN-RMET","522","593365","0.0-599.0-0.0","{""Q0"":""""}","{""Q0"":""AMISTOSO""}"
"","971","RMET_006","RMET","survey-multi-choice-CSCN-RMET","523","594345","0.0-600.0-0.0","{""Q0"":""""}","{""Q0"":""ASUSTADA""}"
"","1527","RMET_007","RMET","survey-multi-choice-CSCN-RMET","524","595880","0.0-601.0-0.0","{""Q0"":""""}","{""Q0"":""INTRANQUILO""}"
"","1047","RMET_008","RMET","survey-multi-choice-CSCN-RMET","525","596937","0.0-602.0-0.0","{""Q0"":""""}","{""Q0"":""ENTUSIASMADO""}"
"","1040","RMET_009","RMET","survey-multi-choice-CSCN-RMET","526","597985","0.0-603.0-0.0","{""Q0"":""""}","{""Q0"":""HOSTIL""}"
"","1102","RMET_010","RMET","survey-multi-choice-CSCN-RMET","527","599093","0.0-604.0-0.0","{""Q0"":""""}","{""Q0"":""ABURRIDO""}"
"","1025","RMET_011","RMET","survey-multi-choice-CSCN-RMET","528","600128","0.0-605.0-0.0","{""Q0"":""""}","{""Q0"":""ATERRORIZADO""}"
"","991","RMET_012","RMET","survey-multi-choice-CSCN-RMET","529","601125","0.0-606.0-0.0","{""Q0"":""""}","{""Q0"":""DECAÍDO""}"
"","1011","RMET_013","RMET","survey-multi-choice-CSCN-RMET","530","602142","0.0-607.0-0.0","{""Q0"":""""}","{""Q0"":""DECIDIDO""}"
"","992","RMET_014","RMET","survey-multi-choice-CSCN-RMET","531","603142","0.0-608.0-0.0","{""Q0"":""""}","{""Q0"":""ACUSANTE""}"
"","1051","RMET_015","RMET","survey-multi-choice-CSCN-RMET","532","604201","0.0-609.0-0.0","{""Q0"":""""}","{""Q0"":""ABSTRAÍDA""}"
"","1074","RMET_016","RMET","survey-multi-choice-CSCN-RMET","533","605285","0.0-610.0-0.0","{""Q0"":""""}","{""Q0"":""IRRITADO""}"
"","1035","RMET_017","RMET","survey-multi-choice-CSCN-RMET","534","606328","0.0-611.0-0.0","{""Q0"":""""}","{""Q0"":""INSEGURA""}"
"","1038","RMET_018","RMET","survey-multi-choice-CSCN-RMET","535","607374","0.0-612.0-0.0","{""Q0"":""""}","{""Q0"":""ABURRIDA""}"
"","1060","RMET_019","RMET","survey-multi-choice-CSCN-RMET","536","608446","0.0-613.0-0.0","{""Q0"":""""}","{""Q0"":""VACILANTE""}"
"","1003","RMET_020","RMET","survey-multi-choice-CSCN-RMET","537","609458","0.0-614.0-0.0","{""Q0"":""""}","{""Q0"":""IMPONENTE""}"
"","1020","RMET_021","RMET","survey-multi-choice-CSCN-RMET","538","610487","0.0-615.0-0.0","{""Q0"":""""}","{""Q0"":""CONFUNDIDA""}"
"","1045","RMET_022","RMET","survey-multi-choice-CSCN-RMET","539","611540","0.0-616.0-0.0","{""Q0"":""""}","{""Q0"":""AGRADECIDA""}"
"","1062","RMET_023","RMET","survey-multi-choice-CSCN-RMET","540","612612","0.0-617.0-0.0","{""Q0"":""""}","{""Q0"":""CURIOSO""}"
"","1072","RMET_024","RMET","survey-multi-choice-CSCN-RMET","541","613690","0.0-618.0-0.0","{""Q0"":""""}","{""Q0"":""ENTUSIASMADO""}"
"","1024","RMET_025","RMET","survey-multi-choice-CSCN-RMET","542","614722","0.0-619.0-0.0","{""Q0"":""""}","{""Q0"":""INCRÉDULA""}"
"","1053","RMET_026","RMET","survey-multi-choice-CSCN-RMET","543","615784","0.0-620.0-0.0","{""Q0"":""""}","{""Q0"":""ALARMADO""}"
"","999","RMET_027","RMET","survey-multi-choice-CSCN-RMET","544","616792","0.0-621.0-0.0","{""Q0"":""""}","{""Q0"":""ARROGANTE""}"
"","1011","RMET_028","RMET","survey-multi-choice-CSCN-RMET","545","617808","0.0-622.0-0.0","{""Q0"":""""}","{""Q0"":""INTERESADA""}"
"","1193","RMET_029","RMET","survey-multi-choice-CSCN-RMET","546","619007","0.0-623.0-0.0","{""Q0"":""""}","{""Q0"":""IMPACIENTE""}"
"","1096","RMET_030","RMET","survey-multi-choice-CSCN-RMET","547","620109","0.0-624.0-0.0","{""Q0"":""""}","{""Q0"":""DECEPCIONADA""}"
"","1076","RMET_031","RMET","survey-multi-choice-CSCN-RMET","548","621191","0.0-625.0-0.0","{""Q0"":""""}","{""Q0"":""DECAÍDA""}"
"","1043","RMET_032","RMET","survey-multi-choice-CSCN-RMET","549","622243","0.0-626.0-0.0","{""Q0"":""""}","{""Q0"":""SERIO""}"
"","1054","RMET_033","RMET","survey-multi-choice-CSCN-RMET","550","623306","0.0-627.0-0.0","{""Q0"":""""}","{""Q0"":""PREOCUPADO""}"
"","992","RMET_034","RMET","survey-multi-choice-CSCN-RMET","551","624304","0.0-628.0-0.0","{""Q0"":""""}","{""Q0"":""RECELOSA""}"
"","1046","RMET_035","RMET","survey-multi-choice-CSCN-RMET","552","625358","0.0-629.0-0.0","{""Q0"":""""}","{""Q0"":""NERVIOSA""}"
"","1056","RMET_036","RMET","survey-multi-choice-CSCN-RMET","553","626423","0.0-630.0-0.0","{""Q0"":""""}","{""Q0"":""DESCONFIADO""}"
