"rt","stimulus","slider_start","response","trialid","procedure","trial_type","trial_index","time_elapsed","internal_node_id"
"816.5","<div class=""justified"">Yo preferiría un parto por cesárea para evitar el dolor del parto</div></br>","50","50","PSPPC_01","PSPPC","html-slider-response","1141","835676","0.0-1190.0-0.0"
"625.2000000011176","<div class=""justified"">Creo que la mujer tiene derecho a elegir una cesárea aunque no hayan indicaciones médicas para hacerla</div></br>","50","24","PSPPC_02","PSPPC","html-slider-response","1142","836305","0.0-1191.0-0.0"
"622.1999999992549","<div class=""justified"">El procedimiento quirúrgico involucrado en un parto por cesárea no me preocupa</div></br>","50","11","PSPPC_03","PSPPC","html-slider-response","1143","836932","0.0-1192.0-0.0"
"711.2000000011176","<div class=""justified"">Tener bebés por cesárea es menos vergonzoso que tenerlos por vía vaginal</div></br>","50","76","PSPPC_04","PSPPC","html-slider-response","1144","837648","0.0-1193.0-0.0"
"612.0999999996275","<div class=""justified"">Considero que el parto vaginal es un método obsoleto de parto</div></br>","50","74","PSPPC_05","PSPPC","html-slider-response","1145","838268","0.0-1194.0-0.0"
"640.2999999988824","<div class=""justified"">El parto requiere de atención o asistencia médica incluso en embarazos sin complicaciones</div></br>","50","78","PSPPC_06","PSPPC","html-slider-response","1146","838912","0.0-1195.0-0.0"
