"view_history","rt","trialid","procedure","trial_type","trial_index","time_elapsed","internal_node_id","stimulus","response","question_order"
"[{""page_index"":0,""viewing_time"":674}]","674","ERSQ_000","ERSQ","instructions","625","698017","0.0-706.0-0.0","","",""
"","1183.1999999999534","ERSQ_001","ERSQ","survey-multi-choice","626","699204","0.0-707.0-0.0","{""Q0"":""Fui capaz de poner atención de manera consciente a mis sentimientos.""}","{""Q0"":"" Casi siempre""}","[0]"
"","1159.0999999998603","ERSQ_002","ERSQ","survey-multi-choice","627","700366","0.0-708.0-0.0","{""Q0"":""Pude generar conscientemente sentimientos positivos.""}","{""Q0"":"" Frecuentemente""}","[0]"
"","1140.1999999999534","ERSQ_003","ERSQ","survey-multi-choice","628","701511","0.0-709.0-0.0","{""Q0"":""Entendí mis reacciones emocionales.""}","{""Q0"":"" Algunas veces""}","[0]"
"","1224.0999999998603","ERSQ_004","ERSQ","survey-multi-choice","629","702739","0.0-710.0-0.0","{""Q0"":""Pude superar mis sentimientos negativos.""}","{""Q0"":"" Casi siempre""}","[0]"
"","1174.6999999999534","ERSQ_005","ERSQ","survey-multi-choice","630","703917","0.0-711.0-0.0","{""Q0"":""Fui capaz de aceptar mis sentimientos negativos""}","{""Q0"":"" Frecuentemente""}","[0]"
"","1105.4000000001397","ERSQ_006","ERSQ","survey-multi-choice","631","705025","0.0-712.0-0.0","{""Q0"":""Pude darles un nombre a mis sentimientos.""}","{""Q0"":"" Pocas veces""}","[0]"
"","1084.1000000000931","ERSQ_007","ERSQ","survey-multi-choice","632","706113","0.0-713.0-0.0","{""Q0"":""Tuve una clara percepción de los efectos físicos que tienen mis sentimientos.""}","{""Q0"":"" Pocas veces""}","[0]"
"","1111.7000000001863","ERSQ_008","ERSQ","survey-multi-choice","633","707228","0.0-714.0-0.0","{""Q0"":""Hice lo que yo quería hacer incluso si tenía que enfrentar sentimientos negativos como consecuencia de ello.""}","{""Q0"":"" Frecuentemente""}","[0]"
"","1098","ERSQ_009","ERSQ","survey-multi-choice","634","708330","0.0-715.0-0.0","{""Q0"":""Traté de tranquilizarme a mí mismo durante situaciones de angustia.""}","{""Q0"":"" Frecuentemente""}","[0]"
"","1074.3000000000466","ERSQ_010","ERSQ","survey-multi-choice","635","709408","0.0-716.0-0.0","{""Q0"":""Fui capaz de influir en mis sentimientos negativos.""}","{""Q0"":"" Pocas veces""}","[0]"
"","1092.5","ERSQ_011","ERSQ","survey-multi-choice","636","710505","0.0-717.0-0.0","{""Q0"":""Supe lo que mis sentimientos significaban para mí.""}","{""Q0"":"" Frecuentemente""}","[0]"
"","1096.3000000000466","ERSQ_012","ERSQ","survey-multi-choice","637","711605","0.0-718.0-0.0","{""Q0"":""Pude enfocarme en mis emociones negativas cuando era necesario.""}","{""Q0"":"" Algunas veces""}","[0]"
"","1166.3999999999069","ERSQ_013","ERSQ","survey-multi-choice","638","712776","0.0-719.0-0.0","{""Q0"":""Supe identificar las emociones que estaba sintiendo en ese momento.""}","{""Q0"":"" Pocas veces""}","[0]"
"","1171.0999999998603","ERSQ_014","ERSQ","survey-multi-choice","639","713950","0.0-720.0-0.0","{""Q0"":""Me di cuenta conscientemente cuando mi cuerpo reaccionó de una forma específica ante situaciones emocionales.""}","{""Q0"":"" Casi siempre""}","[0]"
"","1272.3999999999069","ERSQ_015","ERSQ","survey-multi-choice","640","715227","0.0-721.0-0.0","{""Q0"":""Traté de animarme durante situaciones de angustia emocional.""}","{""Q0"":"" Frecuentemente""}","[0]"
"","1174.5999999998603","ERSQ_016","ERSQ","survey-multi-choice","641","716406","0.0-722.0-0.0","{""Q0"":""Hice lo que yo quería hacer a pesar de mis sentimientos negativos.""}","{""Q0"":"" Frecuentemente""}","[0]"
"","1085","ERSQ_017","ERSQ","survey-multi-choice","642","717494","0.0-723.0-0.0","{""Q0"":""Estuve bien con mis sentimientos incluso cuando eran negativos.""}","{""Q0"":"" Algunas veces""}","[0]"
"","1104.6999999999534","ERSQ_018","ERSQ","survey-multi-choice","643","718602","0.0-724.0-0.0","{""Q0"":""Estaba seguro de que podría tolerar incluso sentimientos intensamente negativos.""}","{""Q0"":"" Algunas veces""}","[0]"
"","1105.1999999999534","ERSQ_019","ERSQ","survey-multi-choice","644","719711","0.0-725.0-0.0","{""Q0"":""Fui capaz de experimentar conscientemente mis sentimientos.""}","{""Q0"":"" Pocas veces""}","[0]"
"","1038.6000000000931","ERSQ_020","ERSQ","survey-multi-choice","645","720752","0.0-726.0-0.0","{""Q0"":""Fui consciente del por qué me sentía de la manera en que me sentía.""}","{""Q0"":"" Frecuentemente""}","[0]"
"","1182.6999999999534","ERSQ_021","ERSQ","survey-multi-choice","646","721939","0.0-727.0-0.0","{""Q0"":""Supe que era capaz de influir en mis sentimientos.""}","{""Q0"":"" Casi siempre""}","[0]"
"","1242.6999999999534","ERSQ_022","ERSQ","survey-multi-choice","647","723185","0.0-728.0-0.0","{""Q0"":""Perseguí metas que eran importantes para mí, incluso al pensar que al hacerlo desencadenaría o intensificaría sentimientos negativos.""}","{""Q0"":"" No del todo""}","[0]"
"","1133.3999999999069","ERSQ_023","ERSQ","survey-multi-choice","648","724321","0.0-729.0-0.0","{""Q0"":""Fui capaz de experimentar mis sentimientos negativos sin tratar inmediatamente de luchar contra ellos.""}","{""Q0"":"" Casi siempre""}","[0]"
"","1059.7000000001863","ERSQ_024","ERSQ","survey-multi-choice","649","725384","0.0-730.0-0.0","{""Q0"":""Mis sensaciones físicas fueron un buen indicador de cómo me estaba sintiendo.""}","{""Q0"":"" Frecuentemente""}","[0]"
"","1077.0999999998603","ERSQ_025","ERSQ","survey-multi-choice","650","726465","0.0-731.0-0.0","{""Q0"":""Tuve la suficiente claridad con respecto a las emociones que estaba experimentando.""}","{""Q0"":"" Frecuentemente""}","[0]"
"","1098.3000000000466","ERSQ_026","ERSQ","survey-multi-choice","651","727566","0.0-732.0-0.0","{""Q0"":""Pude tolerar mis sentimientos negativos.""}","{""Q0"":"" Pocas veces""}","[0]"
"","1041.6000000000931","ERSQ_027","ERSQ","survey-multi-choice","652","728611","0.0-733.0-0.0","{""Q0"":""Me ayudé a mí mismo durante situaciones de angustia emocional.""}","{""Q0"":"" Algunas veces""}","[0]"
