"view_history","rt","trialid","procedure","trial_type","trial_index","time_elapsed","internal_node_id","stimulus","response","question_order"
"[{""page_index"":0,""viewing_time"":708}]","708","ISP_000","ISP","instructions","391","447459","0.0-463.0-0.0","","",""
"","1226.3000000000466","ISP_001","ISP","survey-multi-choice","392","448688","0.0-464.0-0.0","{""Q0"":""Tengo problemas para empezar una actividad. Me falta iniciativa""}","{""Q0"":"" muchas veces""}","[0]"
"","1175.1000000000931","ISP_002","ISP","survey-multi-choice","393","449866","0.0-465.0-0.0","{""Q0"":""Me resulta difícil concentrarme en algo""}","{""Q0"":"" muchas veces""}","[0]"
"","1124","ISP_003","ISP","survey-multi-choice","394","450993","0.0-466.0-0.0","{""Q0"":""No puedo hacer dos cosas al mismo tiempo (por ejemplo, preparar la comida y hablar)""}","{""Q0"":"" pocas veces""}","[0]"
"","1179.1000000000931","ISP_004","ISP","survey-multi-choice","395","452176","0.0-467.0-0.0","{""Q0"":""Río o lloro con demasiada facilidad""}","{""Q0"":"" nunca o casi nunca""}","[0]"
"","1131.6999999999534","ISP_005","ISP","survey-multi-choice","396","453314","0.0-468.0-0.0","{""Q0"":""Me enfado mucho por cosas insignificantes. Me irrito con facilidad""}","{""Q0"":"" a veces si y a veces no""}","[0]"
"","1112.6999999999534","ISP_006","ISP","survey-multi-choice","397","454429","0.0-469.0-0.0","{""Q0"":""Tengo poca capacidad para resovler problemas""}","{""Q0"":"" pocas veces""}","[0]"
"","1218.7999999998137","ISP_007","ISP","survey-multi-choice","398","455651","0.0-470.0-0.0","{""Q0"":""Mezclo algunos episodios de mi vida con otros. Me confundo al intentar ponerlos en orden""}","{""Q0"":"" siempre o casi siempre""}","[0]"
"","1171.1000000000931","ISP_008","ISP","survey-multi-choice","399","456825","0.0-471.0-0.0","{""Q0"":""Llego tarde a mis citas""}","{""Q0"":"" muchas veces""}","[0]"
"","1233.3999999999069","ISP_009","ISP","survey-multi-choice","400","458061","0.0-472.0-0.0","{""Q0"":""Me cuesta adaptarme a los cambios de mis rutinas""}","{""Q0"":"" pocas veces""}","[0]"
"","1145.0999999998603","ISP_010","ISP","survey-multi-choice","401","459209","0.0-473.0-0.0","{""Q0"":""Hablo con desconocidos como si les conociera""}","{""Q0"":"" nunca o casi nunca""}","[0]"
"","1151.1999999999534","ISP_011","ISP","survey-multi-choice","402","460363","0.0-474.0-0.0","{""Q0"":""Me distraigo con facilidad""}","{""Q0"":"" nunca o casi nunca""}","[0]"
"","1169.3999999999069","ISP_012","ISP","survey-multi-choice","403","461535","0.0-475.0-0.0","{""Q0"":""Tengo problemas para cambiar de tema en las conversaciones""}","{""Q0"":"" siempre o casi siempre""}","[0]"
"","1216","ISP_013","ISP","survey-multi-choice","404","462758","0.0-476.0-0.0","{""Q0"":""Ciertas cosas me cabrean demasiado y en esos momentos me paso de la raya""}","{""Q0"":"" nunca o casi nunca""}","[0]"
"","1146.2000000001863","ISP_014","ISP","survey-multi-choice","405","463908","0.0-477.0-0.0","{""Q0"":""Estoy como aletargado, como adormecido""}","{""Q0"":"" a veces si y a veces no""}","[0]"
"","1381.5","ISP_015","ISP","survey-multi-choice","406","465293","0.0-478.0-0.0","{""Q0"":""Tengo dificultades para tomar decisiones""}","{""Q0"":"" nunca o casi nunca""}","[0]"
"","1322.2999999998137","ISP_016","ISP","survey-multi-choice","407","466619","0.0-479.0-0.0","{""Q0"":""Hablo fuera de turno interrumpiendo a los demás en las conversaciones""}","{""Q0"":"" a veces si y a veces no""}","[0]"
"","1205.9000000001397","ISP_017","ISP","survey-multi-choice","408","467830","0.0-480.0-0.0","{""Q0"":""Me olvido de que tengo que hacer cosas pero me acuerdo cuando me lo recuerdan""}","{""Q0"":"" a veces si y a veces no""}","[0]"
"","1151.6000000000931","ISP_018","ISP","survey-multi-choice","409","468985","0.0-481.0-0.0","{""Q0"":""Se me echa la hora encima con mucha facilidad""}","{""Q0"":"" a veces si y a veces no""}","[0]"
"","1117.5","ISP_019","ISP","survey-multi-choice","410","470105","0.0-482.0-0.0","{""Q0"":""No hago las cosas sin que alguien me diga que las tengo que hacer""}","{""Q0"":"" a veces si y a veces no""}","[0]"
"","1148.0999999998603","ISP_020","ISP","survey-multi-choice","411","471258","0.0-483.0-0.0","{""Q0"":""Tengo dificultades para seguir el argumento de una película o un libro""}","{""Q0"":"" nunca o casi nunca""}","[0]"
"","1194.7999999998137","ISP_021","ISP","survey-multi-choice","412","472456","0.0-484.0-0.0","{""Q0"":""Tengo dificultad para pensar cosas con antelación o para planificar el futuro""}","{""Q0"":"" nunca o casi nunca""}","[0]"
"","1274.4000000001397","ISP_022","ISP","survey-multi-choice","413","473733","0.0-485.0-0.0","{""Q0"":""Puedo pasar de la risa al llanto con facilidad""}","{""Q0"":"" a veces si y a veces no""}","[0]"
"","1135.6999999999534","ISP_023","ISP","survey-multi-choice","414","474872","0.0-486.0-0.0","{""Q0"":""Descuido mi higiene personal""}","{""Q0"":"" a veces si y a veces no""}","[0]"
"","1164.1999999999534","ISP_024","ISP","survey-multi-choice","415","476040","0.0-487.0-0.0","{""Q0"":""No me entusiasmo con las cosas. No me interesa ninguna actividad""}","{""Q0"":"" siempre o casi siempre""}","[0]"
"","1170","ISP_025","ISP","survey-multi-choice","416","477214","0.0-488.0-0.0","{""Q0"":""Corro riesgos Sólo por el placer de hacerlo aunque me meta en líos por ello""}","{""Q0"":"" nunca o casi nunca""}","[0]"
"","1123.3999999999069","ISP_026","ISP","survey-multi-choice","417","478341","0.0-489.0-0.0","{""Q0"":""Me cuesta cambiar de planes cuando las cosas están saliendo mal""}","{""Q0"":"" siempre o casi siempre""}","[0]"
"","1064.2000000001863","ISP_027","ISP","survey-multi-choice","418","479410","0.0-490.0-0.0","{""Q0"":""Cuento chistes inapropiados en situaciones inapropiadas""}","{""Q0"":"" a veces si y a veces no""}","[0]"
"","1101","ISP_028","ISP","survey-multi-choice","419","480514","0.0-491.0-0.0","{""Q0"":""Actúo como si las demás personas no existieran""}","{""Q0"":"" nunca o casi nunca""}","[0]"
"","1173.3000000000466","ISP_029","ISP","survey-multi-choice","420","481690","0.0-492.0-0.0","{""Q0"":""Me cuesta ponerme en marcha. Me falta energía""}","{""Q0"":"" pocas veces""}","[0]"
"","1093.5","ISP_030","ISP","survey-multi-choice","421","482786","0.0-493.0-0.0","{""Q0"":""Repito los mismos errores. No aprendo de la experiencia""}","{""Q0"":"" nunca o casi nunca""}","[0]"
"","1121.8000000000466","ISP_031","ISP","survey-multi-choice","422","483911","0.0-494.0-0.0","{""Q0"":""Cuando hay ruido en la calle tengo problemas para pensar con claridad""}","{""Q0"":"" pocas veces""}","[0]"
"","1093.0999999998603","ISP_032","ISP","survey-multi-choice","423","485008","0.0-495.0-0.0","{""Q0"":""Me cuesta planificar las cosas con antelación""}","{""Q0"":"" muchas veces""}","[0]"
"","1111.6999999999534","ISP_033","ISP","survey-multi-choice","424","486123","0.0-496.0-0.0","{""Q0"":""Toco o abrazo a la gente aunque no los conozca demasiado""}","{""Q0"":"" nunca o casi nunca""}","[0]"
"","1116.3999999999069","ISP_034","ISP","survey-multi-choice","425","487242","0.0-497.0-0.0","{""Q0"":""Doy portazos, golpeo muebles o lanzo cosas por el aire cuando me cabreo""}","{""Q0"":"" a veces si y a veces no""}","[0]"
"","1135.6000000000931","ISP_035","ISP","survey-multi-choice","426","488382","0.0-498.0-0.0","{""Q0"":""Me cuesta encontrar la solución a los problemas""}","{""Q0"":"" pocas veces""}","[0]"
"","1090.1000000000931","ISP_036","ISP","survey-multi-choice","427","489476","0.0-499.0-0.0","{""Q0"":""Hago las cosas impulsivamente""}","{""Q0"":"" muchas veces""}","[0]"
"","1164.1999999999534","ISP_037","ISP","survey-multi-choice","428","490644","0.0-500.0-0.0","{""Q0"":""Hago comentarios sobre temas muy personales delante de los demás""}","{""Q0"":"" siempre o casi siempre""}","[0]"
"","1147.1999999999534","ISP_038","ISP","survey-multi-choice","429","491794","0.0-501.0-0.0","{""Q0"":""Tengo ganas de hacer algunas cosas, pero luego no las hago""}","{""Q0"":"" pocas veces""}","[0]"
"","1095.3000000000466","ISP_039","ISP","survey-multi-choice","430","492892","0.0-502.0-0.0","{""Q0"":""Hago o digo cosas embarazosas""}","{""Q0"":"" pocas veces""}","[0]"
"","1192","ISP_040","ISP","survey-multi-choice","431","494088","0.0-503.0-0.0","{""Q0"":""Me confundo cuando estoy haciendo cosas en un orden""}","{""Q0"":"" muchas veces""}","[0]"
"","1177.8999999999069","ISP_041","ISP","survey-multi-choice","432","495272","0.0-504.0-0.0","{""Q0"":""Tengo explosiones emocionales sin una razón importante""}","{""Q0"":"" siempre o casi siempre""}","[0]"
"","1182.3999999999069","ISP_042","ISP","survey-multi-choice","433","496456","0.0-505.0-0.0","{""Q0"":""Tengo problemas para entender lo que otros quieren decir""}","{""Q0"":"" nunca o casi nunca""}","[0]"
"","1150.8999999999069","ISP_043","ISP","survey-multi-choice","434","497609","0.0-506.0-0.0","{""Q0"":""Me manifiesto ante los demás de una manera sensual. Coqueteo demasiado""}","{""Q0"":"" nunca o casi nunca""}","[0]"
"","1180.8000000000466","ISP_044","ISP","survey-multi-choice","435","498793","0.0-507.0-0.0","{""Q0"":""Hago o digo cosas que no debo cuando estoy con otras personas""}","{""Q0"":"" a veces si y a veces no""}","[0]"
"","1142","ISP_045","ISP","survey-multi-choice","436","499938","0.0-508.0-0.0","{""Q0"":""Hago comentarios sexuales inapropiados""}","{""Q0"":"" nunca o casi nunca""}","[0]"
"","1225.8999999999069","ISP_046","ISP","survey-multi-choice","437","501167","0.0-509.0-0.0","{""Q0"":""Todo me resulta indiferente. Me dan igual las cosas""}","{""Q0"":"" muchas veces""}","[0]"
