"view_history","rt","trialid","procedure","trial_type","trial_index","time_elapsed","internal_node_id","stimulus","slider_start","response"
"[{""page_index"":0,""viewing_time"":467}]","467","Instructions_001","MAIA","instructions","880","660910","0.0-879.0-0.0","","",""
"","692","MAIA_001","MAIA","html-slider-response","881","661607","0.0-880.0-0.0","<div class='justified'>Cuando estoy tenso(a) noto dónde se ubica la tensión en mi cuerpo.</div>","2","2"
"","930.8000000007451","MAIA_002","MAIA","html-slider-response","882","662542","0.0-881.0-0.0","<div class='justified'>Me doy cuenta cuando me siento incómodo(a) en mi cuerpo.</div>","2","4"
"","631.6999999992549","MAIA_003","MAIA","html-slider-response","883","663179","0.0-882.0-0.0","<div class='justified'>Cuando estoy cómodo(a) lo noto en partes específicas de mi cuerpo.</div>","2","3"
"","692.7000000011176","MAIA_004","MAIA","html-slider-response","884","663875","0.0-883.0-0.0","<div class='justified'>Noto cambios en mi respiración, tales como cuando se hace más lenta o más rápida.</div>","2","3"
"","626.0999999996275","MAIA_005","MAIA","html-slider-response","885","664504","0.0-884.0-0.0","<div class='justified'>Noto la tensión física o el malestar solamente cuando se vuelve muy severo.</div>","2","2"
"","570.0999999996275","MAIA_006","MAIA","html-slider-response","886","665078","0.0-885.0-0.0","<div class='justified'>No me doy cuenta de las sensaciones de malestar.</div>","2","2"
"","518.2999999988824","MAIA_007","MAIA","html-slider-response","887","665601","0.0-886.0-0.0","<div class='justified'>Cuando siento dolor o malestar intento ignorarlo y continuar con lo que estaba haciendo.</div>","2","3"
"","544","MAIA_008","MAIA","html-slider-response","888","666149","0.0-887.0-0.0","<div class='justified'>Cuando siento dolor físico me enojo.</div>","2","3"
"","560.0999999996275","MAIA_009","MAIA","html-slider-response","889","666712","0.0-888.0-0.0","<div class='justified'>Si siento algún malestar me empieza a preocupar que algo no ande bien.</div>","2","4"
"","605.6999999992549","MAIA_010","MAIA","html-slider-response","890","667321","0.0-889.0-0.0","<div class='justified'>Puedo sentir alguna sensación física desagradable sin preocuparme por ella.</div>","2","4"
"","534.0999999996275","MAIA_011","MAIA","html-slider-response","891","667859","0.0-890.0-0.0","<div class='justified'>Puedo prestar atención a mi respiración sin ser distraído (a) por lo que pasa a mi alrededor.</div>","2","2"
"","560.1999999992549","MAIA_012","MAIA","html-slider-response","892","668422","0.0-891.0-0.0","<div class='justified'>Puedo tener conciencia de mis sensaciones corporales internas aun cuando hay muchas cosas sucediendo a mi alrededor.</div>","2","0"
"","539.4000000003725","MAIA_013","MAIA","html-slider-response","893","668965","0.0-892.0-0.0","<div class='justified'>Cuando estoy conversando con alguien puedo prestarle atención a mi postura.</div>","2","2"
"","575.7999999988824","MAIA_014","MAIA","html-slider-response","894","669546","0.0-893.0-0.0","<div class='justified'>Puedo volver a concentrarme en mi cuerpo si estoy distraído(a).</div>","2","1"
"","535.4000000003725","MAIA_015","MAIA","html-slider-response","895","670089","0.0-894.0-0.0","<div class='justified'>Puedo redirigir mi atención desde mis pensamientos a mis sensaciones corporales.</div>","2","0"
"","543.2000000011176","MAIA_016","MAIA","html-slider-response","896","670637","0.0-895.0-0.0","<div class='justified'>Puedo prestar atención a todo mi cuerpo incluso cuando una parte de mi siente dolor o malestar.</div>","2","2"
"","509.09999999962747","MAIA_017","MAIA","html-slider-response","897","671150","0.0-896.0-0.0","<div class='justified'>Soy capaz de concentrarme conscientemente en mi cuerpo de manera global.</div>","2","1"
"","557.7999999988824","MAIA_018","MAIA","html-slider-response","898","671711","0.0-897.0-0.0","<div class='justified'>Noto cómo mi cuerpo cambia cuando estoy enojado(a).</div>","2","3"
"","557","MAIA_019","MAIA","html-slider-response","899","672272","0.0-898.0-0.0","<div class='justified'>Cuando algo anda mal en mi vida puedo sentirlo en mi cuerpo.</div>","2","3"
"","550.8000000007451","MAIA_020","MAIA","html-slider-response","900","672827","0.0-899.0-0.0","<div class='justified'>Noto que mi cuerpo se siente diferente después de una experiencia apacible.</div>","2","0"
"","577.1999999992549","MAIA_021","MAIA","html-slider-response","901","673409","0.0-900.0-0.0","<div class='justified'>Noto que puedo respirar libre y fácilmente cuando me siento cómodo(a).</div>","2","4"
"","531.1999999992549","MAIA_022","MAIA","html-slider-response","902","673943","0.0-901.0-0.0","<div class='justified'>Noto cómo mi cuerpo cambia cuando me siento contento(a) / feliz.</div>","2","3"
"","570.4000000003725","MAIA_023","MAIA","html-slider-response","903","674517","0.0-902.0-0.0","<div class='justified'>Cuando me siento sobrepasado(a) puedo encontrar un lugar tranquilo dentro de mi.</div>","2","2"
"","558.3000000007451","MAIA_024","MAIA","html-slider-response","904","675078","0.0-903.0-0.0","<div class='justified'>Cuando dirijo la atención hacia mi cuerpo siento calma.</div>","2","0"
"","549.8999999985099","MAIA_025","MAIA","html-slider-response","905","675632","0.0-904.0-0.0","<div class='justified'>Puedo utilizar mi respiración para reducir la tensión.</div>","2","0"
"","577.3000000007451","MAIA_026","MAIA","html-slider-response","906","676212","0.0-905.0-0.0","<div class='justified'>Cuando estoy atrapado(a) en mis pensamientos puedo calmar mi mente concentrándome en mi cuerpo/respiración.</div>","2","0"
"","584.5999999996275","MAIA_027","MAIA","html-slider-response","907","676800","0.0-906.0-0.0","<div class='justified'>Estoy a la escucha de la información que envía mi cuerpo sobre mi estado emocional.</div>","2","1"
"","596.4000000003725","MAIA_028","MAIA","html-slider-response","908","677401","0.0-907.0-0.0","<div class='justified'>Cuando estoy alterado(a), me tomo el tiempo      para explorar cómo se siente mi cuerpo.</div>","2","3"
"","570.5999999996275","MAIA_029","MAIA","html-slider-response","909","677977","0.0-908.0-0.0","<div class='justified'>Escucho a mi cuerpo para saber qué hacer.</div>","2","2"
"","562.7999999988824","MAIA_030","MAIA","html-slider-response","910","678544","0.0-909.0-0.0","<div class='justified'>En mi cuerpo, estoy en casa.</div>","2","4"
"","540.6999999992549","MAIA_031","MAIA","html-slider-response","911","679088","0.0-910.0-0.0","<div class='justified'>Siento que mi cuerpo es un lugar seguro.</div>","2","0"
"","546.5","MAIA_032","MAIA","html-slider-response","912","679638","0.0-911.0-0.0","<div class='justified'>Confío en mis sensaciones corporales.</div>","2","5"
