"view_history","rt","trialid","procedure","trial_type","trial_index","time_elapsed","internal_node_id","stimulus","response"
"[{""page_index"":0,""viewing_time"":516}]","516","Instructions_01","DASS21","instructions","320","261372","0.0-347.0-0.0","",""
"","845","DASS21_001","DASS21","survey-multi-choice-vertical","321","262223","0.0-348.0-0.0","{""Q0"":""Me costó mucho relajarme.""}","{""Q0"":"" 1 Me aplicó un poco, o durante parte del tiempo""}"
"","849","DASS21_002","DASS21","survey-multi-choice-vertical","322","263077","0.0-349.0-0.0","{""Q0"":""Me di cuenta que tenia la boca seca.""}","{""Q0"":"" 0 No me aplicó""}"
"","831","DASS21_003","DASS21","survey-multi-choice-vertical","323","263913","0.0-350.0-0.0","{""Q0"":""No podía sentir ningún sentimiento positivo.""}","{""Q0"":"" 1 Me aplicó un poco, o durante parte del tiempo""}"
"","722","DASS21_004","DASS21","survey-multi-choice-vertical","324","264640","0.0-351.0-0.0","{""Q0"":""Se me hizo difícil respirar.""}","{""Q0"":"" 3 Me aplicó mucho, o la mayor parte del tiempo""}"
"","723","DASS21_005","DASS21","survey-multi-choice-vertical","325","265368","0.0-352.0-0.0","{""Q0"":""Se me hizo difícil tomar la iniciativa para hacer cosas.""}","{""Q0"":"" 0 No me aplicó""}"
"","708","DASS21_006","DASS21","survey-multi-choice-vertical","326","266080","0.0-353.0-0.0","{""Q0"":""Reaccioné exageradamente en ciertas situaciones.""}","{""Q0"":"" 1 Me aplicó un poco, o durante parte del tiempo""}"
"","703","DASS21_007","DASS21","survey-multi-choice-vertical","327","266789","0.0-354.0-0.0","{""Q0"":""Sentí que mis manos temblaban.""}","{""Q0"":"" 1 Me aplicó un poco, o durante parte del tiempo""}"
"","750","DASS21_008","DASS21","survey-multi-choice-vertical","328","267546","0.0-355.0-0.0","{""Q0"":""Sentí que tenía muchos nervios.""}","{""Q0"":"" 3 Me aplicó mucho, o la mayor parte del tiempo""}"
"","778","DASS21_009","DASS21","survey-multi-choice-vertical","329","268330","0.0-356.0-0.0","{""Q0"":""Estaba preocupado por situaciones en las cuales podía tener pánico o en las que podría hacer el ridículo.""}","{""Q0"":"" 0 No me aplicó""}"
"","730","DASS21_010","DASS21","survey-multi-choice-vertical","330","269065","0.0-357.0-0.0","{""Q0"":""Sentí que no tenia nada por que vivir.""}","{""Q0"":"" 3 Me aplicó mucho, o la mayor parte del tiempo""}"
"","740","DASS21_011","DASS21","survey-multi-choice-vertical","331","269810","0.0-358.0-0.0","{""Q0"":""Noté que me agitaba.""}","{""Q0"":"" 0 No me aplicó""}"
"","717","DASS21_012","DASS21","survey-multi-choice-vertical","332","270532","0.0-359.0-0.0","{""Q0"":""Se me hizo difícil relajarme.""}","{""Q0"":"" 1 Me aplicó un poco, o durante parte del tiempo""}"
"","807","DASS21_013","DASS21","survey-multi-choice-vertical","333","271343","0.0-360.0-0.0","{""Q0"":""Me sentí triste y deprimido.""}","{""Q0"":"" 2 Me aplicó bastante, o durante una buena parte del tiempo""}"
"","682","DASS21_014","DASS21","survey-multi-choice-vertical","334","272029","0.0-361.0-0.0","{""Q0"":""No toleré nada que no me permitiera continuar con lo que estaba haciendo.""}","{""Q0"":"" 0 No me aplicó""}"
"","699","DASS21_015","DASS21","survey-multi-choice-vertical","335","272733","0.0-362.0-0.0","{""Q0"":""Sentí que estaba cerca de caer en pánico.""}","{""Q0"":"" 1 Me aplicó un poco, o durante parte del tiempo""}"
"","995","DASS21_016","DASS21","survey-multi-choice-vertical","336","273732","0.0-363.0-0.0","{""Q0"":""No me pude entusiasmar por nada.""}","{""Q0"":"" 1 Me aplicó un poco, o durante parte del tiempo""}"
"","656","DASS21_017","DASS21","survey-multi-choice-vertical","337","274394","0.0-364.0-0.0","{""Q0"":""Sentí que valía muy poco como persona.""}","{""Q0"":"" 1 Me aplicó un poco, o durante parte del tiempo""}"
"","735","DASS21_018","DASS21","survey-multi-choice-vertical","338","275136","0.0-365.0-0.0","{""Q0"":""Sentí que estaba muy irritable.""}","{""Q0"":"" 0 No me aplicó""}"
"","712","DASS21_019","DASS21","survey-multi-choice-vertical","339","275852","0.0-366.0-0.0","{""Q0"":""Sentí los latidos de mi corazón a pesar de no haber hecho ningún esfuerzo físico.""}","{""Q0"":"" 1 Me aplicó un poco, o durante parte del tiempo""}"
"","654","DASS21_020","DASS21","survey-multi-choice-vertical","340","276512","0.0-367.0-0.0","{""Q0"":""Tuve miedo sin razón.""}","{""Q0"":"" 3 Me aplicó mucho, o la mayor parte del tiempo""}"
"","715","DASS21_021","DASS21","survey-multi-choice-vertical","341","277234","0.0-368.0-0.0","{""Q0"":""Sentí que la vida no tenía ningún sentido.""}","{""Q0"":"" 0 No me aplicó""}"
