"view_history","rt","trialid","procedure","trial_type","trial_index","time_elapsed","internal_node_id","stimulus","response","question_order"
"[{""page_index"":0,""viewing_time"":462}]","463","Instructions_001","ITQ","instructions","837","632148","0.0-832.0-0.0","","",""
"","1015.5","ITQ_001","ITQ","survey-multi-choice","838","633168","0.0-833.0-0.0","{""Q0"":""Por favor, indique de las siguientes alternativas, en cual se ubicaría la experiencia traumática que más le perturba y responda a las siguientes preguntas relacionadas con dicha experiencia.""}","{""Q0"":"" Accidente de tránsito/desastre natural""}","[0]"
"","881.5","ITQ_002","ITQ","survey-multi-choice","839","634054","0.0-834.0-0.0-0.0","{""Q0"":""¿Cuándo ocurrió la experiencia de violencia más impactante?""}","{""Q0"":"" Entre 6 y 12 meses""}","[0]"
"[{""page_index"":0,""viewing_time"":405}]","405","instructions_002","ITQ","instructions","840","634462","0.0-835.0-0.0-0.0","","",""
"","795.9000000003725","ITQ_003","ITQ","survey-multi-choice","841","635264","0.0-836.0-0.0-0.0","{""Q0"":""¿Tener sueños perturbadores que reproducen parte de la experiencia o están claramente relacionados con la experiencia?""}","{""Q0"":"" Poco""}","[0]"
"","773.8000000007451","ITQ_004","ITQ","survey-multi-choice","842","636042","0.0-837.0-0.0-0.0","{""Q0"":""¿Tener imágenes o recuerdos intensos que a veces vienen a su mente, en los cuales siente que la experiencia está ocurriendo de nuevo aquí y ahora?""}","{""Q0"":"" Bastante""}","[0]"
"","761.3000000007451","ITQ_005","ITQ","survey-multi-choice","843","636809","0.0-838.0-0.0-0.0","{""Q0"":""¿Evitar pensamientos, sentimientos, sensaciones físicas u otros estímulos internos que le recuerden la experiencia?""}","{""Q0"":"" Nada""}","[0]"
"","773.2000000011176","ITQ_006","ITQ","survey-multi-choice","844","637586","0.0-839.0-0.0-0.0","{""Q0"":""¿Evitar personas, lugares, conversaciones, objetos, actividades, situaciones u otros estímulos externos que le recuerden la experiencia?""}","{""Q0"":"" Moderadamente""}","[0]"
"","785.7000000011176","ITQ_007","ITQ","survey-multi-choice","845","638377","0.0-840.0-0.0-0.0","{""Q0"":""¿Estar \""súper alerta,\"" vigilante o en guardia?""}","{""Q0"":"" Moderadamente""}","[0]"
"","769.0999999996275","ITQ_008","ITQ","survey-multi-choice","846","639151","0.0-841.0-0.0-0.0","{""Q0"":""¿Sentirse sobresaltado/a o asustarse fácilmente?""}","{""Q0"":"" Bastante""}","[0]"
"","775.0999999996275","ITQ_009","ITQ","survey-multi-choice","847","639932","0.0-842.0-0.0-0.0","{""Q0"":""¿Han afectado a sus relaciones o a su vida social?""}","{""Q0"":"" Extremadamente""}","[0]"
"","838.3000000007451","ITQ_010","ITQ","survey-multi-choice","848","640774","0.0-843.0-0.0-0.0","{""Q0"":""¿Han afectado a su trabajo o su capacidad para trabajar?""}","{""Q0"":"" Moderadamente""}","[0]"
"","760.3999999985099","ITQ_011","ITQ","survey-multi-choice","849","641538","0.0-844.0-0.0-0.0","{""Q0"":""¿Han afectado a alguna otra área importante de su vida, como la crianza de sus hijos o hijas, el trabajo en la escuela o en la universidad, u otras actividades importantes?""}","{""Q0"":"" Nada""}","[0]"
"[{""page_index"":0,""viewing_time"":382}]","382","instructions_003","ITQ","instructions","850","641922","0.0-845.0-0.0-0.0","","",""
"","746.2999999988824","ITQ_012","ITQ","survey-multi-choice","851","642673","0.0-846.0-0.0-0.0","{""Q0"":""Cuando estoy molesto/a, tardo bastante tiempo en calmarme.""}","{""Q0"":"" Bastante""}","[0]"
"","940.7000000011176","ITQ_013","ITQ","survey-multi-choice","852","643620","0.0-847.0-0.0-0.0","{""Q0"":""Me siento aletargado /a o emocionalmente apagado/a.""}","{""Q0"":"" Extremadamente""}","[0]"
"","888.1999999992549","ITQ_014","ITQ","survey-multi-choice","853","644516","0.0-848.0-0.0-0.0","{""Q0"":""Me siento fracasado/a.""}","{""Q0"":"" Moderadamente""}","[0]"
"","801.8999999985099","ITQ_015","ITQ","survey-multi-choice","854","645322","0.0-849.0-0.0-0.0","{""Q0"":""Me siento inútil.""}","{""Q0"":"" Nada""}","[0]"
"","790.3000000007451","ITQ_016","ITQ","survey-multi-choice","855","646117","0.0-850.0-0.0-0.0","{""Q0"":""Me siento distante o aislado/a de la gente.""}","{""Q0"":"" Nada""}","[0]"
"","837","ITQ_017","ITQ","survey-multi-choice","856","646958","0.0-851.0-0.0-0.0","{""Q0"":""Me resulta difícil estar emocionalmente cercano/a a la gente.""}","{""Q0"":"" Extremadamente""}","[0]"
"","862","ITQ_018","ITQ","survey-multi-choice","857","647826","0.0-852.0-0.0-0.0","{""Q0"":""¿Han creado preocupación o angustia sobre sus relaciones o su vida social?""}","{""Q0"":"" Poco""}","[0]"
"","870.4000000003725","ITQ_019","ITQ","survey-multi-choice","858","648704","0.0-853.0-0.0-0.0","{""Q0"":""¿Han afectado a su trabajo o a su capacidad para trabajar?""}","{""Q0"":"" Nada""}","[0]"
"","817.4000000003725","ITQ_020","ITQ","survey-multi-choice","859","649528","0.0-854.0-0.0-0.0","{""Q0"":""¿Han afectado a otras áreas importantes de su vida, como la crianza de sus hijos o hijas, el trabajo en la escuela o en la universidad, u otras actividades importantes?""}","{""Q0"":"" Poco""}","[0]"
