"view_history","rt","trialid","procedure","trial_type","trial_index","time_elapsed","internal_node_id","stimulus","response","question_order"
"[{""page_index"":0,""viewing_time"":995}]","996","Instructions_001","CDRISC10","instructions","100","75766","0.0-118.0-0.0","","",""
"","916.7000000011176","CDRISC10_001","CDRISC10","survey-multi-choice","101","76686","0.0-119.0-0.0","{""Q0"":""Soy capaz de adaptarme a los cambios.""}","{""Q0"":"" Frecuentemente""}","[0]"
"","836","CDRISC10_002","CDRISC10","survey-multi-choice","102","77525","0.0-120.0-0.0","{""Q0"":""Puedo manejar lo que se presente.""}","{""Q0"":"" Nunca""}","[0]"
"","906.1999999992549","CDRISC10_003","CDRISC10","survey-multi-choice","103","78434","0.0-121.0-0.0","{""Q0"":""Trato de ver el lado positivo de los problemas.""}","{""Q0"":"" Siempre""}","[0]"
"","823.9000000003725","CDRISC10_004","CDRISC10","survey-multi-choice","104","79261","0.0-122.0-0.0","{""Q0"":""Enfrentar el estrés puede fortalecerme.""}","{""Q0"":"" Casi nunca""}","[0]"
"","937.2000000011176","CDRISC10_005","CDRISC10","survey-multi-choice","105","80201","0.0-123.0-0.0","{""Q0"":""Tiendo a recuperarme rápidamente después de la enfermedad o las dificultades.""}","{""Q0"":"" Casi nunca""}","[0]"
"","813.3000000007451","CDRISC10_006","CDRISC10","survey-multi-choice","106","81016","0.0-124.0-0.0","{""Q0"":""Puedo alcanzar mis metas a pesar de los obstáculos.""}","{""Q0"":"" Siempre""}","[0]"
"","870","CDRISC10_007","CDRISC10","survey-multi-choice","107","81889","0.0-125.0-0.0","{""Q0"":""Puedo mantener la concentración bajo presión.""}","{""Q0"":"" A veces""}","[0]"
"","850","CDRISC10_008","CDRISC10","survey-multi-choice","108","82742","0.0-126.0-0.0","{""Q0"":""Difícilmente el fracaso me desanima.""}","{""Q0"":"" Casi nunca""}","[0]"
"","888","CDRISC10_009","CDRISC10","survey-multi-choice","109","83632","0.0-127.0-0.0","{""Q0"":""Me considero una persona fuerte.""}","{""Q0"":"" A veces""}","[0]"
"","922.9000000003725","CDRISC10_010","CDRISC10","survey-multi-choice","110","84561","0.0-128.0-0.0","{""Q0"":""Puedo manejar los sentimientos desagradables.""}","{""Q0"":"" Siempre""}","[0]"
