"success","timeout","failed_images","failed_audio","failed_video","trialid","procedure","trial_type","trial_index","time_elapsed","internal_node_id","rt","stimulus","button_pressed","response","slider_start"
"true","false","[]","[]","[]","EmpaTom_00","EmpaTom","preload","563","441385","0.0-605.0-0.0","","","","",""
"","","","","","Instructions_01","EmpaTom","html-button-response","564","442118","0.0-606.0-0.0","725.6999999992549","<div style=""max-width:600px;""><p>Descripcion de la tarea e instrucciones. Tom tiene Alzheimer....</p></div>","0","",""
"","","","","","EmpaTom_01","EmpaTom","video-button-response","565","453246","0.0-607.0-0.0","11120.099999999627","[""media/videos/EmpaTom/Entrevista1.mp4""]","","0",""
"","","","","","EmpaTom_02","EmpaTom","html-slider-response","566","453795","0.0-608.0-0.0","545.9000000003725","<div class='justified'>¿Cómo te sientes?</div></br>","","5","4"
"","","","","","EmpaTom_03","EmpaTom","html-slider-response","567","454336","0.0-609.0-0.0","537.4000000003725","<div class='justified'>¿Cuánta compasión sentiste por Tom?</div></br>","","4","4"
"","","","","","EmpaTom_04","EmpaTom","survey-multi-choice-vertical","568","455001","0.0-610.0-0.0","657","{""Q0"":""Tom piensa.""}","","{""Q0"":"" que lo que menos desea es olvidarse de su esposa producto del alzheimer""}",""
