"view_history","rt","trialid","procedure","trial_type","trial_index","time_elapsed","internal_node_id","stimulus","response","question_order"
"[{""page_index"":0,""viewing_time"":736}]","737","ERSQ_000","ERSQ","instructions","201","239054","0.0-278.0-0.0","","",""
"","1124.0999999999767","ERSQ_001","ERSQ","survey-multi-choice","202","240180","0.0-279.0-0.0","{""Q0"":""Fui capaz de poner atención de manera consciente a mis sentimientos.""}","{""Q0"":"" Pocas veces""}","[0]"
"","1138.3000000000466","ERSQ_002","ERSQ","survey-multi-choice","203","241321","0.0-280.0-0.0","{""Q0"":""Pude generar conscientemente sentimientos positivos.""}","{""Q0"":"" Algunas veces""}","[0]"
"","1145.5","ERSQ_003","ERSQ","survey-multi-choice","204","242469","0.0-281.0-0.0","{""Q0"":""Entendí mis reacciones emocionales.""}","{""Q0"":"" No del todo""}","[0]"
"","1117.5999999999767","ERSQ_004","ERSQ","survey-multi-choice","205","243589","0.0-282.0-0.0","{""Q0"":""Pude superar mis sentimientos negativos.""}","{""Q0"":"" No del todo""}","[0]"
"","1097.2999999999302","ERSQ_005","ERSQ","survey-multi-choice","206","244690","0.0-283.0-0.0","{""Q0"":""Fui capaz de aceptar mis sentimientos negativos""}","{""Q0"":"" No del todo""}","[0]"
"","1120.9000000000233","ERSQ_006","ERSQ","survey-multi-choice","207","245814","0.0-284.0-0.0","{""Q0"":""Pude darles un nombre a mis sentimientos.""}","{""Q0"":"" Algunas veces""}","[0]"
"","1122.5999999999767","ERSQ_007","ERSQ","survey-multi-choice","208","246940","0.0-285.0-0.0","{""Q0"":""Tuve una clara percepción de los efectos físicos que tienen mis sentimientos.""}","{""Q0"":"" Pocas veces""}","[0]"
"","1065","ERSQ_008","ERSQ","survey-multi-choice","209","248008","0.0-286.0-0.0","{""Q0"":""Hice lo que yo quería hacer incluso si tenía que enfrentar sentimientos negativos como consecuencia de ello.""}","{""Q0"":"" Casi siempre""}","[0]"
"","1143.5","ERSQ_009","ERSQ","survey-multi-choice","210","249153","0.0-287.0-0.0","{""Q0"":""Traté de tranquilizarme a mí mismo durante situaciones de angustia.""}","{""Q0"":"" Casi siempre""}","[0]"
"","1169","ERSQ_010","ERSQ","survey-multi-choice","211","250325","0.0-288.0-0.0","{""Q0"":""Fui capaz de influir en mis sentimientos negativos.""}","{""Q0"":"" Pocas veces""}","[0]"
"","1150.2000000000698","ERSQ_011","ERSQ","survey-multi-choice","212","251478","0.0-289.0-0.0","{""Q0"":""Supe lo que mis sentimientos significaban para mí.""}","{""Q0"":"" Casi siempre""}","[0]"
"","1124.6999999999534","ERSQ_012","ERSQ","survey-multi-choice","213","252606","0.0-290.0-0.0","{""Q0"":""Pude enfocarme en mis emociones negativas cuando era necesario.""}","{""Q0"":"" No del todo""}","[0]"
"","1269.5","ERSQ_013","ERSQ","survey-multi-choice","214","253879","0.0-291.0-0.0","{""Q0"":""Supe identificar las emociones que estaba sintiendo en ese momento.""}","{""Q0"":"" Pocas veces""}","[0]"
"","1293.7000000000698","ERSQ_014","ERSQ","survey-multi-choice","215","255177","0.0-292.0-0.0","{""Q0"":""Me di cuenta conscientemente cuando mi cuerpo reaccionó de una forma específica ante situaciones emocionales.""}","{""Q0"":"" No del todo""}","[0]"
"","1356.9000000000233","ERSQ_015","ERSQ","survey-multi-choice","216","256538","0.0-293.0-0.0","{""Q0"":""Traté de animarme durante situaciones de angustia emocional.""}","{""Q0"":"" Algunas veces""}","[0]"
"","1293.1999999999534","ERSQ_016","ERSQ","survey-multi-choice","217","257834","0.0-294.0-0.0","{""Q0"":""Hice lo que yo quería hacer a pesar de mis sentimientos negativos.""}","{""Q0"":"" Frecuentemente""}","[0]"
"","1248.7999999999302","ERSQ_017","ERSQ","survey-multi-choice","218","259086","0.0-295.0-0.0","{""Q0"":""Estuve bien con mis sentimientos incluso cuando eran negativos.""}","{""Q0"":"" Frecuentemente""}","[0]"
"","1220.0999999999767","ERSQ_018","ERSQ","survey-multi-choice","219","260309","0.0-296.0-0.0","{""Q0"":""Estaba seguro de que podría tolerar incluso sentimientos intensamente negativos.""}","{""Q0"":"" Algunas veces""}","[0]"
"","1417.5999999999767","ERSQ_019","ERSQ","survey-multi-choice","220","261730","0.0-297.0-0.0","{""Q0"":""Fui capaz de experimentar conscientemente mis sentimientos.""}","{""Q0"":"" Casi siempre""}","[0]"
"","1282.8000000000466","ERSQ_020","ERSQ","survey-multi-choice","221","263016","0.0-298.0-0.0","{""Q0"":""Fui consciente del por qué me sentía de la manera en que me sentía.""}","{""Q0"":"" Algunas veces""}","[0]"
"","1330.3000000000466","ERSQ_021","ERSQ","survey-multi-choice","222","264349","0.0-299.0-0.0","{""Q0"":""Supe que era capaz de influir en mis sentimientos.""}","{""Q0"":"" Algunas veces""}","[0]"
"","1438.9000000000233","ERSQ_022","ERSQ","survey-multi-choice","223","265790","0.0-300.0-0.0","{""Q0"":""Perseguí metas que eran importantes para mí, incluso al pensar que al hacerlo desencadenaría o intensificaría sentimientos negativos.""}","{""Q0"":"" Algunas veces""}","[0]"
"","1187.1999999999534","ERSQ_023","ERSQ","survey-multi-choice","224","266980","0.0-301.0-0.0","{""Q0"":""Fui capaz de experimentar mis sentimientos negativos sin tratar inmediatamente de luchar contra ellos.""}","{""Q0"":"" Casi siempre""}","[0]"
"","1264.7000000000698","ERSQ_024","ERSQ","survey-multi-choice","225","268249","0.0-302.0-0.0","{""Q0"":""Mis sensaciones físicas fueron un buen indicador de cómo me estaba sintiendo.""}","{""Q0"":"" No del todo""}","[0]"
"","1427.0999999999767","ERSQ_025","ERSQ","survey-multi-choice","226","269678","0.0-303.0-0.0","{""Q0"":""Tuve la suficiente claridad con respecto a las emociones que estaba experimentando.""}","{""Q0"":"" Algunas veces""}","[0]"
"","1220.1999999999534","ERSQ_026","ERSQ","survey-multi-choice","227","270901","0.0-304.0-0.0","{""Q0"":""Pude tolerar mis sentimientos negativos.""}","{""Q0"":"" Pocas veces""}","[0]"
"","1198.5","ERSQ_027","ERSQ","survey-multi-choice","228","272104","0.0-305.0-0.0","{""Q0"":""Me ayudé a mí mismo durante situaciones de angustia emocional.""}","{""Q0"":"" Frecuentemente""}","[0]"
