"view_history","rt","trialid","procedure","trial_type","trial_index","time_elapsed","internal_node_id","stimulus","response","question_order"
"[{""page_index"":0,""viewing_time"":523}]","523","Instructions_001","ACE","instructions","5","5731","0.0-6.0-0.0","","",""
"","1180.7999999988824","ACE_001","ACE","survey-multi-choice","6","6917","0.0-7.0-0.0","{""Q0"":""¿Sintió que no tenía suficiente para comer, tenía que usar ropa sucia o no tenía nadie que lo protegiera o lo cuidara?""}","{""Q0"":"" No""}","[0]"
"","912.3000000007451","ACE_002","ACE","survey-multi-choice","7","7835","0.0-8.0-0.0","{""Q0"":""¿Perdió a uno de sus padres a causa de divorcio, abandono, muerte u otra razón?""}","{""Q0"":"" Si""}","[0]"
"","745.9000000003725","ACE_003","ACE","survey-multi-choice","8","8585","0.0-9.0-0.0","{""Q0"":""¿Vivió con alguien que estaba deprimido, enfermo mental o intentó suicidarse?""}","{""Q0"":"" Si""}","[0]"
"","624.3999999985099","ACE_004","ACE","survey-multi-choice","9","9213","0.0-10.0-0.0","{""Q0"":""¿Vivió con alguien que tuvo problemas de alcohol y/o drogas, incluyendo medicamentos recetados?""}","{""Q0"":"" No""}","[0]"
"","618","ACE_005","ACE","survey-multi-choice","10","9834","0.0-11.0-0.0","{""Q0"":""¿Sus padres o algún adulto en su casa alguna vez se golpearon o amenazaron con lastimarse?""}","{""Q0"":"" Si""}","[0]"
"","574.5","ACE_006","ACE","survey-multi-choice","11","10412","0.0-12.0-0.0","{""Q0"":""¿Vivió con alguien que fue a la cárcel o prisión?""}","{""Q0"":"" Si""}","[0]"
"","566.5","ACE_007","ACE","survey-multi-choice","12","10981","0.0-13.0-0.0","{""Q0"":""¿Alguna vez uno de sus padres o algún adulto en su casa le ha insultado o menospreciado?""}","{""Q0"":"" Si""}","[0]"
"","659.9000000003725","ACE_008","ACE","survey-multi-choice","13","11644","0.0-14.0-0.0","{""Q0"":""¿Alguno de sus padres o algún adulto en su hogar alguna vez lo golpeó, pateó o lastimó físicamente de alguna manera?""}","{""Q0"":"" No""}","[0]"
"","713.8000000007451","ACE_009","ACE","survey-multi-choice","14","12360","0.0-15.0-0.0","{""Q0"":""¿Sintió que nadie en su familia lo quería o pensaba que era especial?""}","{""Q0"":"" No""}","[0]"
"","730.3999999985099","ACE_010","ACE","survey-multi-choice","15","13094","0.0-16.0-0.0","{""Q0"":""¿Experimentó contacto sexual no deseado (como manosear / penetración oral / anal / vaginal)?""}","{""Q0"":"" Si""}","[0]"
