"view_history","rt","trialid","procedure","trial_type","trial_index","time_elapsed","internal_node_id","stimulus","response","question_order"
"[{""page_index"":0,""viewing_time"":909}]","909","Instructions_001","PSQQ","instructions","5","4494","0.0-6.0-0.0","","",""
"","1946.8000000000466","PSQQ_001","PSQQ","survey-html-form","6","6445","0.0-7.0-0.0","{""Q0"":""Durante el último mes, ¿cuál ha sido, normalmente, su hora de acostarse? (responder en formato de 24 horas)""}","{""hours"":""9"",""minutes"":""35""}",""
"","1314.5","PSQQ_002","PSQQ","survey-multi-choice","7","7762","0.0-8.0-0.0","{""Q0"":""¿Cuánto tiempo habrá tardado en dormirse, normalmente, las noches del último mes?""}","{""Q0"":"" Menos de 15 min""}","[0]"
"","1087.0999999999767","PSQQ_003","PSQQ","survey-html-form","8","8852","0.0-9.0-0.0","{""Q0"":""Durante el último mes, ¿a qué hora se ha levantado habitualmente por la mañana? (responder en formato de 24 horas)""}","{""hours"":""6"",""minutes"":""25""}",""
"","821","PSQQ_004","PSQQ","survey-text","9","9678","0.0-10.0-0.0","{""Q0"":""¿Cuántas horas calcula que habrá dormido verdaderamente cada noche durante el último mes?""}","{""Q0"":""9""}",""
"","1049.3000000000466","PSQQ_005","PSQQ","survey-multi-choice","10","10730","0.0-11.0-0.0","{""Q0"":""No poder concliliar el sueño en la primera media hora:""}","{""Q0"":"" Ninguna vez en el último mes""}","[0]"
"","1244.1000000000931","PSQQ_006","PSQQ","survey-multi-choice","11","11976","0.0-12.0-0.0","{""Q0"":""Despertarse durante la noche o de madrugada:""}","{""Q0"":"" Tres o más veces a la semana""}","[0]"
"","1435.8000000000466","PSQQ_007","PSQQ","survey-multi-choice","12","13415","0.0-13.0-0.0","{""Q0"":""Tener que levantarse para ir al baño:""}","{""Q0"":"" Menos de una vez a la semana""}","[0]"
"","1139.2000000000698","PSQQ_008","PSQQ","survey-multi-choice","13","14557","0.0-14.0-0.0","{""Q0"":""No poder respirar bien:""}","{""Q0"":"" Una o dos veces a la semana""}","[0]"
"","1172","PSQQ_009","PSQQ","survey-multi-choice","14","15732","0.0-15.0-0.0","{""Q0"":""Toser o roncar ruidosamente:""}","{""Q0"":"" Una o dos veces a la semana""}","[0]"
"","1075","PSQQ_010","PSQQ","survey-multi-choice","15","16810","0.0-16.0-0.0","{""Q0"":""Sentir frío:""}","{""Q0"":"" Una o dos veces a la semana""}","[0]"
"","1214.7000000000698","PSQQ_011","PSQQ","survey-multi-choice","16","18029","0.0-17.0-0.0","{""Q0"":""Sentir demasiado calor:""}","{""Q0"":"" Tres o más veces a la semana""}","[0]"
"","1151.5999999999767","PSQQ_012","PSQQ","survey-multi-choice","17","19184","0.0-18.0-0.0","{""Q0"":""Tener pesadillas o malos sueños:""}","{""Q0"":"" Una o dos veces a la semana""}","[0]"
"","1015.5999999999767","PSQQ_013","PSQQ","survey-multi-choice","18","20203","0.0-19.0-0.0","{""Q0"":""Sufrir dolores:""}","{""Q0"":"" Ninguna vez en el último mes""}","[0]"
"","874.4000000000233","PSQQ_014","PSQQ","survey-multi-choice","19","21079","0.0-20.0-0.0","{""Q0"":""¿Existe alguna otra razón por la cual no pueda dormir?""}","{""Q0"":"" Sí""}","[0]"
"","1103","PSQQ_015","PSQQ","survey-text","20","22187","0.0-21.0-0.0-0.0","{""Q0"":""Por favor, explique la razón:""}","{""Q0"":""IzDpkPy6VhAF1X8Fd5BQx2xV5d8VforBPBBDa4Cg4IHnJuEtlowwJdTWK6WumPHxJ2qCLxiIuFyi4Kim84""}",""
"","1272.5999999999767","PSQQ_016","PSQQ","survey-multi-choice","21","23464","0.0-22.0-0.0-0.0","{""Q0"":""Durante el último mes, cuántas veces ha tenido usted problemas para dormir por la razón que mencionó.""}","{""Q0"":"" Tres o más veces a la semana""}","[0]"
"","1163.2999999999302","PSQQ_017","PSQQ","survey-multi-choice","22","24631","0.0-23.0-0.0","{""Q0"":""Durante el último mes, ¿cómo valoraría en conjunto, la calidad de su sueño?""}","{""Q0"":"" Bastante buena""}","[0]"
"","1251.5","PSQQ_018","PSQQ","survey-multi-choice","23","25886","0.0-24.0-0.0","{""Q0"":""Durante el último mes, ¿cuántas veces habrá tomado medicinas (por su cuenta o recetadas por el médico) para dormir?""}","{""Q0"":"" Ninguna vez en el último mes""}","[0]"
"","1160.6999999999534","PSQQ_019","PSQQ","survey-multi-choice","24","27051","0.0-25.0-0.0","{""Q0"":""Durante el último mes, ¿cuántas veces ha sentido somnolencia mientras conducía, comía o desarrollaba alguna otra actividad?""}","{""Q0"":"" Ninguna vez en el último mes""}","[0]"
"","1074","PSQQ_020","PSQQ","survey-multi-choice","25","28129","0.0-26.0-0.0","{""Q0"":""Durante el último mes, ¿ha representado para usted mucho problema el tener ánimos para realizar alguna de las actividades detalladas en la pregunta anterior?""}","{""Q0"":"" Un problema""}","[0]"
"","1234.7999999999302","PSQQ_021","PSQQ","survey-multi-choice","26","29366","0.0-27.0-0.0","{""Q0"":""¿Cómo durmió usted el día de ayer?""}","{""Q0"":"" Bien""}","[0]"
"","864","PSQQ_022","PSQQ","survey-text","27","30233","0.0-28.0-0.0","{""Q0"":""¿Qué edad sientes que tienes con respecto a tu edad real: mayor edad, la misma edad o menor edad? Indica la edad que percibes tener:""}","{""Q0"":""25""}",""
