"view_history","rt","trialid","procedure","trial_type","trial_index","time_elapsed","internal_node_id","stimulus","slider_start","response"
"[{""page_index"":0,""viewing_time"":802}]","803","Instructions_001","AASR","instructions","224","270285","0.0-294.0-0.0","","",""
"","879.2000000000698","AASR_001","AASR","html-slider-response","225","271168","0.0-295.0-0.0","<div class='justified'>Encuentro que me es relativamente fácil acercarme a la gente.</div><br>","3","5"
"","890.4000000000233","AASR_002","AASR","html-slider-response","226","272062","0.0-296.0-0.0","<div class='justified'>Me resulta difícil apoyarme en otras personas.</div><br>","3","5"
"","1042.2000000000698","AASR_003","AASR","html-slider-response","227","273108","0.0-297.0-0.0","<div class='justified'>A menudo me preocupa que los otros no me amen realmente.</div><br>","3","4"
"","1075.9000000000233","AASR_004","AASR","html-slider-response","228","274188","0.0-298.0-0.0","<div class='justified'>Encuentro que los otros no se acercan a mi tanto como yo quisiera.</div><br>","3","3"
"","1003.1000000000931","AASR_005","AASR","html-slider-response","229","275194","0.0-299.0-0.0","<div class='justified'>Me siento cómodo apoyándome en otras personas.</div><br>","3","5"
"","938.7999999999302","AASR_006","AASR","html-slider-response","230","276136","0.0-300.0-0.0","<div class='justified'>No me preocupa que la gente se acerque demasiado a mí.</div><br>","3","3"
"","950","AASR_007","AASR","html-slider-response","231","277088","0.0-301.0-0.0","<div class='justified'>Encuentro que las personas nunca están ahí cuando las necesitas.</div><br>","3","3"
"","892.2000000000698","AASR_008","AASR","html-slider-response","232","277983","0.0-302.0-0.0","<div class='justified'>Me siento algo incómodo estando cerca de otros.</div><br>","3","4"
"","881.4000000000233","AASR_009","AASR","html-slider-response","233","278867","0.0-303.0-0.0","<div class='justified'>A menudo me preocupa que los otros no quieran quedarse conmigo.</div><br>","3","4"
"","957.2000000000698","AASR_010","AASR","html-slider-response","234","279829","0.0-304.0-0.0","<div class='justified'>Cuando muestro mis sentimientos por otros me asusta que no sientan lo mismo por mí.</div><br>","3","1"
"","1216.5999999999767","AASR_011","AASR","html-slider-response","235","281049","0.0-305.0-0.0","<div class='justified'>A menudo me pregunto si realmente le importo a las otras personas.</div><br>","3","1"
"","882.0999999999767","AASR_012","AASR","html-slider-response","236","281935","0.0-306.0-0.0","<div class='justified'>Me siento cómodo desarrollando relaciones cercanas con otros.</div><br>","3","5"
"","862","AASR_013","AASR","html-slider-response","237","282800","0.0-307.0-0.0","<div class='justified'>Me siento incómodo cuando cualquier persona se vuelve demasiado cercana emocionalmente a mí.</div><br>","3","4"
"","878.5999999999767","AASR_014","AASR","html-slider-response","238","283683","0.0-308.0-0.0","<div class='justified'>Sé que las personas estarán ahí cuando las necesite.</div><br>","3","3"
"","826.1000000000931","AASR_015","AASR","html-slider-response","239","284512","0.0-309.0-0.0","<div class='justified'>Quiero acercarme a la gente, pero me preocupa ser herido.</div><br>","3","3"
"","850.7999999999302","AASR_016","AASR","html-slider-response","240","285366","0.0-310.0-0.0","<div class='justified'>Encuentro difícil confiar completamente en otros.</div><br>","3","2"
"","860.5","AASR_017","AASR","html-slider-response","241","286230","0.0-311.0-0.0","<div class='justified'>A menudo las personas quieren que sea más cercano emocionalmente de lo que a mí me acomoda.</div><br>","3","4"
"","866.2999999999302","AASR_018","AASR","html-slider-response","242","287099","0.0-312.0-0.0","<div class='justified'>No estoy seguro de que siempre podré contar con las personas cuando las necesite.</div><br>","3","3"
