"view_history","rt","trialid","procedure","trial_type","trial_index","time_elapsed","internal_node_id","stimulus","slider_start","response"
"[{""page_index"":0,""viewing_time"":447}]","447","Instructions_01","PERMA","instructions","1114","819499","0.0-1131.0-0.0","","",""
"","619.4000000003725","PERMA_01","PERMA","html-slider-response","1115","820122","0.0-1132.0-0.0","<div class='justified'>1. En general ¿Con qué frecuencia sientes que estás progresando en alcanzar tus objetivos?</div><br>","4.5","9"
"","647","PERMA_02","PERMA","html-slider-response","1116","820775","0.0-1133.0-0.0","<div class='justified'>2. En general, ¿Con qué frecuencia te sientes absorto(a) (con atención plena) en lo que estás haciendo?</div><br>","4.5","10"
"","636.0999999996275","PERMA_03","PERMA","html-slider-response","1117","821418","0.0-1134.0-0.0","<div class='justified'>3. En general, ¿Con qué frecuencia te sientes contento(a)?</div><br>","4.5","1"
"","619.5","PERMA_04","PERMA","html-slider-response","1118","822042","0.0-1135.0-0.0","<div class='justified'>4. En general, ¿Con qué frecuencia te sientes ansioso(a)?</div><br>","4.5","9"
"","593.5","PERMA_05","PERMA","html-slider-response","1119","822641","0.0-1136.0-0.0","<div class='justified'>5. ¿Con qué frecuencia alcanzas las metas que te has fijado?</div><br>","4.5","6"
"","543.5","PERMA_06","PERMA","html-slider-response","1120","823191","0.0-1137.0-0.0","<div class='justified'>6. En general, ¿Cómo dirías que es tu salud?</div><br>","4.5","4"
"","615.0999999996275","PERMA_07","PERMA","html-slider-response","1121","823811","0.0-1138.0-0.0","<div class='justified'>7. En general, ¿En qué medida sientes que llevas una vida con propósito y sentido?</div><br>","4.5","10"
"","537.0999999996275","PERMA_08","PERMA","html-slider-response","1122","824351","0.0-1139.0-0.0","<div class='justified'>8. ¿En qué medida recibes ayuda y apoyo de otros cuando lo necesitas?</div><br>","4.5","8"
"","548.4000000003725","PERMA_09","PERMA","html-slider-response","1123","824904","0.0-1140.0-0.0","<div class='justified'>9. En general, ¿En qué medida sientes que lo que haces en tu vida es valioso?</div><br>","4.5","2"
"","510.2999999988824","PERMA_10","PERMA","html-slider-response","1124","825418","0.0-1141.0-0.0","<div class='justified'>10. En general, ¿Hasta qué punto te sientes emocionado(a) e interesado(a) por las cosas?</div><br>","4.5","8"
"","561.6999999992549","PERMA_11","PERMA","html-slider-response","1125","825983","0.0-1142.0-0.0","<div class='justified'>11. ¿Qué tan solo te sientes en tu vida diaria?</div><br>","4.5","6"
"","572.4000000003725","PERMA_12","PERMA","html-slider-response","1126","826558","0.0-1143.0-0.0","<div class='justified'>12. ¿Qué tan satisfecho(a) estás con tu estado (salud) físico actual?</div><br>","4.5","7"
"","618.8000000007451","PERMA_13","PERMA","html-slider-response","1127","827180","0.0-1144.0-0.0","<div class='justified'>13. En general, ¿Con qué frecuencia te sientes positivo(a)?</div><br>","4.5","10"
"","575.2000000011176","PERMA_14","PERMA","html-slider-response","1128","827760","0.0-1145.0-0.0","<div class='justified'>14.  En general, ¿Con qué frecuencia te sientes enojado(a)?</div><br>","4.5","3"
"","593","PERMA_15","PERMA","html-slider-response","1129","828359","0.0-1146.0-0.0","<div class='justified'>15. ¿Con qué frecuencia eres capaz de manejar tus responsabilidades?</div><br>","4.5","2"
"","682.4000000003725","PERMA_16","PERMA","html-slider-response","1130","829047","0.0-1147.0-0.0","<div class='justified'>16. En general, ¿Con qué frecuencia te sientes  triste?</div><br>","4.5","3"
"","596.7999999988824","PERMA_17","PERMA","html-slider-response","1131","829647","0.0-1148.0-0.0","<div class='justified'>17. ¿Con qué frecuencia pierdes la noción del tiempo haciendo algo que disfrutas?</div><br>","4.5","8"
"","548.5","PERMA_18","PERMA","html-slider-response","1132","830199","0.0-1149.0-0.0","<div class='justified'>18. En comparación con otras personas de tu misma edad y sexo, ¿Cómo está tu salud?</div><br>","4.5","2"
"","691.5","PERMA_19","PERMA","html-slider-response","1133","830896","0.0-1150.0-0.0","<div class='justified'>19. ¿Hasta qué punto te sientes querido(a)?</div><br>","4.5","6"
"","800.8000000007451","PERMA_20","PERMA","html-slider-response","1134","831701","0.0-1151.0-0.0","<div class='justified'>20. En general, ¿Hasta qué punto sientes que tienes un propósito en la vida?</div><br>","4.5","4"
"","579.7999999988824","PERMA_21","PERMA","html-slider-response","1135","832285","0.0-1152.0-0.0","<div class='justified'>21. ¿Qué tan satisfecho(a) estás con tus relaciones personales?</div><br>","4.5","8"
"","601.0999999996275","PERMA_22","PERMA","html-slider-response","1136","832891","0.0-1153.0-0.0","<div class='justified'>22. En general, ¿Hasta qué punto te sientes completo(a)?</div><br>","4.5","10"
"","553.9000000003725","PERMA_23","PERMA","html-slider-response","1137","833450","0.0-1154.0-0.0","<div class='justified'>23. Tomando todas las cosas juntas, ¿Qué tan feliz dirías que eres?</div><br>","4.5","2"
