"view_history","rt","trialid","procedure","trial_type","trial_index","time_elapsed","internal_node_id","stimulus","slider_start","response"
"[{""page_index"":0,""viewing_time"":489}]","489","Instructions_01","SWBQ","instructions","1606","1172484","0.0-1705.0-0.0","","",""
"","673.5","SWBQ_01","SWBQ","html-slider-response","1607","1173161","0.0-1706.0-0.0","<div class='justified'>1. Siento amor por otras personas.</div></br>","3","5"
"","721","SWBQ_02","SWBQ","html-slider-response","1608","1173886","0.0-1707.0-0.0","<div class='justified'>2. Siento una relación personal con lo Divino / Dios.</div></br>","3","2"
"","634.6000000014901","SWBQ_03","SWBQ","html-slider-response","1609","1174525","0.0-1708.0-0.0","<div class='justified'>3. Siento lástima hacia los demás.</div></br>","3","2"
"","603.6000000014901","SWBQ_04","SWBQ","html-slider-response","1610","1175132","0.0-1709.0-0.0","<div class='justified'>4. Siento una conexión con la naturaleza.</div></br>","3","2"
"","581.6999999992549","SWBQ_05","SWBQ","html-slider-response","1611","1175718","0.0-1710.0-0.0","<div class='justified'>5. Tengo un sentido de identidad.</div></br>","3","5"
"","903.0999999996275","SWBQ_06","SWBQ","html-slider-response","1612","1176626","0.0-1711.0-0.0","<div class='justified'>6. Adoro al Divino / Creador.</div></br>","3","1"
"","612.5","SWBQ_07","SWBQ","html-slider-response","1613","1177244","0.0-1712.0-0.0","<div class='justified'>7. Siento asombro por una vista impresionante.</div></br>","3","3"
"","573.0999999996275","SWBQ_08","SWBQ","html-slider-response","1614","1177823","0.0-1713.0-0.0","<div class='justified'>8. Me siento confiado entre las personas.</div></br>","3","2"
"","628.8000000007451","SWBQ_09","SWBQ","html-slider-response","1615","1178456","0.0-1714.0-0.0","<div class='justified'>9. Siento autoconciencia.</div></br>","3","2"
"","545.9000000003725","SWBQ_10","SWBQ","html-slider-response","1616","1179007","0.0-1715.0-0.0","<div class='justified'>10. Siento unidad con la naturaleza.</div></br>","3","5"
"","572","SWBQ_11","SWBQ","html-slider-response","1617","1179584","0.0-1716.0-0.0","<div class='justified'>11. Siento unidad con lo Divino / Dios.</div></br>","3","1"
"","598.2999999988824","SWBQ_12","SWBQ","html-slider-response","1618","1180187","0.0-1717.0-0.0","<div class='justified'>12. Siento armonía con el medio ambiente.</div></br>","3","1"
"","565.3000000007451","SWBQ_13","SWBQ","html-slider-response","1619","1180757","0.0-1718.0-0.0","<div class='justified'>13. Siento paz con lo Divino / Dios.</div></br>","3","3"
"","670.6999999992549","SWBQ_14","SWBQ","html-slider-response","1620","1181432","0.0-1719.0-0.0","<div class='justified'>14. Siento alegría en la vida.</div></br>","3","4"
"","655.5999999996275","SWBQ_15","SWBQ","html-slider-response","1621","1182091","0.0-1720.0-0.0","<div class='justified'>15. Siento que la oración enriquece mi vida.</div></br>","3","1"
"","586.2999999988824","SWBQ_16","SWBQ","html-slider-response","1622","1182683","0.0-1721.0-0.0","<div class='justified'>16. Siento paz interior.</div></br>","3","4"
"","683.7000000011176","SWBQ_17","SWBQ","html-slider-response","1623","1183372","0.0-1722.0-0.0","<div class='justified'>17. Siento respeto por los demás.</div></br>","3","4"
"","722.4000000003725","SWBQ_18","SWBQ","html-slider-response","1624","1184101","0.0-1723.0-0.0","<div class='justified'>18. Siento que la vida tiene sentido.</div></br>","3","2"
"","661.5999999996275","SWBQ_19","SWBQ","html-slider-response","1625","1184768","0.0-1724.0-0.0","<div class='justified'>19. Siento amabilidad hacia otras personas.</div></br>","3","2"
"","590","SWBQ_20","SWBQ","html-slider-response","1626","1185362","0.0-1725.0-0.0","<div class='justified'>20. Siento 'magia' en el medio ambiente.</div></br>","3","3"
"","596.6999999992549","SWBQ_21","SWBQ","html-slider-response","1627","1185963","0.0-1726.0-0.0","<div class='justified'>21. Siento una conexión entre mí y los demás.</div></br>","3","1"
"","629","SWBQ_22","SWBQ","html-slider-response","1628","1186596","0.0-1727.0-0.0","<div class='justified'>22. Siento asombro hacia naturaleza.</div></br>","3","3"
"","595.3000000007451","SWBQ_23","SWBQ","html-slider-response","1629","1187196","0.0-1728.0-0.0","<div class='justified'>23. Siento que vivo en armonía con los demás.</div></br>","3","2"
"","556.3000000007451","SWBQ_24","SWBQ","html-slider-response","1630","1187757","0.0-1729.0-0.0","<div class='justified'>24. Me siento en armonía con la naturaleza.</div></br>","3","2"
"","625.1000000014901","SWBQ_25","SWBQ","html-slider-response","1631","1188388","0.0-1730.0-0.0","<div class='justified'>25. Siento fuerza interior.</div></br>","3","3"
"","611.5","SWBQ_26","SWBQ","html-slider-response","1632","1189003","0.0-1731.0-0.0","<div class='justified'>26. Siento que confío en las personas.</div></br>","3","2"
