"view_history","rt","trialid","procedure","trial_type","trial_index","time_elapsed","internal_node_id","stimulus","response","question_order"
"[{""page_index"":0,""viewing_time"":687}]","687","Instructions_001","CSI","instructions","455","544282","0.0-536.0-0.0","","",""
"","1138.8000000000466","CSI_001","CSI","survey-multi-choice","456","545424","0.0-537.0-0.0","{""Q0"":""¿Usted ha sentido estrés y tensión frecuentemente?""}","{""Q0"":"" Solo en el último mes""}","[0]"
"","1166","CSI_002","CSI","survey-multi-choice","457","546593","0.0-538.0-0.0","{""Q0"":""¿Usted ha sentido angustia y/o ansiedad frecuentemente?""}","{""Q0"":"" Al menos durante todo el último año""}","[0]"
"","1141.3000000000466","CSI_003","CSI","survey-multi-choice","458","547738","0.0-539.0-0.0","{""Q0"":""¿Usted ha sentido agobio y/o desánimo frecuentemente?""}","{""Q0"":"" Solo en el último mes""}","[0]"
"","1106.6000000000931","CSI_004","CSI","survey-multi-choice","459","548847","0.0-540.0-0.0","{""Q0"":""¿Usted ha experimentado problemas de sueño frecuentemente?""}","{""Q0"":"" Hace más de un año""}","[0]"
"","1570.5999999998603","CSI_005","CSI","survey-multi-choice","460","550421","0.0-541.0-0.0","{""Q0"":""¿Usted ha experimentado problemas de concentración y memoria frecuentemente?""}","{""Q0"":"" Al menos durante todo el último año""}","[0]"
"","1139.7000000001863","CSI_006","CSI","survey-multi-choice","461","551563","0.0-542.0-0.0","{""Q0"":""¿Usted ha sentido irritabilidad frecuentemente?""}","{""Q0"":"" Solo en el último mes""}","[0]"
"","1169.6999999999534","CSI_007","CSI","survey-multi-choice","462","552736","0.0-543.0-0.0","{""Q0"":""¿Usted ha experimentado fatiga persistente?""}","{""Q0"":"" Al menos en estos 6 meses""}","[0]"
