"view_history","rt","trialid","procedure","trial_type","trial_index","time_elapsed","internal_node_id","stimulus","slider_start","response"
"[{""page_index"":0,""viewing_time"":480}]","480","Instructions_01","REI40","instructions","1233","897586","0.0-1261.0-0.0","","",""
"","678.5","REI40_01","REI40","html-slider-response","1234","898269","0.0-1262.0-0.0","<div class='justified'>No soy tan bueno/a resolviendo problemas complicados.</div></br>","3","5"
"","549.9000000003725","REI40_02","REI40","html-slider-response","1235","898823","0.0-1263.0-0.0","<div class='justified'>Si me basara en mis corazonadas, me equivocaría seguido.</div></br>","3","4"
"","595.9000000003725","REI40_03","REI40","html-slider-response","1236","899423","0.0-1264.0-0.0","<div class='justified'>Prefiero los problemas complejos antes que los simples.</div></br>","3","1"
"","656.7000000011176","REI40_04","REI40","html-slider-response","1237","900083","0.0-1265.0-0.0","<div class='justified'>Generalmente, no dependo de mis sentimientos para tomar decisiones.</div></br>","3","4"
"","697.4000000003725","REI40_05","REI40","html-slider-response","1238","900786","0.0-1266.0-0.0","<div class='justified'>No tengo problema en pensar las cosas con claridad.</div></br>","3","3"
"","631.5","REI40_06","REI40","html-slider-response","1239","901425","0.0-1267.0-0.0","<div class='justified'>Cuando se trata de confiar en la gente, usualmente me baso en mis corazonadas.</div></br>","3","4"
"","565.2000000011176","REI40_07","REI40","html-slider-response","1240","901995","0.0-1268.0-0.0","<div class='justified'>Pensar no es para mi una actividad agradable.</div></br>","3","4"
"","610","REI40_08","REI40","html-slider-response","1241","902609","0.0-1269.0-0.0","<div class='justified'>Me gusta confiar en mis primeras impresiones.</div></br>","3","2"
"","571.1999999992549","REI40_09","REI40","html-slider-response","1242","903185","0.0-1270.0-0.0","<div class='justified'>No soy una persona que piense de manera muy analítica.</div></br>","3","1"
"","628.1999999992549","REI40_10","REI40","html-slider-response","1243","903817","0.0-1271.0-0.0","<div class='justified'>Yo confío en mis corazonadas.</div></br>","3","3"
"","593.5","REI40_11","REI40","html-slider-response","1244","904414","0.0-1272.0-0.0","<div class='justified'>Disfruto resolviendo problemas que requieren pensar mucho.</div></br>","3","4"
"","588.7999999988824","REI40_12","REI40","html-slider-response","1245","905007","0.0-1273.0-0.0","<div class='justified'>Creo que es una tontería tomar decisiones basadas en los sentimientos.</div></br>","3","1"
"","654.5999999996275","REI40_13","REI40","html-slider-response","1246","905665","0.0-1274.0-0.0","<div class='justified'>Sospecho que mis corazonadas a veces son inadecuadas y otras veces adecuadas.</div></br>","3","5"
"","591.3999999985099","REI40_14","REI40","html-slider-response","1247","906262","0.0-1275.0-0.0","<div class='justified'>Usualmente tengo razones claras y explicables para mis decisiones.</div></br>","3","4"
"","545.3999999985099","REI40_15","REI40","html-slider-response","1248","906812","0.0-1276.0-0.0","<div class='justified'>Para mí es suficiente conocer la respuesta sin tener que entender el razonamiento detrás.</div></br>","3","1"
"","810.7999999988824","REI40_16","REI40","html-slider-response","1249","907627","0.0-1277.0-0.0","<div class='justified'>No quisiera depender de alguien que se describa a sí mismo como intuitivo.</div></br>","3","5"
"","529.5","REI40_17","REI40","html-slider-response","1250","908160","0.0-1278.0-0.0","<div class='justified'>generalmente usar la lógica me sirve para resolver mis problemas.</div></br>","3","5"
"","572.5","REI40_18","REI40","html-slider-response","1251","908736","0.0-1279.0-0.0","<div class='justified'>Disfruto de los desafíos intelectuales.</div></br>","3","5"
"","698.8000000007451","REI40_19","REI40","html-slider-response","1252","909438","0.0-1280.0-0.0","<div class='justified'>Generalmente, puedo sentir cuando una persona está equivocada o no a pesar de no poder explicar cómo lo sé.</div></br>","3","2"
"","609.8000000007451","REI40_20","REI40","html-slider-response","1253","910051","0.0-1281.0-0.0","<div class='justified'>Frecuentemente sigo mi instinto cuando decido qué hacer.</div></br>","3","3"
"","580.9000000003725","REI40_21","REI40","html-slider-response","1254","910636","0.0-1282.0-0.0","<div class='justified'>Probablemente, mis juicios apresurados no son tan buenos como los de la mayoría de la gente.</div></br>","3","1"
"","575.5","REI40_22","REI40","html-slider-response","1255","911215","0.0-1283.0-0.0","<div class='justified'>Razonar las cosas cuidadosamente, no es uno de mis puntos fuertes.</div></br>","3","3"
"","612.6999999992549","REI40_23","REI40","html-slider-response","1256","911831","0.0-1284.0-0.0","<div class='justified'>No me gustan las situaciones en las cuales tengo que confiar en mi intuición.</div></br>","3","2"
"","553.1999999992549","REI40_24","REI40","html-slider-response","1257","912387","0.0-1285.0-0.0","<div class='justified'>Trato de evitar situaciones que requieren pensar en profundidad sobre algo.</div></br>","3","3"
"","561","REI40_25","REI40","html-slider-response","1258","912952","0.0-1286.0-0.0","<div class='justified'>Confío en mis sentimientos iniciales sobre la gente.</div></br>","3","2"
"","576","REI40_26","REI40","html-slider-response","1259","913533","0.0-1287.0-0.0","<div class='justified'>Pienso de manera lógica.</div></br>","3","3"
"","575","REI40_27","REI40","html-slider-response","1260","914113","0.0-1288.0-0.0","<div class='justified'>Pienso que no es una buena idea confiar en las propias intuiciones para tomar decisiones importantes.</div></br>","3","5"
"","612.7999999988824","REI40_28","REI40","html-slider-response","1261","914729","0.0-1289.0-0.0","<div class='justified'>No me gusta tener que pensar mucho.</div></br>","3","2"
"","630.4000000003725","REI40_29","REI40","html-slider-response","1262","915362","0.0-1290.0-0.0","<div class='justified'>No tengo muy buena intuición.</div></br>","3","2"
"","619.8999999985099","REI40_30","REI40","html-slider-response","1263","915987","0.0-1291.0-0.0","<div class='justified'>No soy muy bueno resolviendo problemas que requieren un análisis lógico minucioso.</div></br>","3","4"
"","555","REI40_31","REI40","html-slider-response","1264","916545","0.0-1292.0-0.0","<div class='justified'>Creo que hay veces en que uno debería confiar en su intuición.</div></br>","3","1"
"","563.5","REI40_32","REI40","html-slider-response","1265","917112","0.0-1293.0-0.0","<div class='justified'>Disfruto pensando en términos abstractos.</div></br>","3","3"
"","591.2000000011176","REI40_33","REI40","html-slider-response","1266","917707","0.0-1294.0-0.0","<div class='justified'>Generalmente mis intuiciones me sirven para resolver mis problemas.</div></br>","3","4"
"","618","REI40_34","REI40","html-slider-response","1267","918329","0.0-1295.0-0.0","<div class='justified'>No razono bajo presión.</div></br>","3","5"
"","547.0999999996275","REI40_35","REI40","html-slider-response","1268","918880","0.0-1296.0-0.0","<div class='justified'>Tiendo a usar mi corazón como guía para mis acciones.</div></br>","3","3"
"","594.3000000007451","REI40_36","REI40","html-slider-response","1269","919478","0.0-1297.0-0.0","<div class='justified'>Pensar mucho y por un tiempo prolongado sobre algo me da poca satisfacción.</div></br>","3","1"
"","589.2000000011176","REI40_37","REI40","html-slider-response","1270","920072","0.0-1298.0-0.0","<div class='justified'>Casi nunca me equivoco cuando escucho mis sentimientos más profundos para encontrar una respuesta.</div></br>","3","4"
"","558.3999999985099","REI40_38","REI40","html-slider-response","1271","920635","0.0-1299.0-0.0","<div class='justified'>Soy mucho mejor que la mayoría de la gente para resolver las cosas de forma lógica.</div></br>","3","5"
"","591.6999999992549","REI40_39","REI40","html-slider-response","1272","921230","0.0-1300.0-0.0","<div class='justified'>La intuición puede ser una forma útil para resolver problemas.</div></br>","3","5"
"","570.5","REI40_40","REI40","html-slider-response","1273","921805","0.0-1301.0-0.0","<div class='justified'>Me gustaría mucho aprender nuevas formas de pensar.</div></br>","3","1"
