"view_history","rt","trialid","procedure","trial_type","trial_index","time_elapsed","internal_node_id","stimulus","response","question_order"
"[{""page_index"":0,""viewing_time"":731}]","731","Instructions_01","STAITraits","instructions","320","372571","0.0-391.0-0.0","","",""
"","1150.9000000001397","STAITraits_001","STAITraits","survey-multi-choice","321","373726","0.0-392.0-0.0","{""Q0"":""Me siento bien.""}","{""Q0"":""Casi Nunca""}","[0]"
"","1190.4000000001397","STAITraits_002","STAITraits","survey-multi-choice","322","374919","0.0-393.0-0.0","{""Q0"":""Me canso rápidamente.""}","{""Q0"":""A veces""}","[0]"
"","1130","STAITraits_003","STAITraits","survey-multi-choice","323","376053","0.0-394.0-0.0","{""Q0"":""Siento ganas de llorar.""}","{""Q0"":""A veces""}","[0]"
"","1204","STAITraits_004","STAITraits","survey-multi-choice","324","377260","0.0-395.0-0.0","{""Q0"":""Me gustaría ser tan feliz como otros.""}","{""Q0"":""A veces""}","[0]"
"","1153.1000000000931","STAITraits_005","STAITraits","survey-multi-choice","325","378416","0.0-396.0-0.0","{""Q0"":""Pierdo oportunidades por no decidirme pronto.""}","{""Q0"":""Casi Nunca""}","[0]"
"","1011.2999999998137","STAITraits_006","STAITraits","survey-multi-choice","326","379431","0.0-397.0-0.0","{""Q0"":""Me siento descansado.""}","{""Q0"":""A veces""}","[0]"
"","1104","STAITraits_007","STAITraits","survey-multi-choice","327","380539","0.0-398.0-0.0","{""Q0"":""Soy una persona tranquila, serena y sosegada.""}","{""Q0"":""Casi siempre""}","[0]"
"","1154.5","STAITraits_008","STAITraits","survey-multi-choice","328","381696","0.0-399.0-0.0","{""Q0"":""Veo que las dificultades se amontonan y no puedo con ellas.""}","{""Q0"":""Casi Nunca""}","[0]"
"","1093.8000000000466","STAITraits_009","STAITraits","survey-multi-choice","329","382792","0.0-400.0-0.0","{""Q0"":""Me preocupo demasiado por cosas sin importancia.""}","{""Q0"":""A veces""}","[0]"
"","948.7000000001863","STAITraits_010","STAITraits","survey-multi-choice","330","383744","0.0-401.0-0.0","{""Q0"":""Soy feliz.""}","{""Q0"":""Casi Nunca""}","[0]"
"","1129.1000000000931","STAITraits_011","STAITraits","survey-multi-choice","331","384876","0.0-402.0-0.0","{""Q0"":""Suelo tomar las cosas demasiado seriamente.""}","{""Q0"":""A menudo""}","[0]"
"","1105.5","STAITraits_012","STAITraits","survey-multi-choice","332","385985","0.0-403.0-0.0","{""Q0"":""Me falta confianza en mí mismo.""}","{""Q0"":""Casi siempre""}","[0]"
"","1236.8000000000466","STAITraits_013","STAITraits","survey-multi-choice","333","387224","0.0-404.0-0.0","{""Q0"":""Me siento seguro.""}","{""Q0"":""A veces""}","[0]"
"","1080.8000000000466","STAITraits_014","STAITraits","survey-multi-choice","334","388309","0.0-405.0-0.0","{""Q0"":""No suelo afrontar las crisis o dificultades.""}","{""Q0"":""A veces""}","[0]"
"","1179.8000000000466","STAITraits_015","STAITraits","survey-multi-choice","335","389492","0.0-406.0-0.0","{""Q0"":""Me siento triste (melancólico).""}","{""Q0"":""A menudo""}","[0]"
"","1154.8000000000466","STAITraits_016","STAITraits","survey-multi-choice","336","390650","0.0-407.0-0.0","{""Q0"":""Estoy satisfecho.""}","{""Q0"":""A veces""}","[0]"
"","1064.6999999999534","STAITraits_017","STAITraits","survey-multi-choice","337","391717","0.0-408.0-0.0","{""Q0"":""Me rondan y molestan pensamientos sin importancia.""}","{""Q0"":""Casi Nunca""}","[0]"
"","1043.0999999998603","STAITraits_018","STAITraits","survey-multi-choice","338","392763","0.0-409.0-0.0","{""Q0"":""Me afectan tanto los desengaños que no puedo olvidarlos.""}","{""Q0"":""A veces""}","[0]"
"","1032.5","STAITraits_019","STAITraits","survey-multi-choice","339","393799","0.0-410.0-0.0","{""Q0"":""Soy una persona estable.""}","{""Q0"":""Casi siempre""}","[0]"
"","1122.5999999998603","STAITraits_020","STAITraits","survey-multi-choice","340","394924","0.0-411.0-0.0","{""Q0"":""Cuando pienso sobre asuntos y preocupaciones actuales me pongo tenso y agitado.""}","{""Q0"":""Casi Nunca""}","[0]"
