"view_history","rt","trialid","procedure","trial_type","trial_index","time_elapsed","internal_node_id","stimulus","response","question_order"
"[{""page_index"":0,""viewing_time"":689}]","689","Instructions_001","SWBS","instructions","538","607027","0.0-608.0-0.0","","",""
"","1188.1999999999534","SWBS_001","SWBS","survey-multi-choice","539","608220","0.0-609.0-0.0","{""Q0"":""Siento que soy parte importante de mi comunidad.""}","{""Q0"":"" Un poco en desacuerdo""}","[0]"
"","1214.3999999999069","SWBS_002","SWBS","survey-multi-choice","540","609438","0.0-610.0-0.0","{""Q0"":""Creo que la gente me valora como persona.""}","{""Q0"":"" Un poco de acuerdo""}","[0]"
"","1097.8999999999069","SWBS_003","SWBS","survey-multi-choice","541","610539","0.0-611.0-0.0","{""Q0"":""Si tengo algo que decir, creo que la mayoría de la gente me escucharía.""}","{""Q0"":"" Ni de acuerdo ni en desacuerdo""}","[0]"
"","1126.4000000001397","SWBS_004","SWBS","survey-multi-choice","542","611668","0.0-612.0-0.0","{""Q0"":""Me siento cercana/o a otra gente.""}","{""Q0"":"" Un poco de acuerdo""}","[0]"
"","1530.6999999999534","SWBS_005","SWBS","survey-multi-choice","543","613202","0.0-613.0-0.0","{""Q0"":""Si tuviera algo que decir, pienso que la gente no se lo tomaría en serio.""}","{""Q0"":"" Totalmente de acuerdo""}","[0]"
"","1045.0999999998603","SWBS_006","SWBS","survey-multi-choice","544","614251","0.0-614.0-0.0","{""Q0"":""No me siento pertenecer a ningún grupo social.""}","{""Q0"":"" Un poco de acuerdo""}","[0]"
"","1036.9000000001397","SWBS_007","SWBS","survey-multi-choice","545","615291","0.0-615.0-0.0","{""Q0"":""La sociedad en la que vivo es una fuente de bienestar.""}","{""Q0"":"" Totalmente de acuerdo""}","[0]"
"","1080.6999999999534","SWBS_008","SWBS","survey-multi-choice","546","616374","0.0-616.0-0.0","{""Q0"":""Creo que la gente no es de fiar.""}","{""Q0"":"" Totalmente en desacuerdo""}","[0]"
"","1074.1000000000931","SWBS_009","SWBS","survey-multi-choice","547","617451","0.0-617.0-0.0","{""Q0"":""Creo que las personas sólo piensan en sí mismas.""}","{""Q0"":"" Totalmente de acuerdo""}","[0]"
"","1209.1999999999534","SWBS_010","SWBS","survey-multi-choice","548","618663","0.0-618.0-0.0","{""Q0"":""Creo que no se debe confiar en la gente.""}","{""Q0"":"" Un poco de acuerdo""}","[0]"
"","1099.3999999999069","SWBS_011","SWBS","survey-multi-choice","549","619765","0.0-619.0-0.0","{""Q0"":""Creo que la gente es egoísta.""}","{""Q0"":"" Un poco en desacuerdo""}","[0]"
"","1076.3999999999069","SWBS_012","SWBS","survey-multi-choice","550","620845","0.0-620.0-0.0","{""Q0"":""Hoy en día, la gente es cada vez más deshonesta.""}","{""Q0"":"" Ni de acuerdo ni en desacuerdo""}","[0]"
"","1103.5","SWBS_013","SWBS","survey-multi-choice","551","621951","0.0-621.0-0.0","{""Q0"":""Las personas no se preocupan de los problemas de otros.""}","{""Q0"":"" Ni de acuerdo ni en desacuerdo""}","[0]"
"","1061.1999999999534","SWBS_014","SWBS","survey-multi-choice","552","623016","0.0-622.0-0.0","{""Q0"":""Creo que las personas son amables.""}","{""Q0"":"" Totalmente de acuerdo""}","[0]"
"","1048.8000000000466","SWBS_015","SWBS","survey-multi-choice","553","624067","0.0-623.0-0.0","{""Q0"":""Las personas no esperan nada a cambio cuando hacen un favor.""}","{""Q0"":"" Un poco de acuerdo""}","[0]"
"","1106.1000000000931","SWBS_016","SWBS","survey-multi-choice","554","625176","0.0-624.0-0.0","{""Q0"":""Creo que puedo aportar algo al mundo.""}","{""Q0"":"" Un poco en desacuerdo""}","[0]"
"","1174.6000000000931","SWBS_017","SWBS","survey-multi-choice","555","626354","0.0-625.0-0.0","{""Q0"":""No tengo nada importante que ofrecer a la sociedad.""}","{""Q0"":"" Un poco en desacuerdo""}","[0]"
"","1141.3000000000466","SWBS_018","SWBS","survey-multi-choice","556","627498","0.0-626.0-0.0","{""Q0"":""Mis actividades diarias no aportan nada que valga la pena a la sociedad.""}","{""Q0"":"" Totalmente en desacuerdo""}","[0]"
"","1127.0999999998603","SWBS_019","SWBS","survey-multi-choice","557","628628","0.0-627.0-0.0","{""Q0"":""No tengo ni el tiempo ni la energía para aportar algo a la sociedad.""}","{""Q0"":"" Totalmente en desacuerdo""}","[0]"
"","1059.8999999999069","SWBS_020","SWBS","survey-multi-choice","558","629691","0.0-628.0-0.0","{""Q0"":""Pienso que lo que hago es importante para la sociedad.""}","{""Q0"":"" Totalmente de acuerdo""}","[0]"
"","1069.1999999999534","SWBS_021","SWBS","survey-multi-choice","559","630764","0.0-629.0-0.0","{""Q0"":""Lo que hago tiene alguna influencia sobre otras personas.""}","{""Q0"":"" Un poco en desacuerdo""}","[0]"
"","1145.1999999999534","SWBS_022","SWBS","survey-multi-choice","560","631912","0.0-630.0-0.0","{""Q0"":""Para mí el progreso social es algo que no existe.""}","{""Q0"":"" Un poco de acuerdo""}","[0]"
"","1116.1000000000931","SWBS_023","SWBS","survey-multi-choice","561","633031","0.0-631.0-0.0","{""Q0"":""La sociedad no ofrece incentivos para gente como yo.""}","{""Q0"":"" Un poco en desacuerdo""}","[0]"
"","1095.1000000000931","SWBS_024","SWBS","survey-multi-choice","562","634129","0.0-632.0-0.0","{""Q0"":""Veo que la sociedad está en continuo desarrollo.""}","{""Q0"":"" Totalmente de acuerdo""}","[0]"
"","1148.8000000000466","SWBS_025","SWBS","survey-multi-choice","563","635281","0.0-633.0-0.0","{""Q0"":""No creo que instituciones como la justicia o el gobierno mejoren mi vida.""}","{""Q0"":"" Un poco en desacuerdo""}","[0]"
"","1162.5","SWBS_026","SWBS","survey-multi-choice","564","636446","0.0-634.0-0.0","{""Q0"":""La sociedad ya no progresa.""}","{""Q0"":"" Ni de acuerdo ni en desacuerdo""}","[0]"
"","1126.3000000000466","SWBS_027","SWBS","survey-multi-choice","565","637575","0.0-635.0-0.0","{""Q0"":""El mundo es cada vez un lugar mejor para la gente.""}","{""Q0"":"" Un poco en desacuerdo""}","[0]"
"","1123.1000000000931","SWBS_028","SWBS","survey-multi-choice","566","638703","0.0-636.0-0.0","{""Q0"":""No entiendo lo que está pasando en el mundo.""}","{""Q0"":"" Totalmente de acuerdo""}","[0]"
"","1096.6000000000931","SWBS_029","SWBS","survey-multi-choice","567","639803","0.0-637.0-0.0","{""Q0"":""El mundo es demasiado complejo para mí.""}","{""Q0"":"" Un poco de acuerdo""}","[0]"
"","1044.0999999998603","SWBS_030","SWBS","survey-multi-choice","568","640850","0.0-638.0-0.0","{""Q0"":""No merece la pena esforzarse en intentar comprender el mundo en el que vivo.""}","{""Q0"":"" Un poco en desacuerdo""}","[0]"
"","1063","SWBS_031","SWBS","survey-multi-choice","569","641917","0.0-639.0-0.0","{""Q0"":""Muchas culturas son tan extrañas que no puedo comprenderlas.""}","{""Q0"":"" Un poco en desacuerdo""}","[0]"
"","1104.6000000000931","SWBS_032","SWBS","survey-multi-choice","570","643024","0.0-640.0-0.0","{""Q0"":""Los científicos son los únicos que pueden entender cómo funciona el mundo.""}","{""Q0"":"" Ni de acuerdo ni en desacuerdo""}","[0]"
"","1149.0999999998603","SWBS_033","SWBS","survey-multi-choice","571","644177","0.0-641.0-0.0","{""Q0"":""Me resulta fácil predecir lo que puede suceder en el futuro.""}","{""Q0"":"" Un poco de acuerdo""}","[0]"
