"view_history","rt","trialid","procedure","trial_type","trial_index","time_elapsed","internal_node_id","stimulus","response","question_order"
"[{""page_index"":0,""viewing_time"":839}]","840","SPSI_000","SPSI","instructions","537","628380","0.0-606.0-0.0","","",""
"","1167.5","SPSI_001","SPSI","survey-multi-choice","538","629551","0.0-607.0-0.0","{""Q0"":""Me preocupo demasiado por mi problemas en vez de resolverlos""}","{""Q0"":"" Bastante""}","[0]"
"","1466.5999999998603","SPSI_002","SPSI","survey-multi-choice","539","631021","0.0-608.0-0.0","{""Q0"":""Me siento temeroso/a cuando tengo problemas importantes""}","{""Q0"":"" Bastante""}","[0]"
"","1054.1000000000931","SPSI_003","SPSI","survey-multi-choice","540","632078","0.0-609.0-0.0","{""Q0"":""Cuando tomo decisiones, no examino todas mi opciones""}","{""Q0"":"" Moderadamente""}","[0]"
"","1127","SPSI_004","SPSI","survey-multi-choice","541","633208","0.0-610.0-0.0","{""Q0"":""Cuando tomo decisiones, no pienso en los efectos que cada opción puede tener en otras personas""}","{""Q0"":"" Completamente""}","[0]"
"","1085.5","SPSI_005","SPSI","survey-multi-choice","542","634296","0.0-611.0-0.0","{""Q0"":""Cuando resuelvo problemas, pienso en varias ideas y combino algunas de ellas para encontrar una solución mejor""}","{""Q0"":"" Completamente""}","[0]"
"","1074.1999999999534","SPSI_006","SPSI","survey-multi-choice","543","635373","0.0-612.0-0.0","{""Q0"":""Me siento inseguro/a de mi mismo/A cuando tomo decisiones importantes""}","{""Q0"":"" Completamente""}","[0]"
"","1063.5","SPSI_007","SPSI","survey-multi-choice","544","636440","0.0-613.0-0.0","{""Q0"":""Cuando mi primer intento de resolver un problema fracasa , creo que si no me rindo llegaré a resolverlo""}","{""Q0"":"" Escasamente""}","[0]"
"","1185","SPSI_008","SPSI","survey-multi-choice","545","637628","0.0-614.0-0.0","{""Q0"":""Cuando tengo un problema, hago lo primero que se me ocurre""}","{""Q0"":"" Completamente""}","[0]"
"","1078.5","SPSI_009","SPSI","survey-multi-choice","546","638710","0.0-615.0-0.0","{""Q0"":""Creo que mis problemas pueden ser solucionados""}","{""Q0"":"" Moderadamente""}","[0]"
"","1232.8999999999069","SPSI_010","SPSI","survey-multi-choice","547","639946","0.0-616.0-0.0","{""Q0"":""Espero a ver si un problema desaparece antes de intentar resolverlo yo""}","{""Q0"":"" Escasamente""}","[0]"
"","1149.1999999999534","SPSI_011","SPSI","survey-multi-choice","548","641099","0.0-617.0-0.0","{""Q0"":""Cuando resuelvo problemas, trato de encontrar qué es lo que me impide obtener lo que quiero""}","{""Q0"":"" Bastante""}","[0]"
"","1128.5","SPSI_012","SPSI","survey-multi-choice","549","642231","0.0-618.0-0.0","{""Q0"":""Cuando mis primeros intentos de resolver un problema fracasan , me frustro mucho""}","{""Q0"":"" Nada en absoluto""}","[0]"
"","1105.7999999998137","SPSI_013","SPSI","survey-multi-choice","550","643340","0.0-619.0-0.0","{""Q0"":""Dudo que sea capaz de resolver problemas difíciles no importa lo mucho que lo intente""}","{""Q0"":"" Moderadamente""}","[0]"
"","1068.4000000001397","SPSI_014","SPSI","survey-multi-choice","551","644411","0.0-620.0-0.0","{""Q0"":""Aplazo el resolver problemas tanto como sea posible""}","{""Q0"":"" Completamente""}","[0]"
"","1060.5","SPSI_015","SPSI","survey-multi-choice","552","645475","0.0-621.0-0.0","{""Q0"":""No me tomo el tiempo de comprobar si mi solución funcionó""}","{""Q0"":"" Bastante""}","[0]"
"","1228.1999999999534","SPSI_016","SPSI","survey-multi-choice","553","646698","0.0-622.0-0.0","{""Q0"":""Hago todo lo posible para evitar resolver problemas""}","{""Q0"":"" Moderadamente""}","[0]"
"","1088.8000000000466","SPSI_017","SPSI","survey-multi-choice","554","647791","0.0-623.0-0.0","{""Q0"":""Los problemas difíciles me hacen sentir mal""}","{""Q0"":"" Bastante""}","[0]"
"","1077.1000000000931","SPSI_018","SPSI","survey-multi-choice","555","648871","0.0-624.0-0.0","{""Q0"":""Cuando resuelvo problemas, intento predecir los pros y los contras de cada opción""}","{""Q0"":"" Moderadamente""}","[0]"
"","1152.6999999999534","SPSI_019","SPSI","survey-multi-choice","556","650027","0.0-625.0-0.0","{""Q0"":""Me enfrento a mis problemas tan pronto como sea posible""}","{""Q0"":"" Nada en absoluto""}","[0]"
"","1074.4000000001397","SPSI_020","SPSI","survey-multi-choice","557","651104","0.0-626.0-0.0","{""Q0"":""Intento ser creativo y pensar en soluciones originales a los problemas""}","{""Q0"":"" Escasamente""}","[0]"
"","1133.9000000001397","SPSI_021","SPSI","survey-multi-choice","558","652241","0.0-627.0-0.0","{""Q0"":""Cuando resuelvo problemas, utilizo la primera idea buena que se me pasa por la cabeza""}","{""Q0"":"" Bastante""}","[0]"
"","1003.8999999999069","SPSI_022","SPSI","survey-multi-choice","559","653247","0.0-628.0-0.0","{""Q0"":""Cuando resuelvo problemas, no se me ocurren muchas ideas""}","{""Q0"":"" Bastante""}","[0]"
"","1088.4000000001397","SPSI_023","SPSI","survey-multi-choice","560","654338","0.0-629.0-0.0","{""Q0"":""Evito los problemas en vez de intentar resolverlos""}","{""Q0"":"" Bastante""}","[0]"
"","1093.5","SPSI_024","SPSI","survey-multi-choice","561","655435","0.0-630.0-0.0","{""Q0"":""Cuando tomo decisiones , pienso en las consecuencias a corto y a largo plazo de cada opción""}","{""Q0"":"" Escasamente""}","[0]"
"","1086.3000000000466","SPSI_025","SPSI","survey-multi-choice","562","656525","0.0-631.0-0.0","{""Q0"":""Después de llevar a la práctica una solcuión, analizo qué es lo que fue bien y qué es lo que fue mal""}","{""Q0"":"" Nada en absoluto""}","[0]"
"","1146","SPSI_026","SPSI","survey-multi-choice","563","657675","0.0-632.0-0.0","{""Q0"":""Después de intentar resolver un problema, compruebo si me siento mejor""}","{""Q0"":"" Bastante""}","[0]"
"","1105.3000000000466","SPSI_027","SPSI","survey-multi-choice","564","658784","0.0-633.0-0.0","{""Q0"":""Practico una solución antes de llevarla a cabo para mejorar mis posibilidades de éxito""}","{""Q0"":"" Completamente""}","[0]"
"","1113","SPSI_028","SPSI","survey-multi-choice","565","659900","0.0-634.0-0.0","{""Q0"":""Creo que puedo resolver problemas difíciles yo solo si lo intento en serio""}","{""Q0"":"" Bastante""}","[0]"
"","1100.6000000000931","SPSI_029","SPSI","survey-multi-choice","566","661004","0.0-635.0-0.0","{""Q0"":""Cuando tengo un problema, obtengo tantos datos acerca del mismo como sea posible""}","{""Q0"":"" Completamente""}","[0]"
"","1142.6999999999534","SPSI_030","SPSI","survey-multi-choice","567","662150","0.0-636.0-0.0","{""Q0"":""Aplazo el resolver problemas hasta que es demasiado tarde para hacer nada""}","{""Q0"":"" Bastante""}","[0]"
"","1150.5","SPSI_031","SPSI","survey-multi-choice","568","663303","0.0-637.0-0.0","{""Q0"":""Gasto más tiempo evitando mis problemas que resolviéndolos""}","{""Q0"":"" Completamente""}","[0]"
"","1117.8000000000466","SPSI_032","SPSI","survey-multi-choice","569","664425","0.0-638.0-0.0","{""Q0"":""Cuando tengo un problema, me altero tanto que no puedo pensar con claridad""}","{""Q0"":"" Completamente""}","[0]"
"","1128.8999999999069","SPSI_033","SPSI","survey-multi-choice","570","665557","0.0-639.0-0.0","{""Q0"":""Antes de intentar resolver un problema, me marco un objetivo específico para saber exactamente donde voy""}","{""Q0"":"" Completamente""}","[0]"
"","1094","SPSI_034","SPSI","survey-multi-choice","571","666654","0.0-640.0-0.0","{""Q0"":""Cuando tomo decisiones, no me tomo el tiempo necesario para pensar en los pros y contras de cada opcion""}","{""Q0"":"" Completamente""}","[0]"
"","1147.3000000000466","SPSI_035","SPSI","survey-multi-choice","572","667804","0.0-641.0-0.0","{""Q0"":""Cuando fracaso en resolver un problema, intento encontrar qué es lo que falló y vuelvo a intentarlo""}","{""Q0"":"" Nada en absoluto""}","[0]"
"","1100.1999999999534","SPSI_036","SPSI","survey-multi-choice","573","668907","0.0-642.0-0.0","{""Q0"":""Odio resolver problemas""}","{""Q0"":"" Nada en absoluto""}","[0]"
"","1175.1999999999534","SPSI_037","SPSI","survey-multi-choice","574","670085","0.0-643.0-0.0","{""Q0"":""Después de llevar a la práctica una solución, compruebo hasta qué punto ha mejorado el problema""}","{""Q0"":"" Bastante""}","[0]"
"","1094.7999999998137","SPSI_038","SPSI","survey-multi-choice","575","671183","0.0-644.0-0.0","{""Q0"":""Intento ver mis problemas como desafíos""}","{""Q0"":"" Nada en absoluto""}","[0]"
"","1132.6000000000931","SPSI_039","SPSI","survey-multi-choice","576","672318","0.0-645.0-0.0","{""Q0"":""Cuando resuelvo problemas, se me ocurren muchas opciones""}","{""Q0"":"" Escasamente""}","[0]"
"","1128","SPSI_040","SPSI","survey-multi-choice","577","673450","0.0-646.0-0.0","{""Q0"":""Cuando tomo decisiones, sopeso las consecuencias de cada opción""}","{""Q0"":"" Escasamente""}","[0]"
"","1065","SPSI_041","SPSI","survey-multi-choice","578","674518","0.0-647.0-0.0","{""Q0"":""Cuando tengo un problema importante, me deprimo y no hago nada""}","{""Q0"":"" Escasamente""}","[0]"
"","1148.3000000000466","SPSI_042","SPSI","survey-multi-choice","579","675669","0.0-648.0-0.0","{""Q0"":""Busco a alguien que me ayude a resolver los problemas dificiles.""}","{""Q0"":"" Completamente""}","[0]"
"","1145.3000000000466","SPSI_043","SPSI","survey-multi-choice","580","676824","0.0-649.0-0.0","{""Q0"":""Cuando tomo decisiones, pienso en los efectos de cada opción en mis sentimientos""}","{""Q0"":"" Bastante""}","[0]"
"","1159.1999999999534","SPSI_044","SPSI","survey-multi-choice","581","677987","0.0-650.0-0.0","{""Q0"":""Cuando tengo un problema, busco en mi alrededor sus causas""}","{""Q0"":"" Moderadamente""}","[0]"
"","1142.8000000000466","SPSI_045","SPSI","survey-multi-choice","582","679132","0.0-651.0-0.0","{""Q0"":""Cuando tomo decisiones, sigo mis corazonadas sin pensar en lo que pueda pasar""}","{""Q0"":"" Bastante""}","[0]"
"","1138.9000000001397","SPSI_046","SPSI","survey-multi-choice","583","680274","0.0-652.0-0.0","{""Q0"":""Cuando tomo decisiones, utilizo un sistema para ayudarme a escoger la mejor opción""}","{""Q0"":"" Moderadamente""}","[0]"
"","1134.8999999999069","SPSI_047","SPSI","survey-multi-choice","584","681412","0.0-653.0-0.0","{""Q0"":""Cuando resuelvo un problema, en todo momento intento mantener mi objetivo en mente""}","{""Q0"":"" Bastante""}","[0]"
"","1060.5","SPSI_048","SPSI","survey-multi-choice","585","682476","0.0-654.0-0.0","{""Q0"":""Miro los problemas desde diferentes ángulos""}","{""Q0"":"" Nada en absoluto""}","[0]"
"","1116.1999999999534","SPSI_049","SPSI","survey-multi-choice","586","683595","0.0-655.0-0.0","{""Q0"":""Cuando no entiendo un problema, intento saber más acerca de él""}","{""Q0"":"" Completamente""}","[0]"
"","1122.8999999999069","SPSI_050","SPSI","survey-multi-choice","587","684721","0.0-656.0-0.0","{""Q0"":""Me desanimo y deprimo cuando fracasan mis primeros intentos de resolver un problema""}","{""Q0"":"" Nada en absoluto""}","[0]"
"","1171.6000000000931","SPSI_051","SPSI","survey-multi-choice","588","685897","0.0-657.0-0.0","{""Q0"":""No dedico el tiempo necesaro para examinar por que una solucion no funcionó""}","{""Q0"":"" Escasamente""}","[0]"
"","1191.4000000001397","SPSI_052","SPSI","survey-multi-choice","589","687093","0.0-658.0-0.0","{""Q0"":""Creo que soy demasiado rápido/a cuando tomo decisiones""}","{""Q0"":"" Nada en absoluto""}","[0]"
