"view_history","rt","trialid","procedure","trial_type","trial_index","time_elapsed","internal_node_id","stimulus","response"
"[{""page_index"":0,""viewing_time"":512}]","512","Instructions_01","FDMQ","instructions","570","455519","0.0-613.0-0.0","",""
"","752","FDMQ_01","FDMQ","survey-multi-choice-vertical","571","456276","0.0-614.0-0.0","{""Q0"":""1. Me gusta considerar todas las alternativas.""}","{""Q0"":"" Es verdad para mi""}"
"","644","FDMQ_02","FDMQ","survey-multi-choice-vertical","572","456925","0.0-615.0-0.0","{""Q0"":""2. Intento encontrar las desventajas de cada alternativa.""}","{""Q0"":"" A veces es verdad""}"
"","691","FDMQ_03","FDMQ","survey-multi-choice-vertical","573","457624","0.0-616.0-0.0","{""Q0"":""3. Tomo en consideración cuál sería la mejor manera de llevar adelante una decisión.""}","{""Q0"":"" A veces es verdad""}"
"","650","FDMQ_04","FDMQ","survey-multi-choice-vertical","574","458280","0.0-617.0-0.0","{""Q0"":""4. Cuando tomo decisiones me gusta reunir mucha información.""}","{""Q0"":"" No es verdad para mi""}"
"","666","FDMQ_05","FDMQ","survey-multi-choice-vertical","575","458952","0.0-618.0-0.0","{""Q0"":""5. Intento ser claro en mis objetivos antes de elegir.""}","{""Q0"":"" No es verdad para mi""}"
"","741","FDMQ_06","FDMQ","survey-multi-choice-vertical","576","459705","0.0-619.0-0.0","{""Q0"":""6. Tomo muchas precauciones antes de elegir.""}","{""Q0"":"" A veces es verdad""}"
"","658","FDMQ_07","FDMQ","survey-multi-choice-vertical","577","460369","0.0-620.0-0.0","{""Q0"":""7. Siempre que afronto una decisión difícil, me siento pesimista respecto a poder encontrar una buena solución.""}","{""Q0"":"" No es verdad para mi""}"
"","662","FDMQ_08","FDMQ","survey-multi-choice-vertical","578","461038","0.0-621.0-0.0","{""Q0"":""8. Me siento como si estuviera bajo una tremenda presión de tiempo cuando tomo decisiones.""}","{""Q0"":"" No es verdad para mi""}"
"","652","FDMQ_09","FDMQ","survey-multi-choice-vertical","579","461697","0.0-622.0-0.0","{""Q0"":""9. La posibilidad de que alguna cosa de poca importancia pudiera salir mal hace que cambie abruptamente mi preferencia.""}","{""Q0"":"" Es verdad para mi""}"
"","635","FDMQ_10","FDMQ","survey-multi-choice-vertical","580","462337","0.0-623.0-0.0","{""Q0"":""10. No puedo pensar correctamente si tengo que tomar decisiones apresuradas.""}","{""Q0"":"" No es verdad para mi""}"
"","675","FDMQ_11","FDMQ","survey-multi-choice-vertical","581","463017","0.0-624.0-0.0","{""Q0"":""11. Después de tomar una decisión, gasto cantidad de tiempo convenciéndome a mí mismo de que era correcta.""}","{""Q0"":"" Es verdad para mi""}"
"","614","FDMQ_12","FDMQ","survey-multi-choice-vertical","582","463636","0.0-625.0-0.0","{""Q0"":""12. Evito tomar decisiones.""}","{""Q0"":"" A veces es verdad""}"
"","665","FDMQ_13","FDMQ","survey-multi-choice-vertical","583","464307","0.0-626.0-0.0","{""Q0"":""13. No tomo decisiones a menos que no tenga más remedio.""}","{""Q0"":"" No es verdad para mi""}"
"","670","FDMQ_14","FDMQ","survey-multi-choice-vertical","584","464986","0.0-627.0-0.0","{""Q0"":""14. Prefiero dejarles a otros tomar las decisiones.""}","{""Q0"":"" No es verdad para mi""}"
"","630","FDMQ_15","FDMQ","survey-multi-choice-vertical","585","465620","0.0-628.0-0.0","{""Q0"":""15. No me gusta asumir la responsabilidad de tomar decisiones.""}","{""Q0"":"" A veces es verdad""}"
"","645","FDMQ_16","FDMQ","survey-multi-choice-vertical","586","466270","0.0-629.0-0.0","{""Q0"":""16. Si una decisión puede ser tomada por otra persona o por mi, dejo que la otra persona la tome.""}","{""Q0"":"" A veces es verdad""}"
"","701","FDMQ_17","FDMQ","survey-multi-choice-vertical","587","466975","0.0-630.0-0.0","{""Q0"":""17. Prefiero que las personas que están mejor informadas decidan por mí.""}","{""Q0"":"" Es verdad para mi""}"
"","634","FDMQ_18","FDMQ","survey-multi-choice-vertical","588","467614","0.0-631.0-0.0","{""Q0"":""18. Pierdo cantidad de tiempo en cuestiones triviales de menor importancia antes de llegar a la decisión final.""}","{""Q0"":"" A veces es verdad""}"
"","674","FDMQ_19","FDMQ","survey-multi-choice-vertical","589","468293","0.0-632.0-0.0","{""Q0"":""19. Incluso después de haber tomado una decisión, retraso ponerla en práctica.""}","{""Q0"":"" A veces es verdad""}"
"","717","FDMQ_20","FDMQ","survey-multi-choice-vertical","590","469014","0.0-633.0-0.0","{""Q0"":""20. Cuando tengo que tomar una decisión, espero mucho tiempo antes de empezar a pensar en ello.""}","{""Q0"":"" A veces es verdad""}"
"","667","FDMQ_21","FDMQ","survey-multi-choice-vertical","591","469686","0.0-634.0-0.0","{""Q0"":""21. Retraso tomar decisiones hasta que es demasiado tarde.""}","{""Q0"":"" Es verdad para mi""}"
"","676","FDMQ_22","FDMQ","survey-multi-choice-vertical","592","470369","0.0-635.0-0.0","{""Q0"":""22. Aplazo tomar decisiones.""}","{""Q0"":"" A veces es verdad""}"
