"rt","stimulus","slider_start","response","trialid","procedure","trial_type","trial_index","time_elapsed","internal_node_id"
"818.5999999996275","<div class=""justified"">Me preocupa que el dolor del parto sea demasiado intenso</div></br>","50","78","PSETPP_01","PSETPP","html-slider-response","1160","855194","0.0-1183.0-0.0"
"650.1000000014901","<div class=""justified"">Tengo miedo al parto</div></br>","50","53","PSETPP_02","PSETPP","html-slider-response","1161","855849","0.0-1184.0-0.0"
"620.0999999996275","<div class=""justified"">Me preocupa que el bebé pueda sufrir daño</div></br>","50","32","PSETPP_03","PSETPP","html-slider-response","1162","856474","0.0-1185.0-0.0"
"611","<div class=""justified"">Temo por complicaciones durante el trabajo de parto y parto</div></br>","50","57","PSETPP_04","PSETPP","html-slider-response","1163","857089","0.0-1186.0-0.0"
"586.1999999992549","<div class=""justified"">El parto es impredecible y riesgoso</div></br>","50","34","PSETPP_05","PSETPP","html-slider-response","1164","857680","0.0-1187.0-0.0"
