"view_history","rt","trialid","procedure","trial_type","trial_index","time_elapsed","internal_node_id","stimulus","response"
"[{""page_index"":0,""viewing_time"":492}]","492","Instructions_01","MIS","instructions","1006","740242","0.0-1043.0-0.0","",""
"","637","MIS_01","MIS","survey-multi-choice-vertical","1007","740884","0.0-1044.0-0.0","{""Q0"":""1. Algunas personas pueden hacerme consciente de ellos simplemente pensando en mí.""}","{""Q0"":"" Verdadero""}"
"","641","MIS_02","MIS","survey-multi-choice-vertical","1008","741532","0.0-1045.0-0.0","{""Q0"":""2. He tenido la sensación momentánea de que tal vez no soy humano.""}","{""Q0"":"" Falso""}"
"","629","MIS_03","MIS","survey-multi-choice-vertical","1009","742168","0.0-1046.0-0.0","{""Q0"":""3. A veces he tenido miedo de pisar las grietas en la acera.""}","{""Q0"":"" Falso""}"
"","595","MIS_04","MIS","survey-multi-choice-vertical","1010","742770","0.0-1047.0-0.0","{""Q0"":""4. Creo que podría aprender a leer las mentes de otros si yo quisiera.""}","{""Q0"":"" Verdadero""}"
"","615","MIS_05","MIS","survey-multi-choice-vertical","1011","743391","0.0-1048.0-0.0","{""Q0"":""5. Los horóscopos son correctos con demasiada frecuencia para que sea una coincidencia.""}","{""Q0"":"" Falso""}"
"","641","MIS_06","MIS","survey-multi-choice-vertical","1012","744037","0.0-1049.0-0.0","{""Q0"":""6. Las cosas a veces parecen estar en diferentes lugares cuando llego a casa, a pesar de que nadie ha estado allí.""}","{""Q0"":"" Verdadero""}"
"","637","MIS_07","MIS","survey-multi-choice-vertical","1013","744679","0.0-1050.0-0.0","{""Q0"":""7. Los números como 13 y 7 no tienen poderes especiales.""}","{""Q0"":"" Falso""}"
"","602","MIS_08","MIS","survey-multi-choice-vertical","1014","745287","0.0-1051.0-0.0","{""Q0"":""8. Ocasionalmente tuve la tonta sensación de que alguien en la estación de televisión o la emisora ​​de radio sabía que lo estaba escuchando.""}","{""Q0"":"" Verdadero""}"
"","679","MIS_09","MIS","survey-multi-choice-vertical","1015","745974","0.0-1052.0-0.0","{""Q0"":""9. Me preocupa que las personas en otros planetas puedan influir en lo que sucede en la tierra""}","{""Q0"":"" Falso""}"
"","652","MIS_10","MIS","survey-multi-choice-vertical","1016","746633","0.0-1053.0-0.0","{""Q0"":""10. El gobierno se niega a decirnos la verdad sobre platillos voladores.""}","{""Q0"":"" Verdadero""}"
"","664","MIS_11","MIS","survey-multi-choice-vertical","1017","747303","0.0-1054.0-0.0","{""Q0"":""11. He sentido que había mensajes para mí en cómo se organizaron las cosas en una vitrina.""}","{""Q0"":"" Verdadero""}"
"","625","MIS_12","MIS","survey-multi-choice-vertical","1018","747932","0.0-1055.0-0.0","{""Q0"":""12. Nunca he dudado de que mis sueños son los productos de mi propia mente.""}","{""Q0"":"" Falso""}"
"","663","MIS_13","MIS","survey-multi-choice-vertical","1019","748600","0.0-1056.0-0.0","{""Q0"":""13. Los amuletos de buena suerte no funcionan.""}","{""Q0"":"" Falso""}"
"","630","MIS_14","MIS","survey-multi-choice-vertical","1020","749236","0.0-1057.0-0.0","{""Q0"":""14. He notado sonidos en mis grabaciones o discos que no están allí en otros momentos.""}","{""Q0"":"" Falso""}"
"","664","MIS_15","MIS","survey-multi-choice-vertical","1021","749908","0.0-1058.0-0.0","{""Q0"":""15. Los movimientos de las manos que los extraños hacen parecen influir en mí a veces.""}","{""Q0"":"" Falso""}"
"","582","MIS_16","MIS","survey-multi-choice-vertical","1022","750499","0.0-1059.0-0.0","{""Q0"":""16. Casi nunca sueño con cosas antes de que sucedan.""}","{""Q0"":"" Verdadero""}"
"","591","MIS_17","MIS","survey-multi-choice-vertical","1023","751096","0.0-1060.0-0.0","{""Q0"":""17. He tenido la sensación momentánea de que el lugar de una persona ha sido ocupado por alguien parecido a ella.""}","{""Q0"":"" Falso""}"
"","613","MIS_18","MIS","survey-multi-choice-vertical","1024","751719","0.0-1061.0-0.0","{""Q0"":""18. No es posible dañar a otros simplemente teniendo malos pensamientos sobre ellos.""}","{""Q0"":"" Verdadero""}"
"","650","MIS_19","MIS","survey-multi-choice-vertical","1025","752374","0.0-1062.0-0.0","{""Q0"":""19. A veces he sentido una presencia maligna a mi alrededor, aunque no podía verla.""}","{""Q0"":"" Falso""}"
"","632","MIS_20","MIS","survey-multi-choice-vertical","1026","753013","0.0-1063.0-0.0","{""Q0"":""20. A veces tengo la sensación de ganar o perder energía cuando ciertas personas me miran o me tocan.""}","{""Q0"":"" Verdadero""}"
"","839","MIS_21","MIS","survey-multi-choice-vertical","1027","753857","0.0-1064.0-0.0","{""Q0"":""21. A veces he tenido el pensamiento pasajero de que los extraños están enamorados de mí.""}","{""Q0"":"" Verdadero""}"
"","608","MIS_22","MIS","survey-multi-choice-vertical","1028","754470","0.0-1065.0-0.0","{""Q0"":""22. Nunca tuve la sensación de que ciertos pensamientos míos pertenecían (eran) realmente de otra persona.""}","{""Q0"":"" Falso""}"
"","590","MIS_23","MIS","survey-multi-choice-vertical","1029","755066","0.0-1066.0-0.0","{""Q0"":""23. Cuando me presentan a extraños, rara vez me pregunto si los he conocido antes.""}","{""Q0"":"" Falso""}"
"","621","MIS_24","MIS","survey-multi-choice-vertical","1030","755692","0.0-1067.0-0.0","{""Q0"":""24. Si la reencarnación fuera cierta, explicaría algunas experiencias inusuales que he tenido.""}","{""Q0"":"" Falso""}"
"","613","MIS_25","MIS","survey-multi-choice-vertical","1031","756310","0.0-1068.0-0.0","{""Q0"":""25. Las personas a menudo se comportan de manera tan extraña que uno se pregunta si son parte de un experimento.""}","{""Q0"":"" Verdadero""}"
"","636","MIS_26","MIS","survey-multi-choice-vertical","1032","756951","0.0-1069.0-0.0","{""Q0"":""26. A veces realizo ciertos pequeños rituales para alejar las influencias negativas.""}","{""Q0"":"" Falso""}"
"","629","MIS_27","MIS","survey-multi-choice-vertical","1033","757588","0.0-1070.0-0.0","{""Q0"":""27. He sentido que podría causar que algo suceda, simplemente pensando demasiado en ello.""}","{""Q0"":"" Falso""}"
"","624","MIS_28","MIS","survey-multi-choice-vertical","1034","758216","0.0-1071.0-0.0","{""Q0"":""28. Me he preguntado si los espíritus de los muertos pueden influir en los vivos.""}","{""Q0"":"" Verdadero""}"
"","651","MIS_29","MIS","survey-multi-choice-vertical","1035","758874","0.0-1072.0-0.0","{""Q0"":""29. A veces he sentido que la conferencia de un profesor (charla de experto) estaba destinada especialmente para mí.""}","{""Q0"":"" Falso""}"
"","683","MIS_30","MIS","survey-multi-choice-vertical","1036","759562","0.0-1073.0-0.0","{""Q0"":""30. A veces he sentido que extraños leían mi mente.""}","{""Q0"":"" Verdadero""}"
