"view_history","rt","trialid","procedure","trial_type","trial_index","time_elapsed","internal_node_id","stimulus","slider_start","response"
"[{""page_index"":0,""viewing_time"":473}]","474","APrioriScreening_000","APrioriScreening","instructions","30","22593","0.0-40.0-0.0","","",""
"","765.5999999996275","APrioriScreening_001","APrioriScreening","html-slider-response","31","23364","0.0-41.0-0.0","Participating in screening always has more advantages than disadvantages.","50","46"
"","630.0999999996275","APrioriScreening_002","APrioriScreening","html-slider-response","32","23999","0.0-42.0-0.0","Participating in screening cannot hurt anyone.","50","82"
"","869.8000000007451","APrioriScreening_003","APrioriScreening","html-slider-response","33","24875","0.0-43.0-0.0","In my opinion, it is always better to get screened.","50","34"
"","593","APrioriScreening_004","APrioriScreening","html-slider-response","34","25470","0.0-44.0-0.0","If one has the opportunity, one should always participate in screening.","50","39"
"","579.2000000011176","APrioriScreening_005","APrioriScreening","html-slider-response","35","26052","0.0-45.0-0.0","Foregoing screening is irresponsible.","50","74"
