"rt","stimulus","slider_start","response","trialid","procedure","trial_type","trial_index","time_elapsed","internal_node_id"
"728.4000000003725","<div class=""justified"">Me preocupa que el dolor del parto sea demasiado intenso</div></br>","50","66","PSETPP_01","PSETPP","html-slider-response","1135","832321","0.0-1183.0-0.0"
"669.2999999988824","<div class=""justified"">Tengo miedo al parto</div></br>","50","60","PSETPP_02","PSETPP","html-slider-response","1136","832995","0.0-1184.0-0.0"
"619.5","<div class=""justified"">Me preocupa que el bebé pueda sufrir daño</div></br>","50","10","PSETPP_03","PSETPP","html-slider-response","1137","833619","0.0-1185.0-0.0"
"644.0999999996275","<div class=""justified"">Temo por complicaciones durante el trabajo de parto y parto</div></br>","50","87","PSETPP_04","PSETPP","html-slider-response","1138","834266","0.0-1186.0-0.0"
"579.8000000007451","<div class=""justified"">El parto es impredecible y riesgoso</div></br>","50","34","PSETPP_05","PSETPP","html-slider-response","1139","834850","0.0-1187.0-0.0"
