"view_history","rt","trialid","procedure","trial_type","trial_index","time_elapsed","internal_node_id","stimulus","response","question_order"
"[{""page_index"":0,""viewing_time"":671}]","671","Instructions_001","WAST","instructions","384","445685","0.0-460.0-0.0","","",""
"","1008.6999999999534","WAST_000","WAST","survey-multi-choice","385","446697","0.0-461.0-0.0","{""Q0"":""Indique su sexo""}","{""Q0"":"" Femenino""}","[0]"
"","1032.6000000000931","WAST_001","WAST","survey-multi-choice","386","447735","0.0-462.0-0.0-0.0","{""Q0"":""En general, ¿cómo describiría su relación con su pareja?""}","{""Q0"":"" Estresante""}","[0]"
"","947.7000000001863","WAST_002","WAST","survey-multi-choice","387","448686","0.0-463.0-0.0-0.0","{""Q0"":""Usted y su pareja resuelven sus discusiones con:""}","{""Q0"":"" Algo de dificultad""}","[0]"
"","966.8000000000466","WAST_003","WAST","survey-multi-choice","388","449656","0.0-464.0-0.0-0.0","{""Q0"":""Al terminar las discusiones, ¿usted se siente decaída o mal con usted misma?""}","{""Q0"":"" A veces""}","[0]"
"","949.3999999999069","WAST_004","WAST","survey-multi-choice","389","450609","0.0-465.0-0.0-0.0","{""Q0"":""Las discusiones terminan en golpes, patadas o empujones""}","{""Q0"":"" A veces""}","[0]"
"","960.5","WAST_005","WAST","survey-multi-choice","390","451572","0.0-466.0-0.0-0.0","{""Q0"":""Hay situaciones en las cuales ha sentido miedo de las reacciones de su pareja""}","{""Q0"":"" Muchas veces""}","[0]"
"","957.3000000000466","WAST_006","WAST","survey-multi-choice","391","452532","0.0-467.0-0.0-0.0","{""Q0"":""Su pareja, ¿controla el dinero que usted gasta, o la obliga a realizar trabajo en exceso?""}","{""Q0"":"" Muchas veces""}","[0]"
"","950.6999999999534","WAST_007","WAST","survey-multi-choice","392","453486","0.0-468.0-0.0-0.0","{""Q0"":""Su pareja la insulta, garabatea, grita, humilla y descalifica verbalmente""}","{""Q0"":"" Muchas veces""}","[0]"
"","931.5","WAST_008","WAST","survey-multi-choice","393","454421","0.0-469.0-0.0-0.0","{""Q0"":""¿Se ha sentido obligada a tener relaciones sexuales con su pareja para evitar problemas?""}","{""Q0"":"" Nunca""}","[0]"
