"view_history","rt","trialid","procedure","trial_type","trial_index","time_elapsed","internal_node_id","stimulus","slider_start","response"
"[{""page_index"":0,""viewing_time"":437}]","437","Instructions_01","IRI","instructions","798","608609","0.0-791.0-0.0","","",""
"","596.6000000014901","IRI_001","IRI","html-slider-response","799","609209","0.0-792.0-0.0","<div class='justified'>1.- Con cierta frecuencia sueño despierto y fantaseo sobre cosas que podrían pasarme.</div></br>","2","2"
"","558.2000000011176","IRI_002","IRI","html-slider-response","800","609771","0.0-793.0-0.0","<div class='justified'>2.- A menudo tengo sentimientos de compasión y preocupación hacia gente menos afortunada que yo.</div></br>","2","3"
"","537.5","IRI_003","IRI","html-slider-response","801","610312","0.0-794.0-0.0","<div class='justified'>3.- A veces encuentro difícil ver las cosas desde el punto de vista de otros.</div></br>","2","1"
"","521.9000000003725","IRI_004","IRI","html-slider-response","802","610837","0.0-795.0-0.0","<div class='justified'>4.- A veces no me dan mucha lástima otras personas cuando tienen problemas.</div></br>","2","4"
"","540.9000000003725","IRI_005","IRI","html-slider-response","803","611381","0.0-796.0-0.0","<div class='justified'>5.- Realmente me siento “metido/a” en los sentimientos de los personajes de una novela.</div></br>","2","2"
"","593.3000000007451","IRI_006","IRI","html-slider-response","804","611978","0.0-797.0-0.0","<div class='justified'>6.- En situaciones de emergencia, me siento aprensivo e incómodo.</div></br>","2","1"
"","586.7000000011176","IRI_007","IRI","html-slider-response","805","612569","0.0-798.0-0.0","<div class='justified'>7.- Generalmente soy objetivo cuando veo una película o una obra de teatro y no me suelo “meter” completamente en ella.</div></br>","2","1"
"","532.5","IRI_008","IRI","html-slider-response","806","613104","0.0-799.0-0.0","<div class='justified'>8.- En un desacuerdo con otros, trato de ver las cosas desde el punto de vista de los demás antes de tomar una decisión.</div></br>","2","0"
"","531.2999999988824","IRI_009","IRI","html-slider-response","807","613640","0.0-800.0-0.0","<div class='justified'>9.- Cuando veo que se aprovechan de alguien, siento necesidad de protegerle.</div></br>","2","1"
"","707.9000000003725","IRI_010","IRI","html-slider-response","808","614351","0.0-801.0-0.0","<div class='justified'>10.- A veces me siento indefenso/a cuando estoy en medio de una situación muy emotiva.</div></br>","2","1"
"","538.3000000007451","IRI_011","IRI","html-slider-response","809","614892","0.0-802.0-0.0","<div class='justified'>11.- A veces intento comprender mejor a mis amigos imaginando cómo ven las cosas desde su perspectiva.</div></br>","2","4"
"","522.1999999992549","IRI_012","IRI","html-slider-response","810","615418","0.0-803.0-0.0","<div class='justified'>12.- Es raro que yo me “meta” mucho en un buen libro o en una película.</div></br>","2","0"
"","567.8000000007451","IRI_013","IRI","html-slider-response","811","615990","0.0-804.0-0.0","<div class='justified'>13.- Cuando veo que alguien se hace daño, tiendo a permanecer tranquilo.</div></br>","2","0"
"","545.3000000007451","IRI_014","IRI","html-slider-response","812","616540","0.0-805.0-0.0","<div class='justified'>14.- Las desgracias de otros no suelen angustiarme mucho.</div></br>","2","3"
"","601.9000000003725","IRI_015","IRI","html-slider-response","813","617145","0.0-806.0-0.0","<div class='justified'>15.- Si estoy seguro/a que tengo la razón en algo, no pierdo mucho tiempo escuchando los argumentos de otras personas.</div></br>","2","0"
"","613.8000000007451","IRI_016","IRI","html-slider-response","814","617763","0.0-807.0-0.0","<div class='justified'>16.- Después de ver una obra de teatro o una película, me siento como si fuese uno de los protagonistas.</div></br>","2","0"
"","509.19999999925494","IRI_017","IRI","html-slider-response","815","618275","0.0-808.0-0.0","<div class='justified'>17.- Me asusta estar en una situación emocional tensa.</div></br>","2","0"
"","516.4000000003725","IRI_018","IRI","html-slider-response","816","618794","0.0-809.0-0.0","<div class='justified'>18.- Cuando veo que alguien está siendo tratado injustamente, no suelo sentir mucha pena por él.</div></br>","2","3"
"","484.90000000037253","IRI_019","IRI","html-slider-response","817","619282","0.0-810.0-0.0","<div class='justified'>19.- Generalmente soy bastante efectivo afrontando emergencias.</div></br>","2","2"
"","552.4000000003725","IRI_020","IRI","html-slider-response","818","619837","0.0-811.0-0.0","<div class='justified'>20.- A menudo me conmueven las cosas que veo que pasan.</div></br>","2","3"
"","594.3999999985099","IRI_021","IRI","html-slider-response","819","620435","0.0-812.0-0.0","<div class='justified'>21.- Creo que todas las cuestiones se pueden ver desde dos perspectivas e intento considerar ambas.</div></br>","2","1"
"","593.8000000007451","IRI_022","IRI","html-slider-response","820","621034","0.0-813.0-0.0","<div class='justified'>22.- Me describiría como una persona bastante sensible.</div></br>","2","3"
"","551","IRI_023","IRI","html-slider-response","821","621588","0.0-814.0-0.0","<div class='justified'>23.- Cuando veo una buena película, puedo ponerme muy fácilmente en el lugar del protagonista.</div></br>","2","2"
"","530.8000000007451","IRI_024","IRI","html-slider-response","822","622122","0.0-815.0-0.0","<div class='justified'>24.- Tiendo a perder el control en las emergencias.</div></br>","2","2"
"","732.5","IRI_025","IRI","html-slider-response","823","622858","0.0-816.0-0.0","<div class=""justified"">25.- Cuando estoy molesto con alguien, generalmente trato de ""ponerme en su pellejo"" durante un tiempo.</div></br>","2","4"
"","624.6999999992549","IRI_026","IRI","html-slider-response","824","623486","0.0-817.0-0.0","<div class='justified'>26.- Cuando estoy leyendo una novela o historia interesante, imagino cómo me sentiría si me estuviera pasando lo que ocurre en la historia.</div></br>","2","4"
"","530.9000000003725","IRI_027","IRI","html-slider-response","825","624021","0.0-818.0-0.0","<div class='justified'>27.- Cuando veo a alguien en una emergencia que necesita ayuda, pierdo el control.</div></br>","2","4"
"","540.1000000014901","IRI_028","IRI","html-slider-response","826","624565","0.0-819.0-0.0","<div class='justified'>28.- Antes de criticar a alguien, intento imaginar cómo me sentiría yo si estuviera en su lugar.</div></br>","2","1"
