"view_history","rt","trialid","procedure","trial_type","trial_index","time_elapsed","internal_node_id","stimulus","slider_start","response"
"[{""page_index"":0,""viewing_time"":750}]","750","Instructions_001","AASR","instructions","591","687854","0.0-661.0-0.0","","",""
"","872.6999999999534","AASR_001","AASR","html-slider-response","592","688731","0.0-662.0-0.0","<div class='justified'>Encuentro que me es relativamente fácil acercarme a la gente.</div><br>","3","1"
"","864.8999999999069","AASR_002","AASR","html-slider-response","593","689599","0.0-663.0-0.0","<div class='justified'>Me resulta difícil apoyarme en otras personas.</div><br>","3","3"
"","781.5","AASR_003","AASR","html-slider-response","594","690384","0.0-664.0-0.0","<div class='justified'>A menudo me preocupa que los otros no me amen realmente.</div><br>","3","3"
"","811.6999999999534","AASR_004","AASR","html-slider-response","595","691199","0.0-665.0-0.0","<div class='justified'>Encuentro que los otros no se acercan a mi tanto como yo quisiera.</div><br>","3","3"
"","822.6999999999534","AASR_005","AASR","html-slider-response","596","692025","0.0-666.0-0.0","<div class='justified'>Me siento cómodo apoyándome en otras personas.</div><br>","3","3"
"","820.1999999999534","AASR_006","AASR","html-slider-response","597","692848","0.0-667.0-0.0","<div class='justified'>No me preocupa que la gente se acerque demasiado a mí.</div><br>","3","3"
"","809.3999999999069","AASR_007","AASR","html-slider-response","598","693661","0.0-668.0-0.0","<div class='justified'>Encuentro que las personas nunca están ahí cuando las necesitas.</div><br>","3","2"
"","803","AASR_008","AASR","html-slider-response","599","694466","0.0-669.0-0.0","<div class='justified'>Me siento algo incómodo estando cerca de otros.</div><br>","3","1"
"","787.6999999999534","AASR_009","AASR","html-slider-response","600","695257","0.0-670.0-0.0","<div class='justified'>A menudo me preocupa que los otros no quieran quedarse conmigo.</div><br>","3","3"
"","774","AASR_010","AASR","html-slider-response","601","696034","0.0-671.0-0.0","<div class='justified'>Cuando muestro mis sentimientos por otros me asusta que no sientan lo mismo por mí.</div><br>","3","1"
"","826.1000000000931","AASR_011","AASR","html-slider-response","602","696863","0.0-672.0-0.0","<div class='justified'>A menudo me pregunto si realmente le importo a las otras personas.</div><br>","3","5"
"","817.8999999999069","AASR_012","AASR","html-slider-response","603","697684","0.0-673.0-0.0","<div class='justified'>Me siento cómodo desarrollando relaciones cercanas con otros.</div><br>","3","1"
"","880.5","AASR_013","AASR","html-slider-response","604","698567","0.0-674.0-0.0","<div class='justified'>Me siento incómodo cuando cualquier persona se vuelve demasiado cercana emocionalmente a mí.</div><br>","3","2"
"","864","AASR_014","AASR","html-slider-response","605","699435","0.0-675.0-0.0","<div class='justified'>Sé que las personas estarán ahí cuando las necesite.</div><br>","3","1"
"","1212.3000000000466","AASR_015","AASR","html-slider-response","606","700650","0.0-676.0-0.0","<div class='justified'>Quiero acercarme a la gente, pero me preocupa ser herido.</div><br>","3","3"
"","796.2999999998137","AASR_016","AASR","html-slider-response","607","701450","0.0-677.0-0.0","<div class='justified'>Encuentro difícil confiar completamente en otros.</div><br>","3","5"
"","750.5","AASR_017","AASR","html-slider-response","608","702203","0.0-678.0-0.0","<div class='justified'>A menudo las personas quieren que sea más cercano emocionalmente de lo que a mí me acomoda.</div><br>","3","4"
"","817.1999999999534","AASR_018","AASR","html-slider-response","609","703024","0.0-679.0-0.0","<div class='justified'>No estoy seguro de que siempre podré contar con las personas cuando las necesite.</div><br>","3","3"
