"view_history","rt","trialid","procedure","trial_type","trial_index","time_elapsed","internal_node_id","stimulus","response","question_order"
"[{""page_index"":0,""viewing_time"":911}]","911","Instructions_001","CDRISC10","instructions","100","77138","0.0-118.0-0.0","","",""
"","916.6999999992549","CDRISC10_001","CDRISC10","survey-multi-choice","101","78058","0.0-119.0-0.0","{""Q0"":""Soy capaz de adaptarme a los cambios.""}","{""Q0"":"" A veces""}","[0]"
"","860.1999999992549","CDRISC10_002","CDRISC10","survey-multi-choice","102","78921","0.0-120.0-0.0","{""Q0"":""Puedo manejar lo que se presente.""}","{""Q0"":"" Siempre""}","[0]"
"","944.6000000014901","CDRISC10_003","CDRISC10","survey-multi-choice","103","79869","0.0-121.0-0.0","{""Q0"":""Trato de ver el lado positivo de los problemas.""}","{""Q0"":"" Casi siempre""}","[0]"
"","827.6999999992549","CDRISC10_004","CDRISC10","survey-multi-choice","104","80699","0.0-122.0-0.0","{""Q0"":""Enfrentar el estrés puede fortalecerme.""}","{""Q0"":"" Siempre""}","[0]"
"","914.7000000011176","CDRISC10_005","CDRISC10","survey-multi-choice","105","81618","0.0-123.0-0.0","{""Q0"":""Tiendo a recuperarme rápidamente después de la enfermedad o las dificultades.""}","{""Q0"":"" Casi nunca""}","[0]"
"","770.6000000014901","CDRISC10_006","CDRISC10","survey-multi-choice","106","82392","0.0-124.0-0.0","{""Q0"":""Puedo alcanzar mis metas a pesar de los obstáculos.""}","{""Q0"":"" Siempre""}","[0]"
"","774.9000000003725","CDRISC10_007","CDRISC10","survey-multi-choice","107","83169","0.0-125.0-0.0","{""Q0"":""Puedo mantener la concentración bajo presión.""}","{""Q0"":"" Frecuentemente""}","[0]"
"","892.5","CDRISC10_008","CDRISC10","survey-multi-choice","108","84065","0.0-126.0-0.0","{""Q0"":""Difícilmente el fracaso me desanima.""}","{""Q0"":"" A veces""}","[0]"
"","864.7999999988824","CDRISC10_009","CDRISC10","survey-multi-choice","109","84934","0.0-127.0-0.0","{""Q0"":""Me considero una persona fuerte.""}","{""Q0"":"" A veces""}","[0]"
"","921.4000000003725","CDRISC10_010","CDRISC10","survey-multi-choice","110","85858","0.0-128.0-0.0","{""Q0"":""Puedo manejar los sentimientos desagradables.""}","{""Q0"":"" Casi nunca""}","[0]"
