"view_history","rt","trialid","procedure","trial_type","trial_index","time_elapsed","internal_node_id","stimulus","response"
"[{""page_index"":0,""viewing_time"":427}]","427","Instructions_01","LSNS","instructions","841","632487","0.0-857.0-0.0","",""
"[{""page_index"":0,""viewing_time"":443}]","443","Instructions_01","LSNS","instructions","842","632933","0.0-858.0-0.0","",""
"","930","LSNS_001","LSNS","survey-multi-choice-vertical","843","633870","0.0-859.0-0.0","{""Q0"":""1. ¿Con cuántos parientes te encuentras o tiene noticias de ellos, por lo menos, una vez por mes?""}","{""Q0"":""dos""}"
"","891","LSNS_002","LSNS","survey-multi-choice-vertical","844","634770","0.0-860.0-0.0","{""Q0"":""2. ¿Con qué frecuencia te encuentras o tiene noticias del pariente con el que tiene más contacto?""}","{""Q0"":""algunas veces por semana""}"
"","893","LSNS_003","LSNS","survey-multi-choice-vertical","845","635672","0.0-861.0-0.0","{""Q0"":""3. ¿Con cuántos parientes te sientes lo suficientemente cómodo como para conversar sobre tus asuntos personales?""}","{""Q0"":""de cinco a ocho""}"
"","888","LSNS_004","LSNS","survey-multi-choice-vertical","846","636572","0.0-862.0-0.0","{""Q0"":""4. ¿A cuántos parientes sientes lo suficientemente cercano como para llamarlos cuando necesitas ayuda?""}","{""Q0"":""de cinco a ocho""}"
"","902","LSNS_005","LSNS","survey-multi-choice-vertical","847","637481","0.0-863.0-0.0","{""Q0"":""5. Cuando uno de tus parientes tiene que tomar una decisión importante, ¿con qué frecuencia te lo comenta a tí?""}","{""Q0"":""rara vez""}"
"","829","LSNS_006","LSNS","survey-multi-choice-vertical","848","638319","0.0-864.0-0.0","{""Q0"":""6. ¿Con qué frecuencia uno de tus parientes está disponible para hablar cuando tú tienes que tomar una decisión importante?""}","{""Q0"":""nunca""}"
"[{""page_index"":0,""viewing_time"":400}]","400","Instructions_01","LSNS","instructions","849","638722","0.0-865.0-0.0","",""
"","807","LSNS_007","LSNS","survey-multi-choice-vertical","850","639537","0.0-866.0-0.0","{""Q0"":""7. ¿Con cuántos amigos te encuentras o tienes noticias de ellos, por lo menos, una vez por mes?""}","{""Q0"":""uno""}"
"","1133","LSNS_008","LSNS","survey-multi-choice-vertical","851","640678","0.0-867.0-0.0","{""Q0"":""8. ¿Con qué frecuencia te encuentras o tienes noticias del amigo con el que tiene más contacto?""}","{""Q0"":""diariamente""}"
"","912","LSNS_009","LSNS","survey-multi-choice-vertical","852","641604","0.0-868.0-0.0","{""Q0"":""9. ¿Con cuántos amigos te sientes lo suficientemente cómodo como para conversar sobre tus asuntos personales?""}","{""Q0"":""de cinco a ocho""}"
"","865","LSNS_010","LSNS","survey-multi-choice-vertical","853","642483","0.0-869.0-0.0","{""Q0"":""10. ¿A cuántos amigos sientes lo suficientemente cercano como para llamarlos cuando necesitas ayuda?""}","{""Q0"":""de cinco a ocho""}"
"","842","LSNS_011","LSNS","survey-multi-choice-vertical","854","643337","0.0-870.0-0.0","{""Q0"":""11. Cuando uno de tus amigos tiene que tomar una decisión importante, ¿con qué frecuencia te lo comenta a tí?""}","{""Q0"":""con mucha frecuencia""}"
"","807","LSNS_012","LSNS","survey-multi-choice-vertical","855","644152","0.0-871.0-0.0","{""Q0"":""12. ¿Con qué frecuencia uno de tus amigos está disponible para hablar cuando tú tienes que tomar una decisión importante?""}","{""Q0"":""rara vez""}"
