"view_history","rt","trialid","procedure","trial_type","trial_index","time_elapsed","internal_node_id","stimulus","response"
"[{""page_index"":0,""viewing_time"":539}]","539","Instructions_01","WEBEXEC","instructions","1644","1197005","0.0-1745.0-0.0","",""
"","829","WEBEXEC_01","WEBEXEC","survey-multi-choice-vertical","1645","1197847","0.0-1746.0-0.0","{""Q0"":""1. ¿Tienes dificultades para mantener tu atención en una tarea?""}","{""Q0"":"" He tenido algunos problemas""}"
"","817","WEBEXEC_02","WEBEXEC","survey-multi-choice-vertical","1646","1198675","0.0-1747.0-0.0","{""Q0"":""2. ¿Tienes problemas para concentrarte en una tarea?""}","{""Q0"":"" He tenido bastantes problemas""}"
"","926","WEBEXEC_03","WEBEXEC","survey-multi-choice-vertical","1647","1199611","0.0-1748.0-0.0","{""Q0"":""3. ¿Tienes problemas para hacer más de una tarea al mismo tiempo?""}","{""Q0"":"" No he tenido problemas""}"
"","958","WEBEXEC_04","WEBEXEC","survey-multi-choice-vertical","1648","1200578","0.0-1749.0-0.0","{""Q0"":""4. ¿Tiendes a perder tu cadena de pensamientos?""}","{""Q0"":"" He tenido algunos problemas""}"
"","882","WEBEXEC_05","WEBEXEC","survey-multi-choice-vertical","1649","1201474","0.0-1750.0-0.0","{""Q0"":""5. ¿Tienes problemas para continuar las cosas que has empezado?""}","{""Q0"":"" He tenido bastantes problemas""}"
"","829","WEBEXEC_06","WEBEXEC","survey-multi-choice-vertical","1650","1202314","0.0-1751.0-0.0","{""Q0"":""6. ¿Actúas por impulso?""}","{""Q0"":"" He tenido algunos problemas""}"
