"view_history","rt","trialid","procedure","trial_type","trial_index","time_elapsed","internal_node_id","stimulus","button_pressed","condition_within","slider_start","response"
"[{""page_index"":0,""viewing_time"":542}]","543","Instructions_01","HRPVB","instructions","632","503477","0.0-679.0-0.0","","","","",""
"[{""page_index"":0,""viewing_time"":491}]","492","Instructions_02","HRPVB","instructions","633","503972","0.0-680.0-0.0","","","","",""
"","468","HRPVB_03_00","HRPVB","html-button-response","634","504445","0.0-681.0-0.0-0.0","Hospitalización en cuidados intensivos neonatales","0","Hospitalización en cuidados intensivos neonatales","",""
"","631.4000000003725","HRPVB_03_01","HRPVB","html-slider-response","635","505082","0.0-681.0-0.0-1.0","cesarea","","Hospitalización en cuidados intensivos neonatales; cesarea","50","49.1"
"","609.5","HRPVB_03_02","HRPVB","html-slider-response","636","505695","0.0-681.0-0.0-2.0","vaginal","","Hospitalización en cuidados intensivos neonatales; vaginal","50","45.9"
"","454.59999999962747","HRPVB_02_00","HRPVB","html-button-response","637","506154","0.0-681.0-0.0-0.1","Lesión en el cerebro del bebe por falta de oxígeno","0","Lesión en el cerebro del bebe por falta de oxígeno","",""
"","670.9000000003725","HRPVB_02_02","HRPVB","html-slider-response","638","506830","0.0-681.0-0.0-1.1","vaginal","","Lesión en el cerebro del bebe por falta de oxígeno; vaginal","50","46.8"
"","807.5999999996275","HRPVB_02_01","HRPVB","html-slider-response","639","507641","0.0-681.0-0.0-2.1","cesarea","","Lesión en el cerebro del bebe por falta de oxígeno; cesarea","50","53.3"
"","451","HRPVB_04_00","HRPVB","html-button-response","640","508096","0.0-681.0-0.0-0.2","Dificultades para inicio temprano de lactancia materna","0","Dificultades para inicio temprano de lactancia materna","",""
"","613.3000000007451","HRPVB_04_01","HRPVB","html-slider-response","641","508714","0.0-681.0-0.0-1.2","cesarea","","Dificultades para inicio temprano de lactancia materna; cesarea","50","48.3"
"","643.0999999996275","HRPVB_04_02","HRPVB","html-slider-response","642","509362","0.0-681.0-0.0-2.2","vaginal","","Dificultades para inicio temprano de lactancia materna; vaginal","50","54.4"
"","433","HRPVB_01_00","HRPVB","html-button-response","643","509801","0.0-681.0-0.0-0.3","Problemas respiratorios del recién nacido","0","Problemas respiratorios del recién nacido","",""
"","565","HRPVB_01_02","HRPVB","html-slider-response","644","510369","0.0-681.0-0.0-1.3","vaginal","","Problemas respiratorios del recién nacido; vaginal","50","53.2"
"","600.7999999988824","HRPVB_01_01","HRPVB","html-slider-response","645","510974","0.0-681.0-0.0-2.3","cesarea","","Problemas respiratorios del recién nacido; cesarea","50","46.3"
"[{""page_index"":0,""viewing_time"":438}]","438","Instructions_02","HRPVB","instructions","646","511414","0.0-682.0-0.0","","","","",""
"","372.7000000011176","HRPVB_09_00","HRPVB","html-button-response","647","511789","0.0-683.0-0.0-0.0","Lesión de la vagina","0","Lesión de la vagina","",""
"","609.3000000007451","HRPVB_09_01","HRPVB","html-slider-response","648","512402","0.0-683.0-0.0-1.0","cesarea","","Lesión de la vagina; cesarea","50","50.6"
"","727","HRPVB_09_02","HRPVB","html-slider-response","649","513135","0.0-683.0-0.0-2.0","vaginal","","Lesión de la vagina; vaginal","50","48.6"
"","442.7000000011176","HRPVB_10_00","HRPVB","html-button-response","650","513583","0.0-683.0-0.0-0.1","Hospitalización de la madre en cuidados intensivos","0","Hospitalización de la madre en cuidados intensivos","",""
"","612.1999999992549","HRPVB_10_01","HRPVB","html-slider-response","651","514200","0.0-683.0-0.0-1.1","cesarea","","Hospitalización de la madre en cuidados intensivos; cesarea","50","51.9"
"","625","HRPVB_10_02","HRPVB","html-slider-response","652","514830","0.0-683.0-0.0-2.1","vaginal","","Hospitalización de la madre en cuidados intensivos; vaginal","50","48"
"","448.80000000074506","HRPVB_11_00","HRPVB","html-button-response","653","515283","0.0-683.0-0.0-0.2","Depresión post parto","0","Depresión post parto","",""
"","590","HRPVB_11_02","HRPVB","html-slider-response","654","515876","0.0-683.0-0.0-1.2","vaginal","","Depresión post parto; vaginal","50","54.2"
"","550.9000000003725","HRPVB_11_01","HRPVB","html-slider-response","655","516430","0.0-683.0-0.0-2.2","cesarea","","Depresión post parto; cesarea","50","49.5"
"","382.80000000074506","HRPVB_06_00","HRPVB","html-button-response","656","516816","0.0-683.0-0.0-0.3","Paro cardíaco","0","Paro cardíaco","",""
"","604","HRPVB_06_01","HRPVB","html-slider-response","657","517424","0.0-683.0-0.0-1.3","cesarea","","Paro cardíaco; cesarea","50","54.4"
"","554.3999999985099","HRPVB_06_02","HRPVB","html-slider-response","658","517982","0.0-683.0-0.0-2.3","vaginal","","Paro cardíaco; vaginal","50","46.4"
"","383.09999999962747","HRPVB_08_00","HRPVB","html-button-response","659","518369","0.0-683.0-0.0-0.4","Infección de la herida","0","Infección de la herida","",""
"","603.6000000014901","HRPVB_08_02","HRPVB","html-slider-response","660","518976","0.0-683.0-0.0-1.4","vaginal","","Infección de la herida; vaginal","50","53.8"
"","595.4000000003725","HRPVB_08_01","HRPVB","html-slider-response","661","519576","0.0-683.0-0.0-2.4","cesarea","","Infección de la herida; cesarea","50","53.5"
"","383","HRPVB_05_00","HRPVB","html-button-response","662","519962","0.0-683.0-0.0-0.5","Complicaciones de la anestesia","0","Complicaciones de la anestesia","",""
"","588.2000000011176","HRPVB_05_01","HRPVB","html-slider-response","663","520554","0.0-683.0-0.0-1.5","cesarea","","Complicaciones de la anestesia; cesarea","50","45.1"
"","552.3000000007451","HRPVB_05_02","HRPVB","html-slider-response","664","521110","0.0-683.0-0.0-2.5","vaginal","","Complicaciones de la anestesia; vaginal","50","53.4"
"","396","HRPVB_07_00","HRPVB","html-button-response","665","521511","0.0-683.0-0.0-0.6","Histerectomía (extracción del útero)","0","Histerectomía (extracción del útero)","",""
"","616.1000000014901","HRPVB_07_02","HRPVB","html-slider-response","666","522130","0.0-683.0-0.0-1.6","vaginal","","Histerectomía (extracción del útero); vaginal","50","47.1"
"","697.6999999992549","HRPVB_07_01","HRPVB","html-slider-response","667","522831","0.0-683.0-0.0-2.6","cesarea","","Histerectomía (extracción del útero); cesarea","50","52.8"
