"view_history","rt","trialid","procedure","trial_type","trial_index","time_elapsed","internal_node_id","stimulus","response"
"[{""page_index"":0,""viewing_time"":516}]","516","Instructions_01","SRBQP","instructions","1544","1126916","0.0-1611.0-0.0","",""
"","1084","SRBQP_001","SRBQP","survey-multi-choice-vertical","1545","1128029","0.0-1612.0-0.0","{""Q0"":""Mis creencias me han ayudado a sobrellevar el estrés ocasionado por la pandemia.""}","{""Q0"":"" 3 En alguna medida en desacuerdo""}"
"","1135","SRBQP_002","SRBQP","survey-multi-choice-vertical","1546","1129179","0.0-1613.0-0.0","{""Q0"":""Mis creencias me han ayudado a sobrellevar momentos de ansiedad durante la pandemia.""}","{""Q0"":"" 2 En desacuerdo""}"
"","1306","SRBQP_003","SRBQP","survey-multi-choice-vertical","1547","1130504","0.0-1614.0-0.0","{""Q0"":""Mis creencias me han ayudado a sobrellevar momentos de tristeza y depresión durante la pandemia.""}","{""Q0"":"" 3 En alguna medida en desacuerdo""}"
"","979","SRBQP_004","SRBQP","survey-multi-choice-vertical","1548","1131509","0.0-1615.0-0.0","{""Q0"":""Mis creencias se hicieron más fuertes durante la pandemia.""}","{""Q0"":"" 1 Completamente en desacuerdo""}"
"","956","SRBQP_005","SRBQP","survey-multi-choice-vertical","1549","1132480","0.0-1616.0-0.0","{""Q0"":""En general, me considero una persona sin creencias.""}","{""Q0"":"" 2 En desacuerdo""}"
