"view_history","rt","trialid","procedure","trial_type","trial_index","time_elapsed","internal_node_id","stimulus","button_pressed","condition_within","slider_start","response"
"[{""page_index"":0,""viewing_time"":504}]","505","Instructions_01","HRPVB","instructions","632","504439","0.0-679.0-0.0","","","","",""
"[{""page_index"":0,""viewing_time"":492}]","493","Instructions_02","HRPVB","instructions","633","504936","0.0-680.0-0.0","","","","",""
"","554.9000000003725","HRPVB_01_00","HRPVB","html-button-response","634","505495","0.0-681.0-0.0-0.0","Problemas respiratorios del recién nacido","0","Problemas respiratorios del recién nacido","",""
"","598.0999999996275","HRPVB_01_02","HRPVB","html-slider-response","635","506097","0.0-681.0-0.0-1.0","vaginal","","Problemas respiratorios del recién nacido; vaginal","50","49.7"
"","633.1000000014901","HRPVB_01_01","HRPVB","html-slider-response","636","506733","0.0-681.0-0.0-2.0","cesarea","","Problemas respiratorios del recién nacido; cesarea","50","53.6"
"","441.19999999925494","HRPVB_03_00","HRPVB","html-button-response","637","507177","0.0-681.0-0.0-0.1","Hospitalización en cuidados intensivos neonatales","0","Hospitalización en cuidados intensivos neonatales","",""
"","622","HRPVB_03_02","HRPVB","html-slider-response","638","507804","0.0-681.0-0.0-1.1","vaginal","","Hospitalización en cuidados intensivos neonatales; vaginal","50","49.6"
"","652.7000000011176","HRPVB_03_01","HRPVB","html-slider-response","639","508465","0.0-681.0-0.0-2.1","cesarea","","Hospitalización en cuidados intensivos neonatales; cesarea","50","50.6"
"","522.1999999992549","HRPVB_04_00","HRPVB","html-button-response","640","508995","0.0-681.0-0.0-0.2","Dificultades para inicio temprano de lactancia materna","0","Dificultades para inicio temprano de lactancia materna","",""
"","690.5999999996275","HRPVB_04_02","HRPVB","html-slider-response","641","509689","0.0-681.0-0.0-1.2","vaginal","","Dificultades para inicio temprano de lactancia materna; vaginal","50","54.6"
"","836.7000000011176","HRPVB_04_01","HRPVB","html-slider-response","642","510530","0.0-681.0-0.0-2.2","cesarea","","Dificultades para inicio temprano de lactancia materna; cesarea","50","51.9"
"","434.30000000074506","HRPVB_02_00","HRPVB","html-button-response","643","510968","0.0-681.0-0.0-0.3","Lesión en el cerebro del bebe por falta de oxígeno","0","Lesión en el cerebro del bebe por falta de oxígeno","",""
"","605.6999999992549","HRPVB_02_02","HRPVB","html-slider-response","644","511577","0.0-681.0-0.0-1.3","vaginal","","Lesión en el cerebro del bebe por falta de oxígeno; vaginal","50","50.6"
"","572.4000000003725","HRPVB_02_01","HRPVB","html-slider-response","645","512153","0.0-681.0-0.0-2.3","cesarea","","Lesión en el cerebro del bebe por falta de oxígeno; cesarea","50","54.2"
"[{""page_index"":0,""viewing_time"":470}]","471","Instructions_02","HRPVB","instructions","646","512627","0.0-682.0-0.0","","","","",""
"","361.6000000014901","HRPVB_07_00","HRPVB","html-button-response","647","512995","0.0-683.0-0.0-0.0","Histerectomía (extracción del útero)","0","Histerectomía (extracción del útero)","",""
"","574.5999999996275","HRPVB_07_01","HRPVB","html-slider-response","648","513573","0.0-683.0-0.0-1.0","cesarea","","Histerectomía (extracción del útero); cesarea","50","53.2"
"","660.6999999992549","HRPVB_07_02","HRPVB","html-slider-response","649","514239","0.0-683.0-0.0-2.0","vaginal","","Histerectomía (extracción del útero); vaginal","50","46.3"
"","459.90000000037253","HRPVB_06_00","HRPVB","html-button-response","650","514703","0.0-683.0-0.0-0.1","Paro cardíaco","0","Paro cardíaco","",""
"","610.3999999985099","HRPVB_06_02","HRPVB","html-slider-response","651","515318","0.0-683.0-0.0-1.1","vaginal","","Paro cardíaco; vaginal","50","46.8"
"","585.9000000003725","HRPVB_06_01","HRPVB","html-slider-response","652","515908","0.0-683.0-0.0-2.1","cesarea","","Paro cardíaco; cesarea","50","46.5"
"","407.5","HRPVB_05_00","HRPVB","html-button-response","653","516319","0.0-683.0-0.0-0.2","Complicaciones de la anestesia","0","Complicaciones de la anestesia","",""
"","545.3999999985099","HRPVB_05_02","HRPVB","html-slider-response","654","516869","0.0-683.0-0.0-1.2","vaginal","","Complicaciones de la anestesia; vaginal","50","52.2"
"","597.9000000003725","HRPVB_05_01","HRPVB","html-slider-response","655","517473","0.0-683.0-0.0-2.2","cesarea","","Complicaciones de la anestesia; cesarea","50","48.9"
"","380.40000000037253","HRPVB_10_00","HRPVB","html-button-response","656","517858","0.0-683.0-0.0-0.3","Hospitalización de la madre en cuidados intensivos","0","Hospitalización de la madre en cuidados intensivos","",""
"","577","HRPVB_10_02","HRPVB","html-slider-response","657","518438","0.0-683.0-0.0-1.3","vaginal","","Hospitalización de la madre en cuidados intensivos; vaginal","50","51.8"
"","576.5999999996275","HRPVB_10_01","HRPVB","html-slider-response","658","519019","0.0-683.0-0.0-2.3","cesarea","","Hospitalización de la madre en cuidados intensivos; cesarea","50","53"
"","377.3999999985099","HRPVB_11_00","HRPVB","html-button-response","659","519400","0.0-683.0-0.0-0.4","Depresión post parto","0","Depresión post parto","",""
"","540.5999999996275","HRPVB_11_01","HRPVB","html-slider-response","660","519944","0.0-683.0-0.0-1.4","cesarea","","Depresión post parto; cesarea","50","50.6"
"","515.6999999992549","HRPVB_11_02","HRPVB","html-slider-response","661","520462","0.0-683.0-0.0-2.4","vaginal","","Depresión post parto; vaginal","50","51.2"
"","366.90000000037253","HRPVB_08_00","HRPVB","html-button-response","662","520833","0.0-683.0-0.0-0.5","Infección de la herida","0","Infección de la herida","",""
"","570","HRPVB_08_01","HRPVB","html-slider-response","663","521409","0.0-683.0-0.0-1.5","cesarea","","Infección de la herida; cesarea","50","54.9"
"","577.7999999988824","HRPVB_08_02","HRPVB","html-slider-response","664","521991","0.0-683.0-0.0-2.5","vaginal","","Infección de la herida; vaginal","50","46"
"","393.7999999988824","HRPVB_09_00","HRPVB","html-button-response","665","522389","0.0-683.0-0.0-0.6","Lesión de la vagina","0","Lesión de la vagina","",""
"","528","HRPVB_09_02","HRPVB","html-slider-response","666","522921","0.0-683.0-0.0-1.6","vaginal","","Lesión de la vagina; vaginal","50","45.7"
"","575.7999999988824","HRPVB_09_01","HRPVB","html-slider-response","667","523500","0.0-683.0-0.0-2.6","cesarea","","Lesión de la vagina; cesarea","50","49.9"
