"view_history","rt","trialid","procedure","trial_type","trial_index","time_elapsed","internal_node_id","stimulus","response","question_order"
"[{""page_index"":0,""viewing_time"":477}]","477","Instructions_001","SDQ20","instructions","1350","971474","0.0-1417.0-0.0","","",""
"","941","SDQ20_001","SDQ20","survey-multi-choice","1351","972421","0.0-1418.0-0.0","{""Q0"":""Tengo problemas al orinar.""}","{""Q0"":"" Nunca""}","[0]"
"","807.3999999985099","SDQ20_004","SDQ20","survey-multi-choice","1352","973235","0.0-1421.0-0.0","{""Q0"":""Me desagradan sabores que habitualmente me gustan (mujeres, en momentos que NO SEAN EMBARAZO O MENSTRUACIÓN).""}","{""Q0"":"" Nunca""}","[0]"
"","930.0999999996275","SDQ20_007","SDQ20","survey-multi-choice","1353","974171","0.0-1424.0-0.0","{""Q0"":""Oigo los sonidos cercanos como si vinieran de lejos.""}","{""Q0"":"" De vez en cuando""}","[0]"
"","644.8000000007451","SDQ20_008","SDQ20","survey-multi-choice","1354","974821","0.0-1425.0-0.0-0.0","{""Q0"":""¿Se conoce la causa física?""}","{""Q0"":"" Si""}","[0]"
"","750","SDQ20_009","SDQ20","survey-text","1355","975577","0.0-1426.0-0.0-0.0","{""Q0"":""Sobre todo por:""}","{""Q0"":""Ur7WTH338usenENd27jA7Tz7gHbxjFohcrLwEPiLB3YTe4dD9ntty6zGJfe25O7lx4uQ5ajewyh2DFZzJKykxGXF""}",""
"","932.1000000014901","SDQ20_010","SDQ20","survey-multi-choice","1356","976515","0.0-1427.0-0.0","{""Q0"":""Tengo dolor al orinar.""}","{""Q0"":"" Frecuentemente""}","[0]"
"","675.9000000003725","SDQ20_011","SDQ20","survey-multi-choice","1357","977196","0.0-1428.0-0.0-0.0","{""Q0"":""¿Se conoce la causa física?""}","{""Q0"":"" No""}","[0]"
"","910.8000000007451","SDQ20_013","SDQ20","survey-multi-choice","1358","978114","0.0-1430.0-0.0","{""Q0"":""Siento mi cuerpo o parte de él entumecido.""}","{""Q0"":"" Nunca""}","[0]"
"","849.3000000007451","SDQ20_016","SDQ20","survey-multi-choice","1359","978969","0.0-1433.0-0.0","{""Q0"":""Veo a las personas o cosas más grandes de lo habitual.""}","{""Q0"":"" Pocas veces""}","[0]"
"","694","SDQ20_017","SDQ20","survey-multi-choice","1360","979668","0.0-1434.0-0.0-0.0","{""Q0"":""¿Se conoce la causa física?""}","{""Q0"":"" Si""}","[0]"
"","642","SDQ20_018","SDQ20","survey-text","1361","980317","0.0-1435.0-0.0-0.0","{""Q0"":""Sobre todo por:""}","{""Q0"":""Wlrv0GI3W3dJGk4yUEl""}",""
"","921.5999999996275","SDQ20_019","SDQ20","survey-multi-choice","1362","981248","0.0-1436.0-0.0","{""Q0"":""Tengo ataques que parecen convulsiones epilépticas.""}","{""Q0"":"" Frecuentemente""}","[0]"
"","655.4000000003725","SDQ20_020","SDQ20","survey-multi-choice","1363","981907","0.0-1437.0-0.0-0.0","{""Q0"":""¿Se conoce la causa física?""}","{""Q0"":"" No""}","[0]"
"","856.6999999992549","SDQ20_022","SDQ20","survey-multi-choice","1364","982771","0.0-1439.0-0.0","{""Q0"":""Mi cuerpo o parte de él es insensible al dolor.""}","{""Q0"":"" De vez en cuando""}","[0]"
"","807.6000000014901","SDQ20_023","SDQ20","survey-multi-choice","1365","983586","0.0-1440.0-0.0-0.0","{""Q0"":""¿Se conoce la causa física?""}","{""Q0"":"" Si""}","[0]"
"","806","SDQ20_024","SDQ20","survey-text","1366","984401","0.0-1441.0-0.0-0.0","{""Q0"":""Sobre todo por:""}","{""Q0"":""zQ7iVm3WWCdtLHQ0FmArhJGZrqS4pep6bZmGCyh0i8SUpvbYf3R1bhxIoJUjf6L8RTqqflsOYKKVbW5B4jaYyleN5n1F4um""}",""
"","841.7999999988824","SDQ20_025","SDQ20","survey-multi-choice","1367","985247","0.0-1442.0-0.0","{""Q0"":""Me desagradan olores que habitualmente me agradan.""}","{""Q0"":"" Nunca""}","[0]"
"","809.9000000003725","SDQ20_028","SDQ20","survey-multi-choice","1368","986063","0.0-1445.0-0.0","{""Q0"":""Me duelen los genitales (en otros momentos que no sea el coito).""}","{""Q0"":"" Casi todo o todo el tiempo""}","[0]"
"","630.8000000007451","SDQ20_029","SDQ20","survey-multi-choice","1369","986698","0.0-1446.0-0.0-0.0","{""Q0"":""¿Se conoce la causa física?""}","{""Q0"":"" No""}","[0]"
"","794.4000000003725","SDQ20_031","SDQ20","survey-multi-choice","1370","987499","0.0-1448.0-0.0","{""Q0"":""No puedo oír por momentos (como si estuviera sordo).""}","{""Q0"":"" Nunca""}","[0]"
"","846.2000000011176","SDQ20_034","SDQ20","survey-multi-choice","1371","988351","0.0-1451.0-0.0","{""Q0"":""No puedo ver por momentos (como si estuviera ciego).""}","{""Q0"":"" Pocas veces""}","[0]"
"","711.1999999992549","SDQ20_035","SDQ20","survey-multi-choice","1372","989068","0.0-1452.0-0.0-0.0","{""Q0"":""¿Se conoce la causa física?""}","{""Q0"":"" No""}","[0]"
"","1126.5","SDQ20_037","SDQ20","survey-multi-choice","1373","990201","0.0-1454.0-0.0","{""Q0"":""Veo las cosas alrededor de mi diferentes de lo habitual (por ejemplo: como viéndolas por un túnel o viendo solo parte de un objeto).""}","{""Q0"":"" Frecuentemente""}","[0]"
"","662","SDQ20_038","SDQ20","survey-multi-choice","1374","990867","0.0-1455.0-0.0-0.0","{""Q0"":""¿Se conoce la causa física?""}","{""Q0"":"" Si""}","[0]"
"","788","SDQ20_039","SDQ20","survey-text","1375","991664","0.0-1456.0-0.0-0.0","{""Q0"":""Sobre todo por:""}","{""Q0"":""SHslPYqqti6hulvc1YoUJamyzuMLAQg6aHvkERC0G6BBW1MVtpu5PV0IycJ41XusDAyhmNS0B9UY44kzEKngZcYMvB""}",""
"","948.3000000007451","SDQ20_040","SDQ20","survey-multi-choice","1376","992617","0.0-1457.0-0.0","{""Q0"":""Puedo oler mucho MEJOR o PEOR que habitualmente (aunque no tenga catarro).""}","{""Q0"":"" Pocas veces""}","[0]"
"","692.1000000014901","SDQ20_041","SDQ20","survey-multi-choice","1377","993315","0.0-1458.0-0.0-0.0","{""Q0"":""¿Se conoce la causa física?""}","{""Q0"":"" Si""}","[0]"
"","648","SDQ20_042","SDQ20","survey-text","1378","993969","0.0-1459.0-0.0-0.0","{""Q0"":""Sobre todo por:""}","{""Q0"":""FNYblR3A5OX58NuFTxWTZed5h14QMnPn2cr643ltUMqP7""}",""
"","885.5","SDQ20_043","SDQ20","survey-multi-choice","1379","994859","0.0-1460.0-0.0","{""Q0"":""Es como si mi cuerpo, o parte de él, hubiera desaparecido.""}","{""Q0"":"" Nunca""}","[0]"
"","848.9000000003725","SDQ20_046","SDQ20","survey-multi-choice","1380","995716","0.0-1463.0-0.0","{""Q0"":""No puedo tragar o trago con gran esfuerzo.""}","{""Q0"":"" Pocas veces""}","[0]"
"","612.5","SDQ20_047","SDQ20","survey-multi-choice","1381","996337","0.0-1464.0-0.0-0.0","{""Q0"":""¿Se conoce la causa física?""}","{""Q0"":"" No""}","[0]"
"","853.5999999996275","SDQ20_049","SDQ20","survey-multi-choice","1382","997197","0.0-1466.0-0.0","{""Q0"":""No puedo dormir a lo largo de la noche y estoy activo al día siguiente.""}","{""Q0"":"" Pocas veces""}","[0]"
"","725.5","SDQ20_050","SDQ20","survey-multi-choice","1383","997927","0.0-1467.0-0.0-0.0","{""Q0"":""¿Se conoce la causa física?""}","{""Q0"":"" No""}","[0]"
"","816.5","SDQ20_052","SDQ20","survey-multi-choice","1384","998748","0.0-1469.0-0.0","{""Q0"":""No puedo hablar (o solo con gran esfuerzo), o solo puedo susurrar.""}","{""Q0"":"" Nunca""}","[0]"
"","796.6999999992549","SDQ20_055","SDQ20","survey-multi-choice","1385","999550","0.0-1472.0-0.0","{""Q0"":""Me quedo paralizado por momentos.""}","{""Q0"":"" Pocas veces""}","[0]"
"","609","SDQ20_056","SDQ20","survey-multi-choice","1386","1000164","0.0-1473.0-0.0-0.0","{""Q0"":""¿Se conoce la causa física?""}","{""Q0"":"" No""}","[0]"
"","845.2999999988824","SDQ20_058","SDQ20","survey-multi-choice","1387","1001014","0.0-1475.0-0.0","{""Q0"":""Me quedo rígida por momentos.""}","{""Q0"":"" Nunca""}","[0]"
