"view_history","rt","trialid","procedure","trial_type","trial_index","time_elapsed","internal_node_id","stimulus","response"
"[{""page_index"":0,""viewing_time"":436}]","436","Instructions_01","CRQ","instructions","150","110528","0.0-168.0-0.0","",""
"","1275","CRQ_01","CRQ","survey-multi-choice-vertical","151","111813","0.0-169.0-0.0","{""Q0"":""1. Escolaridad""}","{""Q0"":"" Media incompleta (< 12 años e > 9)""}"
"","670","CRQ_02","CRQ","survey-multi-choice-vertical","152","112487","0.0-170.0-0.0","{""Q0"":""2. Escolaridad de los padres""}","{""Q0"":"" Básica o primaria""}"
"","711","CRQ_03","CRQ","survey-multi-choice-vertical","153","113202","0.0-171.0-0.0","{""Q0"":""3. Cursos de Formación""}","{""Q0"":"" Entre 2 y cinco""}"
"","758","CRQ_04","CRQ","survey-multi-choice-vertical","154","113964","0.0-172.0-0.0","{""Q0"":""4. Ocupación Laboral""}","{""Q0"":"" Profesional (estudios superiores/universitarios)""}"
"","640","CRQ_05","CRQ","survey-multi-choice-vertical","155","114609","0.0-173.0-0.0","{""Q0"":""5. Formación Musical""}","{""Q0"":"" No toca ningún instrumento ni escucha música frecuentemente""}"
"","618","CRQ_06","CRQ","survey-multi-choice-vertical","156","115230","0.0-174.0-0.0","{""Q0"":""6. Idiomas""}","{""Q0"":"" Dos idiomas""}"
"","706","CRQ_07","CRQ","survey-multi-choice-vertical","157","115939","0.0-175.0-0.0","{""Q0"":""7. Actividad Lectora""}","{""Q0"":"" Nunca""}"
"","617","CRQ_08","CRQ","survey-multi-choice-vertical","158","116560","0.0-176.0-0.0","{""Q0"":""8. Juegos intelectuales (ajedrez, puzzle, crucigramas)""}","{""Q0"":"" Ocasional (entre 1 y 5 al mes)""}"
"[{""page_index"":0,""viewing_time"":330}]","331","Instructions_02","CRQ","instructions","159","116893","0.0-177.0-0.0","",""
"[{""page_index"":0,""viewing_time"":382},{""page_index"":1,""viewing_time"":440}]","822","Instructions_03","CRQ","instructions","160","117717","0.0-178.0-0.0","",""
"","1752","CRQ_09","CRQ","survey-multi-choice-vertical","161","119477","0.0-179.0-0.0","{""Q0"":""Juventud"",""Q1"":""Adultez"",""Q2"":""Madurez""}","{""Q0"":""1"",""Q1"":""0"",""Q2"":""1""}"
"","1722","CRQ_10","CRQ","survey-multi-choice-vertical","162","121207","0.0-180.0-0.0","{""Q0"":""Juventud"",""Q1"":""Adultez"",""Q2"":""Madurez""}","{""Q0"":""1"",""Q1"":""3"",""Q2"":""0""}"
"","1703","CRQ_11","CRQ","survey-multi-choice-vertical","163","122920","0.0-181.0-0.0","{""Q0"":""Juventud"",""Q1"":""Adultez"",""Q2"":""Madurez""}","{""Q0"":""2"",""Q1"":""3"",""Q2"":""2""}"
"","1568","CRQ_12","CRQ","survey-multi-choice-vertical","164","124497","0.0-182.0-0.0","{""Q0"":""Juventud"",""Q1"":""Adultez"",""Q2"":""Madurez""}","{""Q0"":""2"",""Q1"":""3"",""Q2"":""3""}"
"[{""page_index"":0,""viewing_time"":318},{""page_index"":1,""viewing_time"":447}]","765","Instructions_04","CRQ","instructions","165","125264","0.0-183.0-0.0","",""
"","1588","CRQ_13","CRQ","survey-multi-choice-vertical","166","126861","0.0-184.0-0.0","{""Q0"":""Juventud"",""Q1"":""Adultez"",""Q2"":""Madurez""}","{""Q0"":""2"",""Q1"":""3"",""Q2"":""3""}"
"","1662","CRQ_14","CRQ","survey-multi-choice-vertical","167","128533","0.0-185.0-0.0","{""Q0"":""Juventud"",""Q1"":""Adultez"",""Q2"":""Madurez""}","{""Q0"":""3"",""Q1"":""0"",""Q2"":""3""}"
"","1634","CRQ_15","CRQ","survey-multi-choice-vertical","168","130175","0.0-186.0-0.0","{""Q0"":""Juventud"",""Q1"":""Adultez"",""Q2"":""Madurez""}","{""Q0"":""0"",""Q1"":""4"",""Q2"":""2""}"
"","1656","CRQ_16","CRQ","survey-multi-choice-vertical","169","131838","0.0-187.0-0.0","{""Q0"":""Juventud"",""Q1"":""Adultez"",""Q2"":""Madurez""}","{""Q0"":""3"",""Q1"":""3"",""Q2"":""4""}"
"[{""page_index"":0,""viewing_time"":341},{""page_index"":1,""viewing_time"":475}]","816","Instructions_05","CRQ","instructions","170","132656","0.0-188.0-0.0","",""
"","1618","CRQ_17","CRQ","survey-multi-choice-vertical","171","134284","0.0-189.0-0.0","{""Q0"":""Juventud"",""Q1"":""Adultez"",""Q2"":""Madurez""}","{""Q0"":""3"",""Q1"":""3"",""Q2"":""4""}"
"","1609","CRQ_18","CRQ","survey-multi-choice-vertical","172","135901","0.0-190.0-0.0","{""Q0"":""Juventud"",""Q1"":""Adultez"",""Q2"":""Madurez""}","{""Q0"":""3"",""Q1"":""3"",""Q2"":""1""}"
"","1808","CRQ_19","CRQ","survey-multi-choice-vertical","173","137717","0.0-191.0-0.0","{""Q0"":""Juventud"",""Q1"":""Adultez"",""Q2"":""Madurez""}","{""Q0"":""0"",""Q1"":""1"",""Q2"":""1""}"
"","1486","CRQ_20","CRQ","survey-multi-choice-vertical","174","139212","0.0-192.0-0.0","{""Q0"":""Juventud"",""Q1"":""Adultez"",""Q2"":""Madurez""}","{""Q0"":""1"",""Q1"":""3"",""Q2"":""2""}"
"","1603","CRQ_21","CRQ","survey-multi-choice-vertical","175","140822","0.0-193.0-0.0","{""Q0"":""Juventud"",""Q1"":""Adultez"",""Q2"":""Madurez""}","{""Q0"":""3"",""Q1"":""4"",""Q2"":""0""}"
"","1580","CRQ_22","CRQ","survey-multi-choice-vertical","176","142411","0.0-194.0-0.0","{""Q0"":""Juventud"",""Q1"":""Adultez"",""Q2"":""Madurez""}","{""Q0"":""4"",""Q1"":""1"",""Q2"":""2""}"
"","1587","CRQ_23","CRQ","survey-multi-choice-vertical","177","144007","0.0-195.0-0.0","{""Q0"":""Juventud"",""Q1"":""Adultez"",""Q2"":""Madurez""}","{""Q0"":""4"",""Q1"":""2"",""Q2"":""3""}"
"","1523","CRQ_24","CRQ","survey-multi-choice-vertical","178","145539","0.0-196.0-0.0","{""Q0"":""Juventud"",""Q1"":""Adultez"",""Q2"":""Madurez""}","{""Q0"":""3"",""Q1"":""4"",""Q2"":""4""}"
"","1594","CRQ_25","CRQ","survey-multi-choice-vertical","179","147144","0.0-197.0-0.0","{""Q0"":""Juventud"",""Q1"":""Adultez"",""Q2"":""Madurez""}","{""Q0"":""1"",""Q1"":""0"",""Q2"":""0""}"
"","1567","CRQ_26","CRQ","survey-multi-choice-vertical","180","148720","0.0-198.0-0.0","{""Q0"":""Juventud"",""Q1"":""Adultez"",""Q2"":""Madurez""}","{""Q0"":""2"",""Q1"":""2"",""Q2"":""3""}"
"","1594","CRQ_27","CRQ","survey-multi-choice-vertical","181","150322","0.0-199.0-0.0","{""Q0"":""Juventud"",""Q1"":""Adultez"",""Q2"":""Madurez""}","{""Q0"":""3"",""Q1"":""0"",""Q2"":""3""}"
"","1561","CRQ_28","CRQ","survey-multi-choice-vertical","182","151894","0.0-200.0-0.0","{""Q0"":""Juventud"",""Q1"":""Adultez"",""Q2"":""Madurez""}","{""Q0"":""2"",""Q1"":""4"",""Q2"":""1""}"
"","1587","CRQ_29","CRQ","survey-multi-choice-vertical","183","153491","0.0-201.0-0.0","{""Q0"":""Juventud"",""Q1"":""Adultez"",""Q2"":""Madurez""}","{""Q0"":""2"",""Q1"":""3"",""Q2"":""4""}"
"[{""page_index"":0,""viewing_time"":369},{""page_index"":1,""viewing_time"":491}]","860","Instructions_06","CRQ","instructions","184","154354","0.0-202.0-0.0","",""
"","1574","CRQ_30","CRQ","survey-multi-choice-vertical","185","155936","0.0-203.0-0.0","{""Q0"":""Juventud"",""Q1"":""Adultez"",""Q2"":""Madurez""}","{""Q0"":""1"",""Q1"":""1"",""Q2"":""4""}"
"","1568","CRQ_31","CRQ","survey-multi-choice-vertical","186","157512","0.0-204.0-0.0","{""Q0"":""Juventud"",""Q1"":""Adultez"",""Q2"":""Madurez""}","{""Q0"":""0"",""Q1"":""4"",""Q2"":""2""}"
"","1652","CRQ_32","CRQ","survey-multi-choice-vertical","187","159178","0.0-205.0-0.0","{""Q0"":""Juventud"",""Q1"":""Adultez"",""Q2"":""Madurez""}","{""Q0"":""2"",""Q1"":""4"",""Q2"":""1""}"
