"view_history","rt","trialid","procedure","trial_type","trial_index","time_elapsed","internal_node_id","stimulus","response"
"[{""page_index"":0,""viewing_time"":550}]","550","Instructions_01","WEBEXEC","instructions","1672","1223684","0.0-1745.0-0.0","",""
"","830","WEBEXEC_01","WEBEXEC","survey-multi-choice-vertical","1673","1224530","0.0-1746.0-0.0","{""Q0"":""1. ¿Tienes dificultades para mantener tu atención en una tarea?""}","{""Q0"":"" He tenido muchos problemas""}"
"","806","WEBEXEC_02","WEBEXEC","survey-multi-choice-vertical","1674","1225347","0.0-1747.0-0.0","{""Q0"":""2. ¿Tienes problemas para concentrarte en una tarea?""}","{""Q0"":"" He tenido muchos problemas""}"
"","768","WEBEXEC_03","WEBEXEC","survey-multi-choice-vertical","1675","1226126","0.0-1748.0-0.0","{""Q0"":""3. ¿Tienes problemas para hacer más de una tarea al mismo tiempo?""}","{""Q0"":"" He tenido bastantes problemas""}"
"","858","WEBEXEC_04","WEBEXEC","survey-multi-choice-vertical","1676","1226994","0.0-1749.0-0.0","{""Q0"":""4. ¿Tiendes a perder tu cadena de pensamientos?""}","{""Q0"":"" He tenido muchos problemas""}"
"","791","WEBEXEC_05","WEBEXEC","survey-multi-choice-vertical","1677","1227803","0.0-1750.0-0.0","{""Q0"":""5. ¿Tienes problemas para continuar las cosas que has empezado?""}","{""Q0"":"" He tenido algunos problemas""}"
"","887","WEBEXEC_06","WEBEXEC","survey-multi-choice-vertical","1678","1228723","0.0-1751.0-0.0","{""Q0"":""6. ¿Actúas por impulso?""}","{""Q0"":"" He tenido algunos problemas""}"
