"view_history","rt","trialid","procedure","trial_type","trial_index","time_elapsed","internal_node_id","stimulus","response"
"[{""page_index"":0,""viewing_time"":518}]","518","Instructions_01","STAI","instructions","1570","1149273","0.0-1639.0-0.0","",""
"","951","STAI_01","STAI","survey-multi-choice-horizontal","1571","1150237","0.0-1640.0-0.0","{""Q0"":""1. Me siento calmado.""}","{""Q0"":""BASTANTE""}"
"","856","STAI_02","STAI","survey-multi-choice-horizontal","1572","1151107","0.0-1641.0-0.0","{""Q0"":""2. Me siento seguro.""}","{""Q0"":""NADA""}"
"","782","STAI_03","STAI","survey-multi-choice-horizontal","1573","1151901","0.0-1642.0-0.0","{""Q0"":""3. Estoy tenso.""}","{""Q0"":""MUCHO""}"
"","867","STAI_04","STAI","survey-multi-choice-horizontal","1574","1152777","0.0-1643.0-0.0","{""Q0"":""4. Me siento disgustado.""}","{""Q0"":""UN POCO""}"
"","793","STAI_05","STAI","survey-multi-choice-horizontal","1575","1153580","0.0-1644.0-0.0","{""Q0"":""5. Me siento a “mis anchas”.""}","{""Q0"":""NADA""}"
"","752","STAI_06","STAI","survey-multi-choice-horizontal","1576","1154341","0.0-1645.0-0.0","{""Q0"":""6. Me siento alterado.""}","{""Q0"":""UN POCO""}"
"","777","STAI_07","STAI","survey-multi-choice-horizontal","1577","1155127","0.0-1646.0-0.0","{""Q0"":""7. En este momento estoy preocupado por algún posible problema.""}","{""Q0"":""NADA""}"
"","916","STAI_08","STAI","survey-multi-choice-horizontal","1578","1156052","0.0-1647.0-0.0","{""Q0"":""8. Me siento satisfecho.""}","{""Q0"":""BASTANTE""}"
"","826","STAI_09","STAI","survey-multi-choice-horizontal","1579","1156888","0.0-1648.0-0.0","{""Q0"":""9. Me siento asustado.""}","{""Q0"":""MUCHO""}"
"","785","STAI_10","STAI","survey-multi-choice-horizontal","1580","1157683","0.0-1649.0-0.0","{""Q0"":""10. Me siento cómodo.""}","{""Q0"":""UN POCO""}"
"","802","STAI_11","STAI","survey-multi-choice-horizontal","1581","1158497","0.0-1650.0-0.0","{""Q0"":""11. Tengo confianza en mí mismo.""}","{""Q0"":""UN POCO""}"
"","781","STAI_12","STAI","survey-multi-choice-horizontal","1582","1159292","0.0-1651.0-0.0","{""Q0"":""12. Me siento nervioso.""}","{""Q0"":""NADA""}"
"","778","STAI_13","STAI","survey-multi-choice-horizontal","1583","1160079","0.0-1652.0-0.0","{""Q0"":""13. Me siento agitado.""}","{""Q0"":""MUCHO""}"
"","956","STAI_14","STAI","survey-multi-choice-horizontal","1584","1161045","0.0-1653.0-0.0","{""Q0"":""14. Me siento indeciso.""}","{""Q0"":""UN POCO""}"
"","786","STAI_15","STAI","survey-multi-choice-horizontal","1585","1161841","0.0-1654.0-0.0","{""Q0"":""15. Me siento tranquilo.""}","{""Q0"":""BASTANTE""}"
"","779","STAI_16","STAI","survey-multi-choice-horizontal","1586","1162634","0.0-1655.0-0.0","{""Q0"":""16. Me siento “a gusto”.""}","{""Q0"":""NADA""}"
"","823","STAI_17","STAI","survey-multi-choice-horizontal","1587","1163466","0.0-1656.0-0.0","{""Q0"":""17. Estoy preocupado.""}","{""Q0"":""NADA""}"
"","751","STAI_18","STAI","survey-multi-choice-horizontal","1588","1164227","0.0-1657.0-0.0","{""Q0"":""18. Me siento aturdido.""}","{""Q0"":""MUCHO""}"
"","730","STAI_19","STAI","survey-multi-choice-horizontal","1589","1164967","0.0-1658.0-0.0","{""Q0"":""19. Me siento equilibrado.""}","{""Q0"":""NADA""}"
"","723","STAI_20","STAI","survey-multi-choice-horizontal","1590","1165701","0.0-1659.0-0.0","{""Q0"":""20. Me siento bien.""}","{""Q0"":""MUCHO""}"
"","770","STAI_21","STAI","survey-multi-choice-horizontal","1591","1166482","0.0-1660.0-0.0","{""Q0"":""21. Me siento bien.""}","{""Q0"":""UN POCO""}"
"","777","STAI_22","STAI","survey-multi-choice-horizontal","1592","1167271","0.0-1661.0-0.0","{""Q0"":""22. Me siento nervioso.""}","{""Q0"":""NADA""}"
"","810","STAI_23","STAI","survey-multi-choice-horizontal","1593","1168093","0.0-1662.0-0.0","{""Q0"":""23. Me siento “a gusto” conmigo mismo.""}","{""Q0"":""UN POCO""}"
"","783","STAI_24","STAI","survey-multi-choice-horizontal","1594","1168887","0.0-1663.0-0.0","{""Q0"":""24. Quisiera ser tan feliz como otros parecen serlo.""}","{""Q0"":""UN POCO""}"
"","791","STAI_25","STAI","survey-multi-choice-horizontal","1595","1169696","0.0-1664.0-0.0","{""Q0"":""25. Siento que fallo.""}","{""Q0"":""UN POCO""}"
"","841","STAI_26","STAI","survey-multi-choice-horizontal","1596","1170549","0.0-1665.0-0.0","{""Q0"":""26. Me siento descansado.""}","{""Q0"":""UN POCO""}"
"","829","STAI_27","STAI","survey-multi-choice-horizontal","1597","1171388","0.0-1666.0-0.0","{""Q0"":""27. Soy una persona tranquila, serena y calmada.""}","{""Q0"":""MUCHO""}"
"","752","STAI_28","STAI","survey-multi-choice-horizontal","1598","1172149","0.0-1667.0-0.0","{""Q0"":""28. Siento que las dificultades se me amontonan y no las puedo superar.""}","{""Q0"":""NADA""}"
"","789","STAI_29","STAI","survey-multi-choice-horizontal","1599","1172948","0.0-1668.0-0.0","{""Q0"":""29. Me preocupo demasiado por cosas sin importancia.""}","{""Q0"":""UN POCO""}"
"","772","STAI_30","STAI","survey-multi-choice-horizontal","1600","1173732","0.0-1669.0-0.0","{""Q0"":""30. Soy feliz.""}","{""Q0"":""UN POCO""}"
"","848","STAI_31","STAI","survey-multi-choice-horizontal","1601","1174590","0.0-1670.0-0.0","{""Q0"":""31. Tengo malos pensamientos.""}","{""Q0"":""MUCHO""}"
"","923","STAI_32","STAI","survey-multi-choice-horizontal","1602","1175529","0.0-1671.0-0.0","{""Q0"":""32. Me falta confianza en mí mismo.""}","{""Q0"":""UN POCO""}"
"","751","STAI_33","STAI","survey-multi-choice-horizontal","1603","1176294","0.0-1672.0-0.0","{""Q0"":""33. Me siento seguro.""}","{""Q0"":""NADA""}"
"","772","STAI_34","STAI","survey-multi-choice-horizontal","1604","1177075","0.0-1673.0-0.0","{""Q0"":""34. Puedo decidirme rápidamente.""}","{""Q0"":""BASTANTE""}"
"","789","STAI_35","STAI","survey-multi-choice-horizontal","1605","1177874","0.0-1674.0-0.0","{""Q0"":""35. Me siento “fuera de lugar”.""}","{""Q0"":""MUCHO""}"
"","787","STAI_36","STAI","survey-multi-choice-horizontal","1606","1178671","0.0-1675.0-0.0","{""Q0"":""36. Me siento satisfecho.""}","{""Q0"":""UN POCO""}"
"","822","STAI_37","STAI","survey-multi-choice-horizontal","1607","1179503","0.0-1676.0-0.0","{""Q0"":""37. Algunas ideas poco importantes ocupan mi cabeza y me molestan.""}","{""Q0"":""UN POCO""}"
"","826","STAI_38","STAI","survey-multi-choice-horizontal","1608","1180343","0.0-1677.0-0.0","{""Q0"":""38. Los desengaños me afectan tanto que no me los puedo sacar de la cabeza.""}","{""Q0"":""NADA""}"
"","829","STAI_39","STAI","survey-multi-choice-horizontal","1609","1181181","0.0-1678.0-0.0","{""Q0"":""39. Soy una persona estable.""}","{""Q0"":""MUCHO""}"
"","856","STAI_40","STAI","survey-multi-choice-horizontal","1610","1182049","0.0-1679.0-0.0","{""Q0"":""40. Cuando pienso en las cosas que tengo entre manos me pongo nervioso y tenso.""}","{""Q0"":""UN POCO""}"
