"view_history","rt","trialid","procedure","trial_type","trial_index","time_elapsed","internal_node_id","stimulus","slider_start","response"
"[{""page_index"":0,""viewing_time"":490}]","490","Instructions_01","SBS","instructions","1346","972379","0.0-1380.0-0.0","","",""
"","635.9000000003725","SBS_01","SBS","html-slider-response","1347","973019","0.0-1381.0-0.0","<div class='justified'>1. Existe un Dios todopoderoso, omnisciente y amoroso.</div></br>","0","3"
"","637.9000000003725","SBS_02","SBS","html-slider-response","1348","973661","0.0-1382.0-0.0","<div class='justified'>2. Existe un ser espiritual espiritual maligno, a quien podríamos llamar el Diablo.</div></br>","0","0"
"","616.5","SBS_03","SBS","html-slider-response","1349","974282","0.0-1383.0-0.0","<div class='justified'>3. Existen buenos seres espirituales personales, a quienes podríamos llamar ángeles.</div></br>","0","1"
"","646.5","SBS_04","SBS","html-slider-response","1350","974933","0.0-1384.0-0.0","<div class='justified'>4. Existen seres espirituales personales malvados, a quienes podríamos llamar demonios.</div></br>","0","4"
"","631.8000000007451","SBS_05","SBS","html-slider-response","1351","975568","0.0-1385.0-0.0","<div class='justified'>5. Los seres humanos tienen almas inmateriales e inmortales.</div></br>","0","-4"
"","635.9000000003725","SBS_06","SBS","html-slider-response","1352","976209","0.0-1386.0-0.0","<div class='justified'>6. Hay un reino espiritual además del físico.</div></br>","0","1"
"","635.6000000014901","SBS_07","SBS","html-slider-response","1353","976849","0.0-1387.0-0.0","<div class='justified'>7. Algunas personas irán al cielo cuando mueran.</div></br>","0","-1"
"","589.7999999988824","SBS_08","SBS","html-slider-response","1354","977442","0.0-1388.0-0.0","<div class='justified'>8. Algunas personas irán al infierno cuando mueran.</div></br>","0","4"
"","824.8000000007451","SBS_09","SBS","html-slider-response","1355","978270","0.0-1389.0-0.0","<div class='justified'>9. Los milagros, eventos divinamente causados que no tienen una explicación natural, pueden suceder y lo hacen.</div></br>","0","3"
"","669.5999999996275","SBS_10","SBS","html-slider-response","1356","978943","0.0-1390.0-0.0","<div class='justified'>10. Hay individuos que son mensajeros de Dios y / o pueden prever el futuro.</div></br>","0","0"
