view_history,rt,trialid,procedure,trial_type,trial_index,time_elapsed,internal_node_id,stimulus,response,question_order
"[{""page_index"":0,""viewing_time"":532}]",533,Instructions_01,STAIC,instructions,1612,1182263,0.0-1682.0-0.0,,,
,882.200000001118,STAIC_001,STAIC,survey-multi-choice,1613,1183152,0.0-1683.0-0.0,"{""Q0"":""Me preocupa cometer errores""}","{""Q0"":"" A veces""}",[0]
,798.699999999255,STAIC_002,STAIC,survey-multi-choice,1614,1183955,0.0-1684.0-0.0,"{""Q0"":""Siento ganas de llorar""}","{""Q0"":"" A menudo""}",[0]
,724.799999998882,STAIC_003,STAIC,survey-multi-choice,1615,1184684,0.0-1685.0-0.0,"{""Q0"":""Me siento desgraciado(a)""}","{""Q0"":"" A veces""}",[0]
,755.900000000373,STAIC_004,STAIC,survey-multi-choice,1616,1185445,0.0-1686.0-0.0,"{""Q0"":""Me cuesta tomar una decisión""}","{""Q0"":"" Casi Nunca""}",[0]
,760.699999999255,STAIC_005,STAIC,survey-multi-choice,1617,1186211,0.0-1687.0-0.0,"{""Q0"":""Me cuenta enfrentarme a mis problemas""}","{""Q0"":"" A menudo""}",[0]
,738.299999998882,STAIC_006,STAIC,survey-multi-choice,1618,1186955,0.0-1688.0-0.0,"{""Q0"":""Me preocupo demasiado""}","{""Q0"":"" A menudo""}",[0]
,749.400000000373,STAIC_007,STAIC,survey-multi-choice,1619,1187710,0.0-1689.0-0.0,"{""Q0"":""Me encuentro molesto(a)""}","{""Q0"":"" Casi Nunca""}",[0]
,828.5,STAIC_008,STAIC,survey-multi-choice,1620,1188545,0.0-1690.0-0.0,"{""Q0"":""Pensamientos sin importancia me vienen a la cabeza y me molestan""}","{""Q0"":"" A veces""}",[0]
,718.400000000373,STAIC_009,STAIC,survey-multi-choice,1621,1189268,0.0-1691.0-0.0,"{""Q0"":""Me preocupan las cosas del colegio""}","{""Q0"":"" Casi Nunca""}",[0]
,689.800000000745,STAIC_010,STAIC,survey-multi-choice,1622,1189962,0.0-1692.0-0.0,"{""Q0"":""Me cuesta decidirme en lo que tengo que hacer""}","{""Q0"":"" Casi Nunca""}",[0]
,748.699999999255,STAIC_011,STAIC,survey-multi-choice,1623,1190716,0.0-1693.0-0.0,"{""Q0"":""Noto que mi corazón late más rápido""}","{""Q0"":"" A veces""}",[0]
,723.400000000373,STAIC_012,STAIC,survey-multi-choice,1624,1191446,0.0-1694.0-0.0,"{""Q0"":""Aunque no lo digo, tengo miedo""}","{""Q0"":"" A menudo""}",[0]
,742.099999999628,STAIC_013,STAIC,survey-multi-choice,1625,1192194,0.0-1695.0-0.0,"{""Q0"":""Me preocupo por cosas que puedan ocurrir""}","{""Q0"":"" A veces""}",[0]
,702.900000000373,STAIC_014,STAIC,survey-multi-choice,1626,1192901,0.0-1696.0-0.0,"{""Q0"":""Me cuesta quedarme dormido por las noches""}","{""Q0"":"" A menudo""}",[0]
,696.699999999255,STAIC_015,STAIC,survey-multi-choice,1627,1193603,0.0-1697.0-0.0,"{""Q0"":""Tengo sensaciones extrañas en el estómago""}","{""Q0"":"" Casi Nunca""}",[0]
,734.5,STAIC_016,STAIC,survey-multi-choice,1628,1194341,0.0-1698.0-0.0,"{""Q0"":""Me preocupa lo que otros piensen de mi""}","{""Q0"":"" A veces""}",[0]
,1017.79999999888,STAIC_017,STAIC,survey-multi-choice,1629,1195367,0.0-1699.0-0.0,"{""Q0"":""Me influyen tanto los problemas que no puedo olvidarlos durante un tiempo""}","{""Q0"":"" A veces""}",[0]
,771,STAIC_018,STAIC,survey-multi-choice,1630,1196142,0.0-1700.0-0.0,"{""Q0"":""Tomo las cosas demasiado en serio""}","{""Q0"":"" A veces""}",[0]
,730.299999998882,STAIC_019,STAIC,survey-multi-choice,1631,1196877,0.0-1701.0-0.0,"{""Q0"":""Encuentro muchas dificultades en mi vida""}","{""Q0"":"" A menudo""}",[0]
,788.299999998882,STAIC_020,STAIC,survey-multi-choice,1632,1197669,0.0-1702.0-0.0,"{""Q0"":""Me siento menos feliz que los demás""}","{""Q0"":"" Casi Nunca""}",[0]
