"view_history","rt","trialid","procedure","trial_type","trial_index","time_elapsed","internal_node_id","stimulus","response"
"[{""page_index"":0,""viewing_time"":344}]","344","Instructions","PBS","instructions","386","392844","0.0-424.0","",""
"","983","PBS_001","PBS","survey-multi-choice-vertical","387","393832","0.0-425.0","{""Q0"":""El alma sigue existiendo aunque el cuerpo pueda morir.""}","{""Q0"":"" 5 Un poco de acuerdo""}"
"","946","PBS_002","PBS","survey-multi-choice-vertical","388","394785","0.0-426.0","{""Q0"":""Algunos individuos pueden levitar (levantar) objetos a través de fuerzas mentales.""}","{""Q0"":"" 1 Muy en desacuerdo""}"
"","926","PBS_003","PBS","survey-multi-choice-vertical","389","395716","0.0-427.0","{""Q0"":""La magia negra realmente existe.""}","{""Q0"":"" 2 Moderadamente en desacuerdo""}"
"","924","PBS_004","PBS","survey-multi-choice-vertical","390","396646","0.0-428.0","{""Q0"":""Los gatos negros traen mala suerte.""}","{""Q0"":"" 2 Moderadamente en desacuerdo""}"
"","957","PBS_005","PBS","survey-multi-choice-vertical","391","397608","0.0-429.0","{""Q0"":""Tu mente o alma puede salir del cuerpo y viajar (proyección astral).""}","{""Q0"":"" 5 Un poco de acuerdo""}"
"","936","PBS_006","PBS","survey-multi-choice-vertical","392","398549","0.0-430.0","{""Q0"":""El abominable hombre de las nieves, o pie grande del Tíbet, existe.""}","{""Q0"":"" 6 Moderadamente de acuerdo""}"
"","960","PBS_007","PBS","survey-multi-choice-vertical","393","399514","0.0-431.0","{""Q0"":""La astrología es una forma precisa de predecir el futuro.""}","{""Q0"":"" 7 Muy de acuerdo""}"
"","960","PBS_008","PBS","survey-multi-choice-vertical","394","400481","0.0-432.0","{""Q0"":""Existe el diablo.""}","{""Q0"":"" 6 Moderadamente de acuerdo""}"
"","959","PBS_009","PBS","survey-multi-choice-vertical","395","401447","0.0-433.0","{""Q0"":""La telekinesis, mover objetos a través de poderes psíquicos, existe.""}","{""Q0"":"" 5 Un poco de acuerdo""}"
"","975","PBS_010","PBS","survey-multi-choice-vertical","396","402430","0.0-434.0","{""Q0"":""Las brujas existen.""}","{""Q0"":"" 7 Muy de acuerdo""}"
"","981","PBS_011","PBS","survey-multi-choice-vertical","397","403418","0.0-435.0","{""Q0"":""Si quiebras un espejo, tendrás mala suerte.""}","{""Q0"":"" 7 Muy de acuerdo""}"
"","985","PBS_012","PBS","survey-multi-choice-vertical","398","404410","0.0-436.0","{""Q0"":""Durante estados alterados, como el sueño o los trances, el espíritu puede salir del cuerpo.""}","{""Q0"":"" 4 No sé / No tengo certeza""}"
"","975","PBS_013","PBS","survey-multi-choice-vertical","399","405393","0.0-437.0","{""Q0"":""El monstruo del lago Ness en Escocia, existe.""}","{""Q0"":"" 5 Un poco de acuerdo""}"
"","928","PBS_014","PBS","survey-multi-choice-vertical","400","406328","0.0-438.0","{""Q0"":""El horóscopo dice el futuro de las personas de forma precisa.""}","{""Q0"":"" 1 Muy en desacuerdo""}"
"","1020","PBS_015","PBS","survey-multi-choice-vertical","401","407355","0.0-439.0","{""Q0"":""Creo en Dios.""}","{""Q0"":"" 5 Un poco de acuerdo""}"
"","1046","PBS_016","PBS","survey-multi-choice-vertical","402","408408","0.0-440.0","{""Q0"":""Los pensamientos de una persona pueden influir en el movimiento de un objeto físico.""}","{""Q0"":"" 2 Moderadamente en desacuerdo""}"
"","991","PBS_017","PBS","survey-multi-choice-vertical","403","409407","0.0-441.0","{""Q0"":""A través del uso de pócimas y conjuros, es posible lanzar hechizos sobre las personas.""}","{""Q0"":"" 5 Un poco de acuerdo""}"
"","984","PBS_018","PBS","survey-multi-choice-vertical","404","410399","0.0-442.0","{""Q0"":""El número “13” es de mala suerte.""}","{""Q0"":"" 7 Muy de acuerdo""}"
"","1029","PBS_019","PBS","survey-multi-choice-vertical","405","411435","0.0-443.0","{""Q0"":""La reencarnación existe.""}","{""Q0"":"" 2 Moderadamente en desacuerdo""}"
"","922","PBS_020","PBS","survey-multi-choice-vertical","406","412365","0.0-444.0","{""Q0"":""Hay vida en otros planetas.""}","{""Q0"":"" 5 Un poco de acuerdo""}"
"","1005","PBS_021","PBS","survey-multi-choice-vertical","407","413375","0.0-445.0","{""Q0"":""Algunos psíquicos pueden predecir el futuro de forma precisa.""}","{""Q0"":"" 2 Moderadamente en desacuerdo""}"
"","991","PBS_022","PBS","survey-multi-choice-vertical","408","414372","0.0-446.0","{""Q0"":""Existe un Cielo y un Infierno.""}","{""Q0"":"" 5 Un poco de acuerdo""}"
"","953","PBS_023","PBS","survey-multi-choice-vertical","409","415332","0.0-447.0","{""Q0"":""Leer la mente no es posible.""}","{""Q0"":"" 6 Moderadamente de acuerdo""}"
"","909","PBS_024","PBS","survey-multi-choice-vertical","410","416251","0.0-448.0","{""Q0"":""Hay casos reales de brujería.""}","{""Q0"":"" 1 Muy en desacuerdo""}"
"","992","PBS_025","PBS","survey-multi-choice-vertical","411","417254","0.0-449.0","{""Q0"":""Es posible comunicarse con los muertos.""}","{""Q0"":"" 1 Muy en desacuerdo""}"
"","1035","PBS_026","PBS","survey-multi-choice-vertical","412","418295","0.0-450.0","{""Q0"":""Algunas personas tienen la inexplicable habilidad de predecir el futuro.""}","{""Q0"":"" 7 Muy de acuerdo""}"
