"view_history","rt","trialid","procedure","trial_type","trial_index","time_elapsed","internal_node_id","stimulus","response"
"[{""page_index"":0,""viewing_time"":314}]","314","Instructions_01","SRSav","instructions","660","467057","0.0-718.0","",""
"","916","SRSav_01","SRSav","survey-multi-choice-vertical","661","467979","0.0-719.0","{""Q0"":""1. ¿Con qué frecuencia asiste a los servicios de la iglesia?""}","{""Q0"":""Varias veces a la semana""}"
"","880","SRSav_02","SRSav","survey-multi-choice-vertical","662","468866","0.0-720.0","{""Q0"":""2. ¿Con qué frecuencia participas en otras actividades religiosas? (actividades grupales, es decir, clases de escuela dominical para adultos, grupos de estudio bíblico, grupos de oración, etc.)""}","{""Q0"":""Aproximadamente una vez a la semana""}"
"[{""page_index"":0,""viewing_time"":309}]","310","Instructions_02","SRSav","instructions","663","469177","0.0-721.0","",""
"","941","SRSav_03","SRSav","survey-multi-choice-vertical","664","470125","0.0-722.0","{""Q0"":""3. ¿Con qué frecuencia rezas en privado?""}","{""Q0"":""Nunca""}"
"","874","SRSav_04","SRSav","survey-multi-choice-vertical","665","471007","0.0-723.0","{""Q0"":""4. ¿Con qué frecuencia lees la Biblia u otros religiosos? literatura (revistas, periódicos, libros) en casa?""}","{""Q0"":""Diario""}"
"","916","SRSav_05","SRSav","survey-multi-choice-vertical","666","471931","0.0-724.0","{""Q0"":""5. ¿Con qué frecuencia escuchas o ves programas religiosos en radio o televisión?""}","{""Q0"":""Solo ocasionalmente""}"
"[{""page_index"":0,""viewing_time"":282}]","282","Instructions_03","SRSav","instructions","667","472214","0.0-725.0","",""
"","817","SRSav_06","SRSav","survey-multi-choice-vertical","668","473037","0.0-726.0","{""Q0"":""6. Mi fe involucra toda mi vida.""}","{""Q0"":""Definitivamente no es cierto para mí""}"
"","798","SRSav_07","SRSav","survey-multi-choice-vertical","669","473841","0.0-727.0","{""Q0"":""7. En mi vida, experimento la presencia de lo divino (es decir, de Dios).""}","{""Q0"":""Tiende a no ser cierto""}"
"","839","SRSav_08","SRSav","survey-multi-choice-vertical","670","474687","0.0-728.0","{""Q0"":""8. Aunque soy una persona religiosa, me niego a dejar que consideraciones religiosas influyan en mis asuntos cotidianos.""}","{""Q0"":""Tiende a no ser cierto""}"
"","851","SRSav_09","SRSav","survey-multi-choice-vertical","671","475544","0.0-729.0","{""Q0"":""9. Nada es tan importante para mí como servir a Dios como mejor se hacerlo.""}","{""Q0"":""Definitivamente cierto de mí""}"
"","818","SRSav_10","SRSav","survey-multi-choice-vertical","672","476368","0.0-730.0","{""Q0"":""10. Mi fe a veces restringe mis acciones.""}","{""Q0"":""Inseguro""}"
"","819","SRSav_11","SRSav","survey-multi-choice-vertical","673","477192","0.0-731.0","{""Q0"":""11. Mis creencias religiosas son lo que realmente se encuentra detrás de todo mi enfoque de vida.""}","{""Q0"":""Definitivamente no es cierto para mí""}"
"","926","SRSav_12","SRSav","survey-multi-choice-vertical","674","478125","0.0-732.0","{""Q0"":""12. Me esfuerzo por llevar mi religión a todos los demás aspectos de mi vida.""}","{""Q0"":""Definitivamente no es cierto para mí""}"
"","838","SRSav_13","SRSav","survey-multi-choice-vertical","675","478969","0.0-733.0","{""Q0"":""13. Uno debe buscar la guía de Dios al tomar decisiones importantes.""}","{""Q0"":""Definitivamente de acuerdo""}"
"","862","SRSav_14","SRSav","survey-multi-choice-vertical","676","479837","0.0-734.0","{""Q0"":""14. Aunque creo en la religión, siento que hay muchas cosas más importantes en la vida.""}","{""Q0"":""Inseguro""}"
"","845","SRSav_15","SRSav","survey-multi-choice-vertical","677","480686","0.0-735.0","{""Q0"":""15. No importa tanto lo que yo crea siempre y cuando lleve una vida moral.""}","{""Q0"":""Definitivamente de acuerdo""}"
