"view_history","rt","trialid","condition_between","procedure","trial_type","trial_index","time_elapsed","internal_node_id","condition_within","stimulus","response","slider_start"
"[{""page_index"":0,""viewing_time"":293}]","293","Instructions_001","Image","FONDECYT","instructions","847","586594","0.0-855.0","","","",""
"[{""page_index"":0,""viewing_time"":354}]","354","FONDECYT_01_1","Image","FONDECYT","instructions","848","586950","0.0-856.0-0.0","lowQuality_Stroke","","",""
"","597.9000000003725","FONDECYT_02_1","Image","FONDECYT","survey-html-form","849","587551","0.0-856.0-1.0","lowQuality_Stroke","{""Q0"":null}","{""Q0"":""96""}",""
"","571","FONDECYT_03_1","Image","FONDECYT","survey-multi-choice-vertical","850","588127","0.0-856.0-2.0","lowQuality_Stroke","{""Q0"":""Has dicho que la probabilidad es del 96%¿Recomendarias la resonancia Weighted Difussion Imaging como prueba diagnóstica para detectar infarto cerebral a tu paciente?""}","{""Q0"":"" No""}",""
"","475.69999999925494","FONDECYT_04_1","Image","FONDECYT","html-slider-response","851","588605","0.0-856.0-3.0","lowQuality_Stroke","<div class='justified'>¿Con qué seguridad NO recomendarías la resonancia Weighted Difussion Imaging como prueba <u>diagnóstica</u> para el infarto cerebral?</div></br>","53","50"
"","688","FONDECYT_05_1","Image","FONDECYT","survey-multi-choice-vertical","852","589298","0.0-856.0-4.0","lowQuality_Stroke","{""Q0"":""El tratamiento recomendado cuando hay sospecha de infarto cerebral es la trombolisis.Cuando se aplica, existe una probabilidad de hermorragia del 2%.Imagina que el resultado de prueba es NEGATIVO. Recomendarías la trombolisis como tratamiento?""}","{""Q0"":"" No""}",""
"","575.5","FONDECYT_06_1","Image","FONDECYT","html-slider-response","853","589877","0.0-856.0-5.0","lowQuality_Stroke","<div class='justified'>¿Con qué seguridad NO recomendarías la trombolisis como tratamiento para el infarto cerebral?</div></br>","32","50"
"[{""page_index"":0,""viewing_time"":305}]","306","FONDECYT_01_2","Image","FONDECYT","instructions","854","590183","0.0-856.0-0.1","highQuality_Stroke","","",""
"","619.3000000007451","FONDECYT_02_2","Image","FONDECYT","survey-html-form","855","590806","0.0-856.0-1.1","highQuality_Stroke","{""Q0"":null}","{""Q0"":""96""}",""
"","645","FONDECYT_03_2","Image","FONDECYT","survey-multi-choice-vertical","856","591456","0.0-856.0-2.1","highQuality_Stroke","{""Q0"":""Has dicho que la probabilidad es del 96%¿Recomendarias la resonancia Weighted Difussion Imaging como prueba diagnóstica para detectar infarto cerebral a tu paciente?""}","{""Q0"":"" No""}",""
"","471","FONDECYT_04_2","Image","FONDECYT","html-slider-response","857","591929","0.0-856.0-3.1","highQuality_Stroke","<div class='justified'>¿Con qué seguridad NO recomendarías la resonancia Weighted Difussion Imaging como prueba <u>diagnóstica</u> para el infarto cerebral?</div></br>","53","50"
"","663","FONDECYT_05_2","Image","FONDECYT","survey-multi-choice-vertical","858","592598","0.0-856.0-4.1","highQuality_Stroke","{""Q0"":""El tratamiento recomendado cuando hay sospecha de infarto cerebral es la trombolisis.Cuando se aplica, existe una probabilidad de hermorragia del 2%.Imagina que el resultado de prueba es POSITIVO. Recomendarías la trombolisis como tratamiento?""}","{""Q0"":"" No""}",""
"","506.69999999925494","FONDECYT_06_2","Image","FONDECYT","html-slider-response","859","593108","0.0-856.0-5.1","highQuality_Stroke","<div class='justified'>¿Con qué seguridad NO recomendarías la trombolisis como tratamiento para el infarto cerebral?</div></br>","32","50"
"[{""page_index"":0,""viewing_time"":284}]","284","FONDECYT_01_3","Image","FONDECYT","instructions","860","593393","0.0-856.0-0.2","highQuality_Cancer","","",""
"","595.9000000003725","FONDECYT_02_3","Image","FONDECYT","survey-html-form","861","593992","0.0-856.0-1.2","highQuality_Cancer","{""Q0"":null}","{""Q0"":""96""}",""
"","574","FONDECYT_03_3","Image","FONDECYT","survey-multi-choice-vertical","862","594570","0.0-856.0-2.2","highQuality_Cancer","{""Q0"":""Has dicho que la probabilidad es del 96%¿Recomendarias la mamografía como prueba de screening para detectar cáncer de mama a tu paciente?""}","{""Q0"":"" No""}",""
"","479.09999999962747","FONDECYT_04_3","Image","FONDECYT","html-slider-response","863","595052","0.0-856.0-3.2","highQuality_Cancer","<div class='justified'>¿Con qué seguridad NO recomendarías la mamografía como prueba <u>de screening</u> para el cáncer de mama?</div></br>","53","50"
"","647","FONDECYT_05_3","Image","FONDECYT","survey-multi-choice-vertical","864","595704","0.0-856.0-4.2","highQuality_Cancer","{""Q0"":""La prueba diagnóstica recomendada cuando hay sospecha de cáncer de mama es una biopsia del tejido mamario.Cuando se aplica, existe una probabilidad de infección del 1%.Imagina que el resultado de prueba es NEGATIVO. Recomendarías la biopsia como prueba diagnóstica?""}","{""Q0"":"" No""}",""
"","499.2999999988824","FONDECYT_06_3","Image","FONDECYT","html-slider-response","865","596206","0.0-856.0-5.2","highQuality_Cancer","<div class='justified'>¿Con qué seguridad NO recomendarías la biopsia como prueba diagnóstica para el cáncer de mama?</div></br>","32","50"
"[{""page_index"":0,""viewing_time"":285}]","286","FONDECYT_01_4","Image","FONDECYT","instructions","866","596493","0.0-856.0-0.3","lowQuality_Cancer","","",""
"","573.3000000007451","FONDECYT_02_4","Image","FONDECYT","survey-html-form","867","597068","0.0-856.0-1.3","lowQuality_Cancer","{""Q0"":null}","{""Q0"":""96""}",""
"","607","FONDECYT_03_4","Image","FONDECYT","survey-multi-choice-vertical","868","597680","0.0-856.0-2.3","lowQuality_Cancer","{""Q0"":""Has dicho que la probabilidad es del 96%¿Recomendarias la mamografía como prueba de screening para detectar cáncer de mama a tu paciente?""}","{""Q0"":"" No""}",""
"","456.59999999962747","FONDECYT_04_4","Image","FONDECYT","html-slider-response","869","598139","0.0-856.0-3.3","lowQuality_Cancer","<div class='justified'>¿Con qué seguridad NO recomendarías la mamografía como prueba <u>de screening</u> para el cáncer de mama?</div></br>","53","50"
"","717","FONDECYT_05_4","Image","FONDECYT","survey-multi-choice-vertical","870","598862","0.0-856.0-4.3","lowQuality_Cancer","{""Q0"":""La prueba diagnóstica recomendada cuando hay sospecha de cáncer de mama es una biopsia del tejido mamario.Cuando se aplica, existe una probabilidad de infección del 1%.Imagina que el resultado de prueba es POSITIVO. Recomendarías la biopsia como prueba diagnóstica?""}","{""Q0"":"" No""}",""
"","573.3000000007451","FONDECYT_06_4","Image","FONDECYT","html-slider-response","871","599439","0.0-856.0-5.3","lowQuality_Cancer","<div class='justified'>¿Con qué seguridad NO recomendarías la biopsia como prueba diagnóstica para el cáncer de mama?</div></br>","32","50"
