"view_history","rt","trialid","procedure","trial_type","trial_index","time_elapsed","internal_node_id","stimulus","response"
"[{""page_index"":0,""viewing_time"":314}]","315","Instructions_01","Cov19Q","instructions","40","146710","0.0-53.0","",""
"","795","Cov19Q_01","Cov19Q","survey-multi-choice-vertical","41","147508","0.0-54.0","{""Q0"":""1. ¿Usted ha contraído Coronavirus (covid-19) en el último año?""}","{""Q0"":"" Si""}"
"","636","Cov19Q_02","Cov19Q","survey-multi-choice-vertical","42","148146","0.0-55.0","{""Q0"":""2. ¿Algún miembro de su hogar, que vive con usted, ha contraído Coronavirus (covid-19) en el último año?""}","{""Q0"":"" Si""}"
"","662","Cov19Q_03","Cov19Q","survey-multi-choice-vertical","43","148810","0.0-56.0","{""Q0"":""3. ¿Conoce de algún cercano (familiar, amigo, conocido), que ha contraído Coronavirus (covid-19) en el último año?""}","{""Q0"":"" No""}"
"","1077","Cov19Q_04","Cov19Q","survey-multi-choice-vertical","44","149889","0.0-57.0","{""Q0"":""4. Considerando la información de esta semana que usted maneja sobre la evolución del coronavirus ¿Qué tan grave considera la pandemia?""}","{""Q0"":"" Poco grave""}"
"","975","Cov19Q_05","Cov19Q","survey-multi-choice-vertical","45","150868","0.0-58.0","{""Q0"":"" En el último tiempo han circulado teorías y supuestos sobre la pandemia del coronavirus. Al respecto, usted cree que:   5. El virus fue creado en un laboratorio.""}","{""Q0"":"" Muy de acuerdo""}"
"","942","Cov19Q_06","Cov19Q","survey-multi-choice-vertical","46","151812","0.0-59.0","{""Q0"":"" En el último tiempo han circulado teorías y supuestos sobre la pandemia del coronavirus. Al respecto, usted cree que:   6. El virus fue esparcido intencionalmente.""}","{""Q0"":"" Ni de acuerdo ni en desacuerdo""}"
"","887","Cov19Q_07","Cov19Q","survey-multi-choice-vertical","47","152703","0.0-60.0","{""Q0"":"" En el último tiempo han circulado teorías y supuestos sobre la pandemia del coronavirus. Al respecto, usted cree que:   7. El virus, independientemente si es natural o creado, ha sido utilizado a propósito para dominarnos y/o dañarnos.""}","{""Q0"":"" Muy en desacuerdo""}"
"","907","Cov19Q_08","Cov19Q","survey-multi-choice-vertical","48","153611","0.0-61.0","{""Q0"":"" En el último tiempo han circulado teorías y supuestos sobre la pandemia del coronavirus. Al respecto, usted cree que:   8. Todo esto del virus y/o sus consecuencias es más bien un montaje, posiblemente falso.""}","{""Q0"":"" Muy en desacuerdo""}"
"","1085","Cov19Q_09","Cov19Q","survey-multi-choice-vertical","49","154700","0.0-62.0","{""Q0"":"" En el último tiempo han circulado teorías y supuestos sobre la pandemia del coronavirus. Al respecto, usted cree que:   9. Todo esto del virus y/o sus consecuencias es mucho menos grave de lo que se dice o no muy distinto que otros virus existentes (como la influenza o similares).""}","{""Q0"":"" Muy de acuerdo""}"
