"view_history","rt","trialid","condition_between","procedure","trial_type","trial_index","time_elapsed","internal_node_id","condition_within","stimulus","response","slider_start"
"[{""page_index"":0,""viewing_time"":327}]","328","Instructions_001","Text","FONDECYT","instructions","848","588886","0.0-855.0","","","",""
"[{""page_index"":0,""viewing_time"":340}]","340","FONDECYT_01_1","Text","FONDECYT","instructions","849","589227","0.0-856.0-0.0","highQuality_Stroke","","",""
"","557","FONDECYT_02_1","Text","FONDECYT","survey-html-form","850","589787","0.0-856.0-1.0","highQuality_Stroke","{""Q0"":null}","{""Q0"":""79""}",""
"","742","FONDECYT_03_1","Text","FONDECYT","survey-multi-choice-vertical","851","590534","0.0-856.0-2.0","highQuality_Stroke","{""Q0"":""Has dicho que la probabilidad es del 79%¿Recomendarias la resonancia Weighted Difussion Imaging como prueba diagnóstica para detectar infarto cerebral a tu paciente?""}","{""Q0"":"" Si""}",""
"","496.59999999962747","FONDECYT_04_1","Text","FONDECYT","html-slider-response","852","591035","0.0-856.0-3.0","highQuality_Stroke","<div class='justified'>¿Con qué seguridad recomendarías la resonancia Weighted Difussion Imaging como prueba <u>diagnóstica</u> para el infarto cerebral?</div></br>","62","50"
"","593","FONDECYT_05_1","Text","FONDECYT","survey-multi-choice-vertical","853","591632","0.0-856.0-4.0","highQuality_Stroke","{""Q0"":""El tratamiento recomendado cuando hay sospecha de infarto cerebral es la trombolisis.Cuando se aplica, existe una probabilidad de hermorragia del 2%.Imagina que el resultado de prueba es POSITIVO. Recomendarías la trombolisis como tratamiento?""}","{""Q0"":"" Si""}",""
"","561.4000000003725","FONDECYT_06_1","Text","FONDECYT","html-slider-response","854","592196","0.0-856.0-5.0","highQuality_Stroke","<div class='justified'>¿Con qué seguridad recomendarías la trombolisis como tratamiento para el infarto cerebral?</div></br>","8","50"
"[{""page_index"":0,""viewing_time"":332}]","332","FONDECYT_01_2","Text","FONDECYT","instructions","855","592530","0.0-856.0-0.1","lowQuality_Stroke","","",""
"","494.3999999985099","FONDECYT_02_2","Text","FONDECYT","survey-html-form","856","593028","0.0-856.0-1.1","lowQuality_Stroke","{""Q0"":null}","{""Q0"":""79""}",""
"","701","FONDECYT_03_2","Text","FONDECYT","survey-multi-choice-vertical","857","593733","0.0-856.0-2.1","lowQuality_Stroke","{""Q0"":""Has dicho que la probabilidad es del 79%¿Recomendarias la resonancia Weighted Difussion Imaging como prueba diagnóstica para detectar infarto cerebral a tu paciente?""}","{""Q0"":"" Si""}",""
"","479.09999999962747","FONDECYT_04_2","Text","FONDECYT","html-slider-response","858","594215","0.0-856.0-3.1","lowQuality_Stroke","<div class='justified'>¿Con qué seguridad recomendarías la resonancia Weighted Difussion Imaging como prueba <u>diagnóstica</u> para el infarto cerebral?</div></br>","62","50"
"","645","FONDECYT_05_2","Text","FONDECYT","survey-multi-choice-vertical","859","594864","0.0-856.0-4.1","lowQuality_Stroke","{""Q0"":""El tratamiento recomendado cuando hay sospecha de infarto cerebral es la trombolisis.Cuando se aplica, existe una probabilidad de hermorragia del 2%.Imagina que el resultado de prueba es NEGATIVO. Recomendarías la trombolisis como tratamiento?""}","{""Q0"":"" Si""}",""
"","506.5","FONDECYT_06_2","Text","FONDECYT","html-slider-response","860","595374","0.0-856.0-5.1","lowQuality_Stroke","<div class='justified'>¿Con qué seguridad recomendarías la trombolisis como tratamiento para el infarto cerebral?</div></br>","8","50"
"[{""page_index"":0,""viewing_time"":328}]","328","FONDECYT_01_3","Text","FONDECYT","instructions","861","595703","0.0-856.0-0.2","lowQuality_Cancer","","",""
"","514","FONDECYT_02_3","Text","FONDECYT","survey-html-form","862","596220","0.0-856.0-1.2","lowQuality_Cancer","{""Q0"":null}","{""Q0"":""79""}",""
"","672","FONDECYT_03_3","Text","FONDECYT","survey-multi-choice-vertical","863","596897","0.0-856.0-2.2","lowQuality_Cancer","{""Q0"":""Has dicho que la probabilidad es del 79%¿Recomendarias la mamografía como prueba de screening para detectar cáncer de mama a tu paciente?""}","{""Q0"":"" Si""}",""
"","482","FONDECYT_04_3","Text","FONDECYT","html-slider-response","864","597383","0.0-856.0-3.2","lowQuality_Cancer","<div class='justified'>¿Con qué seguridad recomendarías la mamografía como prueba <u>de screening</u> para el cáncer de mama?</div></br>","62","50"
"","636","FONDECYT_05_3","Text","FONDECYT","survey-multi-choice-vertical","865","598024","0.0-856.0-4.2","lowQuality_Cancer","{""Q0"":""La prueba diagnóstica recomendada cuando hay sospecha de cáncer de mama es una biopsia del tejido mamario.Cuando se aplica, existe una probabilidad de infección del 1%.Imagina que el resultado de prueba es POSITIVO. Recomendarías la biopsia como prueba diagnóstica?""}","{""Q0"":"" Si""}",""
"","618.5999999996275","FONDECYT_06_3","Text","FONDECYT","html-slider-response","866","598646","0.0-856.0-5.2","lowQuality_Cancer","<div class='justified'>¿Con qué seguridad recomendarías la biopsia como prueba diagnóstica para el cáncer de mama?</div></br>","8","50"
"[{""page_index"":0,""viewing_time"":348}]","348","FONDECYT_01_4","Text","FONDECYT","instructions","867","598995","0.0-856.0-0.3","highQuality_Cancer","","",""
"","570.3000000007451","FONDECYT_02_4","Text","FONDECYT","survey-html-form","868","599569","0.0-856.0-1.3","highQuality_Cancer","{""Q0"":null}","{""Q0"":""79""}",""
"","587","FONDECYT_03_4","Text","FONDECYT","survey-multi-choice-vertical","869","600162","0.0-856.0-2.3","highQuality_Cancer","{""Q0"":""Has dicho que la probabilidad es del 79%¿Recomendarias la mamografía como prueba de screening para detectar cáncer de mama a tu paciente?""}","{""Q0"":"" Si""}",""
"","516.2999999988824","FONDECYT_04_4","Text","FONDECYT","html-slider-response","870","600682","0.0-856.0-3.3","highQuality_Cancer","<div class='justified'>¿Con qué seguridad recomendarías la mamografía como prueba <u>de screening</u> para el cáncer de mama?</div></br>","62","50"
"","592","FONDECYT_05_4","Text","FONDECYT","survey-multi-choice-vertical","871","601278","0.0-856.0-4.3","highQuality_Cancer","{""Q0"":""La prueba diagnóstica recomendada cuando hay sospecha de cáncer de mama es una biopsia del tejido mamario.Cuando se aplica, existe una probabilidad de infección del 1%.Imagina que el resultado de prueba es NEGATIVO. Recomendarías la biopsia como prueba diagnóstica?""}","{""Q0"":"" Si""}",""
"","546.4000000003725","FONDECYT_06_4","Text","FONDECYT","html-slider-response","872","601827","0.0-856.0-5.3","highQuality_Cancer","<div class='justified'>¿Con qué seguridad recomendarías la biopsia como prueba diagnóstica para el cáncer de mama?</div></br>","8","50"
