"view_history","rt","trialid","procedure","trial_type","trial_index","time_elapsed","internal_node_id","stimulus","response"
"[{""page_index"":0,""viewing_time"":316}]","316","Instructions_01","RSS","instructions","531","388407","0.0-580.0","",""
"","773","RSS_01","RSS","survey-multi-choice-horizontal","532","389186","0.0-581.0","{""Q0"":""1. Siento que soy una persona digna de aprecio, al menos en igual medida que los demás.""}","{""Q0"":""En desacuerdo""}"
"","734","RSS_02","RSS","survey-multi-choice-horizontal","533","389925","0.0-582.0","{""Q0"":""2. Creo que tengo un buen número de cualidades.""}","{""Q0"":""En desacuerdo""}"
"","716","RSS_03","RSS","survey-multi-choice-horizontal","534","390646","0.0-583.0","{""Q0"":""3. En general, me inclino a pensar que soy un fracasado/a.""}","{""Q0"":""Muy en desacuerdo""}"
"","751","RSS_04","RSS","survey-multi-choice-horizontal","535","391400","0.0-584.0","{""Q0"":""4. Soy capaz de hacer las cosas tan bien como la mayoría de la gente.""}","{""Q0"":""En desacuerdo""}"
"","727","RSS_05","RSS","survey-multi-choice-horizontal","536","392131","0.0-585.0","{""Q0"":""5. Siento que no tengo muchos motivos para sentirme orgulloso/a de mi.""}","{""Q0"":""De acuerdo""}"
"","745","RSS_06","RSS","survey-multi-choice-horizontal","537","392880","0.0-586.0","{""Q0"":""6. Tengo una actitud positiva hacia mí mismo/a.""}","{""Q0"":""En desacuerdo""}"
"","783","RSS_07","RSS","survey-multi-choice-horizontal","538","393670","0.0-587.0","{""Q0"":""7. En general, estoy satisfecho conmigo mismo/a.""}","{""Q0"":""Muy en desacuerdo""}"
"","685","RSS_08","RSS","survey-multi-choice-horizontal","539","394361","0.0-588.0","{""Q0"":""8. Desearía valorarme más a mi mismo/a.""}","{""Q0"":""De acuerdo""}"
"","724","RSS_09","RSS","survey-multi-choice-horizontal","540","395089","0.0-589.0","{""Q0"":""9. A veces me siento verdaderamente inútil.""}","{""Q0"":""De acuerdo""}"
"","778","RSS_10","RSS","survey-multi-choice-horizontal","541","395873","0.0-590.0","{""Q0"":""10. A veces pienso que no soy bueno/a para nada.""}","{""Q0"":""Muy de acuerdo""}"
