"view_history","rt","trialid","procedure","trial_type","trial_index","time_elapsed","internal_node_id","stimulus","response"
"[{""page_index"":0,""viewing_time"":352}]","353","Instructions_01","GHQ12","instructions","226","185758","0.0-253.0","",""
"","746","GHQ12_01","GHQ12","survey-multi-choice-vertical","227","186507","0.0-254.0","{""Q0"":"" Últimamente, ¿Ha podido concentrarse bien en lo que hacía?""}","{""Q0"":"" Mejor que lo habitual""}"
"","791","GHQ12_02","GHQ12","survey-multi-choice-vertical","228","187302","0.0-255.0","{""Q0"":"" Últimamente, ¿Sus preocupaciones le han hecho perder mucho sueño?""}","{""Q0"":"" No, en lo absoluto""}"
"","837","GHQ12_03","GHQ12","survey-multi-choice-vertical","229","188145","0.0-256.0","{""Q0"":"" Últimamente, ¿Ha sentido que está desempeñando un papel útil en la vida?""}","{""Q0"":"" Más útil que lo habitual""}"
"","824","GHQ12_04","GHQ12","survey-multi-choice-vertical","230","188972","0.0-257.0","{""Q0"":"" Últimamente, ¿Se ha sentido capaz de tomar decisiones?""}","{""Q0"":"" Igual que lo habitual""}"
"","825","GHQ12_05","GHQ12","survey-multi-choice-vertical","231","189800","0.0-258.0","{""Q0"":"" Últimamente, ¿Se ha notado constantemente agobiado y en tensión?""}","{""Q0"":"" No más que lo habitual""}"
"","808","GHQ12_06","GHQ12","survey-multi-choice-vertical","232","190611","0.0-259.0","{""Q0"":"" Últimamente, ¿Ha tenido la sensación de que no puede superar sus dificultades?""}","{""Q0"":"" No, en absoluto""}"
"","794","GHQ12_07","GHQ12","survey-multi-choice-vertical","233","191408","0.0-260.0","{""Q0"":"" Últimamente, ¿Ha sido capaz de disfrutar de sus actividades normales de cada día?""}","{""Q0"":"" Igual que lo habitual""}"
"","930","GHQ12_08","GHQ12","survey-multi-choice-vertical","234","192344","0.0-261.0","{""Q0"":"" Últimamente, ¿Ha sido capaz de hacer frente adecuadamente a sus problemas?""}","{""Q0"":"" Menos que lo habitual""}"
"","871","GHQ12_09","GHQ12","survey-multi-choice-vertical","235","193220","0.0-262.0","{""Q0"":"" Últimamente, ¿Se ha sentido poco feliz o deprimido?""}","{""Q0"":"" No más que lo habitual""}"
"","961","GHQ12_10","GHQ12","survey-multi-choice-vertical","236","194186","0.0-263.0","{""Q0"":"" Últimamente, ¿Ha perdido confianza en sí mismo?""}","{""Q0"":"" No, en absoluto""}"
"","815","GHQ12_11","GHQ12","survey-multi-choice-vertical","237","195004","0.0-264.0","{""Q0"":"" Últimamente, ¿Ha pensado que usted es una persona que no vale para nada?""}","{""Q0"":"" Algo más que lo habitual""}"
"","776","GHQ12_12","GHQ12","survey-multi-choice-vertical","238","195785","0.0-265.0","{""Q0"":"" Últimamente, ¿Se siente razonablemente feliz considerando todas las circunstancias?""}","{""Q0"":"" Menos que lo habitual""}"
