"view_history","rt","trialid","condition_between","procedure","trial_type","trial_index","time_elapsed","internal_node_id","condition_within","stimulus","response","slider_start"
"[{""page_index"":0,""viewing_time"":270}]","270","Instructions_001","Text","FONDECYT","instructions","847","678061","0.0-855.0","","","",""
"[{""page_index"":0,""viewing_time"":244}]","244","FONDECYT_01_1","Text","FONDECYT","instructions","848","678306","0.0-856.0-0.0","highQuality_Cancer","","",""
"","468.90000000037253","FONDECYT_02_1","Text","FONDECYT","survey-html-form","849","678778","0.0-856.0-1.0","highQuality_Cancer","{""Q0"":null}","{""Q0"":""33""}",""
"","481","FONDECYT_03_1","Text","FONDECYT","survey-multi-choice-vertical","850","679263","0.0-856.0-2.0","highQuality_Cancer","{""Q0"":""Has dicho que la probabilidad es del 33%¿Recomendarias la mamografía como prueba de screening para detectar cáncer de mama a tu paciente?""}","{""Q0"":"" Si""}",""
"","407.59999999962747","FONDECYT_04_1","Text","FONDECYT","html-slider-response","851","679673","0.0-856.0-3.0","highQuality_Cancer","<div class='justified'>¿Con qué seguridad recomendarías la mamografía como prueba <u>de screening</u> para el cáncer de mama?</div></br>","96","50"
"","485","FONDECYT_05_1","Text","FONDECYT","survey-multi-choice-vertical","852","680162","0.0-856.0-4.0","highQuality_Cancer","{""Q0"":""La prueba diagnóstica recomendada cuando hay sospecha de cáncer de mama es una biopsia del tejido mamario.Cuando se aplica, existe una probabilidad de infección del 1%.Imagina que el resultado de prueba es NEGATIVO. Recomendarías la biopsia como prueba diagnóstica?""}","{""Q0"":"" No""}",""
"","398.69999999925494","FONDECYT_06_1","Text","FONDECYT","html-slider-response","853","680562","0.0-856.0-5.0","highQuality_Cancer","<div class='justified'>¿Con qué seguridad NO recomendarías la biopsia como prueba diagnóstica para el cáncer de mama?</div></br>","53","50"
"[{""page_index"":0,""viewing_time"":247}]","247","FONDECYT_01_2","Text","FONDECYT","instructions","854","680811","0.0-856.0-0.1","lowQuality_Cancer","","",""
"","427.69999999925494","FONDECYT_02_2","Text","FONDECYT","survey-html-form","855","681241","0.0-856.0-1.1","lowQuality_Cancer","{""Q0"":null}","{""Q0"":""33""}",""
"","480","FONDECYT_03_2","Text","FONDECYT","survey-multi-choice-vertical","856","681725","0.0-856.0-2.1","lowQuality_Cancer","{""Q0"":""Has dicho que la probabilidad es del 33%¿Recomendarias la mamografía como prueba de screening para detectar cáncer de mama a tu paciente?""}","{""Q0"":"" Si""}",""
"","391.1000000014901","FONDECYT_04_2","Text","FONDECYT","html-slider-response","857","682119","0.0-856.0-3.1","lowQuality_Cancer","<div class='justified'>¿Con qué seguridad recomendarías la mamografía como prueba <u>de screening</u> para el cáncer de mama?</div></br>","96","50"
"","485","FONDECYT_05_2","Text","FONDECYT","survey-multi-choice-vertical","858","682609","0.0-856.0-4.1","lowQuality_Cancer","{""Q0"":""La prueba diagnóstica recomendada cuando hay sospecha de cáncer de mama es una biopsia del tejido mamario.Cuando se aplica, existe una probabilidad de infección del 1%.Imagina que el resultado de prueba es POSITIVO. Recomendarías la biopsia como prueba diagnóstica?""}","{""Q0"":"" No""}",""
"","381.5","FONDECYT_06_2","Text","FONDECYT","html-slider-response","859","682992","0.0-856.0-5.1","lowQuality_Cancer","<div class='justified'>¿Con qué seguridad NO recomendarías la biopsia como prueba diagnóstica para el cáncer de mama?</div></br>","53","50"
"[{""page_index"":0,""viewing_time"":253}]","253","FONDECYT_01_3","Text","FONDECYT","instructions","860","683246","0.0-856.0-0.2","highQuality_Stroke","","",""
"","396.5","FONDECYT_02_3","Text","FONDECYT","survey-html-form","861","683645","0.0-856.0-1.2","highQuality_Stroke","{""Q0"":null}","{""Q0"":""33""}",""
"","509","FONDECYT_03_3","Text","FONDECYT","survey-multi-choice-vertical","862","684157","0.0-856.0-2.2","highQuality_Stroke","{""Q0"":""Has dicho que la probabilidad es del 33%¿Recomendarias la resonancia Weighted Difussion Imaging como prueba diagnóstica para detectar infarto cerebral a tu paciente?""}","{""Q0"":"" Si""}",""
"","408.90000000037253","FONDECYT_04_3","Text","FONDECYT","html-slider-response","863","684568","0.0-856.0-3.2","highQuality_Stroke","<div class='justified'>¿Con qué seguridad recomendarías la resonancia Weighted Difussion Imaging como prueba <u>diagnóstica</u> para el infarto cerebral?</div></br>","96","50"
"","516","FONDECYT_05_3","Text","FONDECYT","survey-multi-choice-vertical","864","685088","0.0-856.0-4.2","highQuality_Stroke","{""Q0"":""El tratamiento recomendado cuando hay sospecha de infarto cerebral es la trombolisis.Cuando se aplica, existe una probabilidad de hermorragia del 2%.Imagina que el resultado de prueba es POSITIVO. Recomendarías la trombolisis como tratamiento?""}","{""Q0"":"" No""}",""
"","456.7000000011176","FONDECYT_06_3","Text","FONDECYT","html-slider-response","865","685547","0.0-856.0-5.2","highQuality_Stroke","<div class='justified'>¿Con qué seguridad NO recomendarías la trombolisis como tratamiento para el infarto cerebral?</div></br>","53","50"
"[{""page_index"":0,""viewing_time"":270}]","270","FONDECYT_01_4","Text","FONDECYT","instructions","866","685818","0.0-856.0-0.3","lowQuality_Stroke","","",""
"","451","FONDECYT_02_4","Text","FONDECYT","survey-html-form","867","686271","0.0-856.0-1.3","lowQuality_Stroke","{""Q0"":null}","{""Q0"":""33""}",""
"","504","FONDECYT_03_4","Text","FONDECYT","survey-multi-choice-vertical","868","686780","0.0-856.0-2.3","lowQuality_Stroke","{""Q0"":""Has dicho que la probabilidad es del 33%¿Recomendarias la resonancia Weighted Difussion Imaging como prueba diagnóstica para detectar infarto cerebral a tu paciente?""}","{""Q0"":"" Si""}",""
"","446.2000000011176","FONDECYT_04_4","Text","FONDECYT","html-slider-response","869","687229","0.0-856.0-3.3","lowQuality_Stroke","<div class='justified'>¿Con qué seguridad recomendarías la resonancia Weighted Difussion Imaging como prueba <u>diagnóstica</u> para el infarto cerebral?</div></br>","96","50"
"","510","FONDECYT_05_4","Text","FONDECYT","survey-multi-choice-vertical","870","687744","0.0-856.0-4.3","lowQuality_Stroke","{""Q0"":""El tratamiento recomendado cuando hay sospecha de infarto cerebral es la trombolisis.Cuando se aplica, existe una probabilidad de hermorragia del 2%.Imagina que el resultado de prueba es NEGATIVO. Recomendarías la trombolisis como tratamiento?""}","{""Q0"":"" No""}",""
"","401.6000000014901","FONDECYT_06_4","Text","FONDECYT","html-slider-response","871","688148","0.0-856.0-5.3","lowQuality_Stroke","<div class='justified'>¿Con qué seguridad NO recomendarías la trombolisis como tratamiento para el infarto cerebral?</div></br>","53","50"
