"view_history","rt","trialid","procedure","trial_type","trial_index","time_elapsed","internal_node_id","stimulus","slider_start","response"
"[{""page_index"":0,""viewing_time"":332}]","332","Instructions_01","PWb","instructions","445","438062","0.0-489.0","","",""
"","494.09999999962747","PWb_01","PWb","html-slider-response","446","438559","0.0-490.0","<div class='justified'>1.- Cuando repaso la historia de mi vida estoy contento/a con cómo han resultado las cosas.</div></br>","3","2"
"","489","PWb_02","PWb","html-slider-response","447","439050","0.0-491.0","<div class='justified'>2.- A menudo me siento solo/a porque tengo pocos amigos íntimos con quien compartir mis preocupaciones.</div></br>","3","3"
"","521.2999999988824","PWb_03","PWb","html-slider-response","448","439573","0.0-492.0","<div class='justified'>3.- No tengo miedo de expresar mis opiniones, incluso cuando son opuestas a las opiniones de la mayoría de la gente.</div></br>","3","1"
"","496.3999999985099","PWb_04","PWb","html-slider-response","449","440072","0.0-493.0","<div class='justified'>4.- Me preocupa cómo otra gente evalúa las elecciones que he hecho en mi vida.</div></br>","3","1"
"","484.30000000074506","PWb_05","PWb","html-slider-response","450","440558","0.0-494.0","<div class='justified'>5.- Me resulta difícil dirigir mi vida hacia un camino que me satisfaga.</div></br>","3","2"
"","481","PWb_06","PWb","html-slider-response","451","441041","0.0-495.0","<div class='justified'>6.- Disfruto haciendo planes para el futuro y trabajar para hacerlos realidad.</div></br>","3","3"
"","507.3999999985099","PWb_07","PWb","html-slider-response","452","441550","0.0-496.0","<div class='justified'>7.- En general, me siento seguro/a y positivo/a conmigo mismo/a.</div></br>","3","1"
"","453","PWb_08","PWb","html-slider-response","453","442005","0.0-497.0","<div class='justified'>8.- No tengo muchas personas que quieran escucharme cuando necesito hablar.</div></br>","3","1"
"","467.2999999988824","PWb_09","PWb","html-slider-response","454","442474","0.0-498.0","<div class='justified'>9.- Tiendo a preocuparme sobre lo que otra gente piensa de mí.</div></br>","3","4"
"","433","PWb_10","PWb","html-slider-response","455","442909","0.0-499.0","<div class='justified'>10.- Me juzgo por lo que yo creo que es importante, no por los valores que otros piensan que son importantes.</div></br>","3","3"
"","456.5","PWb_11","PWb","html-slider-response","456","443367","0.0-500.0","<div class='justified'>11.- He sido capaz de construir un hogar y un modo de vida a mi gusto.</div></br>","3","5"
"","490.7999999988824","PWb_12","PWb","html-slider-response","457","443860","0.0-501.0","<div class='justified'>12.- Soy una persona activa al realizar los proyectos que propuse para mí mismo/a.</div></br>","3","4"
"","462.09999999962747","PWb_13","PWb","html-slider-response","458","444323","0.0-502.0","<div class='justified'>13.- Si tuviera oportunidad, hay muchas cosas de mi mismo/a que cambiaría.</div></br>","3","2"
"","470.7000000011176","PWb_14","PWb","html-slider-response","459","444796","0.0-503.0","<div class='justified'>14.- Siento que mis amistades me aportan muchas cosas.</div></br>","3","1"
"","469.90000000037253","PWb_15","PWb","html-slider-response","460","445267","0.0-504.0","<div class='justified'>15.- Tiendo a estar influenciado/a por la gente con fuertes convicciones.</div></br>","3","4"
"","582","PWb_16","PWb","html-slider-response","461","445852","0.0-505.0","<div class='justified'>16.- En general, siento que soy responsable de la situación en la que vivo.</div></br>","3","5"
"","502.7999999988824","PWb_17","PWb","html-slider-response","462","446358","0.0-506.0","<div class='justified'>17.- Me siento bien cuando pienso en lo que he hecho en el pasado y lo que espero hacer en el futuro.</div></br>","3","1"
"","501.19999999925494","PWb_18","PWb","html-slider-response","463","446862","0.0-507.0","<div class='justified'>18.- Mis objetivos en la vida han sido más una fuente de satisfacción que de frustración para mí.</div></br>","3","6"
"","474.30000000074506","PWb_19","PWb","html-slider-response","464","447338","0.0-508.0","<div class='justified'>19.- Me gusta la mayor parte de los aspectos de mi personalidad.</div></br>","3","6"
"","479.5","PWb_20","PWb","html-slider-response","465","447820","0.0-509.0","<div class='justified'>20.- Me parece que la mayoría de las personas tienen más amigos que yo.</div></br>","3","1"
"","483","PWb_21","PWb","html-slider-response","466","448305","0.0-510.0","<div class='justified'>21.- Tengo confianza en mis opiniones incluso si son contrarias al consenso general.</div></br>","3","6"
"","481.90000000037253","PWb_22","PWb","html-slider-response","467","448788","0.0-511.0","<div class='justified'>22.- Las demandas de la vida diaria a menudo me deprimen.</div></br>","3","6"
"","495.09999999962747","PWb_23","PWb","html-slider-response","468","449285","0.0-512.0","<div class='justified'>23.- Tengo clara la dirección y el objetivo de mi vida.</div></br>","3","2"
"","518.6000000014901","PWb_24","PWb","html-slider-response","469","449805","0.0-513.0","<div class='justified'>24.- En general, con el tiempo siento que sigo aprendiendo más sobre mí mismo/a.</div></br>","3","1"
"","465.90000000037253","PWb_25","PWb","html-slider-response","470","450273","0.0-514.0","<div class='justified'>25.- En muchos aspectos, me siento decepcionado/a de mis logros en la vida.</div></br>","3","3"
"","479.90000000037253","PWb_26","PWb","html-slider-response","471","450754","0.0-515.0","<div class='justified'>26.- No he experimentado muchas relaciones cercanas y de confianza.</div></br>","3","4"
"","516","PWb_27","PWb","html-slider-response","472","451272","0.0-516.0","<div class='justified'>27.- Es difícil para mí expresar mis propias opiniones en asuntos polémicos.</div></br>","3","3"
"","501.90000000037253","PWb_28","PWb","html-slider-response","473","451776","0.0-517.0","<div class='justified'>28.- Soy bastante bueno/a manejando muchas de mis responsabilidades en la vida diaria.</div></br>","3","5"
"","433.59999999962747","PWb_29","PWb","html-slider-response","474","452211","0.0-518.0","<div class='justified'>29.- No tengo claro qué es lo que intento conseguir en la vida.</div></br>","3","4"
"","484.3999999985099","PWb_30","PWb","html-slider-response","475","452698","0.0-519.0","<div class='justified'>30.- Hace mucho tiempo que dejé de intentar hacer grandes mejoras o cambios en mi vida.</div></br>","3","3"
"","465.7999999988824","PWb_31","PWb","html-slider-response","476","453167","0.0-520.0","<div class='justified'>31.- En su mayor parte, me siento orgulloso/a de quien soy y la vida que llevo.</div></br>","3","3"
"","485.80000000074506","PWb_32","PWb","html-slider-response","477","453654","0.0-521.0","<div class='justified'>32.- Sé que puedo confiar en mis amigos, y ellos saben que pueden confiar en mí.</div></br>","3","6"
"","507.30000000074506","PWb_33","PWb","html-slider-response","478","454164","0.0-522.0","<div class='justified'>33.- A menudo cambio mis decisiones si mis amigos o mi familia están en desacuerdo.</div></br>","3","1"
"","473.90000000037253","PWb_34","PWb","html-slider-response","479","454641","0.0-523.0","<div class='justified'>34.- No quiero intentar nuevas formas de hacer las cosas; mi vida está bien como está.</div></br>","3","2"
"","681.0999999996275","PWb_35","PWb","html-slider-response","480","455324","0.0-524.0","<div class='justified'>35.- Pienso que es importante tener nuevas experiencias que desafíen lo que uno piensa sobre si mismo/a y sobre el mundo.</div></br>","3","5"
"","466.69999999925494","PWb_36","PWb","html-slider-response","481","455792","0.0-525.0","<div class='justified'>36.- Cuando pienso en ello, realmente con los años no he mejorado mucho como persona.</div></br>","3","3"
"","450.6000000014901","PWb_37","PWb","html-slider-response","482","456244","0.0-526.0","<div class='justified'>37.- Tengo la sensación de que con el tiempo me he desarrollado mucho como persona.</div></br>","3","3"
"","493.2999999988824","PWb_38","PWb","html-slider-response","483","456739","0.0-527.0","<div class='justified'>38.- Para mí, la vida ha sido un proceso continuo de estudio, cambio y crecimiento.</div></br>","3","2"
"","449.5","PWb_39","PWb","html-slider-response","484","457190","0.0-528.0","<div class='justified'>39.- Si me sintiera infeliz con mi situación de vida daría los pasos más eficaces para cambiarla</div></br>","3","3"
