"view_history","rt","trialid","procedure","trial_type","trial_index","time_elapsed","internal_node_id","stimulus","response"
"[{""page_index"":0,""viewing_time"":318}]","318","Instructions_01","FDMQ","instructions","202","168626","0.0-228.0","",""
"","713","FDMQ_01","FDMQ","survey-multi-choice-vertical","203","169342","0.0-229.0","{""Q0"":""1. Me gusta considerar todas las alternativas.""}","{""Q0"":"" A veces es verdad""}"
"","696","FDMQ_02","FDMQ","survey-multi-choice-vertical","204","170042","0.0-230.0","{""Q0"":""2. Intento encontrar las desventajas de cada alternativa.""}","{""Q0"":"" A veces es verdad""}"
"","767","FDMQ_03","FDMQ","survey-multi-choice-vertical","205","170813","0.0-231.0","{""Q0"":""3. Tomo en consideración cuál sería la mejor manera de llevar adelante una decisión.""}","{""Q0"":"" No es verdad para mi""}"
"","715","FDMQ_04","FDMQ","survey-multi-choice-vertical","206","171531","0.0-232.0","{""Q0"":""4. Cuando tomo decisiones me gusta reunir mucha información.""}","{""Q0"":"" A veces es verdad""}"
"","722","FDMQ_05","FDMQ","survey-multi-choice-vertical","207","172256","0.0-233.0","{""Q0"":""5. Intento ser claro en mis objetivos antes de elegir.""}","{""Q0"":"" Es verdad para mi""}"
"","693","FDMQ_06","FDMQ","survey-multi-choice-vertical","208","172952","0.0-234.0","{""Q0"":""6. Tomo muchas precauciones antes de elegir.""}","{""Q0"":"" A veces es verdad""}"
"","760","FDMQ_07","FDMQ","survey-multi-choice-vertical","209","173716","0.0-235.0","{""Q0"":""7. Siempre que afronto una decisión difícil, me siento pesimista respecto a poder encontrar una buena solución.""}","{""Q0"":"" No es verdad para mi""}"
"","734","FDMQ_08","FDMQ","survey-multi-choice-vertical","210","174452","0.0-236.0","{""Q0"":""8. Me siento como si estuviera bajo una tremenda presión de tiempo cuando tomo decisiones.""}","{""Q0"":"" Es verdad para mi""}"
"","802","FDMQ_09","FDMQ","survey-multi-choice-vertical","211","175258","0.0-237.0","{""Q0"":""9. La posibilidad de que alguna cosa de poca importancia pudiera salir mal hace que cambie abruptamente mi preferencia.""}","{""Q0"":"" Es verdad para mi""}"
"","663","FDMQ_10","FDMQ","survey-multi-choice-vertical","212","175926","0.0-238.0","{""Q0"":""10. No puedo pensar correctamente si tengo que tomar decisiones apresuradas.""}","{""Q0"":"" Es verdad para mi""}"
"","693","FDMQ_11","FDMQ","survey-multi-choice-vertical","213","176623","0.0-239.0","{""Q0"":""11. Después de tomar una decisión, gasto cantidad de tiempo convenciéndome a mí mismo de que era correcta.""}","{""Q0"":"" No es verdad para mi""}"
"","745","FDMQ_12","FDMQ","survey-multi-choice-vertical","214","177371","0.0-240.0","{""Q0"":""12. Evito tomar decisiones.""}","{""Q0"":"" No es verdad para mi""}"
"","925","FDMQ_13","FDMQ","survey-multi-choice-vertical","215","178299","0.0-241.0","{""Q0"":""13. No tomo decisiones a menos que no tenga más remedio.""}","{""Q0"":"" No es verdad para mi""}"
"","925","FDMQ_14","FDMQ","survey-multi-choice-vertical","216","179227","0.0-242.0","{""Q0"":""14. Prefiero dejarles a otros tomar las decisiones.""}","{""Q0"":"" A veces es verdad""}"
"","757","FDMQ_15","FDMQ","survey-multi-choice-vertical","217","179986","0.0-243.0","{""Q0"":""15. No me gusta asumir la responsabilidad de tomar decisiones.""}","{""Q0"":"" No es verdad para mi""}"
"","827","FDMQ_16","FDMQ","survey-multi-choice-vertical","218","180817","0.0-244.0","{""Q0"":""16. Si una decisión puede ser tomada por otra persona o por mi, dejo que la otra persona la tome.""}","{""Q0"":"" Es verdad para mi""}"
"","856","FDMQ_17","FDMQ","survey-multi-choice-vertical","219","181677","0.0-245.0","{""Q0"":""17. Prefiero que las personas que están mejor informadas decidan por mí.""}","{""Q0"":"" A veces es verdad""}"
"","705","FDMQ_18","FDMQ","survey-multi-choice-vertical","220","182385","0.0-246.0","{""Q0"":""18. Pierdo cantidad de tiempo en cuestiones triviales de menor importancia antes de llegar a la decisión final.""}","{""Q0"":"" No es verdad para mi""}"
"","815","FDMQ_19","FDMQ","survey-multi-choice-vertical","221","183204","0.0-247.0","{""Q0"":""19. Incluso después de haber tomado una decisión, retraso ponerla en práctica.""}","{""Q0"":"" A veces es verdad""}"
"","678","FDMQ_20","FDMQ","survey-multi-choice-vertical","222","183884","0.0-248.0","{""Q0"":""20. Cuando tengo que tomar una decisión, espero mucho tiempo antes de empezar a pensar en ello.""}","{""Q0"":"" No es verdad para mi""}"
"","719","FDMQ_21","FDMQ","survey-multi-choice-vertical","223","184606","0.0-249.0","{""Q0"":""21. Retraso tomar decisiones hasta que es demasiado tarde.""}","{""Q0"":"" A veces es verdad""}"
"","674","FDMQ_22","FDMQ","survey-multi-choice-vertical","224","185283","0.0-250.0","{""Q0"":""22. Aplazo tomar decisiones.""}","{""Q0"":"" No es verdad para mi""}"
