"view_history","rt","trialid","procedure","trial_type","trial_index","time_elapsed","internal_node_id","stimulus","slider_start","response"
"[{""page_index"":0,""viewing_time"":310}]","310","Instructions_01","OTRASRELIG","instructions","374","288814","0.0-410.0","","",""
"","540.5","OTRASRELIG_01","OTRASRELIG","html-slider-response","375","289356","0.0-411.0","<div class=""justified"">¿Qué tan importante considera que es Dios en su vida? </div></br>","3","9"
"","697","OTRASRELIG_02","OTRASRELIG","survey-multi-choice-vertical","376","290056","0.0-412.0","{""Q0"":""¿Cree usted en Dios?""}","","{""Q0"":"" Sí""}"
"","605","OTRASRELIG_03","OTRASRELIG","survey-multi-choice-vertical","377","290664","0.0-413.0","{""Q0"":""¿Cree usted en la vida después de la muerte?""}","","{""Q0"":"" Sí""}"
"","853","OTRASRELIG_04","OTRASRELIG","survey-multi-choice-vertical","378","291520","0.0-414.0","{""Q0"":""¿Cree usted en el Infierno?""}","","{""Q0"":"" No""}"
"","602","OTRASRELIG_05","OTRASRELIG","survey-multi-choice-vertical","379","292124","0.0-415.0","{""Q0"":""¿Cree usted en el Cielo?""}","","{""Q0"":"" No""}"
"","986","OTRASRELIG_06","OTRASRELIG","survey-multi-choice-vertical","380","293116","0.0-416.0","{""Q0"":""Fui criado(a)""}","","{""Q0"":"" No religioso(a)""}"
"","1013","OTRASRELIG_08","OTRASRELIG","survey-multi-choice-vertical","381","294134","0.0-418.0","{""Q0"":""¿Cuál de los siguientes corresponde a su preferencia y/o afiliación religiosa?""}","","{""Q0"":"" Judío(a)""}"
"","877","OTRASRELIG_10","OTRASRELIG","survey-multi-choice-vertical","382","295016","0.0-420.0","{""Q0"":""¿Su familia y/o amigos pertenecen a su mismo grupo religioso?""}","","{""Q0"":"" La gran mayoría""}"
"","1018","OTRASRELIG_11","OTRASRELIG","survey-multi-choice-vertical","383","296039","0.0-421.0","{""Q0"":""Sin considerar matrimonios y funerales, y sin considerar el periodo de pandemia, ¿qué tan seguido asiste a servicios religiosos?""}","","{""Q0"":"" Menos de una vez al año""}"
