"view_history","rt","trialid","procedure","trial_type","trial_index","time_elapsed","internal_node_id","stimulus","slider_start","response"
"[{""page_index"":0,""viewing_time"":389}]","389","Instructions_01","IRI","instructions","292","239652","0.0-324.0","","",""
"","604.8999999985099","IRI_01","IRI","html-slider-response","293","240260","0.0-325.0","<div class='justified'>1.- Con cierta frecuencia sueño despierto y fantaseo sobre cosas que podrían pasarme.</div></br>","2","0"
"","475.7999999988824","IRI_02","IRI","html-slider-response","294","240738","0.0-326.0","<div class='justified'>2.- A menudo tengo sentimientos de compasión y preocupación hacia gente menos afortunada que yo.</div></br>","2","1"
"","512.0999999996275","IRI_03","IRI","html-slider-response","295","241252","0.0-327.0","<div class='justified'>3.- A veces encuentro difícil ver las cosas desde el punto de vista de otros.</div></br>","2","2"
"","518.7999999988824","IRI_04","IRI","html-slider-response","296","241772","0.0-328.0","<div class='justified'>4.- A veces no me dan mucha lástima otras personas cuando tienen problemas.</div></br>","2","0"
"","469.90000000037253","IRI_05","IRI","html-slider-response","297","242244","0.0-329.0","<div class='justified'>5.- Realmente me siento “metido/a” en los sentimientos de los personajes de una novela.</div></br>","2","0"
"","533.2999999988824","IRI_06","IRI","html-slider-response","298","242780","0.0-330.0","<div class='justified'>6.- En situaciones de emergencia, me siento aprensivo e incómodo.</div></br>","2","1"
"","490.2000000011176","IRI_07","IRI","html-slider-response","299","243271","0.0-331.0","<div class='justified'>7.- Generalmente soy objetivo cuando veo una película o una obra de teatro y no me suelo “meter” completamente en ella.</div></br>","2","2"
"","456.40000000037253","IRI_08","IRI","html-slider-response","300","243730","0.0-332.0","<div class='justified'>8.- En un desacuerdo con otros, trato de ver las cosas desde el punto de vista de los demás antes de tomar una decisión.</div></br>","2","0"
"","523.6999999992549","IRI_09","IRI","html-slider-response","301","244255","0.0-333.0","<div class='justified'>9.- Cuando veo que se aprovechan de alguien, siento necesidad de protegerle.</div></br>","2","0"
"","540.5","IRI_10","IRI","html-slider-response","302","244798","0.0-334.0","<div class='justified'>10.- A veces me siento indefenso/a cuando estoy en medio de una situación muy emotiva.</div></br>","2","3"
"","556.2000000011176","IRI_11","IRI","html-slider-response","303","245356","0.0-335.0","<div class='justified'>11.- A veces intento comprender mejor a mis amigos imaginando cómo ven las cosas desde su perspectiva.</div></br>","2","2"
"","532.9000000003725","IRI_12","IRI","html-slider-response","304","245890","0.0-336.0","<div class='justified'>12.- Es raro que yo me “meta” mucho en un buen libro o en una película.</div></br>","2","4"
"","544","IRI_13","IRI","html-slider-response","305","246436","0.0-337.0","<div class='justified'>13.- Cuando veo que alguien se hace daño, tiendo a permanecer tranquilo.</div></br>","2","3"
"","537.7000000011176","IRI_14","IRI","html-slider-response","306","246976","0.0-338.0","<div class='justified'>14.- Las desgracias de otros no suelen angustiarme mucho.</div></br>","2","1"
"","545.6000000014901","IRI_15","IRI","html-slider-response","307","247523","0.0-339.0","<div class='justified'>15.- Si estoy seguro/a que tengo la razón en algo, no pierdo mucho tiempo escuchando los argumentos de otras personas.</div></br>","2","0"
"","544.5","IRI_16","IRI","html-slider-response","308","248069","0.0-340.0","<div class='justified'>16.- Después de ver una obra de teatro o una película, me siento como si fuese uno de los protagonistas.</div></br>","2","3"
"","535.5","IRI_17","IRI","html-slider-response","309","248606","0.0-341.0","<div class='justified'>17.- Me asusta estar en una situación emocional tensa.</div></br>","2","4"
"","508.40000000037253","IRI_18","IRI","html-slider-response","310","249117","0.0-342.0","<div class='justified'>18.- Cuando veo que alguien está siendo tratado injustamente, no suelo sentir mucha pena por él.</div></br>","2","0"
"","522.7000000011176","IRI_19","IRI","html-slider-response","311","249641","0.0-343.0","<div class='justified'>19.- Generalmente soy bastante efectivo afrontando emergencias.</div></br>","2","2"
"","644.0999999996275","IRI_20","IRI","html-slider-response","312","250287","0.0-344.0","<div class='justified'>20.- A menudo me conmueven las cosas que veo que pasan.</div></br>","2","3"
"","546.1000000014901","IRI_21","IRI","html-slider-response","313","250836","0.0-345.0","<div class='justified'>21.- Creo que todas las cuestiones se pueden ver desde dos perspectivas e intento considerar ambas.</div></br>","2","0"
"","483.90000000037253","IRI_22","IRI","html-slider-response","314","251322","0.0-346.0","<div class='justified'>22.- Me describiría como una persona bastante sensible.</div></br>","2","0"
"","505.30000000074506","IRI_23","IRI","html-slider-response","315","251830","0.0-347.0","<div class='justified'>23.- Cuando veo una buena película, puedo ponerme muy fácilmente en el lugar del protagonista.</div></br>","2","2"
"","557.5","IRI_24","IRI","html-slider-response","316","252389","0.0-348.0","<div class='justified'>24.- Tiendo a perder el control en las emergencias.</div></br>","2","1"
"","494","IRI_25","IRI","html-slider-response","317","252884","0.0-349.0","<div class=""justified"">25.- Cuando estoy molesto con alguien, generalmente trato de ""ponerme en su pellejo"" durante un tiempo.</div></br>","2","0"
"","579.5999999996275","IRI_26","IRI","html-slider-response","318","253466","0.0-350.0","<div class='justified'>26.- Cuando estoy leyendo una novela o historia interesante, imagino cómo me sentiría si me estuviera pasando lo que ocurre en la historia.</div></br>","2","2"
"","471.5","IRI_27","IRI","html-slider-response","319","253940","0.0-351.0","<div class='justified'>27.- Cuando veo a alguien en una emergencia que necesita ayuda, pierdo el control.</div></br>","2","3"
"","478.40000000037253","IRI_28","IRI","html-slider-response","320","254420","0.0-352.0","<div class='justified'>28.- Antes de criticar a alguien, intento imaginar cómo me sentiría yo si estuviera en su lugar.</div></br>","2","2"
