"view_history","rt","trialid","procedure","trial_type","trial_index","time_elapsed","internal_node_id","stimulus","button_pressed","condition_within","slider_start","response"
"[{""page_index"":0,""viewing_time"":317}]","318","Instructions_01","HRPVB","instructions","756","539993","0.0-819.0","","","","",""
"[{""page_index"":0,""viewing_time"":308}]","308","Instructions_02","HRPVB","instructions","757","540302","0.0-820.0","","","","",""
"","329.90000000037253","HRPVB_02_00","HRPVB","html-button-response","758","540634","0.0-821.0-0.0","Lesión en el cerebro del bebe por falta de oxígeno","0","Lesión en el cerebro del bebe por falta de oxígeno","",""
"","486.90000000037253","HRPVB_02_02","HRPVB","html-slider-response","759","541124","0.0-821.0-1.0","vaginal","","Lesión en el cerebro del bebe por falta de oxígeno; vaginal","50","50.3"
"","468.40000000037253","HRPVB_02_01","HRPVB","html-slider-response","760","541595","0.0-821.0-2.0","cesarea","","Lesión en el cerebro del bebe por falta de oxígeno; cesarea","50","51.2"
"","345.09999999962747","HRPVB_04_00","HRPVB","html-button-response","761","541942","0.0-821.0-0.1","Dificultades para inicio temprano de lactancia materna","0","Dificultades para inicio temprano de lactancia materna","",""
"","548.7000000011176","HRPVB_04_02","HRPVB","html-slider-response","762","542492","0.0-821.0-1.1","vaginal","","Dificultades para inicio temprano de lactancia materna; vaginal","50","45.8"
"","546.8000000007451","HRPVB_04_01","HRPVB","html-slider-response","763","543041","0.0-821.0-2.1","cesarea","","Dificultades para inicio temprano de lactancia materna; cesarea","50","47.7"
"","311.40000000037253","HRPVB_03_00","HRPVB","html-button-response","764","543355","0.0-821.0-0.2","Hospitalización en cuidados intensivos neonatales","0","Hospitalización en cuidados intensivos neonatales","",""
"","505.5","HRPVB_03_01","HRPVB","html-slider-response","765","543863","0.0-821.0-1.2","cesarea","","Hospitalización en cuidados intensivos neonatales; cesarea","50","54.2"
"","473.40000000037253","HRPVB_03_02","HRPVB","html-slider-response","766","544338","0.0-821.0-2.2","vaginal","","Hospitalización en cuidados intensivos neonatales; vaginal","50","47.7"
"","345.30000000074506","HRPVB_01_00","HRPVB","html-button-response","767","544686","0.0-821.0-0.3","Problemas respiratorios del recién nacido","0","Problemas respiratorios del recién nacido","",""
"","530.1000000014901","HRPVB_01_02","HRPVB","html-slider-response","768","545218","0.0-821.0-1.3","vaginal","","Problemas respiratorios del recién nacido; vaginal","50","48.1"
"","509.8999999985099","HRPVB_01_01","HRPVB","html-slider-response","769","545730","0.0-821.0-2.3","cesarea","","Problemas respiratorios del recién nacido; cesarea","50","49.3"
"[{""page_index"":0,""viewing_time"":320}]","320","Instructions_02","HRPVB","instructions","770","546051","0.0-822.0","","","","",""
"","310.8999999985099","HRPVB_11_00","HRPVB","html-button-response","771","546364","0.0-823.0-0.0","Depresión post parto","0","Depresión post parto","",""
"","510","HRPVB_11_02","HRPVB","html-slider-response","772","546876","0.0-823.0-1.0","vaginal","","Depresión post parto; vaginal","50","50.3"
"","502.09999999962747","HRPVB_11_01","HRPVB","html-slider-response","773","547382","0.0-823.0-2.0","cesarea","","Depresión post parto; cesarea","50","51.2"
"","363.30000000074506","HRPVB_09_00","HRPVB","html-button-response","774","547747","0.0-823.0-0.1","Lesión de la vagina","0","Lesión de la vagina","",""
"","544.1000000014901","HRPVB_09_02","HRPVB","html-slider-response","775","548293","0.0-823.0-1.1","vaginal","","Lesión de la vagina; vaginal","50","45.8"
"","549.9000000003725","HRPVB_09_01","HRPVB","html-slider-response","776","548846","0.0-823.0-2.1","cesarea","","Lesión de la vagina; cesarea","50","47.7"
"","350.8999999985099","HRPVB_10_00","HRPVB","html-button-response","777","549199","0.0-823.0-0.2","Hospitalización de la madre en cuidados intensivos","0","Hospitalización de la madre en cuidados intensivos","",""
"","545.1999999992549","HRPVB_10_01","HRPVB","html-slider-response","778","549746","0.0-823.0-1.2","cesarea","","Hospitalización de la madre en cuidados intensivos; cesarea","50","54.2"
"","572.2999999988824","HRPVB_10_02","HRPVB","html-slider-response","779","550323","0.0-823.0-2.2","vaginal","","Hospitalización de la madre en cuidados intensivos; vaginal","50","47.7"
"","341.80000000074506","HRPVB_08_00","HRPVB","html-button-response","780","550668","0.0-823.0-0.3","Infección de la herida","0","Infección de la herida","",""
"","486.30000000074506","HRPVB_08_01","HRPVB","html-slider-response","781","551156","0.0-823.0-1.3","cesarea","","Infección de la herida; cesarea","50","48.1"
"","477","HRPVB_08_02","HRPVB","html-slider-response","782","551635","0.0-823.0-2.3","vaginal","","Infección de la herida; vaginal","50","49.3"
"","339.7000000011176","HRPVB_05_00","HRPVB","html-button-response","783","551977","0.0-823.0-0.4","Complicaciones de la anestesia","0","Complicaciones de la anestesia","",""
"","530.4000000003725","HRPVB_05_01","HRPVB","html-slider-response","784","552510","0.0-823.0-1.4","cesarea","","Complicaciones de la anestesia; cesarea","50","49.8"
"","528.8999999985099","HRPVB_05_02","HRPVB","html-slider-response","785","553041","0.0-823.0-2.4","vaginal","","Complicaciones de la anestesia; vaginal","50","51.9"
"","327.59999999962747","HRPVB_07_00","HRPVB","html-button-response","786","553370","0.0-823.0-0.5","Histerectomía (extracción del útero)","0","Histerectomía (extracción del útero)","",""
"","486.8999999985099","HRPVB_07_01","HRPVB","html-slider-response","787","553859","0.0-823.0-1.5","cesarea","","Histerectomía (extracción del útero); cesarea","50","48.2"
"","510.59999999962747","HRPVB_07_02","HRPVB","html-slider-response","788","554372","0.0-823.0-2.5","vaginal","","Histerectomía (extracción del útero); vaginal","50","51.9"
"","297.8999999985099","HRPVB_06_00","HRPVB","html-button-response","789","554671","0.0-823.0-0.6","Paro cardíaco","0","Paro cardíaco","",""
"","509.5","HRPVB_06_02","HRPVB","html-slider-response","790","555183","0.0-823.0-1.6","vaginal","","Paro cardíaco; vaginal","50","49.6"
"","508.5","HRPVB_06_01","HRPVB","html-slider-response","791","555693","0.0-823.0-2.6","cesarea","","Paro cardíaco; cesarea","50","49.8"
