"view_history","rt","trialid","condition_between","procedure","trial_type","trial_index","time_elapsed","internal_node_id","condition_within","stimulus","response","slider_start"
"[{""page_index"":0,""viewing_time"":321}]","321","Instructions_001","Image","FONDECYT","instructions","849","578554","0.0-855.0","","","",""
"[{""page_index"":0,""viewing_time"":307}]","307","FONDECYT_01_1","Image","FONDECYT","instructions","850","578862","0.0-856.0-0.0","highQuality_Stroke","","",""
"","569.2000000011176","FONDECYT_02_1","Image","FONDECYT","survey-html-form","851","579435","0.0-856.0-1.0","highQuality_Stroke","{""Q0"":null}","{""Q0"":""58""}",""
"","584","FONDECYT_03_1","Image","FONDECYT","survey-multi-choice-vertical","852","580022","0.0-856.0-2.0","highQuality_Stroke","{""Q0"":""Has dicho que la probabilidad es del 58%¿Recomendarias la resonancia Weighted Difussion Imaging como prueba diagnóstica para detectar infarto cerebral a tu paciente?""}","{""Q0"":"" No""}",""
"","442.59999999962747","FONDECYT_04_1","Image","FONDECYT","html-slider-response","853","580467","0.0-856.0-3.0","highQuality_Stroke","<div class='justified'>¿Con qué seguridad NO recomendarías la resonancia Weighted Difussion Imaging como prueba <u>diagnóstica</u> para el infarto cerebral?</div></br>","79","50"
"","660","FONDECYT_05_1","Image","FONDECYT","survey-multi-choice-vertical","854","581133","0.0-856.0-4.0","highQuality_Stroke","{""Q0"":""El tratamiento recomendado cuando hay sospecha de infarto cerebral es la trombolisis.Cuando se aplica, existe una probabilidad de hermorragia del 2%.Imagina que el resultado de prueba es POSITIVO. Recomendarías la trombolisis como tratamiento?""}","{""Q0"":"" Si""}",""
"","509.69999999925494","FONDECYT_06_1","Image","FONDECYT","html-slider-response","855","581645","0.0-856.0-5.0","highQuality_Stroke","<div class='justified'>¿Con qué seguridad recomendarías la trombolisis como tratamiento para el infarto cerebral?</div></br>","62","50"
"[{""page_index"":0,""viewing_time"":289}]","289","FONDECYT_01_2","Image","FONDECYT","instructions","856","581935","0.0-856.0-0.1","lowQuality_Stroke","","",""
"","573.1999999992549","FONDECYT_02_2","Image","FONDECYT","survey-html-form","857","582511","0.0-856.0-1.1","lowQuality_Stroke","{""Q0"":null}","{""Q0"":""58""}",""
"","579","FONDECYT_03_2","Image","FONDECYT","survey-multi-choice-vertical","858","583095","0.0-856.0-2.1","lowQuality_Stroke","{""Q0"":""Has dicho que la probabilidad es del 58%¿Recomendarias la resonancia Weighted Difussion Imaging como prueba diagnóstica para detectar infarto cerebral a tu paciente?""}","{""Q0"":"" No""}",""
"","501.69999999925494","FONDECYT_04_2","Image","FONDECYT","html-slider-response","859","583600","0.0-856.0-3.1","lowQuality_Stroke","<div class='justified'>¿Con qué seguridad NO recomendarías la resonancia Weighted Difussion Imaging como prueba <u>diagnóstica</u> para el infarto cerebral?</div></br>","79","50"
"","624","FONDECYT_05_2","Image","FONDECYT","survey-multi-choice-vertical","860","584229","0.0-856.0-4.1","lowQuality_Stroke","{""Q0"":""El tratamiento recomendado cuando hay sospecha de infarto cerebral es la trombolisis.Cuando se aplica, existe una probabilidad de hermorragia del 2%.Imagina que el resultado de prueba es NEGATIVO. Recomendarías la trombolisis como tratamiento?""}","{""Q0"":"" Si""}",""
"","473.69999999925494","FONDECYT_06_2","Image","FONDECYT","html-slider-response","861","584705","0.0-856.0-5.1","lowQuality_Stroke","<div class='justified'>¿Con qué seguridad recomendarías la trombolisis como tratamiento para el infarto cerebral?</div></br>","62","50"
"[{""page_index"":0,""viewing_time"":323}]","323","FONDECYT_01_3","Image","FONDECYT","instructions","862","585030","0.0-856.0-0.2","highQuality_Cancer","","",""
"","546","FONDECYT_02_3","Image","FONDECYT","survey-html-form","863","585578","0.0-856.0-1.2","highQuality_Cancer","{""Q0"":null}","{""Q0"":""58""}",""
"","600","FONDECYT_03_3","Image","FONDECYT","survey-multi-choice-vertical","864","586183","0.0-856.0-2.2","highQuality_Cancer","{""Q0"":""Has dicho que la probabilidad es del 58%¿Recomendarias la mamografía como prueba de screening para detectar cáncer de mama a tu paciente?""}","{""Q0"":"" No""}",""
"","563.7999999988824","FONDECYT_04_3","Image","FONDECYT","html-slider-response","865","586750","0.0-856.0-3.2","highQuality_Cancer","<div class='justified'>¿Con qué seguridad NO recomendarías la mamografía como prueba <u>de screening</u> para el cáncer de mama?</div></br>","79","50"
"","575","FONDECYT_05_3","Image","FONDECYT","survey-multi-choice-vertical","866","587330","0.0-856.0-4.2","highQuality_Cancer","{""Q0"":""La prueba diagnóstica recomendada cuando hay sospecha de cáncer de mama es una biopsia del tejido mamario.Cuando se aplica, existe una probabilidad de infección del 1%.Imagina que el resultado de prueba es NEGATIVO. Recomendarías la biopsia como prueba diagnóstica?""}","{""Q0"":"" Si""}",""
"","475.59999999962747","FONDECYT_06_3","Image","FONDECYT","html-slider-response","867","587809","0.0-856.0-5.2","highQuality_Cancer","<div class='justified'>¿Con qué seguridad recomendarías la biopsia como prueba diagnóstica para el cáncer de mama?</div></br>","62","50"
"[{""page_index"":0,""viewing_time"":291}]","292","FONDECYT_01_4","Image","FONDECYT","instructions","868","588102","0.0-856.0-0.3","lowQuality_Cancer","","",""
"","619.7000000011176","FONDECYT_02_4","Image","FONDECYT","survey-html-form","869","588724","0.0-856.0-1.3","lowQuality_Cancer","{""Q0"":null}","{""Q0"":""58""}",""
"","636","FONDECYT_03_4","Image","FONDECYT","survey-multi-choice-vertical","870","589368","0.0-856.0-2.3","lowQuality_Cancer","{""Q0"":""Has dicho que la probabilidad es del 58%¿Recomendarias la mamografía como prueba de screening para detectar cáncer de mama a tu paciente?""}","{""Q0"":"" No""}",""
"","554.5","FONDECYT_04_4","Image","FONDECYT","html-slider-response","871","589925","0.0-856.0-3.3","lowQuality_Cancer","<div class='justified'>¿Con qué seguridad NO recomendarías la mamografía como prueba <u>de screening</u> para el cáncer de mama?</div></br>","79","50"
"","676","FONDECYT_05_4","Image","FONDECYT","survey-multi-choice-vertical","872","590606","0.0-856.0-4.3","lowQuality_Cancer","{""Q0"":""La prueba diagnóstica recomendada cuando hay sospecha de cáncer de mama es una biopsia del tejido mamario.Cuando se aplica, existe una probabilidad de infección del 1%.Imagina que el resultado de prueba es POSITIVO. Recomendarías la biopsia como prueba diagnóstica?""}","{""Q0"":"" Si""}",""
"","516.2000000011176","FONDECYT_06_4","Image","FONDECYT","html-slider-response","873","591126","0.0-856.0-5.3","lowQuality_Cancer","<div class='justified'>¿Con qué seguridad recomendarías la biopsia como prueba diagnóstica para el cáncer de mama?</div></br>","62","50"
