"view_history","rt","trialid","procedure","trial_type","trial_index","time_elapsed","internal_node_id","stimulus","response"
"[{""page_index"":0,""viewing_time"":358}]","359","Instructions_01","IEC","instructions","267","215297","0.0-297.0","",""
"","1151","IEC_01","IEC","survey-multi-choice-vertical","268","216454","0.0-298.0","{""Q0"":""1. El que yo llegue a ser un líder depende principalmente de mis habilidades.""}","{""Q0"":"" Moderadamente en desacuerdo.""}"
"","1078","IEC_02","IEC","survey-multi-choice-vertical","269","217538","0.0-299.0","{""Q0"":""2. Mi vida ha sido influenciada en gran medida por eventos inesperados.""}","{""Q0"":"" Moderadamente en desacuerdo.""}"
"","1063","IEC_03","IEC","survey-multi-choice-vertical","270","218606","0.0-300.0","{""Q0"":""3. Yo siento que lo que pasa en mi vida está muy determinado por la gente que tiene poder (padres, jefes, políticos)""}","{""Q0"":"" Moderadamente de acuerdo.""}"
"","1013","IEC_04","IEC","survey-multi-choice-vertical","271","219625","0.0-301.0","{""Q0"":""4. El hecho de tener un accidente cuando voy manejando, depende principalmente de mi mismo.""}","{""Q0"":"" Completamente de acuerdo.""}"
"","921","IEC_05","IEC","survey-multi-choice-vertical","272","220550","0.0-302.0","{""Q0"":""5. Cuando hago planes, estoy casi seguro de que lo llevaré a cabo.""}","{""Q0"":"" Completamente en desacuerdo.""}"
"","974","IEC_06","IEC","survey-multi-choice-vertical","273","221530","0.0-303.0","{""Q0"":""6. Ciertamente, a veces no puedo evitar tener mala suerte con mis asuntos personales.""}","{""Q0"":"" Completamente de acuerdo.""}"
"","998","IEC_07","IEC","survey-multi-choice-vertical","274","222532","0.0-304.0","{""Q0"":""7. Como yo tengo buena suerte, siempre las cosas me salen bien.""}","{""Q0"":"" Moderadamente de acuerdo.""}"
"","1087","IEC_08","IEC","survey-multi-choice-vertical","275","223623","0.0-305.0","{""Q0"":""8. A pesar de estar bien capacitado, no conseguiré un buen empleo a menos que alguien influyente me ayude.""}","{""Q0"":"" Ligeramente en desacuerdo.""}"
"","1087","IEC_09","IEC","survey-multi-choice-vertical","276","224717","0.0-306.0","{""Q0"":""9. La cantidad de amigos que tengo está determinada por mi propia simpatía.""}","{""Q0"":"" Moderadamente de acuerdo.""}"
"","1004","IEC_10","IEC","survey-multi-choice-vertical","277","225727","0.0-307.0","{""Q0"":""10. He descubierto que si algo va a suceder, ello sucederá independientemente de lo que yo haga.""}","{""Q0"":"" Ligeramente de acuerdo.""}"
"","1024","IEC_11","IEC","survey-multi-choice-vertical","278","226757","0.0-308.0","{""Q0"":""11. Yo creo que los ricos y políticos controlan mi vida de muchas maneras diferentes.""}","{""Q0"":"" Moderadamente de acuerdo.""}"
"","1013","IEC_12","IEC","survey-multi-choice-vertical","279","227774","0.0-309.0","{""Q0"":""12. Si tengo un accidente automovilístico ello se debe a mi mala suerte.""}","{""Q0"":"" Completamente en desacuerdo.""}"
"","986","IEC_13","IEC","survey-multi-choice-vertical","280","228766","0.0-310.0","{""Q0"":""13. La gente como yo tiene muy poca oportunidad de defender sus intereses personales cuando esos intereses entran en conflicto con los grupos poderosos (ricos, políticos).""}","{""Q0"":"" Moderadamente de acuerdo.""}"
"","947","IEC_14","IEC","survey-multi-choice-vertical","281","229718","0.0-311.0","{""Q0"":""14. No siempre es apropiado para mí planear muy por adelantado porque de todas maneras muchas cosas resultan ser asunto de buena o mala suerte.""}","{""Q0"":"" Moderadamente en desacuerdo.""}"
"","876","IEC_15","IEC","survey-multi-choice-vertical","282","230598","0.0-312.0","{""Q0"":""15. En este país, para uno lograr lo que quiere necesariamente tiene que halagar a alguien.""}","{""Q0"":"" Moderadamente de acuerdo.""}"
"","952","IEC_16","IEC","survey-multi-choice-vertical","283","231555","0.0-313.0","{""Q0"":""16. El que yo llegue a ser un líder dependerá de la suerte que yo tenga.""}","{""Q0"":"" Completamente de acuerdo.""}"
"","954","IEC_17","IEC","survey-multi-choice-vertical","284","232517","0.0-314.0","{""Q0"":""17. Yo siento que la gente que tiene algún poder sobre mí (padres, familiares, jefes), trata de decidir lo que sucederá en mi vida.""}","{""Q0"":"" Moderadamente en desacuerdo.""}"
"","872","IEC_18","IEC","survey-multi-choice-vertical","285","233393","0.0-315.0","{""Q0"":""18. En la mayoría de los casos yo puedo decidir lo que sucederá en mi vida.""}","{""Q0"":"" Moderadamente de acuerdo.""}"
"","943","IEC_19","IEC","survey-multi-choice-vertical","286","234340","0.0-316.0","{""Q0"":""19. Normalmente soy capaz de defender mis intereses personales.""}","{""Q0"":"" Moderadamente en desacuerdo.""}"
"","976","IEC_20","IEC","survey-multi-choice-vertical","287","235321","0.0-317.0","{""Q0"":""20. Si tengo un accidente cuando voy manejando, toda la culpa es del otro conductor.""}","{""Q0"":"" Moderadamente de acuerdo.""}"
"","901","IEC_21","IEC","survey-multi-choice-vertical","288","236229","0.0-318.0","{""Q0"":""21. Cuando logro lo que quiero es porque he trabajado mucho en ello.""}","{""Q0"":"" Completamente de acuerdo.""}"
"","924","IEC_22","IEC","survey-multi-choice-vertical","289","237159","0.0-319.0","{""Q0"":""22. Cuando quiero que mis planes me salgan bien, los preparo de manera que le den en el gusto a la gente que tiene influencia sobre mi (padres, jefes, etc.).""}","{""Q0"":"" Completamente en desacuerdo.""}"
"","1124","IEC_23","IEC","survey-multi-choice-vertical","290","238290","0.0-320.0","{""Q0"":""23. Mi vida está determinada por mis propias acciones.""}","{""Q0"":"" Completamente en desacuerdo.""}"
"","1120","IEC_24","IEC","survey-multi-choice-vertical","291","239415","0.0-321.0","{""Q0"":""24. Tener pocos o muchos amigos depende del destino de cada uno.""}","{""Q0"":"" Ligeramente de acuerdo.""}"
