"view_history","rt","trialid","procedure","trial_type","trial_index","time_elapsed","internal_node_id","stimulus","response"
"[{""page_index"":0,""viewing_time"":366}]","367","Instructions_01","STAI","instructions","676","489825","0.0-738.0","",""
"","850","STAI_01","STAI","survey-multi-choice-horizontal","677","490681","0.0-739.0","{""Q0"":""1. Me siento calmado.""}","{""Q0"":""NADA""}"
"","725","STAI_02","STAI","survey-multi-choice-horizontal","678","491413","0.0-740.0","{""Q0"":""2. Me siento seguro.""}","{""Q0"":""NADA""}"
"","736","STAI_03","STAI","survey-multi-choice-horizontal","679","492153","0.0-741.0","{""Q0"":""3. Estoy tenso.""}","{""Q0"":""NADA""}"
"","742","STAI_04","STAI","survey-multi-choice-horizontal","680","492901","0.0-742.0","{""Q0"":""4. Me siento disgustado.""}","{""Q0"":""UN POCO""}"
"","787","STAI_05","STAI","survey-multi-choice-horizontal","681","493694","0.0-743.0","{""Q0"":""5. Me siento a “mis anchas”.""}","{""Q0"":""UN POCO""}"
"","778","STAI_06","STAI","survey-multi-choice-horizontal","682","494477","0.0-744.0","{""Q0"":""6. Me siento alterado.""}","{""Q0"":""NADA""}"
"","779","STAI_07","STAI","survey-multi-choice-horizontal","683","495262","0.0-745.0","{""Q0"":""7. En este momento estoy preocupado por algún posible problema.""}","{""Q0"":""UN POCO""}"
"","755","STAI_08","STAI","survey-multi-choice-horizontal","684","496021","0.0-746.0","{""Q0"":""8. Me siento satisfecho.""}","{""Q0"":""BASTANTE""}"
"","724","STAI_09","STAI","survey-multi-choice-horizontal","685","496750","0.0-747.0","{""Q0"":""9. Me siento asustado.""}","{""Q0"":""UN POCO""}"
"","801","STAI_10","STAI","survey-multi-choice-horizontal","686","497557","0.0-748.0","{""Q0"":""10. Me siento cómodo.""}","{""Q0"":""NADA""}"
"","758","STAI_11","STAI","survey-multi-choice-horizontal","687","498321","0.0-749.0","{""Q0"":""11. Tengo confianza en mí mismo.""}","{""Q0"":""BASTANTE""}"
"","796","STAI_12","STAI","survey-multi-choice-horizontal","688","499122","0.0-750.0","{""Q0"":""12. Me siento nervioso.""}","{""Q0"":""BASTANTE""}"
"","753","STAI_13","STAI","survey-multi-choice-horizontal","689","499882","0.0-751.0","{""Q0"":""13. Me siento agitado.""}","{""Q0"":""MUCHO""}"
"","779","STAI_14","STAI","survey-multi-choice-horizontal","690","500666","0.0-752.0","{""Q0"":""14. Me siento indeciso.""}","{""Q0"":""NADA""}"
"","1039","STAI_15","STAI","survey-multi-choice-horizontal","691","501711","0.0-753.0","{""Q0"":""15. Me siento tranquilo.""}","{""Q0"":""NADA""}"
"","705","STAI_16","STAI","survey-multi-choice-horizontal","692","502422","0.0-754.0","{""Q0"":""16. Me siento “a gusto”.""}","{""Q0"":""NADA""}"
"","753","STAI_17","STAI","survey-multi-choice-horizontal","693","503183","0.0-755.0","{""Q0"":""17. Estoy preocupado.""}","{""Q0"":""UN POCO""}"
"","695","STAI_18","STAI","survey-multi-choice-horizontal","694","503884","0.0-756.0","{""Q0"":""18. Me siento aturdido.""}","{""Q0"":""NADA""}"
"","730","STAI_19","STAI","survey-multi-choice-horizontal","695","504618","0.0-757.0","{""Q0"":""19. Me siento equilibrado.""}","{""Q0"":""BASTANTE""}"
"","839","STAI_20","STAI","survey-multi-choice-horizontal","696","505464","0.0-758.0","{""Q0"":""20. Me siento bien.""}","{""Q0"":""UN POCO""}"
"","699","STAI_21","STAI","survey-multi-choice-horizontal","697","506167","0.0-759.0","{""Q0"":""21. Me siento bien.""}","{""Q0"":""NADA""}"
"","743","STAI_22","STAI","survey-multi-choice-horizontal","698","506915","0.0-760.0","{""Q0"":""22. Me siento nervioso.""}","{""Q0"":""UN POCO""}"
"","767","STAI_23","STAI","survey-multi-choice-horizontal","699","507687","0.0-761.0","{""Q0"":""23. Me siento “a gusto” conmigo mismo.""}","{""Q0"":""NADA""}"
"","749","STAI_24","STAI","survey-multi-choice-horizontal","700","508444","0.0-762.0","{""Q0"":""24. Quisiera ser tan feliz como otros parecen serlo.""}","{""Q0"":""UN POCO""}"
"","777","STAI_25","STAI","survey-multi-choice-horizontal","701","509226","0.0-763.0","{""Q0"":""25. Siento que fallo.""}","{""Q0"":""NADA""}"
"","755","STAI_26","STAI","survey-multi-choice-horizontal","702","509988","0.0-764.0","{""Q0"":""26. Me siento descansado.""}","{""Q0"":""NADA""}"
"","728","STAI_27","STAI","survey-multi-choice-horizontal","703","510722","0.0-765.0","{""Q0"":""27. Soy una persona tranquila, serena y calmada.""}","{""Q0"":""MUCHO""}"
"","705","STAI_28","STAI","survey-multi-choice-horizontal","704","511431","0.0-766.0","{""Q0"":""28. Siento que las dificultades se me amontonan y no las puedo superar.""}","{""Q0"":""MUCHO""}"
"","784","STAI_29","STAI","survey-multi-choice-horizontal","705","512221","0.0-767.0","{""Q0"":""29. Me preocupo demasiado por cosas sin importancia.""}","{""Q0"":""NADA""}"
"","691","STAI_30","STAI","survey-multi-choice-horizontal","706","512918","0.0-768.0","{""Q0"":""30. Soy feliz.""}","{""Q0"":""MUCHO""}"
"","728","STAI_31","STAI","survey-multi-choice-horizontal","707","513652","0.0-769.0","{""Q0"":""31. Tengo malos pensamientos.""}","{""Q0"":""NADA""}"
"","751","STAI_32","STAI","survey-multi-choice-horizontal","708","514409","0.0-770.0","{""Q0"":""32. Me falta confianza en mí mismo.""}","{""Q0"":""NADA""}"
"","763","STAI_33","STAI","survey-multi-choice-horizontal","709","515180","0.0-771.0","{""Q0"":""33. Me siento seguro.""}","{""Q0"":""UN POCO""}"
"","763","STAI_34","STAI","survey-multi-choice-horizontal","710","515949","0.0-772.0","{""Q0"":""34. Puedo decidirme rápidamente.""}","{""Q0"":""BASTANTE""}"
"","753","STAI_35","STAI","survey-multi-choice-horizontal","711","516707","0.0-773.0","{""Q0"":""35. Me siento “fuera de lugar”.""}","{""Q0"":""NADA""}"
"","724","STAI_36","STAI","survey-multi-choice-horizontal","712","517437","0.0-774.0","{""Q0"":""36. Me siento satisfecho.""}","{""Q0"":""BASTANTE""}"
"","718","STAI_37","STAI","survey-multi-choice-horizontal","713","518163","0.0-775.0","{""Q0"":""37. Algunas ideas poco importantes ocupan mi cabeza y me molestan.""}","{""Q0"":""MUCHO""}"
"","682","STAI_38","STAI","survey-multi-choice-horizontal","714","518853","0.0-776.0","{""Q0"":""38. Los desengaños me afectan tanto que no me los puedo sacar de la cabeza.""}","{""Q0"":""BASTANTE""}"
"","776","STAI_39","STAI","survey-multi-choice-horizontal","715","519635","0.0-777.0","{""Q0"":""39. Soy una persona estable.""}","{""Q0"":""BASTANTE""}"
"","720","STAI_40","STAI","survey-multi-choice-horizontal","716","520362","0.0-778.0","{""Q0"":""40. Cuando pienso en las cosas que tengo entre manos me pongo nervioso y tenso.""}","{""Q0"":""UN POCO""}"
