"view_history","rt","trialid","condition_between","procedure","trial_type","trial_index","time_elapsed","internal_node_id","condition_within","stimulus","response","slider_start"
"[{""page_index"":0,""viewing_time"":313}]","313","Instructions_001","Image","FONDECYT","instructions","846","587314","0.0-855.0","","","",""
"[{""page_index"":0,""viewing_time"":364}]","365","FONDECYT_01_1","Image","FONDECYT","instructions","847","587680","0.0-856.0-0.0","lowQuality_Stroke","","",""
"","624.0999999996275","FONDECYT_02_1","Image","FONDECYT","survey-html-form","848","588307","0.0-856.0-1.0","lowQuality_Stroke","{""Q0"":null}","{""Q0"":""72""}",""
"","603","FONDECYT_03_1","Image","FONDECYT","survey-multi-choice-vertical","849","588915","0.0-856.0-2.0","lowQuality_Stroke","{""Q0"":""Has dicho que la probabilidad es del 72%¿Recomendarias la resonancia Weighted Difussion Imaging como prueba diagnóstica para detectar infarto cerebral a tu paciente?""}","{""Q0"":"" Si""}",""
"","556.5","FONDECYT_04_1","Image","FONDECYT","html-slider-response","850","589475","0.0-856.0-3.0","lowQuality_Stroke","<div class='justified'>¿Con qué seguridad recomendarías la resonancia Weighted Difussion Imaging como prueba <u>diagnóstica</u> para el infarto cerebral?</div></br>","58","50"
"","623","FONDECYT_05_1","Image","FONDECYT","survey-multi-choice-vertical","851","590103","0.0-856.0-4.0","lowQuality_Stroke","{""Q0"":""El tratamiento recomendado cuando hay sospecha de infarto cerebral es la trombolisis.Cuando se aplica, existe una probabilidad de hermorragia del 2%.Imagina que el resultado de prueba es NEGATIVO. Recomendarías la trombolisis como tratamiento?""}","{""Q0"":"" No""}",""
"","508.59999999962747","FONDECYT_06_1","Image","FONDECYT","html-slider-response","852","590614","0.0-856.0-5.0","lowQuality_Stroke","<div class='justified'>¿Con qué seguridad NO recomendarías la trombolisis como tratamiento para el infarto cerebral?</div></br>","79","50"
"[{""page_index"":0,""viewing_time"":316}]","316","FONDECYT_01_2","Image","FONDECYT","instructions","853","590931","0.0-856.0-0.1","highQuality_Stroke","","",""
"","555.1999999992549","FONDECYT_02_2","Image","FONDECYT","survey-html-form","854","591489","0.0-856.0-1.1","highQuality_Stroke","{""Q0"":null}","{""Q0"":""72""}",""
"","558","FONDECYT_03_2","Image","FONDECYT","survey-multi-choice-vertical","855","592051","0.0-856.0-2.1","highQuality_Stroke","{""Q0"":""Has dicho que la probabilidad es del 72%¿Recomendarias la resonancia Weighted Difussion Imaging como prueba diagnóstica para detectar infarto cerebral a tu paciente?""}","{""Q0"":"" Si""}",""
"","577.8000000007451","FONDECYT_04_2","Image","FONDECYT","html-slider-response","856","592632","0.0-856.0-3.1","highQuality_Stroke","<div class='justified'>¿Con qué seguridad recomendarías la resonancia Weighted Difussion Imaging como prueba <u>diagnóstica</u> para el infarto cerebral?</div></br>","58","50"
"","571","FONDECYT_05_2","Image","FONDECYT","survey-multi-choice-vertical","857","593208","0.0-856.0-4.1","highQuality_Stroke","{""Q0"":""El tratamiento recomendado cuando hay sospecha de infarto cerebral es la trombolisis.Cuando se aplica, existe una probabilidad de hermorragia del 2%.Imagina que el resultado de prueba es POSITIVO. Recomendarías la trombolisis como tratamiento?""}","{""Q0"":"" No""}",""
"","505","FONDECYT_06_2","Image","FONDECYT","html-slider-response","858","593715","0.0-856.0-5.1","highQuality_Stroke","<div class='justified'>¿Con qué seguridad NO recomendarías la trombolisis como tratamiento para el infarto cerebral?</div></br>","79","50"
"[{""page_index"":0,""viewing_time"":317}]","318","FONDECYT_01_3","Image","FONDECYT","instructions","859","594034","0.0-856.0-0.2","highQuality_Cancer","","",""
"","578.7999999988824","FONDECYT_02_3","Image","FONDECYT","survey-html-form","860","594615","0.0-856.0-1.2","highQuality_Cancer","{""Q0"":null}","{""Q0"":""72""}",""
"","590","FONDECYT_03_3","Image","FONDECYT","survey-multi-choice-vertical","861","595210","0.0-856.0-2.2","highQuality_Cancer","{""Q0"":""Has dicho que la probabilidad es del 72%¿Recomendarias la mamografía como prueba de screening para detectar cáncer de mama a tu paciente?""}","{""Q0"":"" Si""}",""
"","541.5999999996275","FONDECYT_04_3","Image","FONDECYT","html-slider-response","862","595756","0.0-856.0-3.2","highQuality_Cancer","<div class='justified'>¿Con qué seguridad recomendarías la mamografía como prueba <u>de screening</u> para el cáncer de mama?</div></br>","58","50"
"","626","FONDECYT_05_3","Image","FONDECYT","survey-multi-choice-vertical","863","596387","0.0-856.0-4.2","highQuality_Cancer","{""Q0"":""La prueba diagnóstica recomendada cuando hay sospecha de cáncer de mama es una biopsia del tejido mamario.Cuando se aplica, existe una probabilidad de infección del 1%.Imagina que el resultado de prueba es NEGATIVO. Recomendarías la biopsia como prueba diagnóstica?""}","{""Q0"":"" No""}",""
"","543.5999999996275","FONDECYT_06_3","Image","FONDECYT","html-slider-response","864","596933","0.0-856.0-5.2","highQuality_Cancer","<div class='justified'>¿Con qué seguridad NO recomendarías la biopsia como prueba diagnóstica para el cáncer de mama?</div></br>","79","50"
"[{""page_index"":0,""viewing_time"":383}]","383","FONDECYT_01_4","Image","FONDECYT","instructions","865","597317","0.0-856.0-0.3","lowQuality_Cancer","","",""
"","623.5","FONDECYT_02_4","Image","FONDECYT","survey-html-form","866","597944","0.0-856.0-1.3","lowQuality_Cancer","{""Q0"":null}","{""Q0"":""72""}",""
"","640","FONDECYT_03_4","Image","FONDECYT","survey-multi-choice-vertical","867","598590","0.0-856.0-2.3","lowQuality_Cancer","{""Q0"":""Has dicho que la probabilidad es del 72%¿Recomendarias la mamografía como prueba de screening para detectar cáncer de mama a tu paciente?""}","{""Q0"":"" Si""}",""
"","513","FONDECYT_04_4","Image","FONDECYT","html-slider-response","868","599107","0.0-856.0-3.3","lowQuality_Cancer","<div class='justified'>¿Con qué seguridad recomendarías la mamografía como prueba <u>de screening</u> para el cáncer de mama?</div></br>","58","50"
"","647","FONDECYT_05_4","Image","FONDECYT","survey-multi-choice-vertical","869","599759","0.0-856.0-4.3","lowQuality_Cancer","{""Q0"":""La prueba diagnóstica recomendada cuando hay sospecha de cáncer de mama es una biopsia del tejido mamario.Cuando se aplica, existe una probabilidad de infección del 1%.Imagina que el resultado de prueba es POSITIVO. Recomendarías la biopsia como prueba diagnóstica?""}","{""Q0"":"" No""}",""
"","534.7000000011176","FONDECYT_06_4","Image","FONDECYT","html-slider-response","870","600298","0.0-856.0-5.3","lowQuality_Cancer","<div class='justified'>¿Con qué seguridad NO recomendarías la biopsia como prueba diagnóstica para el cáncer de mama?</div></br>","79","50"
